frame,t_s,X_mm,Y_mm,dX_mm,dY_mm,tracked_points,inlier_ratio,roi_visible,mm_per_px,du_px,dv_px,flags
0,0.0851,0.0000,0.0000,0.0000,0.0000,0,0.0000,1.0000,,0.0000,0.0000,no_calib
1,0.1630,0.0000,0.0000,0.0000,0.0000,0,0.0000,1.0000,,0.0000,0.0000,no_calib
2,0.1872,0.0000,0.0000,0.0000,0.0000,0,0.0000,1.0000,,0.0000,0.0000,no_calib
3,0.2152,0.0000,0.0000,0.0000,0.0000,0,0.0000,1.0000,,0.0000,0.0000,no_calib
4,0.2392,0.0000,0.0000,0.0000,0.0000,0,0.0000,1.0000,,0.0000,0.0000,no_calib
5,0.2632,0.0000,0.0000,0.0000,0.0000,0,0.0000,1.0000,,0.0000,0.0000,no_calib
6,0.2871,0.0000,0.0000,0.0000,0.0000,0,0.0000,1.0000,,0.0000,0.0000,no_calib
7,0.3108,0.0000,0.0000,0.0000,0.0000,0,0.0000,1.0000,,0.0000,0.0000,no_calib
8,0.3348,0.0000,0.0000,0.0000,0.0000,0,0.0000,1.0000,,0.0000,0.0000,no_calib
9,0.3589,0.0000,0.0000,0.0000,0.0000,0,0.0000,1.0000,,0.0000,0.0000,no_calib
10,0.3866,0.0000,0.0000,0.0000,0.0000,0,0.0000,1.0000,,0.0000,0.0000,no_calib
11,0.4196,0.0000,0.0000,0.0000,0.0000,0,0.0000,1.0000,,0.0000,0.0000,no_calib
12,0.4536,0.0000,0.0000,0.0000,0.0000,0,0.0000,1.0000,,0.0000,0.0000,no_calib
13,0.4866,0.0000,0.0000,0.0000,0.0000,0,0.0000,1.0000,,0.0000,0.0000,no_calib
14,0.5198,0.0000,0.0000,0.0000,0.0000,0,0.0000,1.0000,,0.0000,0.0000,no_calib
15,0.5537,0.0000,0.0000,0.0000,0.0000,0,0.0000,1.0000,,0.0000,0.0000,no_calib
16,0.5868,0.0000,0.0000,0.0000,0.0000,0,0.0000,1.0000,,0.0000,0.0000,no_calib
17,0.6198,0.0000,0.0000,0.0000,0.0000,0,0.0000,1.0000,,0.0000,0.0000,no_calib
18,0.6538,0.0000,0.0000,0.0000,0.0000,0,0.0000,1.0000,,0.0000,0.0000,no_calib
19,0.6885,0.0000,0.0000,0.0000,0.0000,0,0.0000,1.0000,,0.0000,0.0000,no_calib
20,0.7208,0.0000,0.0000,0.0000,0.0000,0,0.0000,1.0000,,0.0000,0.0000,no_calib
21,0.7536,0.0000,0.0000,0.0000,0.0000,0,0.0000,1.0000,,0.0000,0.0000,no_calib
22,0.7870,0.0000,0.0000,0.0000,0.0000,0,0.0000,1.0000,,0.0000,0.0000,no_calib
23,0.8198,0.0000,0.0000,0.0000,0.0000,0,0.0000,1.0000,,0.0000,0.0000,no_calib
24,0.8535,0.0000,0.0000,0.0000,0.0000,0,0.0000,1.0000,,0.0000,0.0000,no_calib
25,0.8869,0.0000,0.0000,0.0000,0.0000,0,0.0000,1.0000,,0.0000,0.0000,no_calib
26,0.9200,0.0000,0.0000,0.0000,0.0000,0,0.0000,1.0000,,0.0000,0.0000,no_calib
27,0.9536,0.0000,0.0000,0.0000,0.0000,0,0.0000,1.0000,,0.0000,0.0000,no_calib
28,0.9870,0.0000,0.0000,0.0000,0.0000,0,0.0000,1.0000,,0.0000,0.0000,no_calib
29,1.0210,0.0000,0.0000,0.0000,0.0000,0,0.0000,1.0000,,0.0000,0.0000,no_calib
30,1.0539,0.0000,0.0000,0.0000,0.0000,0,0.0000,1.0000,,0.0000,0.0000,no_calib
31,1.1119,0.0000,0.0000,0.0000,0.0000,0,0.0000,1.0000,,0.0000,0.0000,no_calib
32,1.1366,0.0000,0.0000,0.0000,0.0000,0,0.0000,1.0000,,0.0000,0.0000,no_calib
33,1.1617,0.0000,0.0000,0.0000,0.0000,0,0.0000,1.0000,,0.0000,0.0000,no_calib
34,1.1872,0.0000,0.0000,0.0000,0.0000,0,0.0000,1.0000,,0.0000,0.0000,no_calib
35,1.2197,0.0000,0.0000,0.0000,0.0000,0,0.0000,1.0000,,0.0000,0.0000,no_calib
36,1.2542,0.0000,0.0000,0.0000,0.0000,0,0.0000,1.0000,,0.0000,0.0000,no_calib
37,1.2860,0.0000,0.0000,0.0000,0.0000,0,0.0000,1.0000,,0.0000,0.0000,no_calib
38,1.3188,0.0000,0.0000,0.0000,0.0000,0,0.0000,1.0000,,0.0000,0.0000,no_calib
39,1.3571,0.0000,0.0000,0.0000,0.0000,0,0.0000,1.0000,,0.0000,0.0000,no_calib
40,1.3861,0.0000,0.0000,0.0000,0.0000,0,0.0000,1.0000,,0.0000,0.0000,no_calib
41,1.4185,0.0000,0.0000,0.0000,0.0000,0,0.0000,1.0000,,0.0000,0.0000,no_calib
42,1.4520,0.0000,0.0000,0.0000,0.0000,0,0.0000,1.0000,,0.0000,0.0000,no_calib
43,1.4845,0.0000,0.0000,0.0000,0.0000,0,0.0000,1.0000,,0.0000,0.0000,no_calib
44,1.5182,0.0000,0.0000,0.0000,0.0000,0,0.0000,1.0000,,0.0000,0.0000,no_calib
45,1.5516,0.0000,0.0000,0.0000,0.0000,0,0.0000,1.0000,,0.0000,0.0000,no_calib
46,1.5850,0.0000,0.0000,0.0000,0.0000,0,0.0000,1.0000,,0.0000,0.0000,no_calib
47,1.6180,0.0000,0.0000,0.0000,0.0000,0,0.0000,1.0000,,0.0000,0.0000,no_calib
48,1.6515,0.0000,0.0000,0.0000,0.0000,0,0.0000,1.0000,,0.0000,0.0000,no_calib
49,1.6866,0.0000,0.0000,0.0000,0.0000,0,0.0000,1.0000,,0.0000,0.0000,no_calib
50,1.7185,0.0000,0.0000,0.0000,0.0000,0,0.0000,1.0000,,0.0000,0.0000,no_calib
51,1.7515,0.0000,0.0000,0.0000,0.0000,0,0.0000,1.0000,,0.0000,0.0000,no_calib
52,1.7850,0.0000,0.0000,0.0000,0.0000,0,0.0000,1.0000,,0.0000,0.0000,no_calib
53,1.8180,0.0000,0.0000,0.0000,0.0000,0,0.0000,1.0000,,0.0000,0.0000,no_calib
54,1.8511,0.0000,0.0000,0.0000,0.0000,0,0.0000,1.0000,,0.0000,0.0000,no_calib
55,1.8848,0.0000,0.0000,0.0000,0.0000,0,0.0000,1.0000,,0.0000,0.0000,no_calib
56,1.9175,0.0000,0.0000,0.0000,0.0000,0,0.0000,1.0000,,0.0000,0.0000,no_calib
57,1.9509,0.0000,0.0000,0.0000,0.0000,0,0.0000,1.0000,,0.0000,0.0000,no_calib
58,1.9844,0.0000,0.0000,0.0000,0.0000,0,0.0000,1.0000,,0.0000,0.0000,no_calib
59,2.0176,0.0000,0.0000,0.0000,0.0000,0,0.0000,1.0000,,0.0000,0.0000,no_calib
60,2.0519,0.0000,0.0000,0.0000,0.0000,0,0.0000,1.0000,,0.0000,0.0000,no_calib
61,2.1050,0.0000,0.0000,0.0000,0.0000,0,0.0000,1.0000,,0.0000,0.0000,no_calib
62,2.1306,0.0000,0.0000,0.0000,0.0000,0,0.0000,1.0000,,0.0000,0.0000,no_calib
63,2.1547,0.0000,0.0000,0.0000,0.0000,0,0.0000,1.0000,,0.0000,0.0000,no_calib
64,2.1856,0.0000,0.0000,0.0000,0.0000,0,0.0000,1.0000,,0.0000,0.0000,no_calib
65,2.2191,0.0000,0.0000,0.0000,0.0000,0,0.0000,1.0000,,0.0000,0.0000,no_calib
66,2.2529,0.0000,0.0000,0.0000,0.0000,0,0.0000,1.0000,,0.0000,0.0000,no_calib
67,2.2868,0.0000,0.0000,0.0000,0.0000,0,0.0000,1.0000,,0.0000,0.0000,no_calib
68,2.3197,0.0000,0.0000,0.0000,0.0000,0,0.0000,1.0000,,0.0000,0.0000,no_calib
69,2.3540,0.0000,0.0000,0.0000,0.0000,0,0.0000,1.0000,,0.0000,0.0000,no_calib
70,2.3869,0.0000,0.0000,0.0000,0.0000,0,0.0000,1.0000,,0.0000,0.0000,no_calib
71,2.4200,0.0000,0.0000,0.0000,0.0000,0,0.0000,1.0000,,0.0000,0.0000,no_calib
72,2.4540,0.0000,0.0000,0.0000,0.0000,0,0.0000,1.0000,,0.0000,0.0000,no_calib
73,2.4876,0.0000,0.0000,0.0000,0.0000,0,0.0000,1.0000,,0.0000,0.0000,no_calib
74,2.5177,0.0000,0.0000,0.0000,0.0000,0,0.0000,1.0000,,0.0000,0.0000,no_calib
75,2.5511,0.0000,0.0000,0.0000,0.0000,0,0.0000,1.0000,,0.0000,0.0000,no_calib
76,2.5849,0.0000,0.0000,0.0000,0.0000,0,0.0000,1.0000,,0.0000,0.0000,no_calib
77,2.6174,0.0000,0.0000,0.0000,0.0000,0,0.0000,1.0000,,0.0000,0.0000,no_calib
78,2.6508,0.0000,0.0000,0.0000,0.0000,0,0.0000,1.0000,,0.0000,0.0000,no_calib
79,2.6852,0.0000,0.0000,0.0000,0.0000,0,0.0000,1.0000,,0.0000,0.0000,no_calib
80,2.7177,0.0000,0.0000,0.0000,0.0000,0,0.0000,1.0000,,0.0000,0.0000,no_calib
81,2.7508,0.0000,0.0000,0.0000,0.0000,0,0.0000,1.0000,,0.0000,0.0000,no_calib
82,2.7840,0.0000,0.0000,0.0000,0.0000,0,0.0000,1.0000,,0.0000,0.0000,no_calib
83,2.8170,0.0000,0.0000,0.0000,0.0000,0,0.0000,1.0000,,0.0000,0.0000,no_calib
84,2.8506,0.0000,0.0000,0.0000,0.0000,0,0.0000,1.0000,,0.0000,0.0000,no_calib
85,2.8851,0.0000,0.0000,0.0000,0.0000,0,0.0000,1.0000,,0.0000,0.0000,no_calib
86,2.9196,0.0000,0.0000,0.0000,0.0000,0,0.0000,1.0000,,0.0000,0.0000,no_calib
87,2.9529,0.0000,0.0000,0.0000,0.0000,0,0.0000,1.0000,,0.0000,0.0000,no_calib
88,2.9861,0.0000,0.0000,0.0000,0.0000,0,0.0000,1.0000,,0.0000,0.0000,no_calib
89,3.0200,0.0000,0.0000,0.0000,0.0000,0,0.0000,1.0000,,0.0000,0.0000,no_calib
90,3.0528,0.0000,0.0000,0.0000,0.0000,0,0.0000,1.0000,,0.0000,0.0000,no_calib
91,3.1066,0.0000,0.0000,0.0000,0.0000,0,0.0000,1.0000,,0.0000,0.0000,no_calib
92,3.1314,0.0000,0.0000,0.0000,0.0000,0,0.0000,1.0000,,0.0000,0.0000,no_calib
93,3.1560,0.0000,0.0000,0.0000,0.0000,0,0.0000,1.0000,,0.0000,0.0000,no_calib
94,3.1856,0.0000,0.0000,0.0000,0.0000,0,0.0000,1.0000,,0.0000,0.0000,no_calib
95,3.2191,0.0000,0.0000,0.0000,0.0000,0,0.0000,1.0000,,0.0000,0.0000,no_calib
96,3.2526,0.0000,0.0000,0.0000,0.0000,0,0.0000,1.0000,,0.0000,0.0000,no_calib
97,3.2861,0.0000,0.0000,0.0000,0.0000,0,0.0000,1.0000,,0.0000,0.0000,no_calib
98,3.3192,0.0000,0.0000,0.0000,0.0000,0,0.0000,1.0000,,0.0000,0.0000,no_calib
99,3.3526,0.0000,0.0000,0.0000,0.0000,0,0.0000,1.0000,,0.0000,0.0000,no_calib
100,3.3860,0.0000,0.0000,0.0000,0.0000,0,0.0000,1.0000,,0.0000,0.0000,no_calib
101,3.4189,0.0000,0.0000,0.0000,0.0000,0,0.0000,1.0000,,0.0000,0.0000,no_calib
102,3.4532,0.0000,0.0000,0.0000,0.0000,0,0.0000,1.0000,,0.0000,0.0000,no_calib
103,3.4859,0.0000,0.0000,0.0000,0.0000,0,0.0000,1.0000,,0.0000,0.0000,no_calib
104,3.5191,0.0000,0.0000,0.0000,0.0000,0,0.0000,1.0000,,0.0000,0.0000,no_calib
105,3.5528,0.0000,0.0000,0.0000,0.0000,0,0.0000,1.0000,,0.0000,0.0000,no_calib
106,3.5861,0.0000,0.0000,0.0000,0.0000,0,0.0000,1.0000,,0.0000,0.0000,no_calib
107,3.6189,0.0000,0.0000,0.0000,0.0000,0,0.0000,1.0000,,0.0000,0.0000,no_calib
108,3.6526,0.0000,0.0000,0.0000,0.0000,0,0.0000,1.0000,,0.0000,0.0000,no_calib
109,3.6867,0.0000,0.0000,0.0000,0.0000,0,0.0000,1.0000,,0.0000,0.0000,no_calib
110,3.7189,0.0000,0.0000,0.0000,0.0000,0,0.0000,1.0000,,0.0000,0.0000,no_calib
111,3.7527,0.0000,0.0000,0.0000,0.0000,0,0.0000,1.0000,,0.0000,0.0000,no_calib
112,3.7860,0.0000,0.0000,0.0000,0.0000,0,0.0000,1.0000,,0.0000,0.0000,no_calib
113,3.8188,0.0000,0.0000,0.0000,0.0000,0,0.0000,1.0000,,0.0000,0.0000,no_calib
114,3.8520,0.0000,0.0000,0.0000,0.0000,0,0.0000,1.0000,,0.0000,0.0000,no_calib
115,3.8856,0.0000,0.0000,0.0000,0.0000,0,0.0000,1.0000,,0.0000,0.0000,no_calib
116,3.9190,0.0000,0.0000,0.0000,0.0000,0,0.0000,1.0000,,0.0000,0.0000,no_calib
117,3.9520,0.0000,0.0000,0.0000,0.0000,0,0.0000,1.0000,,0.0000,0.0000,no_calib
118,3.9859,0.0000,0.0000,0.0000,0.0000,0,0.0000,1.0000,,0.0000,0.0000,no_calib
119,4.0186,0.0000,0.0000,0.0000,0.0000,0,0.0000,1.0000,,0.0000,0.0000,no_calib
120,4.0519,0.0000,0.0000,0.0000,0.0000,0,0.0000,1.0000,,0.0000,0.0000,no_calib
121,4.1098,0.0000,0.0000,0.0000,0.0000,0,0.0000,1.0000,,0.0000,0.0000,no_calib
122,4.1448,0.0000,0.0000,0.0000,0.0000,0,0.0000,1.0000,,0.0000,0.0000,no_calib
123,4.1695,0.0000,0.0000,0.0000,0.0000,0,0.0000,1.0000,,0.0000,0.0000,no_calib
124,4.1940,0.0000,0.0000,0.0000,0.0000,0,0.0000,1.0000,,0.0000,0.0000,no_calib
125,4.2188,0.0000,0.0000,0.0000,0.0000,0,0.0000,1.0000,,0.0000,0.0000,no_calib
126,4.2520,0.0000,0.0000,0.0000,0.0000,0,0.0000,1.0000,,0.0000,0.0000,no_calib
127,4.2857,0.0000,0.0000,0.0000,0.0000,0,0.0000,1.0000,,0.0000,0.0000,no_calib
128,4.3191,0.0000,0.0000,0.0000,0.0000,0,0.0000,1.0000,,0.0000,0.0000,no_calib
129,4.3520,0.0000,0.0000,0.0000,0.0000,0,0.0000,1.0000,,0.0000,0.0000,no_calib
130,4.3860,0.0000,0.0000,0.0000,0.0000,0,0.0000,1.0000,,0.0000,0.0000,no_calib
131,4.4189,0.0000,0.0000,0.0000,0.0000,0,0.0000,1.0000,,0.0000,0.0000,no_calib
132,4.4528,0.0000,0.0000,0.0000,0.0000,0,0.0000,1.0000,,0.0000,0.0000,no_calib
133,4.4861,0.0000,0.0000,0.0000,0.0000,0,0.0000,1.0000,,0.0000,0.0000,no_calib
134,4.5191,0.0000,0.0000,0.0000,0.0000,0,0.0000,1.0000,,0.0000,0.0000,no_calib
135,4.5522,0.0000,0.0000,0.0000,0.0000,0,0.0000,1.0000,,0.0000,0.0000,no_calib
136,4.5856,0.0000,0.0000,0.0000,0.0000,0,0.0000,1.0000,,0.0000,0.0000,no_calib
137,4.6188,0.0000,0.0000,0.0000,0.0000,0,0.0000,1.0000,,0.0000,0.0000,no_calib
138,4.6518,0.0000,0.0000,0.0000,0.0000,0,0.0000,1.0000,,0.0000,0.0000,no_calib
139,4.6864,0.0000,0.0000,0.0000,0.0000,0,0.0000,1.0000,,0.0000,0.0000,no_calib
140,4.7190,0.0000,0.0000,0.0000,0.0000,0,0.0000,1.0000,,0.0000,0.0000,no_calib
141,4.7517,0.0000,0.0000,0.0000,0.0000,0,0.0000,1.0000,,0.0000,0.0000,no_calib
142,4.7861,0.0000,0.0000,0.0000,0.0000,0,0.0000,1.0000,,0.0000,0.0000,no_calib
143,4.8191,0.0000,0.0000,0.0000,0.0000,0,0.0000,1.0000,,0.0000,0.0000,no_calib
144,4.8520,0.0000,0.0000,0.0000,0.0000,0,0.0000,1.0000,,0.0000,0.0000,no_calib
145,4.8850,0.0000,0.0000,0.0000,0.0000,0,0.0000,1.0000,,0.0000,0.0000,no_calib
146,4.9189,0.0000,0.0000,0.0000,0.0000,0,0.0000,1.0000,,0.0000,0.0000,no_calib
147,4.9517,0.0000,0.0000,0.0000,0.0000,0,0.0000,1.0000,,0.0000,0.0000,no_calib
148,4.9851,0.0000,0.0000,0.0000,0.0000,0,0.0000,1.0000,,0.0000,0.0000,no_calib
149,5.0190,0.0000,0.0000,0.0000,0.0000,0,0.0000,1.0000,,0.0000,0.0000,no_calib
150,5.0516,0.0000,0.0000,0.0000,0.0000,0,0.0000,1.0000,,0.0000,0.0000,no_calib
151,5.1054,0.0000,0.0000,0.0000,0.0000,0,0.0000,1.0000,,0.0000,0.0000,no_calib
152,5.1305,0.0000,0.0000,0.0000,0.0000,0,0.0000,1.0000,,0.0000,0.0000,no_calib
153,5.1555,0.0000,0.0000,0.0000,0.0000,0,0.0000,1.0000,,0.0000,0.0000,no_calib
154,5.1848,0.0000,0.0000,0.0000,0.0000,0,0.0000,1.0000,,0.0000,0.0000,no_calib
155,5.2186,0.0000,0.0000,0.0000,0.0000,0,0.0000,1.0000,,0.0000,0.0000,no_calib
156,5.2517,0.0000,0.0000,0.0000,0.0000,0,0.0000,1.0000,,0.0000,0.0000,no_calib
157,5.2848,0.0000,0.0000,0.0000,0.0000,0,0.0000,1.0000,,0.0000,0.0000,no_calib
158,5.3187,0.0000,0.0000,0.0000,0.0000,0,0.0000,1.0000,,0.0000,0.0000,no_calib
159,5.3522,0.0000,0.0000,0.0000,0.0000,0,0.0000,1.0000,,0.0000,0.0000,no_calib
160,5.3847,0.0000,0.0000,0.0000,0.0000,0,0.0000,1.0000,,0.0000,0.0000,no_calib
161,5.4186,0.0000,0.0000,0.0000,0.0000,0,0.0000,1.0000,,0.0000,0.0000,no_calib
162,5.4521,0.0000,0.0000,0.0000,0.0000,0,0.0000,1.0000,,0.0000,0.0000,no_calib
163,5.4849,0.0000,0.0000,0.0000,0.0000,0,0.0000,1.0000,,0.0000,0.0000,no_calib
164,5.5186,0.0000,0.0000,0.0000,0.0000,0,0.0000,1.0000,,0.0000,0.0000,no_calib
165,5.5520,0.0000,0.0000,0.0000,0.0000,0,0.0000,1.0000,,0.0000,0.0000,no_calib
166,5.5849,0.0000,0.0000,0.0000,0.0000,0,0.0000,1.0000,,0.0000,0.0000,no_calib
167,5.6188,0.0000,0.0000,0.0000,0.0000,0,0.0000,1.0000,,0.0000,0.0000,no_calib
168,5.6521,0.0000,0.0000,0.0000,0.0000,0,0.0000,1.0000,,0.0000,0.0000,no_calib
169,5.6861,0.0000,0.0000,0.0000,0.0000,0,0.0000,1.0000,,0.0000,0.0000,no_calib
170,5.7185,0.0000,0.0000,0.0000,0.0000,0,0.0000,1.0000,,0.0000,0.0000,no_calib
171,5.7519,0.0000,0.0000,0.0000,0.0000,0,0.0000,1.0000,,0.0000,0.0000,no_calib
172,5.7847,0.0000,0.0000,0.0000,0.0000,0,0.0000,1.0000,,0.0000,0.0000,no_calib
173,5.8180,0.0000,0.0000,0.0000,0.0000,0,0.0000,1.0000,,0.0000,0.0000,no_calib
174,5.8518,0.0000,0.0000,0.0000,0.0000,0,0.0000,1.0000,,0.0000,0.0000,no_calib
175,5.8845,0.0000,0.0000,0.0000,0.0000,0,0.0000,1.0000,,0.0000,0.0000,no_calib
176,5.9179,0.0000,0.0000,0.0000,0.0000,0,0.0000,1.0000,,0.0000,0.0000,no_calib
177,5.9515,0.0000,0.0000,0.0000,0.0000,0,0.0000,1.0000,,0.0000,0.0000,no_calib
178,5.9844,0.0000,0.0000,0.0000,0.0000,0,0.0000,1.0000,,0.0000,0.0000,no_calib
179,6.0180,0.0000,0.0000,0.0000,0.0000,0,0.0000,1.0000,,0.0000,0.0000,no_calib
180,6.0520,0.0000,0.0000,0.0000,0.0000,0,0.0000,1.0000,,0.0000,0.0000,no_calib
181,6.1085,0.0000,0.0000,0.0000,0.0000,0,0.0000,1.0000,,0.0000,0.0000,no_calib
182,6.1336,0.0000,0.0000,0.0000,0.0000,0,0.0000,1.0000,,0.0000,0.0000,no_calib
183,6.1590,0.0000,0.0000,0.0000,0.0000,0,0.0000,1.0000,,0.0000,0.0000,no_calib
184,6.1850,0.0000,0.0000,0.0000,0.0000,0,0.0000,1.0000,,0.0000,0.0000,no_calib
185,6.2181,0.0000,0.0000,0.0000,0.0000,0,0.0000,1.0000,,0.0000,0.0000,no_calib
186,6.2520,0.0000,0.0000,0.0000,0.0000,0,0.0000,1.0000,,0.0000,0.0000,no_calib
187,6.2852,0.0000,0.0000,0.0000,0.0000,0,0.0000,1.0000,,0.0000,0.0000,no_calib
188,6.3185,0.0000,0.0000,0.0000,0.0000,0,0.0000,1.0000,,0.0000,0.0000,no_calib
189,6.3516,0.0000,0.0000,0.0000,0.0000,0,0.0000,1.0000,,0.0000,0.0000,no_calib
190,6.3849,0.0000,0.0000,0.0000,0.0000,0,0.0000,1.0000,,0.0000,0.0000,no_calib
191,6.4180,0.0000,0.0000,0.0000,0.0000,0,0.0000,1.0000,,0.0000,0.0000,no_calib
192,6.4518,0.0000,0.0000,0.0000,0.0000,0,0.0000,1.0000,,0.0000,0.0000,no_calib
193,6.4853,0.0000,0.0000,0.0000,0.0000,0,0.0000,1.0000,,0.0000,0.0000,no_calib
194,6.5182,0.0000,0.0000,0.0000,0.0000,0,0.0000,1.0000,,0.0000,0.0000,no_calib
195,6.5517,0.0000,0.0000,0.0000,0.0000,0,0.0000,1.0000,,0.0000,0.0000,no_calib
196,6.5850,0.0000,0.0000,0.0000,0.0000,0,0.0000,1.0000,,0.0000,0.0000,no_calib
197,6.6184,0.0000,0.0000,0.0000,0.0000,0,0.0000,1.0000,,0.0000,0.0000,no_calib
198,6.6519,0.0000,0.0000,0.0000,0.0000,0,0.0000,1.0000,,0.0000,0.0000,no_calib
199,6.6851,0.0000,0.0000,0.0000,0.0000,0,0.0000,1.0000,,0.0000,0.0000,no_calib
200,6.7178,0.0000,0.0000,0.0000,0.0000,0,0.0000,1.0000,,0.0000,0.0000,no_calib
201,6.7516,0.0000,0.0000,0.0000,0.0000,0,0.0000,1.0000,,0.0000,0.0000,no_calib
202,6.7849,0.0000,0.0000,0.0000,0.0000,0,0.0000,1.0000,,0.0000,0.0000,no_calib
203,6.8185,0.0000,0.0000,0.0000,0.0000,0,0.0000,1.0000,,0.0000,0.0000,no_calib
204,6.8521,0.0000,0.0000,0.0000,0.0000,0,0.0000,1.0000,,0.0000,0.0000,no_calib
205,6.8847,0.0000,0.0000,0.0000,0.0000,0,0.0000,1.0000,,0.0000,0.0000,no_calib
206,6.9187,0.0000,0.0000,0.0000,0.0000,0,0.0000,1.0000,,0.0000,0.0000,no_calib
207,6.9520,0.0000,0.0000,0.0000,0.0000,0,0.0000,1.0000,,0.0000,0.0000,no_calib
208,6.9848,0.0000,0.0000,0.0000,0.0000,0,0.0000,1.0000,,0.0000,0.0000,no_calib
209,7.0182,0.0000,0.0000,0.0000,0.0000,0,0.0000,1.0000,,0.0000,0.0000,no_calib
210,7.0495,0.0000,0.0000,0.0000,0.0000,0,0.0000,1.0000,,0.0000,0.0000,no_calib
211,7.1040,0.0000,0.0000,0.0000,0.0000,0,0.0000,1.0000,,0.0000,0.0000,no_calib
212,7.1290,0.0000,0.0000,0.0000,0.0000,0,0.0000,1.0000,,0.0000,0.0000,no_calib
213,7.1539,0.0000,0.0000,0.0000,0.0000,0,0.0000,1.0000,,0.0000,0.0000,no_calib
214,7.1826,0.0000,0.0000,0.0000,0.0000,0,0.0000,1.0000,,0.0000,0.0000,no_calib
215,7.2157,0.0000,0.0000,0.0000,0.0000,0,0.0000,1.0000,,0.0000,0.0000,no_calib
216,7.2489,0.0000,0.0000,0.0000,0.0000,0,0.0000,1.0000,,0.0000,0.0000,no_calib
217,7.2824,0.0000,0.0000,0.0000,0.0000,0,0.0000,1.0000,,0.0000,0.0000,no_calib
218,7.3159,0.0000,0.0000,0.0000,0.0000,0,0.0000,1.0000,,0.0000,0.0000,no_calib
219,7.3490,0.0000,0.0000,0.0000,0.0000,0,0.0000,1.0000,,0.0000,0.0000,no_calib
220,7.3823,0.0000,0.0000,0.0000,0.0000,0,0.0000,1.0000,,0.0000,0.0000,no_calib
221,7.4168,0.0000,0.0000,0.0000,0.0000,0,0.0000,1.0000,,0.0000,0.0000,no_calib
222,7.4507,0.0000,0.0000,0.0000,0.0000,0,0.0000,1.0000,,0.0000,0.0000,no_calib
223,7.4846,0.0000,0.0000,0.0000,0.0000,0,0.0000,1.0000,,0.0000,0.0000,no_calib
224,7.5181,0.0000,0.0000,0.0000,0.0000,0,0.0000,1.0000,,0.0000,0.0000,no_calib
225,7.5507,0.0000,0.0000,0.0000,0.0000,0,0.0000,1.0000,,0.0000,0.0000,no_calib
226,7.5845,0.0000,0.0000,0.0000,0.0000,0,0.0000,1.0000,,0.0000,0.0000,no_calib
227,7.6178,0.0000,0.0000,0.0000,0.0000,0,0.0000,1.0000,,0.0000,0.0000,no_calib
228,7.6507,0.0000,0.0000,0.0000,0.0000,0,0.0000,1.0000,,0.0000,0.0000,no_calib
229,7.6852,0.0000,0.0000,0.0000,0.0000,0,0.0000,1.0000,,0.0000,0.0000,no_calib
230,7.7179,0.0000,0.0000,0.0000,0.0000,0,0.0000,1.0000,,0.0000,0.0000,no_calib
231,7.7518,0.0000,0.0000,0.0000,0.0000,0,0.0000,1.0000,,0.0000,0.0000,no_calib
232,7.7850,0.0000,0.0000,0.0000,0.0000,0,0.0000,1.0000,,0.0000,0.0000,no_calib
233,7.8179,0.0000,0.0000,0.0000,0.0000,0,0.0000,1.0000,,0.0000,0.0000,no_calib
234,7.8520,0.0000,0.0000,0.0000,0.0000,0,0.0000,1.0000,,0.0000,0.0000,no_calib
235,7.8846,0.0000,0.0000,0.0000,0.0000,0,0.0000,1.0000,,0.0000,0.0000,no_calib
236,7.9191,0.0000,0.0000,0.0000,0.0000,0,0.0000,1.0000,,0.0000,0.0000,no_calib
237,7.9488,0.0000,0.0000,0.0000,0.0000,0,0.0000,1.0000,,0.0000,0.0000,no_calib
238,7.9822,0.0000,0.0000,0.0000,0.0000,0,0.0000,1.0000,,0.0000,0.0000,no_calib
239,8.0153,0.0000,0.0000,0.0000,0.0000,0,0.0000,1.0000,,0.0000,0.0000,no_calib
240,8.0488,0.0000,0.0000,0.0000,0.0000,0,0.0000,1.0000,,0.0000,0.0000,no_calib
241,8.1033,0.0000,0.0000,0.0000,0.0000,0,0.0000,1.0000,,0.0000,0.0000,no_calib
242,8.1280,0.0000,0.0000,0.0000,0.0000,0,0.0000,1.0000,,0.0000,0.0000,no_calib
243,8.1531,0.0000,0.0000,0.0000,0.0000,0,0.0000,1.0000,,0.0000,0.0000,no_calib
244,8.1826,0.0000,0.0000,0.0000,0.0000,0,0.0000,1.0000,,0.0000,0.0000,no_calib
245,8.2170,0.0000,0.0000,0.0000,0.0000,0,0.0000,1.0000,,0.0000,0.0000,no_calib
246,8.2510,0.0000,0.0000,0.0000,0.0000,0,0.0000,1.0000,,0.0000,0.0000,no_calib
247,8.2845,0.0000,0.0000,0.0000,0.0000,0,0.0000,1.0000,,0.0000,0.0000,no_calib
248,8.3178,0.0000,0.0000,0.0000,0.0000,0,0.0000,1.0000,,0.0000,0.0000,no_calib
249,8.3510,0.0000,0.0000,0.0000,0.0000,0,0.0000,1.0000,,0.0000,0.0000,no_calib
250,8.3839,0.0000,0.0000,0.0000,0.0000,0,0.0000,1.0000,,0.0000,0.0000,no_calib
251,8.4177,0.0000,0.0000,0.0000,0.0000,0,0.0000,1.0000,,0.0000,0.0000,no_calib
252,8.4516,0.0000,0.0000,0.0000,0.0000,0,0.0000,1.0000,,0.0000,0.0000,no_calib
253,8.4839,0.0000,0.0000,0.0000,0.0000,0,0.0000,1.0000,,0.0000,0.0000,no_calib
254,8.5176,0.0000,0.0000,0.0000,0.0000,0,0.0000,1.0000,,0.0000,0.0000,no_calib
255,8.5513,0.0000,0.0000,0.0000,0.0000,0,0.0000,1.0000,,0.0000,0.0000,no_calib
256,8.5838,0.0000,0.0000,0.0000,0.0000,0,0.0000,1.0000,,0.0000,0.0000,no_calib
257,8.6177,0.0000,0.0000,0.0000,0.0000,0,0.0000,1.0000,,0.0000,0.0000,no_calib
258,8.6505,0.0000,0.0000,0.0000,0.0000,0,0.0000,1.0000,,0.0000,0.0000,no_calib
259,8.6859,0.0000,0.0000,0.0000,0.0000,0,0.0000,1.0000,,0.0000,0.0000,no_calib
260,8.7179,0.0000,0.0000,0.0000,0.0000,0,0.0000,1.0000,,0.0000,0.0000,no_calib
261,8.7509,0.0000,0.0000,0.0000,0.0000,0,0.0000,1.0000,,0.0000,0.0000,no_calib
262,8.7837,0.0000,0.0000,0.0000,0.0000,0,0.0000,1.0000,,0.0000,0.0000,no_calib
263,8.8177,0.0000,0.0000,0.0000,0.0000,0,0.0000,1.0000,,0.0000,0.0000,no_calib
264,8.8509,0.0000,0.0000,0.0000,0.0000,0,0.0000,1.0000,,0.0000,0.0000,no_calib
265,8.8836,0.0000,0.0000,0.0000,0.0000,0,0.0000,1.0000,,0.0000,0.0000,no_calib
266,8.9177,0.0000,0.0000,0.0000,0.0000,0,0.0000,1.0000,,0.0000,0.0000,no_calib
267,8.9510,0.0000,0.0000,0.0000,0.0000,0,0.0000,1.0000,,0.0000,0.0000,no_calib
268,8.9839,0.0000,0.0000,0.0000,0.0000,0,0.0000,1.0000,,0.0000,0.0000,no_calib
269,9.0176,0.0000,0.0000,0.0000,0.0000,0,0.0000,1.0000,,0.0000,0.0000,no_calib
270,9.0509,0.0000,0.0000,0.0000,0.0000,0,0.0000,1.0000,,0.0000,0.0000,no_calib
271,9.1060,0.0000,0.0000,0.0000,0.0000,0,0.0000,1.0000,,0.0000,0.0000,no_calib
272,9.1309,0.0000,0.0000,0.0000,0.0000,0,0.0000,1.0000,,0.0000,0.0000,no_calib
273,9.1558,0.0000,0.0000,0.0000,0.0000,0,0.0000,1.0000,,0.0000,0.0000,no_calib
274,9.1838,0.0000,0.0000,0.0000,0.0000,0,0.0000,1.0000,,0.0000,0.0000,no_calib
275,9.2168,0.0000,0.0000,0.0000,0.0000,0,0.0000,1.0000,,0.0000,0.0000,no_calib
276,9.2510,0.0000,0.0000,0.0000,0.0000,0,0.0000,1.0000,,0.0000,0.0000,no_calib
277,9.2836,0.0000,0.0000,0.0000,0.0000,0,0.0000,1.0000,,0.0000,0.0000,no_calib
278,9.3171,0.0000,0.0000,0.0000,0.0000,0,0.0000,1.0000,,0.0000,0.0000,no_calib
279,9.3506,0.0000,0.0000,0.0000,0.0000,0,0.0000,1.0000,,0.0000,0.0000,no_calib
280,9.3839,0.0000,0.0000,0.0000,0.0000,0,0.0000,1.0000,,0.0000,0.0000,no_calib
281,9.4176,0.0000,0.0000,0.0000,0.0000,0,0.0000,1.0000,,0.0000,0.0000,no_calib
282,9.4511,0.0000,0.0000,0.0000,0.0000,0,0.0000,1.0000,,0.0000,0.0000,no_calib
283,9.4839,0.0000,0.0000,0.0000,0.0000,0,0.0000,1.0000,,0.0000,0.0000,no_calib
284,9.5170,0.0000,0.0000,0.0000,0.0000,0,0.0000,1.0000,,0.0000,0.0000,no_calib
285,9.5513,0.0000,0.0000,0.0000,0.0000,0,0.0000,1.0000,,0.0000,0.0000,no_calib
286,9.5842,0.0000,0.0000,0.0000,0.0000,0,0.0000,1.0000,,0.0000,0.0000,no_calib
287,9.6169,0.0000,0.0000,0.0000,0.0000,0,0.0000,1.0000,,0.0000,0.0000,no_calib
288,9.6500,0.0000,0.0000,0.0000,0.0000,0,0.0000,1.0000,,0.0000,0.0000,no_calib
289,9.6841,0.0000,0.0000,0.0000,0.0000,0,0.0000,1.0000,,0.0000,0.0000,no_calib
290,9.7169,0.0000,0.0000,0.0000,0.0000,0,0.0000,1.0000,,0.0000,0.0000,no_calib
291,9.7506,0.0000,0.0000,0.0000,0.0000,0,0.0000,1.0000,,0.0000,0.0000,no_calib
292,9.7837,0.0000,0.0000,0.0000,0.0000,0,0.0000,1.0000,,0.0000,0.0000,no_calib
293,9.8171,0.0000,0.0000,0.0000,0.0000,0,0.0000,1.0000,,0.0000,0.0000,no_calib
294,9.8503,0.0000,0.0000,0.0000,0.0000,0,0.0000,1.0000,,0.0000,0.0000,no_calib
295,9.8837,0.0000,0.0000,0.0000,0.0000,0,0.0000,1.0000,,0.0000,0.0000,no_calib
296,9.9167,0.0000,0.0000,0.0000,0.0000,0,0.0000,1.0000,,0.0000,0.0000,no_calib
297,9.9499,0.0000,0.0000,0.0000,0.0000,0,0.0000,1.0000,,0.0000,0.0000,no_calib
298,9.9838,0.0000,0.0000,0.0000,0.0000,0,0.0000,1.0000,,0.0000,0.0000,no_calib
299,10.0167,0.0000,0.0000,0.0000,0.0000,0,0.0000,1.0000,,0.0000,0.0000,no_calib
300,10.0504,0.0000,0.0000,0.0000,0.0000,0,0.0000,1.0000,,0.0000,0.0000,no_calib
301,10.1050,0.0000,0.0000,0.0000,0.0000,0,0.0000,1.0000,,0.0000,0.0000,no_calib
302,10.1298,0.0000,0.0000,0.0000,0.0000,0,0.0000,1.0000,,0.0000,0.0000,no_calib
303,10.1544,0.0000,0.0000,0.0000,0.0000,0,0.0000,1.0000,,0.0000,0.0000,no_calib
304,10.1837,0.0000,0.0000,0.0000,0.0000,0,0.0000,1.0000,,0.0000,0.0000,no_calib
305,10.2165,0.0000,0.0000,0.0000,0.0000,0,0.0000,1.0000,,0.0000,0.0000,no_calib
306,10.2500,0.0000,0.0000,0.0000,0.0000,0,0.0000,1.0000,,0.0000,0.0000,no_calib
307,10.2835,0.0000,0.0000,0.0000,0.0000,0,0.0000,1.0000,,0.0000,0.0000,no_calib
308,10.3169,0.0000,0.0000,0.0000,0.0000,0,0.0000,1.0000,,0.0000,0.0000,no_calib
309,10.3499,0.0000,0.0000,0.0000,0.0000,0,0.0000,1.0000,,0.0000,0.0000,no_calib
310,10.3833,0.0000,0.0000,0.0000,0.0000,0,0.0000,1.0000,,0.0000,0.0000,no_calib
311,10.4170,0.0000,0.0000,0.0000,0.0000,0,0.0000,1.0000,,0.0000,0.0000,no_calib
312,10.4495,0.0000,0.0000,0.0000,0.0000,0,0.0000,1.0000,,0.0000,0.0000,no_calib
313,10.4835,0.0000,0.0000,0.0000,0.0000,0,0.0000,1.0000,,0.0000,0.0000,no_calib
314,10.5166,0.0000,0.0000,0.0000,0.0000,0,0.0000,1.0000,,0.0000,0.0000,no_calib
315,10.5498,0.0000,0.0000,0.0000,0.0000,0,0.0000,1.0000,,0.0000,0.0000,no_calib
316,10.5830,0.0000,0.0000,0.0000,0.0000,0,0.0000,1.0000,,0.0000,0.0000,no_calib
317,10.6167,0.0000,0.0000,0.0000,0.0000,0,0.0000,1.0000,,0.0000,0.0000,no_calib
318,10.6497,0.0000,0.0000,0.0000,0.0000,0,0.0000,1.0000,,0.0000,0.0000,no_calib
319,10.6845,0.0000,0.0000,0.0000,0.0000,0,0.0000,1.0000,,0.0000,0.0000,no_calib
320,10.7167,0.0000,0.0000,0.0000,0.0000,0,0.0000,1.0000,,0.0000,0.0000,no_calib
321,10.7497,0.0000,0.0000,0.0000,0.0000,0,0.0000,1.0000,,0.0000,0.0000,no_calib
322,10.7840,0.0000,0.0000,0.0000,0.0000,0,0.0000,1.0000,,0.0000,0.0000,no_calib
323,10.8170,0.0000,0.0000,0.0000,0.0000,0,0.0000,1.0000,,0.0000,0.0000,no_calib
324,10.8497,0.0000,0.0000,0.0000,0.0000,0,0.0000,1.0000,,0.0000,0.0000,no_calib
325,10.8831,0.0000,0.0000,0.0000,0.0000,0,0.0000,1.0000,,0.0000,0.0000,no_calib
326,10.9169,0.0000,0.0000,0.0000,0.0000,0,0.0000,1.0000,,0.0000,0.0000,no_calib
327,10.9496,0.0000,0.0000,0.0000,0.0000,0,0.0000,1.0000,,0.0000,0.0000,no_calib
328,10.9830,0.0000,0.0000,0.0000,0.0000,0,0.0000,1.0000,,0.0000,0.0000,no_calib
329,11.0166,0.0000,0.0000,0.0000,0.0000,0,0.0000,1.0000,,0.0000,0.0000,no_calib
330,11.0497,0.0000,0.0000,0.0000,0.0000,0,0.0000,1.0000,,0.0000,0.0000,no_calib
331,11.1043,0.0000,0.0000,0.0000,0.0000,0,0.0000,1.0000,,0.0000,0.0000,no_calib
332,11.1291,0.0000,0.0000,0.0000,0.0000,0,0.0000,1.0000,,0.0000,0.0000,no_calib
333,11.1537,0.0000,0.0000,0.0000,0.0000,0,0.0000,1.0000,,0.0000,0.0000,no_calib
334,11.1830,0.0000,0.0000,0.0000,0.0000,0,0.0000,1.0000,,0.0000,0.0000,no_calib
335,11.2167,0.0000,0.0000,0.0000,0.0000,0,0.0000,1.0000,,0.0000,0.0000,no_calib
336,11.2497,0.0000,0.0000,0.0000,0.0000,0,0.0000,1.0000,,0.0000,0.0000,no_calib
337,11.2828,0.0000,0.0000,0.0000,0.0000,0,0.0000,1.0000,,0.0000,0.0000,no_calib
338,11.3167,0.0000,0.0000,0.0000,0.0000,0,0.0000,1.0000,,0.0000,0.0000,no_calib
339,11.3496,0.0000,0.0000,0.0000,0.0000,0,0.0000,1.0000,,0.0000,0.0000,no_calib
340,11.3835,0.0000,0.0000,0.0000,0.0000,0,0.0000,1.0000,,0.0000,0.0000,no_calib
341,11.4165,0.0000,0.0000,0.0000,0.0000,0,0.0000,1.0000,,0.0000,0.0000,no_calib
342,11.4495,0.0000,0.0000,0.0000,0.0000,0,0.0000,1.0000,,0.0000,0.0000,no_calib
343,11.4826,0.0000,0.0000,0.0000,0.0000,0,0.0000,1.0000,,0.0000,0.0000,no_calib
344,11.5164,0.0000,0.0000,0.0000,0.0000,0,0.0000,1.0000,,0.0000,0.0000,no_calib
345,11.5501,0.0000,0.0000,0.0000,0.0000,0,0.0000,1.0000,,0.0000,0.0000,no_calib
346,11.5829,0.0000,0.0000,0.0000,0.0000,0,0.0000,1.0000,,0.0000,0.0000,no_calib
347,11.6160,0.0000,0.0000,0.0000,0.0000,0,0.0000,1.0000,,0.0000,0.0000,no_calib
348,11.6499,0.0000,0.0000,0.0000,0.0000,0,0.0000,1.0000,,0.0000,0.0000,no_calib
349,11.6834,0.0000,0.0000,0.0000,0.0000,0,0.0000,1.0000,,0.0000,0.0000,no_calib
350,11.7166,0.0000,0.0000,0.0000,0.0000,0,0.0000,1.0000,,0.0000,0.0000,no_calib
351,11.7499,0.0000,0.0000,0.0000,0.0000,0,0.0000,1.0000,,0.0000,0.0000,no_calib
352,11.7830,0.0000,0.0000,0.0000,0.0000,0,0.0000,1.0000,,0.0000,0.0000,no_calib
353,11.8162,0.0000,0.0000,0.0000,0.0000,0,0.0000,1.0000,,0.0000,0.0000,no_calib
354,11.8501,0.0000,0.0000,0.0000,0.0000,0,0.0000,1.0000,,0.0000,0.0000,no_calib
355,11.8827,0.0000,0.0000,0.0000,0.0000,0,0.0000,1.0000,,0.0000,0.0000,no_calib
356,11.9161,0.0000,0.0000,0.0000,0.0000,0,0.0000,1.0000,,0.0000,0.0000,no_calib
357,11.9498,0.0000,0.0000,0.0000,0.0000,0,0.0000,1.0000,,0.0000,0.0000,no_calib
358,11.9825,0.0000,0.0000,0.0000,0.0000,0,0.0000,1.0000,,0.0000,0.0000,no_calib
359,12.0161,0.0000,0.0000,0.0000,0.0000,0,0.0000,1.0000,,0.0000,0.0000,no_calib
360,12.0500,0.0000,0.0000,0.0000,0.0000,0,0.0000,1.0000,,0.0000,0.0000,no_calib
361,12.1054,0.0000,0.0000,0.0000,0.0000,0,0.0000,1.0000,,0.0000,0.0000,no_calib
362,12.1302,0.0000,0.0000,0.0000,0.0000,0,0.0000,1.0000,,0.0000,0.0000,no_calib
363,12.1547,0.0000,0.0000,0.0000,0.0000,0,0.0000,1.0000,,0.0000,0.0000,no_calib
364,12.1825,0.0000,0.0000,0.0000,0.0000,0,0.0000,1.0000,,0.0000,0.0000,no_calib
365,12.2161,0.0000,0.0000,0.0000,0.0000,0,0.0000,1.0000,,0.0000,0.0000,no_calib
366,12.2496,0.0000,0.0000,0.0000,0.0000,0,0.0000,1.0000,,0.0000,0.0000,no_calib
367,12.2826,0.0000,0.0000,0.0000,0.0000,0,0.0000,1.0000,,0.0000,0.0000,no_calib
368,12.3160,0.0000,0.0000,0.0000,0.0000,0,0.0000,1.0000,,0.0000,0.0000,no_calib
369,12.3494,0.0000,0.0000,0.0000,0.0000,0,0.0000,1.0000,,0.0000,0.0000,no_calib
370,12.3827,0.0000,0.0000,0.0000,0.0000,0,0.0000,1.0000,,0.0000,0.0000,no_calib
371,12.4158,0.0000,0.0000,0.0000,0.0000,0,0.0000,1.0000,,0.0000,0.0000,no_calib
372,12.4496,0.0000,0.0000,0.0000,0.0000,0,0.0000,1.0000,,0.0000,0.0000,no_calib
373,12.4830,0.0000,0.0000,0.0000,0.0000,0,0.0000,1.0000,,0.0000,0.0000,no_calib
374,12.5160,0.0000,0.0000,0.0000,0.0000,0,0.0000,1.0000,,0.0000,0.0000,no_calib
375,12.5496,0.0000,0.0000,0.0000,0.0000,0,0.0000,1.0000,,0.0000,0.0000,no_calib
376,12.5831,0.0000,0.0000,0.0000,0.0000,0,0.0000,1.0000,,0.0000,0.0000,no_calib
377,12.6160,0.0000,0.0000,0.0000,0.0000,0,0.0000,1.0000,,0.0000,0.0000,no_calib
378,12.6495,0.0000,0.0000,0.0000,0.0000,0,0.0000,1.0000,,0.0000,0.0000,no_calib
379,12.6832,0.0000,0.0000,0.0000,0.0000,0,0.0000,1.0000,,0.0000,0.0000,no_calib
380,12.7160,0.0000,0.0000,0.0000,0.0000,0,0.0000,1.0000,,0.0000,0.0000,no_calib
381,12.7494,0.0000,0.0000,0.0000,0.0000,0,0.0000,1.0000,,0.0000,0.0000,no_calib
382,12.7828,0.0000,0.0000,0.0000,0.0000,0,0.0000,1.0000,,0.0000,0.0000,no_calib
383,12.8158,0.0000,0.0000,0.0000,0.0000,0,0.0000,1.0000,,0.0000,0.0000,no_calib
384,12.8490,0.0000,0.0000,0.0000,0.0000,0,0.0000,1.0000,,0.0000,0.0000,no_calib
385,12.8824,0.0000,0.0000,0.0000,0.0000,0,0.0000,1.0000,,0.0000,0.0000,no_calib
386,12.9155,0.0000,0.0000,0.0000,0.0000,0,0.0000,1.0000,,0.0000,0.0000,no_calib
387,12.9488,0.0000,0.0000,0.0000,0.0000,0,0.0000,1.0000,,0.0000,0.0000,no_calib
388,12.9826,0.0000,0.0000,0.0000,0.0000,0,0.0000,1.0000,,0.0000,0.0000,no_calib
389,13.0156,0.0000,0.0000,0.0000,0.0000,0,0.0000,1.0000,,0.0000,0.0000,no_calib
390,13.0491,0.0000,0.0000,0.0000,0.0000,0,0.0000,1.0000,,0.0000,0.0000,no_calib
391,13.1039,0.0000,0.0000,0.0000,0.0000,0,0.0000,1.0000,,0.0000,0.0000,no_calib
392,13.1287,0.0000,0.0000,0.0000,0.0000,0,0.0000,1.0000,,0.0000,0.0000,no_calib
393,13.1533,0.0000,0.0000,0.0000,0.0000,0,0.0000,1.0000,,0.0000,0.0000,no_calib
394,13.1824,0.0000,0.0000,0.0000,0.0000,0,0.0000,1.0000,,0.0000,0.0000,no_calib
395,13.2156,0.0000,0.0000,0.0000,0.0000,0,0.0000,1.0000,,0.0000,0.0000,no_calib
396,13.2488,0.0000,0.0000,0.0000,0.0000,0,0.0000,1.0000,,0.0000,0.0000,no_calib
397,13.2828,0.0000,0.0000,0.0000,0.0000,0,0.0000,1.0000,,0.0000,0.0000,no_calib
398,13.3160,0.0000,0.0000,0.0000,0.0000,0,0.0000,1.0000,,0.0000,0.0000,no_calib
399,13.3488,0.0000,0.0000,0.0000,0.0000,0,0.0000,1.0000,,0.0000,0.0000,no_calib
400,13.3826,0.0000,0.0000,0.0000,0.0000,0,0.0000,1.0000,,0.0000,0.0000,no_calib
401,13.4162,0.0000,0.0000,0.0000,0.0000,0,0.0000,1.0000,,0.0000,0.0000,no_calib
402,13.4486,0.0000,0.0000,0.0000,0.0000,0,0.0000,1.0000,,0.0000,0.0000,no_calib
403,13.4823,0.0000,0.0000,0.0000,0.0000,0,0.0000,1.0000,,0.0000,0.0000,no_calib
404,13.5161,0.0000,0.0000,0.0000,0.0000,0,0.0000,1.0000,,0.0000,0.0000,no_calib
405,13.5488,0.0000,0.0000,0.0000,0.0000,0,0.0000,1.0000,,0.0000,0.0000,no_calib
406,13.5826,0.0000,0.0000,0.0000,0.0000,0,0.0000,1.0000,,0.0000,0.0000,no_calib
407,13.6158,0.0000,0.0000,0.0000,0.0000,0,0.0000,1.0000,,0.0000,0.0000,no_calib
408,13.6486,0.0000,0.0000,0.0000,0.0000,0,0.0000,1.0000,,0.0000,0.0000,no_calib
409,13.6821,0.0000,0.0000,0.0000,0.0000,0,0.0000,1.0000,,0.0000,0.0000,no_calib
410,13.7158,0.0000,0.0000,0.0000,0.0000,0,0.0000,1.0000,,0.0000,0.0000,no_calib
411,13.7486,0.0000,0.0000,0.0000,0.0000,0,0.0000,1.0000,,0.0000,0.0000,no_calib
412,13.7828,0.0000,0.0000,0.0000,0.0000,0,0.0000,1.0000,,0.0000,0.0000,no_calib
413,13.8155,0.0000,0.0000,0.0000,0.0000,0,0.0000,1.0000,,0.0000,0.0000,no_calib
414,13.8487,0.0000,0.0000,0.0000,0.0000,0,0.0000,1.0000,,0.0000,0.0000,no_calib
415,13.8819,0.0000,0.0000,0.0000,0.0000,0,0.0000,1.0000,,0.0000,0.0000,no_calib
416,13.9158,0.0000,0.0000,0.0000,0.0000,0,0.0000,1.0000,,0.0000,0.0000,no_calib
417,13.9486,0.0000,0.0000,0.0000,0.0000,0,0.0000,1.0000,,0.0000,0.0000,no_calib
418,13.9821,0.0000,0.0000,0.0000,0.0000,0,0.0000,1.0000,,0.0000,0.0000,no_calib
419,14.0157,0.0000,0.0000,0.0000,0.0000,0,0.0000,1.0000,,0.0000,0.0000,no_calib
420,14.0492,0.0000,0.0000,0.0000,0.0000,0,0.0000,1.0000,,0.0000,0.0000,no_calib
421,14.1045,0.0000,0.0000,0.0000,0.0000,0,0.0000,1.0000,,0.0000,0.0000,no_calib
422,14.1292,0.0000,0.0000,0.0000,0.0000,0,0.0000,1.0000,,0.0000,0.0000,no_calib
423,14.1538,0.0000,0.0000,0.0000,0.0000,0,0.0000,1.0000,,0.0000,0.0000,no_calib
424,14.1821,0.0000,0.0000,0.0000,0.0000,0,0.0000,1.0000,,0.0000,0.0000,no_calib
425,14.2156,0.0000,0.0000,0.0000,0.0000,0,0.0000,1.0000,,0.0000,0.0000,no_calib
426,14.2489,0.0000,0.0000,0.0000,0.0000,0,0.0000,1.0000,,0.0000,0.0000,no_calib
427,14.2820,0.0000,0.0000,0.0000,0.0000,0,0.0000,1.0000,,0.0000,0.0000,no_calib
428,14.3156,0.0000,0.0000,0.0000,0.0000,0,0.0000,1.0000,,0.0000,0.0000,no_calib
429,14.3490,0.0000,0.0000,0.0000,0.0000,0,0.0000,1.0000,,0.0000,0.0000,no_calib
430,14.3817,0.0000,0.0000,0.0000,0.0000,0,0.0000,1.0000,,0.0000,0.0000,no_calib
431,14.4150,0.0000,0.0000,0.0000,0.0000,0,0.0000,1.0000,,0.0000,0.0000,no_calib
432,14.4494,0.0000,0.0000,0.0000,0.0000,0,0.0000,1.0000,,0.0000,0.0000,no_calib
433,14.4818,0.0000,0.0000,0.0000,0.0000,0,0.0000,1.0000,,0.0000,0.0000,no_calib
434,14.5157,0.0000,0.0000,0.0000,0.0000,0,0.0000,1.0000,,0.0000,0.0000,no_calib
435,14.5489,0.0000,0.0000,0.0000,0.0000,0,0.0000,1.0000,,0.0000,0.0000,no_calib
436,14.5821,0.0000,0.0000,0.0000,0.0000,0,0.0000,1.0000,,0.0000,0.0000,no_calib
437,14.6157,0.0000,0.0000,0.0000,0.0000,0,0.0000,1.0000,,0.0000,0.0000,no_calib
438,14.6489,0.0000,0.0000,0.0000,0.0000,0,0.0000,1.0000,,0.0000,0.0000,no_calib
439,14.6824,0.0000,0.0000,0.0000,0.0000,0,0.0000,1.0000,,0.0000,0.0000,no_calib
440,14.7158,0.0000,0.0000,0.0000,0.0000,0,0.0000,1.0000,,0.0000,0.0000,no_calib
441,14.7488,0.0000,0.0000,0.0000,0.0000,0,0.0000,1.0000,,0.0000,0.0000,no_calib
442,14.7821,0.0000,0.0000,0.0000,0.0000,0,0.0000,1.0000,,0.0000,0.0000,no_calib
443,14.8149,0.0000,0.0000,0.0000,0.0000,0,0.0000,1.0000,,0.0000,0.0000,no_calib
444,14.8488,0.0000,0.0000,0.0000,0.0000,0,0.0000,1.0000,,0.0000,0.0000,no_calib
445,14.8818,0.0000,0.0000,0.0000,0.0000,0,0.0000,1.0000,,0.0000,0.0000,no_calib
446,14.9149,0.0000,0.0000,0.0000,0.0000,0,0.0000,1.0000,,0.0000,0.0000,no_calib
447,14.9490,0.0000,0.0000,0.0000,0.0000,0,0.0000,1.0000,,0.0000,0.0000,no_calib
448,14.9817,0.0000,0.0000,0.0000,0.0000,0,0.0000,1.0000,,0.0000,0.0000,no_calib
449,15.0151,0.0000,0.0000,0.0000,0.0000,0,0.0000,1.0000,,0.0000,0.0000,no_calib
450,15.0490,0.0000,0.0000,0.0000,0.0000,0,0.0000,1.0000,,0.0000,0.0000,no_calib
451,15.1039,0.0000,0.0000,0.0000,0.0000,0,0.0000,1.0000,,0.0000,0.0000,no_calib
452,15.1286,0.0000,0.0000,0.0000,0.0000,0,0.0000,1.0000,,0.0000,0.0000,no_calib
453,15.1533,0.0000,0.0000,0.0000,0.0000,0,0.0000,1.0000,,0.0000,0.0000,no_calib
454,15.1821,0.0000,0.0000,0.0000,0.0000,0,0.0000,1.0000,,0.0000,0.0000,no_calib
455,15.2147,0.0000,0.0000,0.0000,0.0000,0,0.0000,1.0000,,0.0000,0.0000,no_calib
456,15.2487,0.0000,0.0000,0.0000,0.0000,0,0.0000,1.0000,,0.0000,0.0000,no_calib
457,15.2820,0.0000,0.0000,0.0000,0.0000,0,0.0000,1.0000,,0.0000,0.0000,no_calib
458,15.3147,0.0000,0.0000,0.0000,0.0000,0,0.0000,1.0000,,0.0000,0.0000,no_calib
459,15.3480,0.0000,0.0000,0.0000,0.0000,0,0.0000,1.0000,,0.0000,0.0000,no_calib
460,15.3818,0.0000,0.0000,0.0000,0.0000,0,0.0000,1.0000,,0.0000,0.0000,no_calib
461,15.4150,0.0000,0.0000,0.0000,0.0000,0,0.0000,1.0000,,0.0000,0.0000,no_calib
462,15.4486,0.0000,0.0000,0.0000,0.0000,0,0.0000,1.0000,,0.0000,0.0000,no_calib
463,15.4821,0.0000,0.0000,0.0000,0.0000,0,0.0000,1.0000,,0.0000,0.0000,no_calib
464,15.5148,0.0000,0.0000,0.0000,0.0000,0,0.0000,1.0000,,0.0000,0.0000,no_calib
465,15.5480,0.0000,0.0000,0.0000,0.0000,0,0.0000,1.0000,,0.0000,0.0000,no_calib
466,15.5820,0.0000,0.0000,0.0000,0.0000,0,0.0000,1.0000,,0.0000,0.0000,no_calib
467,15.6150,0.0000,0.0000,0.0000,0.0000,0,0.0000,1.0000,,0.0000,0.0000,no_calib
468,15.6486,0.0000,0.0000,0.0000,0.0000,0,0.0000,1.0000,,0.0000,0.0000,no_calib
469,15.6820,0.0000,0.0000,0.0000,0.0000,0,0.0000,1.0000,,0.0000,0.0000,no_calib
470,15.7158,0.0000,0.0000,0.0000,0.0000,0,0.0000,1.0000,,0.0000,0.0000,no_calib
471,15.7487,0.0000,0.0000,0.0000,0.0000,0,0.0000,1.0000,,0.0000,0.0000,no_calib
472,15.7824,0.0000,0.0000,0.0000,0.0000,0,0.0000,1.0000,,0.0000,0.0000,no_calib
473,15.8151,0.0000,0.0000,0.0000,0.0000,0,0.0000,1.0000,,0.0000,0.0000,no_calib
474,15.8481,0.0000,0.0000,0.0000,0.0000,0,0.0000,1.0000,,0.0000,0.0000,no_calib
475,15.8817,0.0000,0.0000,0.0000,0.0000,0,0.0000,1.0000,,0.0000,0.0000,no_calib
476,15.9159,0.0000,0.0000,0.0000,0.0000,0,0.0000,1.0000,,0.0000,0.0000,no_calib
477,15.9481,0.0000,0.0000,0.0000,0.0000,0,0.0000,1.0000,,0.0000,0.0000,no_calib
478,15.9817,0.0000,0.0000,0.0000,0.0000,0,0.0000,1.0000,,0.0000,0.0000,no_calib
479,16.0150,0.0000,0.0000,0.0000,0.0000,0,0.0000,1.0000,,0.0000,0.0000,no_calib
480,16.0482,0.0000,0.0000,0.0000,0.0000,0,0.0000,1.0000,,0.0000,0.0000,no_calib
481,16.1034,0.0000,0.0000,0.0000,0.0000,0,0.0000,1.0000,,0.0000,0.0000,no_calib
482,16.1283,0.0000,0.0000,0.0000,0.0000,0,0.0000,1.0000,,0.0000,0.0000,no_calib
483,16.1532,0.0000,0.0000,0.0000,0.0000,0,0.0000,1.0000,,0.0000,0.0000,no_calib
484,16.1819,0.0000,0.0000,0.0000,0.0000,0,0.0000,1.0000,,0.0000,0.0000,no_calib
485,16.2152,0.0000,0.0000,0.0000,0.0000,0,0.0000,1.0000,,0.0000,0.0000,no_calib
486,16.2489,0.0000,0.0000,0.0000,0.0000,0,0.0000,1.0000,,0.0000,0.0000,no_calib
487,16.2820,0.0000,0.0000,0.0000,0.0000,0,0.0000,1.0000,,0.0000,0.0000,no_calib
488,16.3155,0.0000,0.0000,0.0000,0.0000,0,0.0000,1.0000,,0.0000,0.0000,no_calib
489,16.3480,0.0000,0.0000,0.0000,0.0000,0,0.0000,1.0000,,0.0000,0.0000,no_calib
490,16.3817,0.0000,0.0000,0.0000,0.0000,0,0.0000,1.0000,,0.0000,0.0000,no_calib
491,16.4163,0.0000,0.0000,0.0000,0.0000,0,0.0000,1.0000,,0.0000,0.0000,no_calib
492,16.4483,0.0000,0.0000,0.0000,0.0000,0,0.0000,1.0000,,0.0000,0.0000,no_calib
493,16.4815,0.0000,0.0000,0.0000,0.0000,0,0.0000,1.0000,,0.0000,0.0000,no_calib
494,16.5153,0.0000,0.0000,0.0000,0.0000,0,0.0000,1.0000,,0.0000,0.0000,no_calib
495,16.5480,0.0000,0.0000,0.0000,0.0000,0,0.0000,1.0000,,0.0000,0.0000,no_calib
496,16.5818,0.0000,0.0000,0.0000,0.0000,0,0.0000,1.0000,,0.0000,0.0000,no_calib
497,16.6150,0.0000,0.0000,0.0000,0.0000,0,0.0000,1.0000,,0.0000,0.0000,no_calib
498,16.6480,0.0000,0.0000,0.0000,0.0000,0,0.0000,1.0000,,0.0000,0.0000,no_calib
499,16.6811,0.0000,0.0000,0.0000,0.0000,0,0.0000,1.0000,,0.0000,0.0000,no_calib
500,16.7155,0.0000,0.0000,0.0000,0.0000,0,0.0000,1.0000,,0.0000,0.0000,no_calib
501,16.7479,0.0000,0.0000,0.0000,0.0000,0,0.0000,1.0000,,0.0000,0.0000,no_calib
502,16.7817,0.0000,0.0000,0.0000,0.0000,0,0.0000,1.0000,,0.0000,0.0000,no_calib
503,16.8146,0.0000,0.0000,0.0000,0.0000,0,0.0000,1.0000,,0.0000,0.0000,no_calib
504,16.8475,0.0000,0.0000,0.0000,0.0000,0,0.0000,1.0000,,0.0000,0.0000,no_calib
505,16.8810,0.0000,0.0000,0.0000,0.0000,0,0.0000,1.0000,,0.0000,0.0000,no_calib
506,16.9148,0.0000,0.0000,0.0000,0.0000,0,0.0000,1.0000,,0.0000,0.0000,no_calib
507,16.9476,0.0000,0.0000,0.0000,0.0000,0,0.0000,1.0000,,0.0000,0.0000,no_calib
508,16.9813,0.0000,0.0000,0.0000,0.0000,0,0.0000,1.0000,,0.0000,0.0000,no_calib
509,17.0149,0.0000,0.0000,0.0000,0.0000,0,0.0000,1.0000,,0.0000,0.0000,no_calib
510,17.0479,0.0000,0.0000,0.0000,0.0000,0,0.0000,1.0000,,0.0000,0.0000,no_calib
511,17.1033,0.0000,0.0000,0.0000,0.0000,0,0.0000,1.0000,,0.0000,0.0000,no_calib
512,17.1282,0.0000,0.0000,0.0000,0.0000,0,0.0000,1.0000,,0.0000,0.0000,no_calib
513,17.1533,0.0000,0.0000,0.0000,0.0000,0,0.0000,1.0000,,0.0000,0.0000,no_calib
514,17.1809,0.0000,0.0000,0.0000,0.0000,0,0.0000,1.0000,,0.0000,0.0000,no_calib
515,17.2146,0.0000,0.0000,0.0000,0.0000,0,0.0000,1.0000,,0.0000,0.0000,no_calib
516,17.2480,0.0000,0.0000,0.0000,0.0000,0,0.0000,1.0000,,0.0000,0.0000,no_calib
517,17.2809,0.0000,0.0000,0.0000,0.0000,0,0.0000,1.0000,,0.0000,0.0000,no_calib
518,17.3140,0.0000,0.0000,0.0000,0.0000,0,0.0000,1.0000,,0.0000,0.0000,no_calib
519,17.3479,0.0000,0.0000,0.0000,0.0000,0,0.0000,1.0000,,0.0000,0.0000,no_calib
520,17.3808,0.0000,0.0000,0.0000,0.0000,0,0.0000,1.0000,,0.0000,0.0000,no_calib
521,17.4141,0.0000,0.0000,0.0000,0.0000,0,0.0000,1.0000,,0.0000,0.0000,no_calib
522,17.4485,0.0000,0.0000,0.0000,0.0000,0,0.0000,1.0000,,0.0000,0.0000,no_calib
523,17.4811,0.0000,0.0000,0.0000,0.0000,0,0.0000,1.0000,,0.0000,0.0000,no_calib
524,17.5147,0.0000,0.0000,0.0000,0.0000,0,0.0000,1.0000,,0.0000,0.0000,no_calib
525,17.5480,0.0000,0.0000,0.0000,0.0000,0,0.0000,1.0000,,0.0000,0.0000,no_calib
526,17.5807,0.0000,0.0000,0.0000,0.0000,0,0.0000,1.0000,,0.0000,0.0000,no_calib
527,17.6147,0.0000,0.0000,0.0000,0.0000,0,0.0000,1.0000,,0.0000,0.0000,no_calib
528,17.6479,0.0000,0.0000,0.0000,0.0000,0,0.0000,1.0000,,0.0000,0.0000,no_calib
529,17.6806,0.0000,0.0000,0.0000,0.0000,0,0.0000,1.0000,,0.0000,0.0000,no_calib
530,17.7147,0.0000,0.0000,0.0000,0.0000,0,0.0000,1.0000,,0.0000,0.0000,no_calib
531,17.7481,0.0000,0.0000,0.0000,0.0000,0,0.0000,1.0000,,0.0000,0.0000,no_calib
532,17.7813,0.0000,0.0000,0.0000,0.0000,0,0.0000,1.0000,,0.0000,0.0000,no_calib
533,17.8141,0.0000,0.0000,0.0000,0.0000,0,0.0000,1.0000,,0.0000,0.0000,no_calib
534,17.8479,0.0000,0.0000,0.0000,0.0000,0,0.0000,1.0000,,0.0000,0.0000,no_calib
535,17.8807,0.0000,0.0000,0.0000,0.0000,0,0.0000,1.0000,,0.0000,0.0000,no_calib
536,17.9140,0.0000,0.0000,0.0000,0.0000,0,0.0000,1.0000,,0.0000,0.0000,no_calib
537,17.9479,0.0000,0.0000,0.0000,0.0000,0,0.0000,1.0000,,0.0000,0.0000,no_calib
538,17.9807,0.0000,0.0000,0.0000,0.0000,0,0.0000,1.0000,,0.0000,0.0000,no_calib
539,18.0138,0.0000,0.0000,0.0000,0.0000,0,0.0000,1.0000,,0.0000,0.0000,no_calib
540,18.0477,0.0000,0.0000,0.0000,0.0000,0,0.0000,1.0000,,0.0000,0.0000,no_calib
541,18.1037,0.0000,0.0000,0.0000,0.0000,0,0.0000,1.0000,,0.0000,0.0000,no_calib
542,18.1290,0.0000,0.0000,0.0000,0.0000,0,0.0000,1.0000,,0.0000,0.0000,no_calib
543,18.1539,0.0000,0.0000,0.0000,0.0000,0,0.0000,1.0000,,0.0000,0.0000,no_calib
544,18.1805,0.0000,0.0000,0.0000,0.0000,0,0.0000,1.0000,,0.0000,0.0000,no_calib
545,18.2137,0.0000,0.0000,0.0000,0.0000,0,0.0000,1.0000,,0.0000,0.0000,no_calib
546,18.2477,0.0000,0.0000,0.0000,0.0000,0,0.0000,1.0000,,0.0000,0.0000,no_calib
547,18.2809,0.0000,0.0000,0.0000,0.0000,0,0.0000,1.0000,,0.0000,0.0000,no_calib
548,18.3137,0.0000,0.0000,0.0000,0.0000,0,0.0000,1.0000,,0.0000,0.0000,no_calib
549,18.3474,0.0000,0.0000,0.0000,0.0000,0,0.0000,1.0000,,0.0000,0.0000,no_calib
550,18.3808,0.0000,0.0000,0.0000,0.0000,0,0.0000,1.0000,,0.0000,0.0000,no_calib
551,18.4139,0.0000,0.0000,0.0000,0.0000,0,0.0000,1.0000,,0.0000,0.0000,no_calib
552,18.4478,0.0000,0.0000,0.0000,0.0000,0,0.0000,1.0000,,0.0000,0.0000,no_calib
553,18.4807,0.0000,0.0000,0.0000,0.0000,0,0.0000,1.0000,,0.0000,0.0000,no_calib
554,18.5136,0.0000,0.0000,0.0000,0.0000,0,0.0000,1.0000,,0.0000,0.0000,no_calib
555,18.5472,0.0000,0.0000,0.0000,0.0000,0,0.0000,1.0000,,0.0000,0.0000,no_calib
556,18.5812,0.0000,0.0000,0.0000,0.0000,0,0.0000,1.0000,,0.0000,0.0000,no_calib
557,18.6137,0.0000,0.0000,0.0000,0.0000,0,0.0000,1.0000,,0.0000,0.0000,no_calib
558,18.6469,0.0000,0.0000,0.0000,0.0000,0,0.0000,1.0000,,0.0000,0.0000,no_calib
559,18.6808,0.0000,0.0000,0.0000,0.0000,0,0.0000,1.0000,,0.0000,0.0000,no_calib
560,18.7151,0.0000,0.0000,0.0000,0.0000,0,0.0000,1.0000,,0.0000,0.0000,no_calib
561,18.7477,0.0000,0.0000,0.0000,0.0000,0,0.0000,1.0000,,0.0000,0.0000,no_calib
562,18.7816,0.0000,0.0000,0.0000,0.0000,0,0.0000,1.0000,,0.0000,0.0000,no_calib
563,18.8140,0.0000,0.0000,0.0000,0.0000,0,0.0000,1.0000,,0.0000,0.0000,no_calib
564,18.8474,0.0000,0.0000,0.0000,0.0000,0,0.0000,1.0000,,0.0000,0.0000,no_calib
565,18.8811,0.0000,0.0000,0.0000,0.0000,0,0.0000,1.0000,,0.0000,0.0000,no_calib
566,18.9140,0.0000,0.0000,0.0000,0.0000,0,0.0000,1.0000,,0.0000,0.0000,no_calib
567,18.9468,0.0000,0.0000,0.0000,0.0000,0,0.0000,1.0000,,0.0000,0.0000,no_calib
568,18.9810,0.0000,0.0000,0.0000,0.0000,0,0.0000,1.0000,,0.0000,0.0000,no_calib
569,19.0136,0.0000,0.0000,0.0000,0.0000,0,0.0000,1.0000,,0.0000,0.0000,no_calib
570,19.0470,0.0000,0.0000,0.0000,0.0000,0,0.0000,1.0000,,0.0000,0.0000,no_calib
571,19.1028,0.0000,0.0000,0.0000,0.0000,0,0.0000,1.0000,,0.0000,0.0000,no_calib
572,19.1288,0.0000,0.0000,0.0000,0.0000,0,0.0000,1.0000,,0.0000,0.0000,no_calib
573,19.1545,0.0000,0.0000,0.0000,0.0000,0,0.0000,1.0000,,0.0000,0.0000,no_calib
574,19.1808,0.0000,0.0000,0.0000,0.0000,0,0.0000,1.0000,,0.0000,0.0000,no_calib
575,19.2144,0.0000,0.0000,0.0000,0.0000,0,0.0000,1.0000,,0.0000,0.0000,no_calib
576,19.2468,0.0000,0.0000,0.0000,0.0000,0,0.0000,1.0000,,0.0000,0.0000,no_calib
577,19.2807,0.0000,0.0000,0.0000,0.0000,0,0.0000,1.0000,,0.0000,0.0000,no_calib
578,19.3137,0.0000,0.0000,0.0000,0.0000,0,0.0000,1.0000,,0.0000,0.0000,no_calib
579,19.3467,0.0000,0.0000,0.0000,0.0000,0,0.0000,1.0000,,0.0000,0.0000,no_calib
580,19.3807,0.0000,0.0000,0.0000,0.0000,0,0.0000,1.0000,,0.0000,0.0000,no_calib
581,19.4142,0.0000,0.0000,0.0000,0.0000,0,0.0000,1.0000,,0.0000,0.0000,no_calib
582,19.4475,0.0000,0.0000,0.0000,0.0000,0,0.0000,1.0000,,0.0000,0.0000,no_calib
583,19.4803,0.0000,0.0000,0.0000,0.0000,0,0.0000,1.0000,,0.0000,0.0000,no_calib
584,19.5138,0.0000,0.0000,0.0000,0.0000,0,0.0000,1.0000,,0.0000,0.0000,no_calib
585,19.5468,0.0000,0.0000,0.0000,0.0000,0,0.0000,1.0000,,0.0000,0.0000,no_calib
586,19.5800,0.0000,0.0000,0.0000,0.0000,0,0.0000,1.0000,,0.0000,0.0000,no_calib
587,19.6144,0.0000,0.0000,0.0000,0.0000,0,0.0000,1.0000,,0.0000,0.0000,no_calib
588,19.6470,0.0000,0.0000,0.0000,0.0000,0,0.0000,1.0000,,0.0000,0.0000,no_calib
589,19.6803,0.0000,0.0000,0.0000,0.0000,0,0.0000,1.0000,,0.0000,0.0000,no_calib
590,19.7138,0.0000,0.0000,0.0000,0.0000,0,0.0000,1.0000,,0.0000,0.0000,no_calib
591,19.7466,0.0000,0.0000,0.0000,0.0000,0,0.0000,1.0000,,0.0000,0.0000,no_calib
592,19.7810,0.0000,0.0000,0.0000,0.0000,0,0.0000,1.0000,,0.0000,0.0000,no_calib
593,19.8140,0.0000,0.0000,0.0000,0.0000,0,0.0000,1.0000,,0.0000,0.0000,no_calib
594,19.8468,0.0000,0.0000,0.0000,0.0000,0,0.0000,1.0000,,0.0000,0.0000,no_calib
595,19.8803,0.0000,0.0000,0.0000,0.0000,0,0.0000,1.0000,,0.0000,0.0000,no_calib
596,19.9139,0.0000,0.0000,0.0000,0.0000,0,0.0000,1.0000,,0.0000,0.0000,no_calib
597,19.9467,0.0000,0.0000,0.0000,0.0000,0,0.0000,1.0000,,0.0000,0.0000,no_calib
598,19.9806,0.0000,0.0000,0.0000,0.0000,0,0.0000,1.0000,,0.0000,0.0000,no_calib
599,20.0138,0.0000,0.0000,0.0000,0.0000,0,0.0000,1.0000,,0.0000,0.0000,no_calib
600,20.0470,0.0000,0.0000,0.0000,0.0000,0,0.0000,1.0000,,0.0000,0.0000,no_calib
601,20.1023,0.0000,0.0000,0.0000,0.0000,0,0.0000,1.0000,,0.0000,0.0000,no_calib
602,20.1277,0.0000,0.0000,0.0000,0.0000,0,0.0000,1.0000,,0.0000,0.0000,no_calib
603,20.1528,0.0000,0.0000,0.0000,0.0000,0,0.0000,1.0000,,0.0000,0.0000,no_calib
604,20.1799,0.0000,0.0000,0.0000,0.0000,0,0.0000,1.0000,,0.0000,0.0000,no_calib
605,20.2139,0.0000,0.0000,0.0000,0.0000,0,0.0000,1.0000,,0.0000,0.0000,no_calib
606,20.2470,0.0000,0.0000,0.0000,0.0000,0,0.0000,1.0000,,0.0000,0.0000,no_calib
607,20.2800,0.0000,0.0000,0.0000,0.0000,0,0.0000,1.0000,,0.0000,0.0000,no_calib
608,20.3139,0.0000,0.0000,0.0000,0.0000,0,0.0000,1.0000,,0.0000,0.0000,no_calib
609,20.3470,0.0000,0.0000,0.0000,0.0000,0,0.0000,1.0000,,0.0000,0.0000,no_calib
610,20.3799,0.0000,0.0000,0.0000,0.0000,0,0.0000,1.0000,,0.0000,0.0000,no_calib
611,20.4141,0.0000,0.0000,0.0000,0.0000,0,0.0000,1.0000,,0.0000,0.0000,no_calib
612,20.4470,0.0000,0.0000,0.0000,0.0000,0,0.0000,1.0000,,0.0000,0.0000,no_calib
613,20.4800,0.0000,0.0000,0.0000,0.0000,0,0.0000,1.0000,,0.0000,0.0000,no_calib
614,20.5138,0.0000,0.0000,0.0000,0.0000,0,0.0000,1.0000,,0.0000,0.0000,no_calib
615,20.5472,0.0000,0.0000,0.0000,0.0000,0,0.0000,1.0000,,0.0000,0.0000,no_calib
616,20.5798,0.0000,0.0000,0.0000,0.0000,0,0.0000,1.0000,,0.0000,0.0000,no_calib
617,20.6137,0.0000,0.0000,0.0000,0.0000,0,0.0000,1.0000,,0.0000,0.0000,no_calib
618,20.6470,0.0000,0.0000,0.0000,0.0000,0,0.0000,1.0000,,0.0000,0.0000,no_calib
619,20.6804,0.0000,0.0000,0.0000,0.0000,0,0.0000,1.0000,,0.0000,0.0000,no_calib
620,20.7152,0.0000,0.0000,0.0000,0.0000,0,0.0000,1.0000,,0.0000,0.0000,no_calib
621,20.7473,0.0000,0.0000,0.0000,0.0000,0,0.0000,1.0000,,0.0000,0.0000,no_calib
622,20.7802,0.0000,0.0000,0.0000,0.0000,0,0.0000,1.0000,,0.0000,0.0000,no_calib
623,20.8130,0.0000,0.0000,0.0000,0.0000,0,0.0000,1.0000,,0.0000,0.0000,no_calib
624,20.8469,0.0000,0.0000,0.0000,0.0000,0,0.0000,1.0000,,0.0000,0.0000,no_calib
625,20.8804,0.0000,0.0000,0.0000,0.0000,0,0.0000,1.0000,,0.0000,0.0000,no_calib
626,20.9130,0.0000,0.0000,0.0000,0.0000,0,0.0000,1.0000,,0.0000,0.0000,no_calib
627,20.9470,0.0000,0.0000,0.0000,0.0000,0,0.0000,1.0000,,0.0000,0.0000,no_calib
628,20.9803,0.0000,0.0000,0.0000,0.0000,0,0.0000,1.0000,,0.0000,0.0000,no_calib
629,21.0131,0.0000,0.0000,0.0000,0.0000,0,0.0000,1.0000,,0.0000,0.0000,no_calib
630,21.0468,0.0000,0.0000,0.0000,0.0000,0,0.0000,1.0000,,0.0000,0.0000,no_calib
631,21.1020,0.0000,0.0000,0.0000,0.0000,0,0.0000,1.0000,,0.0000,0.0000,no_calib
632,21.1273,0.0000,0.0000,0.0000,0.0000,0,0.0000,1.0000,,0.0000,0.0000,no_calib
633,21.1524,0.0000,0.0000,0.0000,0.0000,0,0.0000,1.0000,,0.0000,0.0000,no_calib
634,21.1796,0.0000,0.0000,0.0000,0.0000,0,0.0000,1.0000,,0.0000,0.0000,no_calib
635,21.2126,0.0000,0.0000,0.0000,0.0000,0,0.0000,1.0000,,0.0000,0.0000,no_calib
636,21.2468,0.0000,0.0000,0.0000,0.0000,0,0.0000,1.0000,,0.0000,0.0000,no_calib
637,21.2800,0.0000,0.0000,0.0000,0.0000,0,0.0000,1.0000,,0.0000,0.0000,no_calib
638,21.3129,0.0000,0.0000,0.0000,0.0000,0,0.0000,1.0000,,0.0000,0.0000,no_calib
639,21.3467,0.0000,0.0000,0.0000,0.0000,0,0.0000,1.0000,,0.0000,0.0000,no_calib
640,21.3800,0.0000,0.0000,0.0000,0.0000,0,0.0000,1.0000,,0.0000,0.0000,no_calib
641,21.4131,0.0000,0.0000,0.0000,0.0000,0,0.0000,1.0000,,0.0000,0.0000,no_calib
642,21.4469,0.0000,0.0000,0.0000,0.0000,0,0.0000,1.0000,,0.0000,0.0000,no_calib
643,21.4804,0.0000,0.0000,0.0000,0.0000,0,0.0000,1.0000,,0.0000,0.0000,no_calib
644,21.5128,0.0000,0.0000,0.0000,0.0000,0,0.0000,1.0000,,0.0000,0.0000,no_calib
645,21.5465,0.0000,0.0000,0.0000,0.0000,0,0.0000,1.0000,,0.0000,0.0000,no_calib
646,21.5798,0.0000,0.0000,0.0000,0.0000,0,0.0000,1.0000,,0.0000,0.0000,no_calib
647,21.6131,0.0000,0.0000,0.0000,0.0000,0,0.0000,1.0000,,0.0000,0.0000,no_calib
648,21.6460,0.0000,0.0000,0.0000,0.0000,0,0.0000,1.0000,,0.0000,0.0000,no_calib
649,21.6798,0.0000,0.0000,0.0000,0.0000,0,0.0000,1.0000,,0.0000,0.0000,no_calib
650,21.7143,0.0000,0.0000,0.0000,0.0000,0,0.0000,1.0000,,0.0000,0.0000,no_calib
651,21.7461,0.0000,0.0000,0.0000,0.0000,0,0.0000,1.0000,,0.0000,0.0000,no_calib
652,21.7805,0.0000,0.0000,0.0000,0.0000,0,0.0000,1.0000,,0.0000,0.0000,no_calib
653,21.8134,0.0000,0.0000,0.0000,0.0000,0,0.0000,1.0000,,0.0000,0.0000,no_calib
654,21.8459,0.0000,0.0000,0.0000,0.0000,0,0.0000,1.0000,,0.0000,0.0000,no_calib
655,21.8800,0.0000,0.0000,0.0000,0.0000,0,0.0000,1.0000,,0.0000,0.0000,no_calib
656,21.9132,0.0000,0.0000,0.0000,0.0000,0,0.0000,1.0000,,0.0000,0.0000,no_calib
657,21.9464,0.0000,0.0000,0.0000,0.0000,0,0.0000,1.0000,,0.0000,0.0000,no_calib
658,21.9798,0.0000,0.0000,0.0000,0.0000,0,0.0000,1.0000,,0.0000,0.0000,no_calib
659,22.0130,0.0000,0.0000,0.0000,0.0000,0,0.0000,1.0000,,0.0000,0.0000,no_calib
660,22.0465,0.0000,0.0000,0.0000,0.0000,0,0.0000,1.0000,,0.0000,0.0000,no_calib
661,22.1017,0.0000,0.0000,0.0000,0.0000,0,0.0000,1.0000,,0.0000,0.0000,no_calib
662,22.1272,0.0000,0.0000,0.0000,0.0000,0,0.0000,1.0000,,0.0000,0.0000,no_calib
663,22.1524,0.0000,0.0000,0.0000,0.0000,0,0.0000,1.0000,,0.0000,0.0000,no_calib
664,22.1797,0.0000,0.0000,0.0000,0.0000,0,0.0000,1.0000,,0.0000,0.0000,no_calib
665,22.2130,0.0000,0.0000,0.0000,0.0000,0,0.0000,1.0000,,0.0000,0.0000,no_calib
666,22.2458,0.0000,0.0000,0.0000,0.0000,0,0.0000,1.0000,,0.0000,0.0000,no_calib
667,22.2792,0.0000,0.0000,0.0000,0.0000,0,0.0000,1.0000,,0.0000,0.0000,no_calib
668,22.3128,0.0000,0.0000,0.0000,0.0000,0,0.0000,1.0000,,0.0000,0.0000,no_calib
669,22.3459,0.0000,0.0000,0.0000,0.0000,0,0.0000,1.0000,,0.0000,0.0000,no_calib
670,22.3796,0.0000,0.0000,0.0000,0.0000,0,0.0000,1.0000,,0.0000,0.0000,no_calib
671,22.4128,0.0000,0.0000,0.0000,0.0000,0,0.0000,1.0000,,0.0000,0.0000,no_calib
672,22.4463,0.0000,0.0000,0.0000,0.0000,0,0.0000,1.0000,,0.0000,0.0000,no_calib
673,22.4791,0.0000,0.0000,0.0000,0.0000,0,0.0000,1.0000,,0.0000,0.0000,no_calib
674,22.5130,0.0000,0.0000,0.0000,0.0000,0,0.0000,1.0000,,0.0000,0.0000,no_calib
675,22.5468,0.0000,0.0000,0.0000,0.0000,0,0.0000,1.0000,,0.0000,0.0000,no_calib
676,22.5798,0.0000,0.0000,0.0000,0.0000,0,0.0000,1.0000,,0.0000,0.0000,no_calib
677,22.6130,0.0000,0.0000,0.0000,0.0000,0,0.0000,1.0000,,0.0000,0.0000,no_calib
678,22.6460,0.0000,0.0000,0.0000,0.0000,0,0.0000,1.0000,,0.0000,0.0000,no_calib
679,22.6792,0.0000,0.0000,0.0000,0.0000,0,0.0000,1.0000,,0.0000,0.0000,no_calib
680,22.7145,0.0000,0.0000,0.0000,0.0000,0,0.0000,1.0000,,0.0000,0.0000,no_calib
681,22.7457,0.0000,0.0000,0.0000,0.0000,0,0.0000,1.0000,,0.0000,0.0000,no_calib
682,22.7792,0.0000,0.0000,0.0000,0.0000,0,0.0000,1.0000,,0.0000,0.0000,no_calib
683,22.8135,0.0000,0.0000,0.0000,0.0000,0,0.0000,1.0000,,0.0000,0.0000,no_calib
684,22.8460,0.0000,0.0000,0.0000,0.0000,0,0.0000,1.0000,,0.0000,0.0000,no_calib
685,22.8788,0.0000,0.0000,0.0000,0.0000,0,0.0000,1.0000,,0.0000,0.0000,no_calib
686,22.9130,0.0000,0.0000,0.0000,0.0000,0,0.0000,1.0000,,0.0000,0.0000,no_calib
687,22.9462,0.0000,0.0000,0.0000,0.0000,0,0.0000,1.0000,,0.0000,0.0000,no_calib
688,22.9791,0.0000,0.0000,0.0000,0.0000,0,0.0000,1.0000,,0.0000,0.0000,no_calib
689,23.0127,0.0000,0.0000,0.0000,0.0000,0,0.0000,1.0000,,0.0000,0.0000,no_calib
690,23.0460,0.0000,0.0000,0.0000,0.0000,0,0.0000,1.0000,,0.0000,0.0000,no_calib
691,23.1014,0.0000,0.0000,0.0000,0.0000,0,0.0000,1.0000,,0.0000,0.0000,no_calib
692,23.1271,0.0000,0.0000,0.0000,0.0000,0,0.0000,1.0000,,0.0000,0.0000,no_calib
693,23.1531,0.0000,0.0000,0.0000,0.0000,0,0.0000,1.0000,,0.0000,0.0000,no_calib
694,23.1791,0.0000,0.0000,0.0000,0.0000,0,0.0000,1.0000,,0.0000,0.0000,no_calib
695,23.2122,0.0000,0.0000,0.0000,0.0000,0,0.0000,1.0000,,0.0000,0.0000,no_calib
696,23.2459,0.0000,0.0000,0.0000,0.0000,0,0.0000,1.0000,,0.0000,0.0000,no_calib
697,23.2786,0.0000,0.0000,0.0000,0.0000,0,0.0000,1.0000,,0.0000,0.0000,no_calib
698,23.3120,0.0000,0.0000,0.0000,0.0000,0,0.0000,1.0000,,0.0000,0.0000,no_calib
699,23.3459,0.0000,0.0000,0.0000,0.0000,0,0.0000,1.0000,,0.0000,0.0000,no_calib
700,23.3788,0.0000,0.0000,0.0000,0.0000,0,0.0000,1.0000,,0.0000,0.0000,no_calib
701,23.4123,0.0000,0.0000,0.0000,0.0000,0,0.0000,1.0000,,0.0000,0.0000,no_calib
702,23.4457,0.0000,0.0000,0.0000,0.0000,0,0.0000,1.0000,,0.0000,0.0000,no_calib
703,23.4792,0.0000,0.0000,0.0000,0.0000,0,0.0000,1.0000,,0.0000,0.0000,no_calib
704,23.5119,0.0000,0.0000,0.0000,0.0000,0,0.0000,1.0000,,0.0000,0.0000,no_calib
705,23.5459,0.0000,0.0000,0.0000,0.0000,0,0.0000,1.0000,,0.0000,0.0000,no_calib
706,23.5789,0.0000,0.0000,0.0000,0.0000,0,0.0000,1.0000,,0.0000,0.0000,no_calib
707,23.6120,0.0000,0.0000,0.0000,0.0000,0,0.0000,1.0000,,0.0000,0.0000,no_calib
708,23.6458,0.0000,0.0000,0.0000,0.0000,0,0.0000,1.0000,,0.0000,0.0000,no_calib
709,23.6788,0.0000,0.0000,0.0000,0.0000,0,0.0000,1.0000,,0.0000,0.0000,no_calib
710,23.7137,0.0000,0.0000,0.0000,0.0000,0,0.0000,1.0000,,0.0000,0.0000,no_calib
711,23.7459,0.0000,0.0000,0.0000,0.0000,0,0.0000,1.0000,,0.0000,0.0000,no_calib
712,23.7790,0.0000,0.0000,0.0000,0.0000,0,0.0000,1.0000,,0.0000,0.0000,no_calib
713,23.8119,0.0000,0.0000,0.0000,0.0000,0,0.0000,1.0000,,0.0000,0.0000,no_calib
714,23.8457,0.0000,0.0000,0.0000,0.0000,0,0.0000,1.0000,,0.0000,0.0000,no_calib
715,23.8788,0.0000,0.0000,0.0000,0.0000,0,0.0000,1.0000,,0.0000,0.0000,no_calib
716,23.9120,0.0000,0.0000,0.0000,0.0000,0,0.0000,1.0000,,0.0000,0.0000,no_calib
717,23.9457,0.0000,0.0000,0.0000,0.0000,0,0.0000,1.0000,,0.0000,0.0000,no_calib
718,23.9793,0.0000,0.0000,0.0000,0.0000,0,0.0000,1.0000,,0.0000,0.0000,no_calib
719,24.0121,0.0000,0.0000,0.0000,0.0000,0,0.0000,1.0000,,0.0000,0.0000,no_calib
720,24.0457,0.0000,0.0000,0.0000,0.0000,0,0.0000,1.0000,,0.0000,0.0000,no_calib
721,24.1015,0.0000,0.0000,0.0000,0.0000,0,0.0000,1.0000,,0.0000,0.0000,no_calib
722,24.1278,0.0000,0.0000,0.0000,0.0000,0,0.0000,1.0000,,0.0000,0.0000,no_calib
723,24.1536,0.0000,0.0000,0.0000,0.0000,0,0.0000,1.0000,,0.0000,0.0000,no_calib
724,24.1798,0.0000,0.0000,0.0000,0.0000,0,0.0000,1.0000,,0.0000,0.0000,no_calib
725,24.2119,0.0000,0.0000,0.0000,0.0000,0,0.0000,1.0000,,0.0000,0.0000,no_calib
726,24.2451,0.0000,0.0000,0.0000,0.0000,0,0.0000,1.0000,,0.0000,0.0000,no_calib
727,24.2787,0.0000,0.0000,0.0000,0.0000,0,0.0000,1.0000,,0.0000,0.0000,no_calib
728,24.3118,0.0000,0.0000,0.0000,0.0000,0,0.0000,1.0000,,0.0000,0.0000,no_calib
729,24.3454,0.0000,0.0000,0.0000,0.0000,0,0.0000,1.0000,,0.0000,0.0000,no_calib
730,24.3793,0.0000,0.0000,0.0000,0.0000,0,0.0000,1.0000,,0.0000,0.0000,no_calib
731,24.4120,0.0000,0.0000,0.0000,0.0000,0,0.0000,1.0000,,0.0000,0.0000,no_calib
732,24.4464,0.0000,0.0000,0.0000,0.0000,0,0.0000,1.0000,,0.0000,0.0000,no_calib
733,24.4791,0.0000,0.0000,0.0000,0.0000,0,0.0000,1.0000,,0.0000,0.0000,no_calib
734,24.5120,0.0000,0.0000,0.0000,0.0000,0,0.0000,1.0000,,0.0000,0.0000,no_calib
735,24.5450,0.0000,0.0000,0.0000,0.0000,0,0.0000,1.0000,,0.0000,0.0000,no_calib
736,24.5789,0.0000,0.0000,0.0000,0.0000,0,0.0000,1.0000,,0.0000,0.0000,no_calib
737,24.6116,0.0000,0.0000,0.0000,0.0000,0,0.0000,1.0000,,0.0000,0.0000,no_calib
738,24.6453,0.0000,0.0000,0.0000,0.0000,0,0.0000,1.0000,,0.0000,0.0000,no_calib
739,24.6788,0.0000,0.0000,0.0000,0.0000,0,0.0000,1.0000,,0.0000,0.0000,no_calib
740,24.7136,0.0000,0.0000,0.0000,0.0000,0,0.0000,1.0000,,0.0000,0.0000,no_calib
741,24.7451,0.0000,0.0000,0.0000,0.0000,0,0.0000,1.0000,,0.0000,0.0000,no_calib
742,24.7788,0.0000,0.0000,0.0000,0.0000,0,0.0000,1.0000,,0.0000,0.0000,no_calib
743,24.8127,0.0000,0.0000,0.0000,0.0000,0,0.0000,1.0000,,0.0000,0.0000,no_calib
744,24.8451,0.0000,0.0000,0.0000,0.0000,0,0.0000,1.0000,,0.0000,0.0000,no_calib
745,24.8788,0.0000,0.0000,0.0000,0.0000,0,0.0000,1.0000,,0.0000,0.0000,no_calib
746,24.9118,0.0000,0.0000,0.0000,0.0000,0,0.0000,1.0000,,0.0000,0.0000,no_calib
747,24.9449,0.0000,0.0000,0.0000,0.0000,0,0.0000,1.0000,,0.0000,0.0000,no_calib
748,24.9789,0.0000,0.0000,0.0000,0.0000,0,0.0000,1.0000,,0.0000,0.0000,no_calib
749,25.0121,0.0000,0.0000,0.0000,0.0000,0,0.0000,1.0000,,0.0000,0.0000,no_calib
750,25.0451,0.0000,0.0000,0.0000,0.0000,0,0.0000,1.0000,,0.0000,0.0000,no_calib
751,25.1010,0.0000,0.0000,0.0000,0.0000,0,0.0000,1.0000,,0.0000,0.0000,no_calib
752,25.1272,0.0000,0.0000,0.0000,0.0000,0,0.0000,1.0000,,0.0000,0.0000,no_calib
753,25.1531,0.0000,0.0000,0.0000,0.0000,0,0.0000,1.0000,,0.0000,0.0000,no_calib
754,25.1793,0.0000,0.0000,0.0000,0.0000,0,0.0000,1.0000,,0.0000,0.0000,no_calib
755,25.2120,0.0000,0.0000,0.0000,0.0000,0,0.0000,1.0000,,0.0000,0.0000,no_calib
756,25.2447,0.0000,0.0000,0.0000,0.0000,0,0.0000,1.0000,,0.0000,0.0000,no_calib
757,25.2787,0.0000,0.0000,0.0000,0.0000,0,0.0000,1.0000,,0.0000,0.0000,no_calib
758,25.3120,0.0000,0.0000,0.0000,0.0000,0,0.0000,1.0000,,0.0000,0.0000,no_calib
759,25.3448,0.0000,0.0000,0.0000,0.0000,0,0.0000,1.0000,,0.0000,0.0000,no_calib
760,25.3781,0.0000,0.0000,0.0000,0.0000,0,0.0000,1.0000,,0.0000,0.0000,no_calib
761,25.4120,0.0000,0.0000,0.0000,0.0000,0,0.0000,1.0000,,0.0000,0.0000,no_calib
762,25.4447,0.0000,0.0000,0.0000,0.0000,0,0.0000,1.0000,,0.0000,0.0000,no_calib
763,25.4782,0.0000,0.0000,0.0000,0.0000,0,0.0000,1.0000,,0.0000,0.0000,no_calib
764,25.5119,0.0000,0.0000,0.0000,0.0000,0,0.0000,1.0000,,0.0000,0.0000,no_calib
765,25.5447,0.0000,0.0000,0.0000,0.0000,0,0.0000,1.0000,,0.0000,0.0000,no_calib
766,25.5780,0.0000,0.0000,0.0000,0.0000,0,0.0000,1.0000,,0.0000,0.0000,no_calib
767,25.6118,0.0000,0.0000,0.0000,0.0000,0,0.0000,1.0000,,0.0000,0.0000,no_calib
768,25.6447,0.0000,0.0000,0.0000,0.0000,0,0.0000,1.0000,,0.0000,0.0000,no_calib
769,25.6781,0.0000,0.0000,0.0000,0.0000,0,0.0000,1.0000,,0.0000,0.0000,no_calib
770,25.7145,0.0000,0.0000,0.0000,0.0000,0,0.0000,1.0000,,0.0000,0.0000,no_calib
771,25.7450,0.0000,0.0000,0.0000,0.0000,0,0.0000,1.0000,,0.0000,0.0000,no_calib
772,25.7787,0.0000,0.0000,0.0000,0.0000,0,0.0000,1.0000,,0.0000,0.0000,no_calib
773,25.8117,0.0000,0.0000,0.0000,0.0000,0,0.0000,1.0000,,0.0000,0.0000,no_calib
774,25.8451,0.0000,0.0000,0.0000,0.0000,0,0.0000,1.0000,,0.0000,0.0000,no_calib
775,25.8778,0.0000,0.0000,0.0000,0.0000,0,0.0000,1.0000,,0.0000,0.0000,no_calib
776,25.9117,0.0000,0.0000,0.0000,0.0000,0,0.0000,1.0000,,0.0000,0.0000,no_calib
777,25.9449,0.0000,0.0000,0.0000,0.0000,0,0.0000,1.0000,,0.0000,0.0000,no_calib
778,25.9781,0.0000,0.0000,0.0000,0.0000,0,0.0000,1.0000,,0.0000,0.0000,no_calib
779,26.0112,0.0000,0.0000,0.0000,0.0000,0,0.0000,1.0000,,0.0000,0.0000,no_calib
780,26.0448,0.0000,0.0000,0.0000,0.0000,0,0.0000,1.0000,,0.0000,0.0000,no_calib
781,26.1012,0.0000,0.0000,0.0000,0.0000,0,0.0000,1.0000,,0.0000,0.0000,no_calib
782,26.1275,0.0000,0.0000,0.0000,0.0000,0,0.0000,1.0000,,0.0000,0.0000,no_calib
783,26.1536,0.0000,0.0000,0.0000,0.0000,0,0.0000,1.0000,,0.0000,0.0000,no_calib
784,26.1797,0.0000,0.0000,0.0000,0.0000,0,0.0000,1.0000,,0.0000,0.0000,no_calib
785,26.2117,0.0000,0.0000,0.0000,0.0000,0,0.0000,1.0000,,0.0000,0.0000,no_calib
786,26.2453,0.0000,0.0000,0.0000,0.0000,0,0.0000,1.0000,,0.0000,0.0000,no_calib
787,26.2777,0.0000,0.0000,0.0000,0.0000,0,0.0000,1.0000,,0.0000,0.0000,no_calib
788,26.3114,0.0000,0.0000,0.0000,0.0000,0,0.0000,1.0000,,0.0000,0.0000,no_calib
789,26.3449,0.0000,0.0000,0.0000,0.0000,0,0.0000,1.0000,,0.0000,0.0000,no_calib
790,26.3777,0.0000,0.0000,0.0000,0.0000,0,0.0000,1.0000,,0.0000,0.0000,no_calib
791,26.4110,0.0000,0.0000,0.0000,0.0000,0,0.0000,1.0000,,0.0000,0.0000,no_calib
792,26.4450,0.0000,0.0000,0.0000,0.0000,0,0.0000,1.0000,,0.0000,0.0000,no_calib
793,26.4781,0.0000,0.0000,0.0000,0.0000,0,0.0000,1.0000,,0.0000,0.0000,no_calib
794,26.5111,0.0000,0.0000,0.0000,0.0000,0,0.0000,1.0000,,0.0000,0.0000,no_calib
795,26.5449,0.0000,0.0000,0.0000,0.0000,0,0.0000,1.0000,,0.0000,0.0000,no_calib
796,26.5778,0.0000,0.0000,0.0000,0.0000,0,0.0000,1.0000,,0.0000,0.0000,no_calib
797,26.6111,0.0000,0.0000,0.0000,0.0000,0,0.0000,1.0000,,0.0000,0.0000,no_calib
798,26.6446,0.0000,0.0000,0.0000,0.0000,0,0.0000,1.0000,,0.0000,0.0000,no_calib
799,26.6776,0.0000,0.0000,0.0000,0.0000,0,0.0000,1.0000,,0.0000,0.0000,no_calib
800,26.7135,0.0000,0.0000,0.0000,0.0000,0,0.0000,1.0000,,0.0000,0.0000,no_calib
801,26.7448,0.0000,0.0000,0.0000,0.0000,0,0.0000,1.0000,,0.0000,0.0000,no_calib
802,26.7783,0.0000,0.0000,0.0000,0.0000,0,0.0000,1.0000,,0.0000,0.0000,no_calib
803,26.8110,0.0000,0.0000,0.0000,0.0000,0,0.0000,1.0000,,0.0000,0.0000,no_calib
804,26.8449,0.0000,0.0000,0.0000,0.0000,0,0.0000,1.0000,,0.0000,0.0000,no_calib
805,26.8776,0.0000,0.0000,0.0000,0.0000,0,0.0000,1.0000,,0.0000,0.0000,no_calib
806,26.9109,0.0000,0.0000,0.0000,0.0000,0,0.0000,1.0000,,0.0000,0.0000,no_calib
807,26.9448,0.0000,0.0000,0.0000,0.0000,0,0.0000,1.0000,,0.0000,0.0000,no_calib
808,26.9776,0.0000,0.0000,0.0000,0.0000,0,0.0000,1.0000,,0.0000,0.0000,no_calib
809,27.0110,0.0000,0.0000,0.0000,0.0000,0,0.0000,1.0000,,0.0000,0.0000,no_calib
810,27.0447,0.0000,0.0000,0.0000,0.0000,0,0.0000,1.0000,,0.0000,0.0000,no_calib
811,27.1009,0.0000,0.0000,0.0000,0.0000,0,0.0000,1.0000,,0.0000,0.0000,no_calib
812,27.1270,0.0000,0.0000,0.0000,0.0000,0,0.0000,1.0000,,0.0000,0.0000,no_calib
813,27.1530,0.0000,0.0000,0.0000,0.0000,0,0.0000,1.0000,,0.0000,0.0000,no_calib
814,27.1791,0.0000,0.0000,0.0000,0.0000,0,0.0000,1.0000,,0.0000,0.0000,no_calib
815,27.2108,0.0000,0.0000,0.0000,0.0000,0,0.0000,1.0000,,0.0000,0.0000,no_calib
816,27.2441,0.0000,0.0000,0.0000,0.0000,0,0.0000,1.0000,,0.0000,0.0000,no_calib
817,27.2779,0.0000,0.0000,0.0000,0.0000,0,0.0000,1.0000,,0.0000,0.0000,no_calib
818,27.3107,0.0000,0.0000,0.0000,0.0000,0,0.0000,1.0000,,0.0000,0.0000,no_calib
819,27.3440,0.0000,0.0000,0.0000,0.0000,0,0.0000,1.0000,,0.0000,0.0000,no_calib
820,27.3779,0.0000,0.0000,0.0000,0.0000,0,0.0000,1.0000,,0.0000,0.0000,no_calib
821,27.4109,0.0000,0.0000,0.0000,0.0000,0,0.0000,1.0000,,0.0000,0.0000,no_calib
822,27.4440,0.0000,0.0000,0.0000,0.0000,0,0.0000,1.0000,,0.0000,0.0000,no_calib
823,27.4781,0.0000,0.0000,0.0000,0.0000,0,0.0000,1.0000,,0.0000,0.0000,no_calib
824,27.5106,0.0000,0.0000,0.0000,0.0000,0,0.0000,1.0000,,0.0000,0.0000,no_calib
825,27.5436,0.0000,0.0000,0.0000,0.0000,0,0.0000,1.0000,,0.0000,0.0000,no_calib
826,27.5779,0.0000,0.0000,0.0000,0.0000,0,0.0000,1.0000,,0.0000,0.0000,no_calib
827,27.6107,0.0000,0.0000,0.0000,0.0000,0,0.0000,1.0000,,0.0000,0.0000,no_calib
828,27.6439,0.0000,0.0000,0.0000,0.0000,0,0.0000,1.0000,,0.0000,0.0000,no_calib
829,27.6779,0.0000,0.0000,0.0000,0.0000,0,0.0000,1.0000,,0.0000,0.0000,no_calib
830,27.7123,0.0000,0.0000,0.0000,0.0000,0,0.0000,1.0000,,0.0000,0.0000,no_calib
831,27.7438,0.0000,0.0000,0.0000,0.0000,0,0.0000,1.0000,,0.0000,0.0000,no_calib
832,27.7777,0.0000,0.0000,0.0000,0.0000,0,0.0000,1.0000,,0.0000,0.0000,no_calib
833,27.8116,0.0000,0.0000,0.0000,0.0000,0,0.0000,1.0000,,0.0000,0.0000,no_calib
834,27.8441,0.0000,0.0000,0.0000,0.0000,0,0.0000,1.0000,,0.0000,0.0000,no_calib
835,27.8776,0.0000,0.0000,0.0000,0.0000,0,0.0000,1.0000,,0.0000,0.0000,no_calib
836,27.9107,0.0000,0.0000,0.0000,0.0000,0,0.0000,1.0000,,0.0000,0.0000,no_calib
837,27.9439,0.0000,0.0000,0.0000,0.0000,0,0.0000,1.0000,,0.0000,0.0000,no_calib
838,27.9777,0.0000,0.0000,0.0000,0.0000,0,0.0000,1.0000,,0.0000,0.0000,no_calib
839,28.0115,0.0000,0.0000,0.0000,0.0000,0,0.0000,1.0000,,0.0000,0.0000,no_calib
840,28.0439,0.0000,0.0000,0.0000,0.0000,0,0.0000,1.0000,,0.0000,0.0000,no_calib
841,28.1004,0.0000,0.0000,0.0000,0.0000,0,0.0000,1.0000,,0.0000,0.0000,no_calib
842,28.1277,0.0000,0.0000,0.0000,0.0000,0,0.0000,1.0000,,0.0000,0.0000,no_calib
843,28.1549,0.0000,0.0000,0.0000,0.0000,0,0.0000,1.0000,,0.0000,0.0000,no_calib
844,28.1826,0.0000,0.0000,0.0000,0.0000,0,0.0000,1.0000,,0.0000,0.0000,no_calib
845,28.2109,0.0000,0.0000,0.0000,0.0000,0,0.0000,1.0000,,0.0000,0.0000,no_calib
846,28.2441,0.0000,0.0000,0.0000,0.0000,0,0.0000,1.0000,,0.0000,0.0000,no_calib
847,28.2769,0.0000,0.0000,0.0000,0.0000,0,0.0000,1.0000,,0.0000,0.0000,no_calib
848,28.3110,0.0000,0.0000,0.0000,0.0000,0,0.0000,1.0000,,0.0000,0.0000,no_calib
849,28.3440,0.0000,0.0000,0.0000,0.0000,0,0.0000,1.0000,,0.0000,0.0000,no_calib
850,28.3770,0.0000,0.0000,0.0000,0.0000,0,0.0000,1.0000,,0.0000,0.0000,no_calib
851,28.4110,0.0000,0.0000,0.0000,0.0000,0,0.0000,1.0000,,0.0000,0.0000,no_calib
852,28.4445,0.0000,0.0000,0.0000,0.0000,0,0.0000,1.0000,,0.0000,0.0000,no_calib
853,28.4774,0.0000,0.0000,0.0000,0.0000,0,0.0000,1.0000,,0.0000,0.0000,no_calib
854,28.5106,0.0000,0.0000,0.0000,0.0000,0,0.0000,1.0000,,0.0000,0.0000,no_calib
855,28.5445,0.0000,0.0000,0.0000,0.0000,0,0.0000,1.0000,,0.0000,0.0000,no_calib
856,28.5779,0.0000,0.0000,0.0000,0.0000,0,0.0000,1.0000,,0.0000,0.0000,no_calib
857,28.6109,0.0000,0.0000,0.0000,0.0000,0,0.0000,1.0000,,0.0000,0.0000,no_calib
858,28.6441,0.0000,0.0000,0.0000,0.0000,0,0.0000,1.0000,,0.0000,0.0000,no_calib
859,28.6778,0.0000,0.0000,0.0000,0.0000,0,0.0000,1.0000,,0.0000,0.0000,no_calib
860,28.7118,0.0000,0.0000,0.0000,0.0000,0,0.0000,1.0000,,0.0000,0.0000,no_calib
861,28.7454,0.0000,0.0000,0.0000,0.0000,0,0.0000,1.0000,,0.0000,0.0000,no_calib
862,28.7767,0.0000,0.0000,0.0000,0.0000,0,0.0000,1.0000,,0.0000,0.0000,no_calib
863,28.8115,0.0000,0.0000,0.0000,0.0000,0,0.0000,1.0000,,0.0000,0.0000,no_calib
864,28.8419,0.0000,0.0000,0.0000,0.0000,0,0.0000,1.0000,,0.0000,0.0000,no_calib
865,28.8750,0.0000,0.0000,0.0000,0.0000,0,0.0000,1.0000,,0.0000,0.0000,no_calib
866,28.9087,0.0000,0.0000,0.0000,0.0000,0,0.0000,1.0000,,0.0000,0.0000,no_calib
867,28.9418,0.0000,0.0000,0.0000,0.0000,0,0.0000,1.0000,,0.0000,0.0000,no_calib
868,28.9752,0.0000,0.0000,0.0000,0.0000,0,0.0000,1.0000,,0.0000,0.0000,no_calib
869,29.0088,0.0000,0.0000,0.0000,0.0000,0,0.0000,1.0000,,0.0000,0.0000,no_calib
870,29.0429,0.0000,0.0000,0.0000,0.0000,0,0.0000,1.0000,,0.0000,0.0000,no_calib
871,29.1003,0.0000,0.0000,0.0000,0.0000,0,0.0000,1.0000,,0.0000,0.0000,no_calib
872,29.1273,0.0000,0.0000,0.0000,0.0000,0,0.0000,1.0000,,0.0000,0.0000,no_calib
873,29.1541,0.0000,0.0000,0.0000,0.0000,0,0.0000,1.0000,,0.0000,0.0000,no_calib
874,29.1817,0.0000,0.0000,0.0000,0.0000,0,0.0000,1.0000,,0.0000,0.0000,no_calib
875,29.2103,0.0000,0.0000,0.0000,0.0000,0,0.0000,1.0000,,0.0000,0.0000,no_calib
876,29.2442,0.0000,0.0000,0.0000,0.0000,0,0.0000,1.0000,,0.0000,0.0000,no_calib
877,29.2770,0.0000,0.0000,0.0000,0.0000,0,0.0000,1.0000,,0.0000,0.0000,no_calib
878,29.3107,0.0000,0.0000,0.0000,0.0000,0,0.0000,1.0000,,0.0000,0.0000,no_calib
879,29.3438,0.0000,0.0000,0.0000,0.0000,0,0.0000,1.0000,,0.0000,0.0000,no_calib
880,29.3779,0.0000,0.0000,0.0000,0.0000,0,0.0000,1.0000,,0.0000,0.0000,no_calib
881,29.4110,0.0000,0.0000,0.0000,0.0000,0,0.0000,1.0000,,0.0000,0.0000,no_calib
882,29.4437,0.0000,0.0000,0.0000,0.0000,0,0.0000,1.0000,,0.0000,0.0000,no_calib
883,29.4777,0.0000,0.0000,0.0000,0.0000,0,0.0000,1.0000,,0.0000,0.0000,no_calib
884,29.5114,0.0000,0.0000,0.0000,0.0000,0,0.0000,1.0000,,0.0000,0.0000,no_calib
885,29.5437,0.0000,0.0000,0.0000,0.0000,0,0.0000,1.0000,,0.0000,0.0000,no_calib
886,29.5776,0.0000,0.0000,0.0000,0.0000,0,0.0000,1.0000,,0.0000,0.0000,no_calib
887,29.6115,0.0000,0.0000,0.0000,0.0000,0,0.0000,1.0000,,0.0000,0.0000,no_calib
888,29.6419,0.0000,0.0000,0.0000,0.0000,0,0.0000,1.0000,,0.0000,0.0000,no_calib
889,29.6752,0.0000,0.0000,0.0000,0.0000,0,0.0000,1.0000,,0.0000,0.0000,no_calib
890,29.7094,0.0000,0.0000,0.0000,0.0000,0,0.0000,1.0000,,0.0000,0.0000,no_calib
891,29.7415,0.0000,0.0000,0.0000,0.0000,0,0.0000,1.0000,,0.0000,0.0000,no_calib
892,29.7747,0.0000,0.0000,0.0000,0.0000,0,0.0000,1.0000,,0.0000,0.0000,no_calib
893,29.8087,0.0000,0.0000,0.0000,0.0000,0,0.0000,1.0000,,0.0000,0.0000,no_calib
894,29.8420,0.0000,0.0000,0.0000,0.0000,0,0.0000,1.0000,,0.0000,0.0000,no_calib
895,29.8749,0.0000,0.0000,0.0000,0.0000,0,0.0000,1.0000,,0.0000,0.0000,no_calib
896,29.9100,0.0000,0.0000,0.0000,0.0000,0,0.0000,1.0000,,0.0000,0.0000,no_calib
897,29.9438,0.0000,0.0000,0.0000,0.0000,0,0.0000,1.0000,,0.0000,0.0000,no_calib
898,29.9770,0.0000,0.0000,0.0000,0.0000,0,0.0000,1.0000,,0.0000,0.0000,no_calib
899,30.0098,0.0000,0.0000,0.0000,0.0000,0,0.0000,1.0000,,0.0000,0.0000,no_calib
900,30.0438,0.0000,0.0000,0.0000,0.0000,0,0.0000,1.0000,,0.0000,0.0000,no_calib
901,30.1007,0.0000,0.0000,0.0000,0.0000,0,0.0000,1.0000,,0.0000,0.0000,no_calib
902,30.1274,0.0000,0.0000,0.0000,0.0000,0,0.0000,1.0000,,0.0000,0.0000,no_calib
903,30.1541,0.0000,0.0000,0.0000,0.0000,0,0.0000,1.0000,,0.0000,0.0000,no_calib
904,30.1809,0.0000,0.0000,0.0000,0.0000,0,0.0000,1.0000,,0.0000,0.0000,no_calib
905,30.2100,0.0000,0.0000,0.0000,0.0000,0,0.0000,1.0000,,0.0000,0.0000,no_calib
906,30.2434,0.0000,0.0000,0.0000,0.0000,0,0.0000,1.0000,,0.0000,0.0000,no_calib
907,30.2770,0.0000,0.0000,0.0000,0.0000,0,0.0000,1.0000,,0.0000,0.0000,no_calib
908,30.3099,0.0000,0.0000,0.0000,0.0000,0,0.0000,1.0000,,0.0000,0.0000,no_calib
909,30.3433,0.0000,0.0000,0.0000,0.0000,0,0.0000,1.0000,,0.0000,0.0000,no_calib
910,30.3773,0.0000,0.0000,0.0000,0.0000,0,0.0000,1.0000,,0.0000,0.0000,no_calib
911,30.4100,0.0000,0.0000,0.0000,0.0000,0,0.0000,1.0000,,0.0000,0.0000,no_calib
912,30.4438,0.0000,0.0000,0.0000,0.0000,0,0.0000,1.0000,,0.0000,0.0000,no_calib
913,30.4768,0.0000,0.0000,0.0000,0.0000,0,0.0000,1.0000,,0.0000,0.0000,no_calib
914,30.5104,0.0000,0.0000,0.0000,0.0000,0,0.0000,1.0000,,0.0000,0.0000,no_calib
915,30.5433,0.0000,0.0000,0.0000,0.0000,0,0.0000,1.0000,,0.0000,0.0000,no_calib
916,30.5769,0.0000,0.0000,0.0000,0.0000,0,0.0000,1.0000,,0.0000,0.0000,no_calib
917,30.6102,0.0000,0.0000,0.0000,0.0000,0,0.0000,1.0000,,0.0000,0.0000,no_calib
918,30.6432,0.0000,0.0000,0.0000,0.0000,0,0.0000,1.0000,,0.0000,0.0000,no_calib
919,30.6767,0.0000,0.0000,0.0000,0.0000,0,0.0000,1.0000,,0.0000,0.0000,no_calib
920,30.7104,0.0000,0.0000,0.0000,0.0000,0,0.0000,1.0000,,0.0000,0.0000,no_calib
921,30.7433,0.0000,0.0000,0.0000,0.0000,0,0.0000,1.0000,,0.0000,0.0000,no_calib
922,30.7768,0.0000,0.0000,0.0000,0.0000,0,0.0000,1.0000,,0.0000,0.0000,no_calib
923,30.8098,0.0000,0.0000,0.0000,0.0000,0,0.0000,1.0000,,0.0000,0.0000,no_calib
924,30.8427,0.0000,0.0000,0.0000,0.0000,0,0.0000,1.0000,,0.0000,0.0000,no_calib
925,30.8762,0.0000,0.0000,0.0000,0.0000,0,0.0000,1.0000,,0.0000,0.0000,no_calib
926,30.9103,0.0000,0.0000,0.0000,0.0000,0,0.0000,1.0000,,0.0000,0.0000,no_calib
927,30.9428,0.0000,0.0000,0.0000,0.0000,0,0.0000,1.0000,,0.0000,0.0000,no_calib
928,30.9762,0.0000,0.0000,0.0000,0.0000,0,0.0000,1.0000,,0.0000,0.0000,no_calib
929,31.0100,0.0000,0.0000,0.0000,0.0000,0,0.0000,1.0000,,0.0000,0.0000,no_calib
930,31.0430,0.0000,0.0000,0.0000,0.0000,0,0.0000,1.0000,,0.0000,0.0000,no_calib
931,31.0995,0.0000,0.0000,0.0000,0.0000,0,0.0000,1.0000,,0.0000,0.0000,no_calib
932,31.1258,0.0000,0.0000,0.0000,0.0000,0,0.0000,1.0000,,0.0000,0.0000,no_calib
933,31.1519,0.0000,0.0000,0.0000,0.0000,0,0.0000,1.0000,,0.0000,0.0000,no_calib
934,31.1783,0.0000,0.0000,0.0000,0.0000,0,0.0000,1.0000,,0.0000,0.0000,no_calib
935,31.2099,0.0000,0.0000,0.0000,0.0000,0,0.0000,1.0000,,0.0000,0.0000,no_calib
936,31.2426,0.0000,0.0000,0.0000,0.0000,0,0.0000,1.0000,,0.0000,0.0000,no_calib
937,31.2763,0.0000,0.0000,0.0000,0.0000,0,0.0000,1.0000,,0.0000,0.0000,no_calib
938,31.3099,0.0000,0.0000,0.0000,0.0000,0,0.0000,1.0000,,0.0000,0.0000,no_calib
939,31.3427,0.0000,0.0000,0.0000,0.0000,0,0.0000,1.0000,,0.0000,0.0000,no_calib
940,31.3766,0.0000,0.0000,0.0000,0.0000,0,0.0000,1.0000,,0.0000,0.0000,no_calib
941,31.4098,0.0000,0.0000,0.0000,0.0000,0,0.0000,1.0000,,0.0000,0.0000,no_calib
942,31.4432,0.0000,0.0000,0.0000,0.0000,0,0.0000,1.0000,,0.0000,0.0000,no_calib
943,31.4762,0.0000,0.0000,0.0000,0.0000,0,0.0000,1.0000,,0.0000,0.0000,no_calib
944,31.5099,0.0000,0.0000,0.0000,0.0000,0,0.0000,1.0000,,0.0000,0.0000,no_calib
945,31.5432,0.0000,0.0000,0.0000,0.0000,0,0.0000,1.0000,,0.0000,0.0000,no_calib
946,31.5765,0.0000,0.0000,0.0000,0.0000,0,0.0000,1.0000,,0.0000,0.0000,no_calib
947,31.6098,0.0000,0.0000,0.0000,0.0000,0,0.0000,1.0000,,0.0000,0.0000,no_calib
948,31.6434,0.0000,0.0000,0.0000,0.0000,0,0.0000,1.0000,,0.0000,0.0000,no_calib
949,31.6761,0.0000,0.0000,0.0000,0.0000,0,0.0000,1.0000,,0.0000,0.0000,no_calib
950,31.7105,0.0000,0.0000,0.0000,0.0000,0,0.0000,1.0000,,0.0000,0.0000,no_calib
951,31.7435,0.0000,0.0000,0.0000,0.0000,0,0.0000,1.0000,,0.0000,0.0000,no_calib
952,31.7761,0.0000,0.0000,0.0000,0.0000,0,0.0000,1.0000,,0.0000,0.0000,no_calib
953,31.8100,0.0000,0.0000,0.0000,0.0000,0,0.0000,1.0000,,0.0000,0.0000,no_calib
954,31.8434,0.0000,0.0000,0.0000,0.0000,0,0.0000,1.0000,,0.0000,0.0000,no_calib
955,31.8762,0.0000,0.0000,0.0000,0.0000,0,0.0000,1.0000,,0.0000,0.0000,no_calib
956,31.9099,0.0000,0.0000,0.0000,0.0000,0,0.0000,1.0000,,0.0000,0.0000,no_calib
957,31.9435,0.0000,0.0000,0.0000,0.0000,0,0.0000,1.0000,,0.0000,0.0000,no_calib
958,31.9761,0.0000,0.0000,0.0000,0.0000,0,0.0000,1.0000,,0.0000,0.0000,no_calib
959,32.0095,0.0000,0.0000,0.0000,0.0000,0,0.0000,1.0000,,0.0000,0.0000,no_calib
960,32.0433,0.0000,0.0000,0.0000,0.0000,0,0.0000,1.0000,,0.0000,0.0000,no_calib
961,32.0999,0.0000,0.0000,0.0000,0.0000,0,0.0000,1.0000,,0.0000,0.0000,no_calib
962,32.1265,0.0000,0.0000,0.0000,0.0000,0,0.0000,1.0000,,0.0000,0.0000,no_calib
963,32.1531,0.0000,0.0000,0.0000,0.0000,0,0.0000,1.0000,,0.0000,0.0000,no_calib
964,32.1795,0.0000,0.0000,0.0000,0.0000,0,0.0000,1.0000,,0.0000,0.0000,no_calib
965,32.2093,0.0000,0.0000,0.0000,0.0000,0,0.0000,1.0000,,0.0000,0.0000,no_calib
966,32.2430,0.0000,0.0000,0.0000,0.0000,0,0.0000,1.0000,,0.0000,0.0000,no_calib
967,32.2769,0.0000,0.0000,0.0000,0.0000,0,0.0000,1.0000,,0.0000,0.0000,no_calib
968,32.3097,0.0000,0.0000,0.0000,0.0000,0,0.0000,1.0000,,0.0000,0.0000,no_calib
969,32.3429,0.0000,0.0000,0.0000,0.0000,0,0.0000,1.0000,,0.0000,0.0000,no_calib
970,32.3758,0.0000,0.0000,0.0000,0.0000,0,0.0000,1.0000,,0.0000,0.0000,no_calib
971,32.4096,0.0000,0.0000,0.0000,0.0000,0,0.0000,1.0000,,0.0000,0.0000,no_calib
972,32.4437,0.0000,0.0000,0.0000,0.0000,0,0.0000,1.0000,,0.0000,0.0000,no_calib
973,32.4759,0.0000,0.0000,0.0000,0.0000,0,0.0000,1.0000,,0.0000,0.0000,no_calib
974,32.5093,0.0000,0.0000,0.0000,0.0000,0,0.0000,1.0000,,0.0000,0.0000,no_calib
975,32.5429,0.0000,0.0000,0.0000,0.0000,0,0.0000,1.0000,,0.0000,0.0000,no_calib
976,32.5762,0.0000,0.0000,0.0000,0.0000,0,0.0000,1.0000,,0.0000,0.0000,no_calib
977,32.6095,0.0000,0.0000,0.0000,0.0000,0,0.0000,1.0000,,0.0000,0.0000,no_calib
978,32.6429,0.0000,0.0000,0.0000,0.0000,0,0.0000,1.0000,,0.0000,0.0000,no_calib
979,32.6765,0.0000,0.0000,0.0000,0.0000,0,0.0000,1.0000,,0.0000,0.0000,no_calib
980,32.7096,0.0000,0.0000,0.0000,0.0000,0,0.0000,1.0000,,0.0000,0.0000,no_calib
981,32.7429,0.0000,0.0000,0.0000,0.0000,0,0.0000,1.0000,,0.0000,0.0000,no_calib
982,32.7768,0.0000,0.0000,0.0000,0.0000,0,0.0000,1.0000,,0.0000,0.0000,no_calib
983,32.8090,0.0000,0.0000,0.0000,0.0000,0,0.0000,1.0000,,0.0000,0.0000,no_calib
984,32.8430,0.0000,0.0000,0.0000,0.0000,0,0.0000,1.0000,,0.0000,0.0000,no_calib
985,32.8759,0.0000,0.0000,0.0000,0.0000,0,0.0000,1.0000,,0.0000,0.0000,no_calib
986,32.9091,0.0000,0.0000,0.0000,0.0000,0,0.0000,1.0000,,0.0000,0.0000,no_calib
987,32.9428,0.0000,0.0000,0.0000,0.0000,0,0.0000,1.0000,,0.0000,0.0000,no_calib
988,32.9764,0.0000,0.0000,0.0000,0.0000,0,0.0000,1.0000,,0.0000,0.0000,no_calib
989,33.0094,0.0000,0.0000,0.0000,0.0000,0,0.0000,1.0000,,0.0000,0.0000,no_calib
990,33.0429,0.0000,0.0000,0.0000,0.0000,0,0.0000,1.0000,,0.0000,0.0000,no_calib
991,33.1027,0.0000,0.0000,0.0000,0.0000,0,0.0000,1.0000,,0.0000,0.0000,no_calib
992,33.1301,0.0000,0.0000,0.0000,0.0000,0,0.0000,1.0000,,0.0000,0.0000,no_calib
993,33.1575,0.0000,0.0000,0.0000,0.0000,0,0.0000,1.0000,,0.0000,0.0000,no_calib
994,33.1852,0.0000,0.0000,0.0000,0.0000,0,0.0000,1.0000,,0.0000,0.0000,no_calib
995,33.2120,0.0000,0.0000,0.0000,0.0000,0,0.0000,1.0000,,0.0000,0.0000,no_calib
996,33.2428,0.0000,0.0000,0.0000,0.0000,0,0.0000,1.0000,,0.0000,0.0000,no_calib
997,33.2759,0.0000,0.0000,0.0000,0.0000,0,0.0000,1.0000,,0.0000,0.0000,no_calib
998,33.3095,0.0000,0.0000,0.0000,0.0000,0,0.0000,1.0000,,0.0000,0.0000,no_calib
999,33.3424,0.0000,0.0000,0.0000,0.0000,0,0.0000,1.0000,,0.0000,0.0000,no_calib
1000,33.3760,0.0000,0.0000,0.0000,0.0000,0,0.0000,1.0000,,0.0000,0.0000,no_calib
1001,33.4094,0.0000,0.0000,0.0000,0.0000,0,0.0000,1.0000,,0.0000,0.0000,no_calib
1002,33.4426,0.0000,0.0000,0.0000,0.0000,0,0.0000,1.0000,,0.0000,0.0000,no_calib
1003,33.4759,0.0000,0.0000,0.0000,0.0000,0,0.0000,1.0000,,0.0000,0.0000,no_calib
1004,33.5088,0.0000,0.0000,0.0000,0.0000,0,0.0000,1.0000,,0.0000,0.0000,no_calib
1005,33.5419,0.0000,0.0000,0.0000,0.0000,0,0.0000,1.0000,,0.0000,0.0000,no_calib
1006,33.5758,0.0000,0.0000,0.0000,0.0000,0,0.0000,1.0000,,0.0000,0.0000,no_calib
1007,33.6092,0.0000,0.0000,0.0000,0.0000,0,0.0000,1.0000,,0.0000,0.0000,no_calib
1008,33.6421,0.0000,0.0000,0.0000,0.0000,0,0.0000,1.0000,,0.0000,0.0000,no_calib
1009,33.6754,0.0000,0.0000,0.0000,0.0000,0,0.0000,1.0000,,0.0000,0.0000,no_calib
1010,33.7095,0.0000,0.0000,0.0000,0.0000,0,0.0000,1.0000,,0.0000,0.0000,no_calib
1011,33.7425,0.0000,0.0000,0.0000,0.0000,0,0.0000,1.0000,,0.0000,0.0000,no_calib
1012,33.7765,0.0000,0.0000,0.0000,0.0000,0,0.0000,1.0000,,0.0000,0.0000,no_calib
1013,33.8095,0.0000,0.0000,0.0000,0.0000,0,0.0000,1.0000,,0.0000,0.0000,no_calib
1014,33.8421,0.0000,0.0000,0.0000,0.0000,0,0.0000,1.0000,,0.0000,0.0000,no_calib
1015,33.8758,0.0000,0.0000,0.0000,0.0000,0,0.0000,1.0000,,0.0000,0.0000,no_calib
1016,33.9090,0.0000,0.0000,0.0000,0.0000,0,0.0000,1.0000,,0.0000,0.0000,no_calib
1017,33.9420,0.0000,0.0000,0.0000,0.0000,0,0.0000,1.0000,,0.0000,0.0000,no_calib
1018,33.9757,0.0000,0.0000,0.0000,0.0000,0,0.0000,1.0000,,0.0000,0.0000,no_calib
1019,34.0091,0.0000,0.0000,0.0000,0.0000,0,0.0000,1.0000,,0.0000,0.0000,no_calib
1020,34.0422,0.0000,0.0000,0.0000,0.0000,0,0.0000,1.0000,,0.0000,0.0000,no_calib
1021,34.0985,0.0000,0.0000,0.0000,0.0000,0,0.0000,1.0000,,0.0000,0.0000,no_calib
1022,34.1264,0.0000,0.0000,0.0000,0.0000,0,0.0000,1.0000,,0.0000,0.0000,no_calib
1023,34.1544,0.0000,0.0000,0.0000,0.0000,0,0.0000,1.0000,,0.0000,0.0000,no_calib
1024,34.1820,0.0000,0.0000,0.0000,0.0000,0,0.0000,1.0000,,0.0000,0.0000,no_calib
1025,34.2100,0.0000,0.0000,0.0000,0.0000,0,0.0000,1.0000,,0.0000,0.0000,no_calib
1026,34.2419,0.0000,0.0000,0.0000,0.0000,0,0.0000,1.0000,,0.0000,0.0000,no_calib
1027,34.2751,0.0000,0.0000,0.0000,0.0000,0,0.0000,1.0000,,0.0000,0.0000,no_calib
1028,34.3090,0.0000,0.0000,0.0000,0.0000,0,0.0000,1.0000,,0.0000,0.0000,no_calib
1029,34.3416,0.0000,0.0000,0.0000,0.0000,0,0.0000,1.0000,,0.0000,0.0000,no_calib
1030,34.3751,0.0000,0.0000,0.0000,0.0000,0,0.0000,1.0000,,0.0000,0.0000,no_calib
1031,34.4090,0.0000,0.0000,0.0000,0.0000,0,0.0000,1.0000,,0.0000,0.0000,no_calib
1032,34.4422,0.0000,0.0000,0.0000,0.0000,0,0.0000,1.0000,,0.0000,0.0000,no_calib
1033,34.4752,0.0000,0.0000,0.0000,0.0000,0,0.0000,1.0000,,0.0000,0.0000,no_calib
1034,34.5089,0.0000,0.0000,0.0000,0.0000,0,0.0000,1.0000,,0.0000,0.0000,no_calib
1035,34.5419,0.0000,0.0000,0.0000,0.0000,0,0.0000,1.0000,,0.0000,0.0000,no_calib
1036,34.5751,0.0000,0.0000,0.0000,0.0000,0,0.0000,1.0000,,0.0000,0.0000,no_calib
1037,34.6088,0.0000,0.0000,0.0000,0.0000,0,0.0000,1.0000,,0.0000,0.0000,no_calib
1038,34.6418,0.0000,0.0000,0.0000,0.0000,0,0.0000,1.0000,,0.0000,0.0000,no_calib
1039,34.6749,0.0000,0.0000,0.0000,0.0000,0,0.0000,1.0000,,0.0000,0.0000,no_calib
1040,34.7088,0.0000,0.0000,0.0000,0.0000,0,0.0000,1.0000,,0.0000,0.0000,no_calib
1041,34.7419,0.0000,0.0000,0.0000,0.0000,0,0.0000,1.0000,,0.0000,0.0000,no_calib
1042,34.7754,0.0000,0.0000,0.0000,0.0000,0,0.0000,1.0000,,0.0000,0.0000,no_calib
1043,34.8082,0.0000,0.0000,0.0000,0.0000,0,0.0000,1.0000,,0.0000,0.0000,no_calib
1044,34.8422,0.0000,0.0000,0.0000,0.0000,0,0.0000,1.0000,,0.0000,0.0000,no_calib
1045,34.8749,0.0000,0.0000,0.0000,0.0000,0,0.0000,1.0000,,0.0000,0.0000,no_calib
1046,34.9088,0.0000,0.0000,0.0000,0.0000,0,0.0000,1.0000,,0.0000,0.0000,no_calib
1047,34.9418,0.0000,0.0000,0.0000,0.0000,0,0.0000,1.0000,,0.0000,0.0000,no_calib
1048,34.9745,0.0000,0.0000,0.0000,0.0000,0,0.0000,1.0000,,0.0000,0.0000,no_calib
1049,35.0086,0.0000,0.0000,0.0000,0.0000,0,0.0000,1.0000,,0.0000,0.0000,no_calib
1050,35.0422,0.0000,0.0000,0.0000,0.0000,0,0.0000,1.0000,,0.0000,0.0000,no_calib
1051,35.1020,0.0000,0.0000,0.0000,0.0000,0,0.0000,1.0000,,0.0000,0.0000,no_calib
1052,35.1296,0.0000,0.0000,0.0000,0.0000,0,0.0000,1.0000,,0.0000,0.0000,no_calib
1053,35.1573,0.0000,0.0000,0.0000,0.0000,0,0.0000,1.0000,,0.0000,0.0000,no_calib
1054,35.1849,0.0000,0.0000,0.0000,0.0000,0,0.0000,1.0000,,0.0000,0.0000,no_calib
1055,35.2123,0.0000,0.0000,0.0000,0.0000,0,0.0000,1.0000,,0.0000,0.0000,no_calib
1056,35.2420,0.0000,0.0000,0.0000,0.0000,0,0.0000,1.0000,,0.0000,0.0000,no_calib
1057,35.2748,0.0000,0.0000,0.0000,0.0000,0,0.0000,1.0000,,0.0000,0.0000,no_calib
1058,35.3084,0.0000,0.0000,0.0000,0.0000,0,0.0000,1.0000,,0.0000,0.0000,no_calib
1059,35.3419,0.0000,0.0000,0.0000,0.0000,0,0.0000,1.0000,,0.0000,0.0000,no_calib
1060,35.3750,0.0000,0.0000,0.0000,0.0000,0,0.0000,1.0000,,0.0000,0.0000,no_calib
1061,35.4080,0.0000,0.0000,0.0000,0.0000,0,0.0000,1.0000,,0.0000,0.0000,no_calib
1062,35.4418,0.0000,0.0000,0.0000,0.0000,0,0.0000,1.0000,,0.0000,0.0000,no_calib
1063,35.4753,0.0000,0.0000,0.0000,0.0000,0,0.0000,1.0000,,0.0000,0.0000,no_calib
1064,35.5081,0.0000,0.0000,0.0000,0.0000,0,0.0000,1.0000,,0.0000,0.0000,no_calib
1065,35.5420,0.0000,0.0000,0.0000,0.0000,0,0.0000,1.0000,,0.0000,0.0000,no_calib
1066,35.5751,0.0000,0.0000,0.0000,0.0000,0,0.0000,1.0000,,0.0000,0.0000,no_calib
1067,35.6080,0.0000,0.0000,0.0000,0.0000,0,0.0000,1.0000,,0.0000,0.0000,no_calib
1068,35.6420,0.0000,0.0000,0.0000,0.0000,0,0.0000,1.0000,,0.0000,0.0000,no_calib
1069,35.6750,0.0000,0.0000,0.0000,0.0000,0,0.0000,1.0000,,0.0000,0.0000,no_calib
1070,35.7081,0.0000,0.0000,0.0000,0.0000,0,0.0000,1.0000,,0.0000,0.0000,no_calib
1071,35.7426,0.0000,0.0000,0.0000,0.0000,0,0.0000,1.0000,,0.0000,0.0000,no_calib
1072,35.7752,0.0000,0.0000,0.0000,0.0000,0,0.0000,1.0000,,0.0000,0.0000,no_calib
1073,35.8083,0.0000,0.0000,0.0000,0.0000,0,0.0000,1.0000,,0.0000,0.0000,no_calib
1074,35.8414,0.0000,0.0000,0.0000,0.0000,0,0.0000,1.0000,,0.0000,0.0000,no_calib
1075,35.8752,0.0000,0.0000,0.0000,0.0000,0,0.0000,1.0000,,0.0000,0.0000,no_calib
1076,35.9086,0.0000,0.0000,0.0000,0.0000,0,0.0000,1.0000,,0.0000,0.0000,no_calib
1077,35.9420,0.0000,0.0000,0.0000,0.0000,0,0.0000,1.0000,,0.0000,0.0000,no_calib
1078,35.9750,0.0000,0.0000,0.0000,0.0000,0,0.0000,1.0000,,0.0000,0.0000,no_calib
1079,36.0076,0.0000,0.0000,0.0000,0.0000,0,0.0000,1.0000,,0.0000,0.0000,no_calib
1080,36.0413,0.0000,0.0000,0.0000,0.0000,0,0.0000,1.0000,,0.0000,0.0000,no_calib
1081,36.0973,0.0000,0.0000,0.0000,0.0000,0,0.0000,1.0000,,0.0000,0.0000,no_calib
1082,36.1243,0.0000,0.0000,0.0000,0.0000,0,0.0000,1.0000,,0.0000,0.0000,no_calib
1083,36.1512,0.0000,0.0000,0.0000,0.0000,0,0.0000,1.0000,,0.0000,0.0000,no_calib
1084,36.1783,0.0000,0.0000,0.0000,0.0000,0,0.0000,1.0000,,0.0000,0.0000,no_calib
1085,36.2088,0.0000,0.0000,0.0000,0.0000,0,0.0000,1.0000,,0.0000,0.0000,no_calib
1086,36.2421,0.0000,0.0000,0.0000,0.0000,0,0.0000,1.0000,,0.0000,0.0000,no_calib
1087,36.2763,0.0000,0.0000,0.0000,0.0000,0,0.0000,1.0000,,0.0000,0.0000,no_calib
1088,36.3080,0.0000,0.0000,0.0000,0.0000,0,0.0000,1.0000,,0.0000,0.0000,no_calib
1089,36.3400,0.0000,0.0000,0.0000,0.0000,0,0.0000,1.0000,,0.0000,0.0000,no_calib
1090,36.3730,0.0000,0.0000,0.0000,0.0000,0,0.0000,1.0000,,0.0000,0.0000,no_calib
1091,36.4058,0.0000,0.0000,0.0000,0.0000,0,0.0000,1.0000,,0.0000,0.0000,no_calib
1092,36.4400,0.0000,0.0000,0.0000,0.0000,0,0.0000,1.0000,,0.0000,0.0000,no_calib
1093,36.4725,0.0000,0.0000,0.0000,0.0000,0,0.0000,1.0000,,0.0000,0.0000,no_calib
1094,36.5059,0.0000,0.0000,0.0000,0.0000,0,0.0000,1.0000,,0.0000,0.0000,no_calib
1095,36.5391,0.0000,0.0000,0.0000,0.0000,0,0.0000,1.0000,,0.0000,0.0000,no_calib
1096,36.5737,0.0000,0.0000,0.0000,0.0000,0,0.0000,1.0000,,0.0000,0.0000,no_calib
1097,36.6083,0.0000,0.0000,0.0000,0.0000,0,0.0000,1.0000,,0.0000,0.0000,no_calib
1098,36.6411,0.0000,0.0000,0.0000,0.0000,0,0.0000,1.0000,,0.0000,0.0000,no_calib
1099,36.6748,0.0000,0.0000,0.0000,0.0000,0,0.0000,1.0000,,0.0000,0.0000,no_calib
1100,36.7081,0.0000,0.0000,0.0000,0.0000,0,0.0000,1.0000,,0.0000,0.0000,no_calib
1101,36.7419,0.0000,0.0000,0.0000,0.0000,0,0.0000,1.0000,,0.0000,0.0000,no_calib
1102,36.7747,0.0000,0.0000,0.0000,0.0000,0,0.0000,1.0000,,0.0000,0.0000,no_calib
1103,36.8082,0.0000,0.0000,0.0000,0.0000,0,0.0000,1.0000,,0.0000,0.0000,no_calib
1104,36.8408,0.0000,0.0000,0.0000,0.0000,0,0.0000,1.0000,,0.0000,0.0000,no_calib
1105,36.8751,0.0000,0.0000,0.0000,0.0000,0,0.0000,1.0000,,0.0000,0.0000,no_calib
1106,36.9081,0.0000,0.0000,0.0000,0.0000,0,0.0000,1.0000,,0.0000,0.0000,no_calib
1107,36.9421,0.0000,0.0000,0.0000,0.0000,0,0.0000,1.0000,,0.0000,0.0000,no_calib
1108,36.9747,0.0000,0.0000,0.0000,0.0000,0,0.0000,1.0000,,0.0000,0.0000,no_calib
1109,37.0077,0.0000,0.0000,0.0000,0.0000,0,0.0000,1.0000,,0.0000,0.0000,no_calib
1110,37.0415,0.0000,0.0000,0.0000,0.0000,0,0.0000,1.0000,,0.0000,0.0000,no_calib
1111,37.0987,0.0000,0.0000,0.0000,0.0000,0,0.0000,1.0000,,0.0000,0.0000,no_calib
1112,37.1260,0.0000,0.0000,0.0000,0.0000,0,0.0000,1.0000,,0.0000,0.0000,no_calib
1113,37.1530,0.0000,0.0000,0.0000,0.0000,0,0.0000,1.0000,,0.0000,0.0000,no_calib
1114,37.1800,0.0000,0.0000,0.0000,0.0000,0,0.0000,1.0000,,0.0000,0.0000,no_calib
1115,37.2073,0.0000,0.0000,0.0000,0.0000,0,0.0000,1.0000,,0.0000,0.0000,no_calib
1116,37.2398,0.0000,0.0000,0.0000,0.0000,0,0.0000,1.0000,,0.0000,0.0000,no_calib
1117,37.2721,0.0000,0.0000,0.0000,0.0000,0,0.0000,1.0000,,0.0000,0.0000,no_calib
1118,37.3059,0.0000,0.0000,0.0000,0.0000,0,0.0000,1.0000,,0.0000,0.0000,no_calib
1119,37.3392,0.0000,0.0000,0.0000,0.0000,0,0.0000,1.0000,,0.0000,0.0000,no_calib
1120,37.3722,0.0000,0.0000,0.0000,0.0000,0,0.0000,1.0000,,0.0000,0.0000,no_calib
1121,37.4054,0.0000,0.0000,0.0000,0.0000,0,0.0000,1.0000,,0.0000,0.0000,no_calib
1122,37.4388,0.0000,0.0000,0.0000,0.0000,0,0.0000,1.0000,,0.0000,0.0000,no_calib
1123,37.4720,0.0000,0.0000,0.0000,0.0000,0,0.0000,1.0000,,0.0000,0.0000,no_calib
1124,37.5054,0.0000,0.0000,0.0000,0.0000,0,0.0000,1.0000,,0.0000,0.0000,no_calib
1125,37.5398,0.0000,0.0000,0.0000,0.0000,0,0.0000,1.0000,,0.0000,0.0000,no_calib
1126,37.5747,0.0000,0.0000,0.0000,0.0000,0,0.0000,1.0000,,0.0000,0.0000,no_calib
1127,37.6078,0.0000,0.0000,0.0000,0.0000,0,0.0000,1.0000,,0.0000,0.0000,no_calib
1128,37.6411,0.0000,0.0000,0.0000,0.0000,0,0.0000,1.0000,,0.0000,0.0000,no_calib
1129,37.6738,0.0000,0.0000,0.0000,0.0000,0,0.0000,1.0000,,0.0000,0.0000,no_calib
1130,37.7076,0.0000,0.0000,0.0000,0.0000,0,0.0000,1.0000,,0.0000,0.0000,no_calib
1131,37.7422,0.0000,0.0000,0.0000,0.0000,0,0.0000,1.0000,,0.0000,0.0000,no_calib
1132,37.7738,0.0000,0.0000,0.0000,0.0000,0,0.0000,1.0000,,0.0000,0.0000,no_calib
1133,37.8072,0.0000,0.0000,0.0000,0.0000,0,0.0000,1.0000,,0.0000,0.0000,no_calib
1134,37.8409,0.0000,0.0000,0.0000,0.0000,0,0.0000,1.0000,,0.0000,0.0000,no_calib
1135,37.8738,0.0000,0.0000,0.0000,0.0000,0,0.0000,1.0000,,0.0000,0.0000,no_calib
1136,37.9074,0.0000,0.0000,0.0000,0.0000,0,0.0000,1.0000,,0.0000,0.0000,no_calib
1137,37.9409,0.0000,0.0000,0.0000,0.0000,0,0.0000,1.0000,,0.0000,0.0000,no_calib
1138,37.9749,0.0000,0.0000,0.0000,0.0000,0,0.0000,1.0000,,0.0000,0.0000,no_calib
1139,38.0082,0.0000,0.0000,0.0000,0.0000,0,0.0000,1.0000,,0.0000,0.0000,no_calib
1140,38.0408,0.0000,0.0000,0.0000,0.0000,0,0.0000,1.0000,,0.0000,0.0000,no_calib
1141,38.0976,0.0000,0.0000,0.0000,0.0000,0,0.0000,1.0000,,0.0000,0.0000,no_calib
1142,38.1253,0.0000,0.0000,0.0000,0.0000,0,0.0000,1.0000,,0.0000,0.0000,no_calib
1143,38.1531,0.0000,0.0000,0.0000,0.0000,0,0.0000,1.0000,,0.0000,0.0000,no_calib
1144,38.1808,0.0000,0.0000,0.0000,0.0000,0,0.0000,1.0000,,0.0000,0.0000,no_calib
1145,38.2085,0.0000,0.0000,0.0000,0.0000,0,0.0000,1.0000,,0.0000,0.0000,no_calib
1146,38.2392,0.0000,0.0000,0.0000,0.0000,0,0.0000,1.0000,,0.0000,0.0000,no_calib
1147,38.2727,0.0000,0.0000,0.0000,0.0000,0,0.0000,1.0000,,0.0000,0.0000,no_calib
1148,38.3052,0.0000,0.0000,0.0000,0.0000,0,0.0000,1.0000,,0.0000,0.0000,no_calib
1149,38.3387,0.0000,0.0000,0.0000,0.0000,0,0.0000,1.0000,,0.0000,0.0000,no_calib
1150,38.3721,0.0000,0.0000,0.0000,0.0000,0,0.0000,1.0000,,0.0000,0.0000,no_calib
1151,38.4052,0.0000,0.0000,0.0000,0.0000,0,0.0000,1.0000,,0.0000,0.0000,no_calib
1152,38.4384,0.0000,0.0000,0.0000,0.0000,0,0.0000,1.0000,,0.0000,0.0000,no_calib
1153,38.4722,0.0000,0.0000,0.0000,0.0000,0,0.0000,1.0000,,0.0000,0.0000,no_calib
1154,38.5050,0.0000,0.0000,0.0000,0.0000,0,0.0000,1.0000,,0.0000,0.0000,no_calib
1155,38.5384,0.0000,0.0000,0.0000,0.0000,0,0.0000,1.0000,,0.0000,0.0000,no_calib
1156,38.5739,0.0000,0.0000,0.0000,0.0000,0,0.0000,1.0000,,0.0000,0.0000,no_calib
1157,38.6070,0.0000,0.0000,0.0000,0.0000,0,0.0000,1.0000,,0.0000,0.0000,no_calib
1158,38.6404,0.0000,0.0000,0.0000,0.0000,0,0.0000,1.0000,,0.0000,0.0000,no_calib
1159,38.6743,0.0000,0.0000,0.0000,0.0000,0,0.0000,1.0000,,0.0000,0.0000,no_calib
1160,38.7067,0.0000,0.0000,0.0000,0.0000,0,0.0000,1.0000,,0.0000,0.0000,no_calib
1161,38.7415,0.0000,0.0000,0.0000,0.0000,0,0.0000,1.0000,,0.0000,0.0000,no_calib
1162,38.7745,0.0000,0.0000,0.0000,0.0000,0,0.0000,1.0000,,0.0000,0.0000,no_calib
1163,38.8069,0.0000,0.0000,0.0000,0.0000,0,0.0000,1.0000,,0.0000,0.0000,no_calib
1164,38.8407,0.0000,0.0000,0.0000,0.0000,0,0.0000,1.0000,,0.0000,0.0000,no_calib
1165,38.8740,0.0000,0.0000,0.0000,0.0000,0,0.0000,1.0000,,0.0000,0.0000,no_calib
1166,38.9067,0.0000,0.0000,0.0000,0.0000,0,0.0000,1.0000,,0.0000,0.0000,no_calib
1167,38.9402,0.0000,0.0000,0.0000,0.0000,0,0.0000,1.0000,,0.0000,0.0000,no_calib
1168,38.9740,0.0000,0.0000,0.0000,0.0000,0,0.0000,1.0000,,0.0000,0.0000,no_calib
1169,39.0067,0.0000,0.0000,0.0000,0.0000,0,0.0000,1.0000,,0.0000,0.0000,no_calib
1170,39.0403,0.0000,0.0000,0.0000,0.0000,0,0.0000,1.0000,,0.0000,0.0000,no_calib
1171,39.0999,0.0000,0.0000,0.0000,0.0000,0,0.0000,1.0000,,0.0000,0.0000,no_calib
1172,39.1280,0.0000,0.0000,0.0000,0.0000,0,0.0000,1.0000,,0.0000,0.0000,no_calib
1173,39.1561,0.0000,0.0000,0.0000,0.0000,0,0.0000,1.0000,,0.0000,0.0000,no_calib
1174,39.1843,0.0000,0.0000,0.0000,0.0000,0,0.0000,1.0000,,0.0000,0.0000,no_calib
1175,39.2123,0.0000,0.0000,0.0000,0.0000,0,0.0000,1.0000,,0.0000,0.0000,no_calib
1176,39.2404,0.0000,0.0000,0.0000,0.0000,0,0.0000,1.0000,,0.0000,0.0000,no_calib
1177,39.2739,0.0000,0.0000,0.0000,0.0000,0,0.0000,1.0000,,0.0000,0.0000,no_calib
1178,39.3068,0.0000,0.0000,0.0000,0.0000,0,0.0000,1.0000,,0.0000,0.0000,no_calib
1179,39.3399,0.0000,0.0000,0.0000,0.0000,0,0.0000,1.0000,,0.0000,0.0000,no_calib
1180,39.3740,0.0000,0.0000,0.0000,0.0000,0,0.0000,1.0000,,0.0000,0.0000,no_calib
1181,39.4067,0.0000,0.0000,0.0000,0.0000,0,0.0000,1.0000,,0.0000,0.0000,no_calib
1182,39.4403,0.0000,0.0000,0.0000,0.0000,0,0.0000,1.0000,,0.0000,0.0000,no_calib
1183,39.4732,0.0000,0.0000,0.0000,0.0000,0,0.0000,1.0000,,0.0000,0.0000,no_calib
1184,39.5067,0.0000,0.0000,0.0000,0.0000,0,0.0000,1.0000,,0.0000,0.0000,no_calib
1185,39.5399,0.0000,0.0000,0.0000,0.0000,0,0.0000,1.0000,,0.0000,0.0000,no_calib
1186,39.5741,0.0000,0.0000,0.0000,0.0000,0,0.0000,1.0000,,0.0000,0.0000,no_calib
1187,39.6074,0.0000,0.0000,0.0000,0.0000,0,0.0000,1.0000,,0.0000,0.0000,no_calib
1188,39.6401,0.0000,0.0000,0.0000,0.0000,0,0.0000,1.0000,,0.0000,0.0000,no_calib
1189,39.6732,0.0000,0.0000,0.0000,0.0000,0,0.0000,1.0000,,0.0000,0.0000,no_calib
1190,39.7073,0.0000,0.0000,0.0000,0.0000,0,0.0000,1.0000,,0.0000,0.0000,no_calib
1191,39.7422,0.0000,0.0000,0.0000,0.0000,0,0.0000,1.0000,,0.0000,0.0000,no_calib
1192,39.7738,0.0000,0.0000,0.0000,0.0000,0,0.0000,1.0000,,0.0000,0.0000,no_calib
1193,39.8069,0.0000,0.0000,0.0000,0.0000,0,0.0000,1.0000,,0.0000,0.0000,no_calib
1194,39.8395,0.0000,0.0000,0.0000,0.0000,0,0.0000,1.0000,,0.0000,0.0000,no_calib
1195,39.8732,0.0000,0.0000,0.0000,0.0000,0,0.0000,1.0000,,0.0000,0.0000,no_calib
1196,39.9072,0.0000,0.0000,0.0000,0.0000,0,0.0000,1.0000,,0.0000,0.0000,no_calib
1197,39.9400,0.0000,0.0000,0.0000,0.0000,0,0.0000,1.0000,,0.0000,0.0000,no_calib
1198,39.9735,0.0000,0.0000,0.0000,0.0000,0,0.0000,1.0000,,0.0000,0.0000,no_calib
1199,40.0070,0.0000,0.0000,0.0000,0.0000,0,0.0000,1.0000,,0.0000,0.0000,no_calib
1200,40.0400,0.0000,0.0000,0.0000,0.0000,0,0.0000,1.0000,,0.0000,0.0000,no_calib
1201,40.0961,0.0000,0.0000,0.0000,0.0000,0,0.0000,1.0000,,0.0000,0.0000,no_calib
1202,40.1239,0.0000,0.0000,0.0000,0.0000,0,0.0000,1.0000,,0.0000,0.0000,no_calib
1203,40.1512,0.0000,0.0000,0.0000,0.0000,0,0.0000,1.0000,,0.0000,0.0000,no_calib
1204,40.1783,0.0000,0.0000,0.0000,0.0000,0,0.0000,1.0000,,0.0000,0.0000,no_calib
1205,40.2071,0.0000,0.0000,0.0000,0.0000,0,0.0000,1.0000,,0.0000,0.0000,no_calib
1206,40.2400,0.0000,0.0000,0.0000,0.0000,0,0.0000,1.0000,,0.0000,0.0000,no_calib
1207,40.2730,0.0000,0.0000,0.0000,0.0000,0,0.0000,1.0000,,0.0000,0.0000,no_calib
1208,40.3062,0.0000,0.0000,0.0000,0.0000,0,0.0000,1.0000,,0.0000,0.0000,no_calib
1209,40.3397,0.0000,0.0000,0.0000,0.0000,0,0.0000,1.0000,,0.0000,0.0000,no_calib
1210,40.3731,0.0000,0.0000,0.0000,0.0000,0,0.0000,1.0000,,0.0000,0.0000,no_calib
1211,40.4068,0.0000,0.0000,0.0000,0.0000,0,0.0000,1.0000,,0.0000,0.0000,no_calib
1212,40.4404,0.0000,0.0000,0.0000,0.0000,0,0.0000,1.0000,,0.0000,0.0000,no_calib
1213,40.4728,0.0000,0.0000,0.0000,0.0000,0,0.0000,1.0000,,0.0000,0.0000,no_calib
1214,40.5069,0.0000,0.0000,0.0000,0.0000,0,0.0000,1.0000,,0.0000,0.0000,no_calib
1215,40.5403,0.0000,0.0000,0.0000,0.0000,0,0.0000,1.0000,,0.0000,0.0000,no_calib
1216,40.5732,0.0000,0.0000,0.0000,0.0000,0,0.0000,1.0000,,0.0000,0.0000,no_calib
1217,40.6069,0.0000,0.0000,0.0000,0.0000,0,0.0000,1.0000,,0.0000,0.0000,no_calib
1218,40.6401,0.0000,0.0000,0.0000,0.0000,0,0.0000,1.0000,,0.0000,0.0000,no_calib
1219,40.6730,0.0000,0.0000,0.0000,0.0000,0,0.0000,1.0000,,0.0000,0.0000,no_calib
1220,40.7066,0.0000,0.0000,0.0000,0.0000,0,0.0000,1.0000,,0.0000,0.0000,no_calib
1221,40.7407,0.0000,0.0000,0.0000,0.0000,0,0.0000,1.0000,,0.0000,0.0000,no_calib
1222,40.7729,0.0000,0.0000,0.0000,0.0000,0,0.0000,1.0000,,0.0000,0.0000,no_calib
1223,40.8065,0.0000,0.0000,0.0000,0.0000,0,0.0000,1.0000,,0.0000,0.0000,no_calib
1224,40.8401,0.0000,0.0000,0.0000,0.0000,0,0.0000,1.0000,,0.0000,0.0000,no_calib
1225,40.8730,0.0000,0.0000,0.0000,0.0000,0,0.0000,1.0000,,0.0000,0.0000,no_calib
1226,40.9062,0.0000,0.0000,0.0000,0.0000,0,0.0000,1.0000,,0.0000,0.0000,no_calib
1227,40.9399,0.0000,0.0000,0.0000,0.0000,0,0.0000,1.0000,,0.0000,0.0000,no_calib
1228,40.9728,0.0000,0.0000,0.0000,0.0000,0,0.0000,1.0000,,0.0000,0.0000,no_calib
1229,41.0063,0.0000,0.0000,0.0000,0.0000,0,0.0000,1.0000,,0.0000,0.0000,no_calib
1230,41.0400,0.0000,0.0000,0.0000,0.0000,0,0.0000,1.0000,,0.0000,0.0000,no_calib
1231,41.0974,0.0000,0.0000,0.0000,0.0000,0,0.0000,1.0000,,0.0000,0.0000,no_calib
1232,41.1249,0.0000,0.0000,0.0000,0.0000,0,0.0000,1.0000,,0.0000,0.0000,no_calib
1233,41.1525,0.0000,0.0000,0.0000,0.0000,0,0.0000,1.0000,,0.0000,0.0000,no_calib
1234,41.1799,0.0000,0.0000,0.0000,0.0000,0,0.0000,1.0000,,0.0000,0.0000,no_calib
1235,41.2074,0.0000,0.0000,0.0000,0.0000,0,0.0000,1.0000,,0.0000,0.0000,no_calib
1236,41.2399,0.0000,0.0000,0.0000,0.0000,0,0.0000,1.0000,,0.0000,0.0000,no_calib
1237,41.2728,0.0000,0.0000,0.0000,0.0000,0,0.0000,1.0000,,0.0000,0.0000,no_calib
1238,41.3061,0.0000,0.0000,0.0000,0.0000,0,0.0000,1.0000,,0.0000,0.0000,no_calib
1239,41.3399,0.0000,0.0000,0.0000,0.0000,0,0.0000,1.0000,,0.0000,0.0000,no_calib
1240,41.3728,0.0000,0.0000,0.0000,0.0000,0,0.0000,1.0000,,0.0000,0.0000,no_calib
1241,41.4057,0.0000,0.0000,0.0000,0.0000,0,0.0000,1.0000,,0.0000,0.0000,no_calib
1242,41.4398,0.0000,0.0000,0.0000,0.0000,0,0.0000,1.0000,,0.0000,0.0000,no_calib
1243,41.4735,0.0000,0.0000,0.0000,0.0000,0,0.0000,1.0000,,0.0000,0.0000,no_calib
1244,41.5061,0.0000,0.0000,0.0000,0.0000,0,0.0000,1.0000,,0.0000,0.0000,no_calib
1245,41.5400,0.0000,0.0000,0.0000,0.0000,0,0.0000,1.0000,,0.0000,0.0000,no_calib
1246,41.5731,0.0000,0.0000,0.0000,0.0000,0,0.0000,1.0000,,0.0000,0.0000,no_calib
1247,41.6060,0.0000,0.0000,0.0000,0.0000,0,0.0000,1.0000,,0.0000,0.0000,no_calib
1248,41.6398,0.0000,0.0000,0.0000,0.0000,0,0.0000,1.0000,,0.0000,0.0000,no_calib
1249,41.6731,0.0000,0.0000,0.0000,0.0000,0,0.0000,1.0000,,0.0000,0.0000,no_calib
1250,41.7063,0.0000,0.0000,0.0000,0.0000,0,0.0000,1.0000,,0.0000,0.0000,no_calib
1251,41.7399,0.0000,0.0000,0.0000,0.0000,0,0.0000,1.0000,,0.0000,0.0000,no_calib
1252,41.7737,0.0000,0.0000,0.0000,0.0000,0,0.0000,1.0000,,0.0000,0.0000,no_calib
1253,41.8060,0.0000,0.0000,0.0000,0.0000,0,0.0000,1.0000,,0.0000,0.0000,no_calib
1254,41.8394,0.0000,0.0000,0.0000,0.0000,0,0.0000,1.0000,,0.0000,0.0000,no_calib
1255,41.8731,0.0000,0.0000,0.0000,0.0000,0,0.0000,1.0000,,0.0000,0.0000,no_calib
1256,41.9060,0.0000,0.0000,0.0000,0.0000,0,0.0000,1.0000,,0.0000,0.0000,no_calib
1257,41.9398,0.0000,0.0000,0.0000,0.0000,0,0.0000,1.0000,,0.0000,0.0000,no_calib
1258,41.9730,0.0000,0.0000,0.0000,0.0000,0,0.0000,1.0000,,0.0000,0.0000,no_calib
1259,42.0057,0.0000,0.0000,0.0000,0.0000,0,0.0000,1.0000,,0.0000,0.0000,no_calib
1260,42.0393,0.0000,0.0000,0.0000,0.0000,0,0.0000,1.0000,,0.0000,0.0000,no_calib
1261,42.0971,0.0000,0.0000,0.0000,0.0000,0,0.0000,1.0000,,0.0000,0.0000,no_calib
1262,42.1251,0.0000,0.0000,0.0000,0.0000,0,0.0000,1.0000,,0.0000,0.0000,no_calib
1263,42.1531,0.0000,0.0000,0.0000,0.0000,0,0.0000,1.0000,,0.0000,0.0000,no_calib
1264,42.1813,0.0000,0.0000,0.0000,0.0000,0,0.0000,1.0000,,0.0000,0.0000,no_calib
1265,42.2092,0.0000,0.0000,0.0000,0.0000,0,0.0000,1.0000,,0.0000,0.0000,no_calib
1266,42.2390,0.0000,0.0000,0.0000,0.0000,0,0.0000,1.0000,,0.0000,0.0000,no_calib
1267,42.2726,0.0000,0.0000,0.0000,0.0000,0,0.0000,1.0000,,0.0000,0.0000,no_calib
1268,42.3058,0.0000,0.0000,0.0000,0.0000,0,0.0000,1.0000,,0.0000,0.0000,no_calib
1269,42.3389,0.0000,0.0000,0.0000,0.0000,0,0.0000,1.0000,,0.0000,0.0000,no_calib
1270,42.3728,0.0000,0.0000,0.0000,0.0000,0,0.0000,1.0000,,0.0000,0.0000,no_calib
1271,42.4059,0.0000,0.0000,0.0000,0.0000,0,0.0000,1.0000,,0.0000,0.0000,no_calib
1272,42.4390,0.0000,0.0000,0.0000,0.0000,0,0.0000,1.0000,,0.0000,0.0000,no_calib
1273,42.4724,0.0000,0.0000,0.0000,0.0000,0,0.0000,1.0000,,0.0000,0.0000,no_calib
1274,42.5059,0.0000,0.0000,0.0000,0.0000,0,0.0000,1.0000,,0.0000,0.0000,no_calib
1275,42.5388,0.0000,0.0000,0.0000,0.0000,0,0.0000,1.0000,,0.0000,0.0000,no_calib
1276,42.5730,0.0000,0.0000,0.0000,0.0000,0,0.0000,1.0000,,0.0000,0.0000,no_calib
1277,42.6061,0.0000,0.0000,0.0000,0.0000,0,0.0000,1.0000,,0.0000,0.0000,no_calib
1278,42.6389,0.0000,0.0000,0.0000,0.0000,0,0.0000,1.0000,,0.0000,0.0000,no_calib
1279,42.6722,0.0000,0.0000,0.0000,0.0000,0,0.0000,1.0000,,0.0000,0.0000,no_calib
1280,42.7061,0.0000,0.0000,0.0000,0.0000,0,0.0000,1.0000,,0.0000,0.0000,no_calib
1281,42.7400,0.0000,0.0000,0.0000,0.0000,0,0.0000,1.0000,,0.0000,0.0000,no_calib
1282,42.7733,0.0000,0.0000,0.0000,0.0000,0,0.0000,1.0000,,0.0000,0.0000,no_calib
1283,42.8065,0.0000,0.0000,0.0000,0.0000,0,0.0000,1.0000,,0.0000,0.0000,no_calib
1284,42.8397,0.0000,0.0000,0.0000,0.0000,0,0.0000,1.0000,,0.0000,0.0000,no_calib
1285,42.8731,0.0000,0.0000,0.0000,0.0000,0,0.0000,1.0000,,0.0000,0.0000,no_calib
1286,42.9059,0.0000,0.0000,0.0000,0.0000,0,0.0000,1.0000,,0.0000,0.0000,no_calib
1287,42.9403,0.0000,0.0000,0.0000,0.0000,0,0.0000,1.0000,,0.0000,0.0000,no_calib
1288,42.9727,0.0000,0.0000,0.0000,0.0000,0,0.0000,1.0000,,0.0000,0.0000,no_calib
1289,43.0061,0.0000,0.0000,0.0000,0.0000,0,0.0000,1.0000,,0.0000,0.0000,no_calib
1290,43.0372,0.0000,0.0000,0.0000,0.0000,0,0.0000,1.0000,,0.0000,0.0000,no_calib
1291,43.0955,0.0000,0.0000,0.0000,0.0000,0,0.0000,1.0000,,0.0000,0.0000,no_calib
1292,43.1233,0.0000,0.0000,0.0000,0.0000,0,0.0000,1.0000,,0.0000,0.0000,no_calib
1293,43.1514,0.0000,0.0000,0.0000,0.0000,0,0.0000,1.0000,,0.0000,0.0000,no_calib
1294,43.1799,0.0000,0.0000,0.0000,0.0000,0,0.0000,1.0000,,0.0000,0.0000,no_calib
1295,43.2073,0.0000,0.0000,0.0000,0.0000,0,0.0000,1.0000,,0.0000,0.0000,no_calib
1296,43.2386,0.0000,0.0000,0.0000,0.0000,0,0.0000,1.0000,,0.0000,0.0000,no_calib
1297,43.2722,0.0000,0.0000,0.0000,0.0000,0,0.0000,1.0000,,0.0000,0.0000,no_calib
1298,43.3059,0.0000,0.0000,0.0000,0.0000,0,0.0000,1.0000,,0.0000,0.0000,no_calib
1299,43.3392,0.0000,0.0000,0.0000,0.0000,0,0.0000,1.0000,,0.0000,0.0000,no_calib
1300,43.3721,0.0000,0.0000,0.0000,0.0000,0,0.0000,1.0000,,0.0000,0.0000,no_calib
1301,43.4058,0.0000,0.0000,0.0000,0.0000,0,0.0000,1.0000,,0.0000,0.0000,no_calib
1302,43.4398,0.0000,0.0000,0.0000,0.0000,0,0.0000,1.0000,,0.0000,0.0000,no_calib
1303,43.4722,0.0000,0.0000,0.0000,0.0000,0,0.0000,1.0000,,0.0000,0.0000,no_calib
1304,43.5058,0.0000,0.0000,0.0000,0.0000,0,0.0000,1.0000,,0.0000,0.0000,no_calib
1305,43.5392,0.0000,0.0000,0.0000,0.0000,0,0.0000,1.0000,,0.0000,0.0000,no_calib
1306,43.5722,0.0000,0.0000,0.0000,0.0000,0,0.0000,1.0000,,0.0000,0.0000,no_calib
1307,43.6053,0.0000,0.0000,0.0000,0.0000,0,0.0000,1.0000,,0.0000,0.0000,no_calib
1308,43.6387,0.0000,0.0000,0.0000,0.0000,0,0.0000,1.0000,,0.0000,0.0000,no_calib
1309,43.6716,0.0000,0.0000,0.0000,0.0000,0,0.0000,1.0000,,0.0000,0.0000,no_calib
1310,43.7053,0.0000,0.0000,0.0000,0.0000,0,0.0000,1.0000,,0.0000,0.0000,no_calib
1311,43.7397,0.0000,0.0000,0.0000,0.0000,0,0.0000,1.0000,,0.0000,0.0000,no_calib
1312,43.7723,0.0000,0.0000,0.0000,0.0000,0,0.0000,1.0000,,0.0000,0.0000,no_calib
1313,43.8053,0.0000,0.0000,0.0000,0.0000,0,0.0000,1.0000,,0.0000,0.0000,no_calib
1314,43.8391,0.0000,0.0000,0.0000,0.0000,0,0.0000,1.0000,,0.0000,0.0000,no_calib
1315,43.8720,0.0000,0.0000,0.0000,0.0000,0,0.0000,1.0000,,0.0000,0.0000,no_calib
1316,43.9053,0.0000,0.0000,0.0000,0.0000,0,0.0000,1.0000,,0.0000,0.0000,no_calib
1317,43.9391,0.0000,0.0000,0.0000,0.0000,0,0.0000,1.0000,,0.0000,0.0000,no_calib
1318,43.9720,0.0000,0.0000,0.0000,0.0000,0,0.0000,1.0000,,0.0000,0.0000,no_calib
1319,44.0053,0.0000,0.0000,0.0000,0.0000,0,0.0000,1.0000,,0.0000,0.0000,no_calib
1320,44.0389,0.0000,0.0000,0.0000,0.0000,0,0.0000,1.0000,,0.0000,0.0000,no_calib
1321,44.0961,0.0000,0.0000,0.0000,0.0000,0,0.0000,1.0000,,0.0000,0.0000,no_calib
1322,44.1237,0.0000,0.0000,0.0000,0.0000,0,0.0000,1.0000,,0.0000,0.0000,no_calib
1323,44.1513,0.0000,0.0000,0.0000,0.0000,0,0.0000,1.0000,,0.0000,0.0000,no_calib
1324,44.1789,0.0000,0.0000,0.0000,0.0000,0,0.0000,1.0000,,0.0000,0.0000,no_calib
1325,44.2064,0.0000,0.0000,0.0000,0.0000,0,0.0000,1.0000,,0.0000,0.0000,no_calib
1326,44.2389,0.0000,0.0000,0.0000,0.0000,0,0.0000,1.0000,,0.0000,0.0000,no_calib
1327,44.2723,0.0000,0.0000,0.0000,0.0000,0,0.0000,1.0000,,0.0000,0.0000,no_calib
1328,44.3057,0.0000,0.0000,0.0000,0.0000,0,0.0000,1.0000,,0.0000,0.0000,no_calib
1329,44.3388,0.0000,0.0000,0.0000,0.0000,0,0.0000,1.0000,,0.0000,0.0000,no_calib
1330,44.3722,0.0000,0.0000,0.0000,0.0000,0,0.0000,1.0000,,0.0000,0.0000,no_calib
1331,44.4053,0.0000,0.0000,0.0000,0.0000,0,0.0000,1.0000,,0.0000,0.0000,no_calib
1332,44.4385,0.0000,0.0000,0.0000,0.0000,0,0.0000,1.0000,,0.0000,0.0000,no_calib
1333,44.4722,0.0000,0.0000,0.0000,0.0000,0,0.0000,1.0000,,0.0000,0.0000,no_calib
1334,44.5048,0.0000,0.0000,0.0000,0.0000,0,0.0000,1.0000,,0.0000,0.0000,no_calib
1335,44.5384,0.0000,0.0000,0.0000,0.0000,0,0.0000,1.0000,,0.0000,0.0000,no_calib
1336,44.5721,0.0000,0.0000,0.0000,0.0000,0,0.0000,1.0000,,0.0000,0.0000,no_calib
1337,44.6049,0.0000,0.0000,0.0000,0.0000,0,0.0000,1.0000,,0.0000,0.0000,no_calib
1338,44.6386,0.0000,0.0000,0.0000,0.0000,0,0.0000,1.0000,,0.0000,0.0000,no_calib
1339,44.6724,0.0000,0.0000,0.0000,0.0000,0,0.0000,1.0000,,0.0000,0.0000,no_calib
1340,44.7049,0.0000,0.0000,0.0000,0.0000,0,0.0000,1.0000,,0.0000,0.0000,no_calib
1341,44.7395,0.0000,0.0000,0.0000,0.0000,0,0.0000,1.0000,,0.0000,0.0000,no_calib
1342,44.7722,0.0000,0.0000,0.0000,0.0000,0,0.0000,1.0000,,0.0000,0.0000,no_calib
1343,44.8049,0.0000,0.0000,0.0000,0.0000,0,0.0000,1.0000,,0.0000,0.0000,no_calib
1344,44.8389,0.0000,0.0000,0.0000,0.0000,0,0.0000,1.0000,,0.0000,0.0000,no_calib
1345,44.8720,0.0000,0.0000,0.0000,0.0000,0,0.0000,1.0000,,0.0000,0.0000,no_calib
1346,44.9050,0.0000,0.0000,0.0000,0.0000,0,0.0000,1.0000,,0.0000,0.0000,no_calib
1347,44.9384,0.0000,0.0000,0.0000,0.0000,0,0.0000,1.0000,,0.0000,0.0000,no_calib
1348,44.9720,0.0000,0.0000,0.0000,0.0000,0,0.0000,1.0000,,0.0000,0.0000,no_calib
1349,45.0049,0.0000,0.0000,0.0000,0.0000,0,0.0000,1.0000,,0.0000,0.0000,no_calib
1350,45.0382,0.0000,0.0000,0.0000,0.0000,0,0.0000,1.0000,,0.0000,0.0000,no_calib
1351,45.0948,0.0000,0.0000,0.0000,0.0000,0,0.0000,1.0000,,0.0000,0.0000,no_calib
1352,45.1219,0.0000,0.0000,0.0000,0.0000,0,0.0000,1.0000,,0.0000,0.0000,no_calib
1353,45.1486,0.0000,0.0000,0.0000,0.0000,0,0.0000,1.0000,,0.0000,0.0000,no_calib
1354,45.1756,0.0000,0.0000,0.0000,0.0000,0,0.0000,1.0000,,0.0000,0.0000,no_calib
1355,45.2054,0.0000,0.0000,0.0000,0.0000,0,0.0000,1.0000,,0.0000,0.0000,no_calib
1356,45.2382,0.0000,0.0000,0.0000,0.0000,0,0.0000,1.0000,,0.0000,0.0000,no_calib
1357,45.2719,0.0000,0.0000,0.0000,0.0000,0,0.0000,1.0000,,0.0000,0.0000,no_calib
1358,45.3049,0.0000,0.0000,0.0000,0.0000,0,0.0000,1.0000,,0.0000,0.0000,no_calib
1359,45.3380,0.0000,0.0000,0.0000,0.0000,0,0.0000,1.0000,,0.0000,0.0000,no_calib
1360,45.3719,0.0000,0.0000,0.0000,0.0000,0,0.0000,1.0000,,0.0000,0.0000,no_calib
1361,45.4051,0.0000,0.0000,0.0000,0.0000,0,0.0000,1.0000,,0.0000,0.0000,no_calib
1362,45.4380,0.0000,0.0000,0.0000,0.0000,0,0.0000,1.0000,,0.0000,0.0000,no_calib
1363,45.4715,0.0000,0.0000,0.0000,0.0000,0,0.0000,1.0000,,0.0000,0.0000,no_calib
1364,45.5049,0.0000,0.0000,0.0000,0.0000,0,0.0000,1.0000,,0.0000,0.0000,no_calib
1365,45.5382,0.0000,0.0000,0.0000,0.0000,0,0.0000,1.0000,,0.0000,0.0000,no_calib
1366,45.5720,0.0000,0.0000,0.0000,0.0000,0,0.0000,1.0000,,0.0000,0.0000,no_calib
1367,45.6048,0.0000,0.0000,0.0000,0.0000,0,0.0000,1.0000,,0.0000,0.0000,no_calib
1368,45.6378,0.0000,0.0000,0.0000,0.0000,0,0.0000,1.0000,,0.0000,0.0000,no_calib
1369,45.6714,0.0000,0.0000,0.0000,0.0000,0,0.0000,1.0000,,0.0000,0.0000,no_calib
1370,45.7049,0.0000,0.0000,0.0000,0.0000,0,0.0000,1.0000,,0.0000,0.0000,no_calib
1371,45.7397,0.0000,0.0000,0.0000,0.0000,0,0.0000,1.0000,,0.0000,0.0000,no_calib
1372,45.7713,0.0000,0.0000,0.0000,0.0000,0,0.0000,1.0000,,0.0000,0.0000,no_calib
1373,45.8051,0.0000,0.0000,0.0000,0.0000,0,0.0000,1.0000,,0.0000,0.0000,no_calib
1374,45.8381,0.0000,0.0000,0.0000,0.0000,0,0.0000,1.0000,,0.0000,0.0000,no_calib
1375,45.8714,0.0000,0.0000,0.0000,0.0000,0,0.0000,1.0000,,0.0000,0.0000,no_calib
1376,45.9051,0.0000,0.0000,0.0000,0.0000,0,0.0000,1.0000,,0.0000,0.0000,no_calib
1377,45.9383,0.0000,0.0000,0.0000,0.0000,0,0.0000,1.0000,,0.0000,0.0000,no_calib
1378,45.9710,0.0000,0.0000,0.0000,0.0000,0,0.0000,1.0000,,0.0000,0.0000,no_calib
1379,46.0049,0.0000,0.0000,0.0000,0.0000,0,0.0000,1.0000,,0.0000,0.0000,no_calib
1380,46.0378,0.0000,0.0000,0.0000,0.0000,0,0.0000,1.0000,,0.0000,0.0000,no_calib
1381,46.0952,0.0000,0.0000,0.0000,0.0000,0,0.0000,1.0000,,0.0000,0.0000,no_calib
1382,46.1227,0.0000,0.0000,0.0000,0.0000,0,0.0000,1.0000,,0.0000,0.0000,no_calib
1383,46.1500,0.0000,0.0000,0.0000,0.0000,0,0.0000,1.0000,,0.0000,0.0000,no_calib
1384,46.1773,0.0000,0.0000,0.0000,0.0000,0,0.0000,1.0000,,0.0000,0.0000,no_calib
1385,46.2046,0.0000,0.0000,0.0000,0.0000,0,0.0000,1.0000,,0.0000,0.0000,no_calib
1386,46.2379,0.0000,0.0000,0.0000,0.0000,0,0.0000,1.0000,,0.0000,0.0000,no_calib
1387,46.2711,0.0000,0.0000,0.0000,0.0000,0,0.0000,1.0000,,0.0000,0.0000,no_calib
1388,46.3051,0.0000,0.0000,0.0000,0.0000,0,0.0000,1.0000,,0.0000,0.0000,no_calib
1389,46.3379,0.0000,0.0000,0.0000,0.0000,0,0.0000,1.0000,,0.0000,0.0000,no_calib
1390,46.3713,0.0000,0.0000,0.0000,0.0000,0,0.0000,1.0000,,0.0000,0.0000,no_calib
1391,46.4044,0.0000,0.0000,0.0000,0.0000,0,0.0000,1.0000,,0.0000,0.0000,no_calib
1392,46.4381,0.0000,0.0000,0.0000,0.0000,0,0.0000,1.0000,,0.0000,0.0000,no_calib
1393,46.4712,0.0000,0.0000,0.0000,0.0000,0,0.0000,1.0000,,0.0000,0.0000,no_calib
1394,46.5049,0.0000,0.0000,0.0000,0.0000,0,0.0000,1.0000,,0.0000,0.0000,no_calib
1395,46.5382,0.0000,0.0000,0.0000,0.0000,0,0.0000,1.0000,,0.0000,0.0000,no_calib
1396,46.5716,0.0000,0.0000,0.0000,0.0000,0,0.0000,1.0000,,0.0000,0.0000,no_calib
1397,46.6043,0.0000,0.0000,0.0000,0.0000,0,0.0000,1.0000,,0.0000,0.0000,no_calib
1398,46.6379,0.0000,0.0000,0.0000,0.0000,0,0.0000,1.0000,,0.0000,0.0000,no_calib
1399,46.6711,0.0000,0.0000,0.0000,0.0000,0,0.0000,1.0000,,0.0000,0.0000,no_calib
1400,46.7049,0.0000,0.0000,0.0000,0.0000,0,0.0000,1.0000,,0.0000,0.0000,no_calib
1401,46.7387,0.0000,0.0000,0.0000,0.0000,0,0.0000,1.0000,,0.0000,0.0000,no_calib
1402,46.7715,0.0000,0.0000,0.0000,0.0000,0,0.0000,1.0000,,0.0000,0.0000,no_calib
1403,46.8038,0.0000,0.0000,0.0000,0.0000,0,0.0000,1.0000,,0.0000,0.0000,no_calib
1404,46.8381,0.0000,0.0000,0.0000,0.0000,0,0.0000,1.0000,,0.0000,0.0000,no_calib
1405,46.8708,0.0000,0.0000,0.0000,0.0000,0,0.0000,1.0000,,0.0000,0.0000,no_calib
1406,46.9044,0.0000,0.0000,0.0000,0.0000,0,0.0000,1.0000,,0.0000,0.0000,no_calib
1407,46.9380,0.0000,0.0000,0.0000,0.0000,0,0.0000,1.0000,,0.0000,0.0000,no_calib
1408,46.9708,0.0000,0.0000,0.0000,0.0000,0,0.0000,1.0000,,0.0000,0.0000,no_calib
1409,47.0041,0.0000,0.0000,0.0000,0.0000,0,0.0000,1.0000,,0.0000,0.0000,no_calib
1410,47.0386,0.0000,0.0000,0.0000,0.0000,0,0.0000,1.0000,,0.0000,0.0000,no_calib
1411,47.0955,0.0000,0.0000,0.0000,0.0000,0,0.0000,1.0000,,0.0000,0.0000,no_calib
1412,47.1225,0.0000,0.0000,0.0000,0.0000,0,0.0000,1.0000,,0.0000,0.0000,no_calib
1413,47.1496,0.0000,0.0000,0.0000,0.0000,0,0.0000,1.0000,,0.0000,0.0000,no_calib
1414,47.1765,0.0000,0.0000,0.0000,0.0000,0,0.0000,1.0000,,0.0000,0.0000,no_calib
1415,47.2040,0.0000,0.0000,0.0000,0.0000,0,0.0000,1.0000,,0.0000,0.0000,no_calib
1416,47.2379,0.0000,0.0000,0.0000,0.0000,0,0.0000,1.0000,,0.0000,0.0000,no_calib
1417,47.2708,0.0000,0.0000,0.0000,0.0000,0,0.0000,1.0000,,0.0000,0.0000,no_calib
1418,47.3042,0.0000,0.0000,0.0000,0.0000,0,0.0000,1.0000,,0.0000,0.0000,no_calib
1419,47.3378,0.0000,0.0000,0.0000,0.0000,0,0.0000,1.0000,,0.0000,0.0000,no_calib
1420,47.3712,0.0000,0.0000,0.0000,0.0000,0,0.0000,1.0000,,0.0000,0.0000,no_calib
1421,47.4042,0.0000,0.0000,0.0000,0.0000,0,0.0000,1.0000,,0.0000,0.0000,no_calib
1422,47.4379,0.0000,0.0000,0.0000,0.0000,0,0.0000,1.0000,,0.0000,0.0000,no_calib
1423,47.4713,0.0000,0.0000,0.0000,0.0000,0,0.0000,1.0000,,0.0000,0.0000,no_calib
1424,47.5039,0.0000,0.0000,0.0000,0.0000,0,0.0000,1.0000,,0.0000,0.0000,no_calib
1425,47.5374,0.0000,0.0000,0.0000,0.0000,0,0.0000,1.0000,,0.0000,0.0000,no_calib
1426,47.5705,0.0000,0.0000,0.0000,0.0000,0,0.0000,1.0000,,0.0000,0.0000,no_calib
1427,47.6036,0.0000,0.0000,0.0000,0.0000,0,0.0000,1.0000,,0.0000,0.0000,no_calib
1428,47.6379,0.0000,0.0000,0.0000,0.0000,0,0.0000,1.0000,,0.0000,0.0000,no_calib
1429,47.6711,0.0000,0.0000,0.0000,0.0000,0,0.0000,1.0000,,0.0000,0.0000,no_calib
1430,47.7040,0.0000,0.0000,0.0000,0.0000,0,0.0000,1.0000,,0.0000,0.0000,no_calib
1431,47.7387,0.0000,0.0000,0.0000,0.0000,0,0.0000,1.0000,,0.0000,0.0000,no_calib
1432,47.7710,0.0000,0.0000,0.0000,0.0000,0,0.0000,1.0000,,0.0000,0.0000,no_calib
1433,47.8042,0.0000,0.0000,0.0000,0.0000,0,0.0000,1.0000,,0.0000,0.0000,no_calib
1434,47.8375,0.0000,0.0000,0.0000,0.0000,0,0.0000,1.0000,,0.0000,0.0000,no_calib
1435,47.8713,0.0000,0.0000,0.0000,0.0000,0,0.0000,1.0000,,0.0000,0.0000,no_calib
1436,47.9042,0.0000,0.0000,0.0000,0.0000,0,0.0000,1.0000,,0.0000,0.0000,no_calib
1437,47.9374,0.0000,0.0000,0.0000,0.0000,0,0.0000,1.0000,,0.0000,0.0000,no_calib
1438,47.9710,0.0000,0.0000,0.0000,0.0000,0,0.0000,1.0000,,0.0000,0.0000,no_calib
1439,48.0044,0.0000,0.0000,0.0000,0.0000,0,0.0000,1.0000,,0.0000,0.0000,no_calib
1440,48.0373,0.0000,0.0000,0.0000,0.0000,0,0.0000,1.0000,,0.0000,0.0000,no_calib
1441,48.0948,0.0000,0.0000,0.0000,0.0000,0,0.0000,1.0000,,0.0000,0.0000,no_calib
1442,48.1217,0.0000,0.0000,0.0000,0.0000,0,0.0000,1.0000,,0.0000,0.0000,no_calib
1443,48.1489,0.0000,0.0000,0.0000,0.0000,0,0.0000,1.0000,,0.0000,0.0000,no_calib
1444,48.1760,0.0000,0.0000,0.0000,0.0000,0,0.0000,1.0000,,0.0000,0.0000,no_calib
1445,48.2041,0.0000,0.0000,0.0000,0.0000,0,0.0000,1.0000,,0.0000,0.0000,no_calib
1446,48.2373,0.0000,0.0000,0.0000,0.0000,0,0.0000,1.0000,,0.0000,0.0000,no_calib
1447,48.2708,0.0000,0.0000,0.0000,0.0000,0,0.0000,1.0000,,0.0000,0.0000,no_calib
1448,48.3039,0.0000,0.0000,0.0000,0.0000,0,0.0000,1.0000,,0.0000,0.0000,no_calib
1449,48.3371,0.0000,0.0000,0.0000,0.0000,0,0.0000,1.0000,,0.0000,0.0000,no_calib
1450,48.3702,0.0000,0.0000,0.0000,0.0000,0,0.0000,1.0000,,0.0000,0.0000,no_calib
1451,48.4044,0.0000,0.0000,0.0000,0.0000,0,0.0000,1.0000,,0.0000,0.0000,no_calib
1452,48.4369,0.0000,0.0000,0.0000,0.0000,0,0.0000,1.0000,,0.0000,0.0000,no_calib
1453,48.4711,0.0000,0.0000,0.0000,0.0000,0,0.0000,1.0000,,0.0000,0.0000,no_calib
1454,48.5044,0.0000,0.0000,0.0000,0.0000,0,0.0000,1.0000,,0.0000,0.0000,no_calib
1455,48.5371,0.0000,0.0000,0.0000,0.0000,0,0.0000,1.0000,,0.0000,0.0000,no_calib
1456,48.5713,0.0000,0.0000,0.0000,0.0000,0,0.0000,1.0000,,0.0000,0.0000,no_calib
1457,48.6044,0.0000,0.0000,0.0000,0.0000,0,0.0000,1.0000,,0.0000,0.0000,no_calib
1458,48.6369,0.0000,0.0000,0.0000,0.0000,0,0.0000,1.0000,,0.0000,0.0000,no_calib
1459,48.6697,0.0000,0.0000,0.0000,0.0000,0,0.0000,1.0000,,0.0000,0.0000,no_calib
1460,48.7041,0.0000,0.0000,0.0000,0.0000,0,0.0000,1.0000,,0.0000,0.0000,no_calib
1461,48.7384,0.0000,0.0000,0.0000,0.0000,0,0.0000,1.0000,,0.0000,0.0000,no_calib
1462,48.7710,0.0000,0.0000,0.0000,0.0000,0,0.0000,1.0000,,0.0000,0.0000,no_calib
1463,48.8041,0.0000,0.0000,0.0000,0.0000,0,0.0000,1.0000,,0.0000,0.0000,no_calib
1464,48.8369,0.0000,0.0000,0.0000,0.0000,0,0.0000,1.0000,,0.0000,0.0000,no_calib
1465,48.8701,0.0000,0.0000,0.0000,0.0000,0,0.0000,1.0000,,0.0000,0.0000,no_calib
1466,48.9041,0.0000,0.0000,0.0000,0.0000,0,0.0000,1.0000,,0.0000,0.0000,no_calib
1467,48.9368,0.0000,0.0000,0.0000,0.0000,0,0.0000,1.0000,,0.0000,0.0000,no_calib
1468,48.9701,0.0000,0.0000,0.0000,0.0000,0,0.0000,1.0000,,0.0000,0.0000,no_calib
1469,49.0038,0.0000,0.0000,0.0000,0.0000,0,0.0000,1.0000,,0.0000,0.0000,no_calib
1470,49.0372,0.0000,0.0000,0.0000,0.0000,0,0.0000,1.0000,,0.0000,0.0000,no_calib
1471,49.0956,0.0000,0.0000,0.0000,0.0000,0,0.0000,1.0000,,0.0000,0.0000,no_calib
1472,49.1226,0.0000,0.0000,0.0000,0.0000,0,0.0000,1.0000,,0.0000,0.0000,no_calib
1473,49.1500,0.0000,0.0000,0.0000,0.0000,0,0.0000,1.0000,,0.0000,0.0000,no_calib
1474,49.1775,0.0000,0.0000,0.0000,0.0000,0,0.0000,1.0000,,0.0000,0.0000,no_calib
1475,49.2048,0.0000,0.0000,0.0000,0.0000,0,0.0000,1.0000,,0.0000,0.0000,no_calib
1476,49.2370,0.0000,0.0000,0.0000,0.0000,0,0.0000,1.0000,,0.0000,0.0000,no_calib
1477,49.2701,0.0000,0.0000,0.0000,0.0000,0,0.0000,1.0000,,0.0000,0.0000,no_calib
1478,49.3037,0.0000,0.0000,0.0000,0.0000,0,0.0000,1.0000,,0.0000,0.0000,no_calib
1479,49.3369,0.0000,0.0000,0.0000,0.0000,0,0.0000,1.0000,,0.0000,0.0000,no_calib
1480,49.3700,0.0000,0.0000,0.0000,0.0000,0,0.0000,1.0000,,0.0000,0.0000,no_calib
1481,49.4038,0.0000,0.0000,0.0000,0.0000,0,0.0000,1.0000,,0.0000,0.0000,no_calib
1482,49.4375,0.0000,0.0000,0.0000,0.0000,0,0.0000,1.0000,,0.0000,0.0000,no_calib
1483,49.4701,0.0000,0.0000,0.0000,0.0000,0,0.0000,1.0000,,0.0000,0.0000,no_calib
1484,49.5041,0.0000,0.0000,0.0000,0.0000,0,0.0000,1.0000,,0.0000,0.0000,no_calib
1485,49.5369,0.0000,0.0000,0.0000,0.0000,0,0.0000,1.0000,,0.0000,0.0000,no_calib
1486,49.5709,0.0000,0.0000,0.0000,0.0000,0,0.0000,1.0000,,0.0000,0.0000,no_calib
1487,49.6032,0.0000,0.0000,0.0000,0.0000,0,0.0000,1.0000,,0.0000,0.0000,no_calib
1488,49.6374,0.0000,0.0000,0.0000,0.0000,0,0.0000,1.0000,,0.0000,0.0000,no_calib
1489,49.6697,0.0000,0.0000,0.0000,0.0000,0,0.0000,1.0000,,0.0000,0.0000,no_calib
1490,49.7037,0.0000,0.0000,0.0000,0.0000,0,0.0000,1.0000,,0.0000,0.0000,no_calib
1491,49.7381,0.0000,0.0000,0.0000,0.0000,0,0.0000,1.0000,,0.0000,0.0000,no_calib
1492,49.7710,0.0000,0.0000,0.0000,0.0000,0,0.0000,1.0000,,0.0000,0.0000,no_calib
1493,49.8029,0.0000,0.0000,0.0000,0.0000,0,0.0000,1.0000,,0.0000,0.0000,no_calib
1494,49.8371,0.0000,0.0000,0.0000,0.0000,0,0.0000,1.0000,,0.0000,0.0000,no_calib
1495,49.8700,0.0000,0.0000,0.0000,0.0000,0,0.0000,1.0000,,0.0000,0.0000,no_calib
1496,49.9033,0.0000,0.0000,0.0000,0.0000,0,0.0000,1.0000,,0.0000,0.0000,no_calib
1497,49.9370,0.0000,0.0000,0.0000,0.0000,0,0.0000,1.0000,,0.0000,0.0000,no_calib
1498,49.9698,0.0000,0.0000,0.0000,0.0000,0,0.0000,1.0000,,0.0000,0.0000,no_calib
1499,50.0033,0.0000,0.0000,0.0000,0.0000,0,0.0000,1.0000,,0.0000,0.0000,no_calib
1500,50.0370,0.0000,0.0000,0.0000,0.0000,0,0.0000,1.0000,,0.0000,0.0000,no_calib
1501,50.0952,0.0000,0.0000,0.0000,0.0000,0,0.0000,1.0000,,0.0000,0.0000,no_calib
1502,50.1224,0.0000,0.0000,0.0000,0.0000,0,0.0000,1.0000,,0.0000,0.0000,no_calib
1503,50.1496,0.0000,0.0000,0.0000,0.0000,0,0.0000,1.0000,,0.0000,0.0000,no_calib
1504,50.1770,0.0000,0.0000,0.0000,0.0000,0,0.0000,1.0000,,0.0000,0.0000,no_calib
1505,50.2042,0.0000,0.0000,0.0000,0.0000,0,0.0000,1.0000,,0.0000,0.0000,no_calib
1506,50.2370,0.0000,0.0000,0.0000,0.0000,0,0.0000,1.0000,,0.0000,0.0000,no_calib
1507,50.2705,0.0000,0.0000,0.0000,0.0000,0,0.0000,1.0000,,0.0000,0.0000,no_calib
1508,50.3028,0.0000,0.0000,0.0000,0.0000,0,0.0000,1.0000,,0.0000,0.0000,no_calib
1509,50.3363,0.0000,0.0000,0.0000,0.0000,0,0.0000,1.0000,,0.0000,0.0000,no_calib
1510,50.3703,0.0000,0.0000,0.0000,0.0000,0,0.0000,1.0000,,0.0000,0.0000,no_calib
1511,50.4028,0.0000,0.0000,0.0000,0.0000,0,0.0000,1.0000,,0.0000,0.0000,no_calib
1512,50.4369,0.0000,0.0000,0.0000,0.0000,0,0.0000,1.0000,,0.0000,0.0000,no_calib
1513,50.4703,0.0000,0.0000,0.0000,0.0000,0,0.0000,1.0000,,0.0000,0.0000,no_calib
1514,50.5032,0.0000,0.0000,0.0000,0.0000,0,0.0000,1.0000,,0.0000,0.0000,no_calib
1515,50.5370,0.0000,0.0000,0.0000,0.0000,0,0.0000,1.0000,,0.0000,0.0000,no_calib
1516,50.5702,0.0000,0.0000,0.0000,0.0000,0,0.0000,1.0000,,0.0000,0.0000,no_calib
1517,50.6031,0.0000,0.0000,0.0000,0.0000,0,0.0000,1.0000,,0.0000,0.0000,no_calib
1518,50.6369,0.0000,0.0000,0.0000,0.0000,0,0.0000,1.0000,,0.0000,0.0000,no_calib
1519,50.6702,0.0000,0.0000,0.0000,0.0000,0,0.0000,1.0000,,0.0000,0.0000,no_calib
1520,50.7030,0.0000,0.0000,0.0000,0.0000,0,0.0000,1.0000,,0.0000,0.0000,no_calib
1521,50.7378,0.0000,0.0000,0.0000,0.0000,0,0.0000,1.0000,,0.0000,0.0000,no_calib
1522,50.7717,0.0000,0.0000,0.0000,0.0000,0,0.0000,1.0000,,0.0000,0.0000,no_calib
1523,50.8030,0.0000,0.0000,0.0000,0.0000,0,0.0000,1.0000,,0.0000,0.0000,no_calib
1524,50.8363,0.0000,0.0000,0.0000,0.0000,0,0.0000,1.0000,,0.0000,0.0000,no_calib
1525,50.8696,0.0000,0.0000,0.0000,0.0000,0,0.0000,1.0000,,0.0000,0.0000,no_calib
1526,50.9028,0.0000,0.0000,0.0000,0.0000,0,0.0000,1.0000,,0.0000,0.0000,no_calib
1527,50.9361,0.0000,0.0000,0.0000,0.0000,0,0.0000,1.0000,,0.0000,0.0000,no_calib
1528,50.9702,0.0000,0.0000,0.0000,0.0000,0,0.0000,1.0000,,0.0000,0.0000,no_calib
1529,51.0030,0.0000,0.0000,0.0000,0.0000,0,0.0000,1.0000,,0.0000,0.0000,no_calib
1530,51.0364,0.0000,0.0000,0.0000,0.0000,0,0.0000,1.0000,,0.0000,0.0000,no_calib
1531,51.0934,0.0000,0.0000,0.0000,0.0000,0,0.0000,1.0000,,0.0000,0.0000,no_calib
1532,51.1210,0.0000,0.0000,0.0000,0.0000,0,0.0000,1.0000,,0.0000,0.0000,no_calib
1533,51.1484,0.0000,0.0000,0.0000,0.0000,0,0.0000,1.0000,,0.0000,0.0000,no_calib
1534,51.1760,0.0000,0.0000,0.0000,0.0000,0,0.0000,1.0000,,0.0000,0.0000,no_calib
1535,51.2032,0.0000,0.0000,0.0000,0.0000,0,0.0000,1.0000,,0.0000,0.0000,no_calib
1536,51.2358,0.0000,0.0000,0.0000,0.0000,0,0.0000,1.0000,,0.0000,0.0000,no_calib
1537,51.2698,0.0000,0.0000,0.0000,0.0000,0,0.0000,1.0000,,0.0000,0.0000,no_calib
1538,51.3033,0.0000,0.0000,0.0000,0.0000,0,0.0000,1.0000,,0.0000,0.0000,no_calib
1539,51.3360,0.0000,0.0000,0.0000,0.0000,0,0.0000,1.0000,,0.0000,0.0000,no_calib
1540,51.3693,0.0000,0.0000,0.0000,0.0000,0,0.0000,1.0000,,0.0000,0.0000,no_calib
1541,51.4032,0.0000,0.0000,0.0000,0.0000,0,0.0000,1.0000,,0.0000,0.0000,no_calib
1542,51.4360,0.0000,0.0000,0.0000,0.0000,0,0.0000,1.0000,,0.0000,0.0000,no_calib
1543,51.4693,0.0000,0.0000,0.0000,0.0000,0,0.0000,1.0000,,0.0000,0.0000,no_calib
1544,51.5032,0.0000,0.0000,0.0000,0.0000,0,0.0000,1.0000,,0.0000,0.0000,no_calib
1545,51.5362,0.0000,0.0000,0.0000,0.0000,0,0.0000,1.0000,,0.0000,0.0000,no_calib
1546,51.5702,0.0000,0.0000,0.0000,0.0000,0,0.0000,1.0000,,0.0000,0.0000,no_calib
1547,51.6031,0.0000,0.0000,0.0000,0.0000,0,0.0000,1.0000,,0.0000,0.0000,no_calib
1548,51.6362,0.0000,0.0000,0.0000,0.0000,0,0.0000,1.0000,,0.0000,0.0000,no_calib
1549,51.6692,0.0000,0.0000,0.0000,0.0000,0,0.0000,1.0000,,0.0000,0.0000,no_calib
1550,51.7030,0.0000,0.0000,0.0000,0.0000,0,0.0000,1.0000,,0.0000,0.0000,no_calib
1551,51.7370,0.0000,0.0000,0.0000,0.0000,0,0.0000,1.0000,,0.0000,0.0000,no_calib
1552,51.7705,0.0000,0.0000,0.0000,0.0000,0,0.0000,1.0000,,0.0000,0.0000,no_calib
1553,51.8034,0.0000,0.0000,0.0000,0.0000,0,0.0000,1.0000,,0.0000,0.0000,no_calib
1554,51.8360,0.0000,0.0000,0.0000,0.0000,0,0.0000,1.0000,,0.0000,0.0000,no_calib
1555,51.8693,0.0000,0.0000,0.0000,0.0000,0,0.0000,1.0000,,0.0000,0.0000,no_calib
1556,51.9032,0.0000,0.0000,0.0000,0.0000,0,0.0000,1.0000,,0.0000,0.0000,no_calib
1557,51.9385,0.0000,0.0000,0.0000,0.0000,0,0.0000,1.0000,,0.0000,0.0000,no_calib
1558,51.9693,0.0000,0.0000,0.0000,0.0000,0,0.0000,1.0000,,0.0000,0.0000,no_calib
1559,52.0027,0.0000,0.0000,0.0000,0.0000,0,0.0000,1.0000,,0.0000,0.0000,no_calib
1560,52.0359,0.0000,0.0000,0.0000,0.0000,0,0.0000,1.0000,,0.0000,0.0000,no_calib
1561,52.0958,0.0000,0.0000,0.0000,0.0000,0,0.0000,1.0000,,0.0000,0.0000,no_calib
1562,52.1233,0.0000,0.0000,0.0000,0.0000,0,0.0000,1.0000,,0.0000,0.0000,no_calib
1563,52.1504,0.0000,0.0000,0.0000,0.0000,0,0.0000,1.0000,,0.0000,0.0000,no_calib
1564,52.1776,0.0000,0.0000,0.0000,0.0000,0,0.0000,1.0000,,0.0000,0.0000,no_calib
1565,52.2045,0.0000,0.0000,0.0000,0.0000,0,0.0000,1.0000,,0.0000,0.0000,no_calib
1566,52.2360,0.0000,0.0000,0.0000,0.0000,0,0.0000,1.0000,,0.0000,0.0000,no_calib
1567,52.2693,0.0000,0.0000,0.0000,0.0000,0,0.0000,1.0000,,0.0000,0.0000,no_calib
1568,52.3029,0.0000,0.0000,0.0000,0.0000,0,0.0000,1.0000,,0.0000,0.0000,no_calib
1569,52.3379,0.0000,0.0000,0.0000,0.0000,0,0.0000,1.0000,,0.0000,0.0000,no_calib
1570,52.3694,0.0000,0.0000,0.0000,0.0000,0,0.0000,1.0000,,0.0000,0.0000,no_calib
1571,52.4027,0.0000,0.0000,0.0000,0.0000,0,0.0000,1.0000,,0.0000,0.0000,no_calib
1572,52.4365,0.0000,0.0000,0.0000,0.0000,0,0.0000,1.0000,,0.0000,0.0000,no_calib
1573,52.4695,0.0000,0.0000,0.0000,0.0000,0,0.0000,1.0000,,0.0000,0.0000,no_calib
1574,52.5029,0.0000,0.0000,0.0000,0.0000,0,0.0000,1.0000,,0.0000,0.0000,no_calib
1575,52.5363,0.0000,0.0000,0.0000,0.0000,0,0.0000,1.0000,,0.0000,0.0000,no_calib
1576,52.5695,0.0000,0.0000,0.0000,0.0000,0,0.0000,1.0000,,0.0000,0.0000,no_calib
1577,52.6028,0.0000,0.0000,0.0000,0.0000,0,0.0000,1.0000,,0.0000,0.0000,no_calib
1578,52.6364,0.0000,0.0000,0.0000,0.0000,0,0.0000,1.0000,,0.0000,0.0000,no_calib
1579,52.6693,0.0000,0.0000,0.0000,0.0000,0,0.0000,1.0000,,0.0000,0.0000,no_calib
1580,52.7027,0.0000,0.0000,0.0000,0.0000,0,0.0000,1.0000,,0.0000,0.0000,no_calib
1581,52.7364,0.0000,0.0000,0.0000,0.0000,0,0.0000,1.0000,,0.0000,0.0000,no_calib
1582,52.7697,0.0000,0.0000,0.0000,0.0000,0,0.0000,1.0000,,0.0000,0.0000,no_calib
1583,52.8025,0.0000,0.0000,0.0000,0.0000,0,0.0000,1.0000,,0.0000,0.0000,no_calib
1584,52.8360,0.0000,0.0000,0.0000,0.0000,0,0.0000,1.0000,,0.0000,0.0000,no_calib
1585,52.8697,0.0000,0.0000,0.0000,0.0000,0,0.0000,1.0000,,0.0000,0.0000,no_calib
1586,52.9024,0.0000,0.0000,0.0000,0.0000,0,0.0000,1.0000,,0.0000,0.0000,no_calib
1587,52.9361,0.0000,0.0000,0.0000,0.0000,0,0.0000,1.0000,,0.0000,0.0000,no_calib
1588,52.9691,0.0000,0.0000,0.0000,0.0000,0,0.0000,1.0000,,0.0000,0.0000,no_calib
1589,53.0024,0.0000,0.0000,0.0000,0.0000,0,0.0000,1.0000,,0.0000,0.0000,no_calib
1590,53.0358,0.0000,0.0000,0.0000,0.0000,0,0.0000,1.0000,,0.0000,0.0000,no_calib
1591,53.1000,0.0000,0.0000,0.0000,0.0000,0,0.0000,1.0000,,0.0000,0.0000,no_calib
1592,53.1273,0.0000,0.0000,0.0000,0.0000,0,0.0000,1.0000,,0.0000,0.0000,no_calib
1593,53.1550,0.0000,0.0000,0.0000,0.0000,0,0.0000,1.0000,,0.0000,0.0000,no_calib
1594,53.1822,0.0000,0.0000,0.0000,0.0000,0,0.0000,1.0000,,0.0000,0.0000,no_calib
1595,53.2094,0.0000,0.0000,0.0000,0.0000,0,0.0000,1.0000,,0.0000,0.0000,no_calib
1596,53.2366,0.0000,0.0000,0.0000,0.0000,0,0.0000,1.0000,,0.0000,0.0000,no_calib
1597,53.2692,0.0000,0.0000,0.0000,0.0000,0,0.0000,1.0000,,0.0000,0.0000,no_calib
1598,53.3029,0.0000,0.0000,0.0000,0.0000,0,0.0000,1.0000,,0.0000,0.0000,no_calib
1599,53.3353,0.0000,0.0000,0.0000,0.0000,0,0.0000,1.0000,,0.0000,0.0000,no_calib
1600,53.3693,0.0000,0.0000,0.0000,0.0000,0,0.0000,1.0000,,0.0000,0.0000,no_calib
1601,53.4021,0.0000,0.0000,0.0000,0.0000,0,0.0000,1.0000,,0.0000,0.0000,no_calib
1602,53.4360,0.0000,0.0000,0.0000,0.0000,0,0.0000,1.0000,,0.0000,0.0000,no_calib
1603,53.4691,0.0000,0.0000,0.0000,0.0000,0,0.0000,1.0000,,0.0000,0.0000,no_calib
1604,53.5021,0.0000,0.0000,0.0000,0.0000,0,0.0000,1.0000,,0.0000,0.0000,no_calib
1605,53.5353,0.0000,0.0000,0.0000,0.0000,0,0.0000,1.0000,,0.0000,0.0000,no_calib
1606,53.5691,0.0000,0.0000,0.0000,0.0000,0,0.0000,1.0000,,0.0000,0.0000,no_calib
1607,53.6021,0.0000,0.0000,0.0000,0.0000,0,0.0000,1.0000,,0.0000,0.0000,no_calib
1608,53.6356,0.0000,0.0000,0.0000,0.0000,0,0.0000,1.0000,,0.0000,0.0000,no_calib
1609,53.6693,0.0000,0.0000,0.0000,0.0000,0,0.0000,1.0000,,0.0000,0.0000,no_calib
1610,53.7023,0.0000,0.0000,0.0000,0.0000,0,0.0000,1.0000,,0.0000,0.0000,no_calib
1611,53.7359,0.0000,0.0000,0.0000,0.0000,0,0.0000,1.0000,,0.0000,0.0000,no_calib
1612,53.7699,0.0000,0.0000,0.0000,0.0000,0,0.0000,1.0000,,0.0000,0.0000,no_calib
1613,53.8035,0.0000,0.0000,0.0000,0.0000,0,0.0000,1.0000,,0.0000,0.0000,no_calib
1614,53.8351,0.0000,0.0000,0.0000,0.0000,0,0.0000,1.0000,,0.0000,0.0000,no_calib
1615,53.8686,0.0000,0.0000,0.0000,0.0000,0,0.0000,1.0000,,0.0000,0.0000,no_calib
1616,53.9026,0.0000,0.0000,0.0000,0.0000,0,0.0000,1.0000,,0.0000,0.0000,no_calib
1617,53.9354,0.0000,0.0000,0.0000,0.0000,0,0.0000,1.0000,,0.0000,0.0000,no_calib
1618,53.9689,0.0000,0.0000,0.0000,0.0000,0,0.0000,1.0000,,0.0000,0.0000,no_calib
1619,54.0025,0.0000,0.0000,0.0000,0.0000,0,0.0000,1.0000,,0.0000,0.0000,no_calib
1620,54.0353,0.0000,0.0000,0.0000,0.0000,0,0.0000,1.0000,,0.0000,0.0000,no_calib
1621,54.0929,0.0000,0.0000,0.0000,0.0000,0,0.0000,1.0000,,0.0000,0.0000,no_calib
1622,54.1204,0.0000,0.0000,0.0000,0.0000,0,0.0000,1.0000,,0.0000,0.0000,no_calib
1623,54.1476,0.0000,0.0000,0.0000,0.0000,0,0.0000,1.0000,,0.0000,0.0000,no_calib
1624,54.1748,0.0000,0.0000,0.0000,0.0000,0,0.0000,1.0000,,0.0000,0.0000,no_calib
1625,54.2026,0.0000,0.0000,0.0000,0.0000,0,0.0000,1.0000,,0.0000,0.0000,no_calib
1626,54.2350,0.0000,0.0000,0.0000,0.0000,0,0.0000,1.0000,,0.0000,0.0000,no_calib
1627,54.2684,0.0000,0.0000,0.0000,0.0000,0,0.0000,1.0000,,0.0000,0.0000,no_calib
1628,54.3024,0.0000,0.0000,0.0000,0.0000,0,0.0000,1.0000,,0.0000,0.0000,no_calib
1629,54.3354,0.0000,0.0000,0.0000,0.0000,0,0.0000,1.0000,,0.0000,0.0000,no_calib
1630,54.3690,0.0000,0.0000,0.0000,0.0000,0,0.0000,1.0000,,0.0000,0.0000,no_calib
1631,54.4024,0.0000,0.0000,0.0000,0.0000,0,0.0000,1.0000,,0.0000,0.0000,no_calib
1632,54.4356,0.0000,0.0000,0.0000,0.0000,0,0.0000,1.0000,,0.0000,0.0000,no_calib
1633,54.4690,0.0000,0.0000,0.0000,0.0000,0,0.0000,1.0000,,0.0000,0.0000,no_calib
1634,54.5024,0.0000,0.0000,0.0000,0.0000,0,0.0000,1.0000,,0.0000,0.0000,no_calib
1635,54.5352,0.0000,0.0000,0.0000,0.0000,0,0.0000,1.0000,,0.0000,0.0000,no_calib
1636,54.5691,0.0000,0.0000,0.0000,0.0000,0,0.0000,1.0000,,0.0000,0.0000,no_calib
1637,54.6021,0.0000,0.0000,0.0000,0.0000,0,0.0000,1.0000,,0.0000,0.0000,no_calib
1638,54.6353,0.0000,0.0000,0.0000,0.0000,0,0.0000,1.0000,,0.0000,0.0000,no_calib
1639,54.6685,0.0000,0.0000,0.0000,0.0000,0,0.0000,1.0000,,0.0000,0.0000,no_calib
1640,54.7024,0.0000,0.0000,0.0000,0.0000,0,0.0000,1.0000,,0.0000,0.0000,no_calib
1641,54.7364,0.0000,0.0000,0.0000,0.0000,0,0.0000,1.0000,,0.0000,0.0000,no_calib
1642,54.7683,0.0000,0.0000,0.0000,0.0000,0,0.0000,1.0000,,0.0000,0.0000,no_calib
1643,54.8025,0.0000,0.0000,0.0000,0.0000,0,0.0000,1.0000,,0.0000,0.0000,no_calib
1644,54.8351,0.0000,0.0000,0.0000,0.0000,0,0.0000,1.0000,,0.0000,0.0000,no_calib
1645,54.8688,0.0000,0.0000,0.0000,0.0000,0,0.0000,1.0000,,0.0000,0.0000,no_calib
1646,54.9020,0.0000,0.0000,0.0000,0.0000,0,0.0000,1.0000,,0.0000,0.0000,no_calib
1647,54.9353,0.0000,0.0000,0.0000,0.0000,0,0.0000,1.0000,,0.0000,0.0000,no_calib
1648,54.9683,0.0000,0.0000,0.0000,0.0000,0,0.0000,1.0000,,0.0000,0.0000,no_calib
1649,55.0014,0.0000,0.0000,0.0000,0.0000,0,0.0000,1.0000,,0.0000,0.0000,no_calib
1650,55.0349,0.0000,0.0000,0.0000,0.0000,0,0.0000,1.0000,,0.0000,0.0000,no_calib
1651,55.0924,0.0000,0.0000,0.0000,0.0000,0,0.0000,1.0000,,0.0000,0.0000,no_calib
1652,55.1203,0.0000,0.0000,0.0000,0.0000,0,0.0000,1.0000,,0.0000,0.0000,no_calib
1653,55.1478,0.0000,0.0000,0.0000,0.0000,0,0.0000,1.0000,,0.0000,0.0000,no_calib
1654,55.1751,0.0000,0.0000,0.0000,0.0000,0,0.0000,1.0000,,0.0000,0.0000,no_calib
1655,55.2023,0.0000,0.0000,0.0000,0.0000,0,0.0000,1.0000,,0.0000,0.0000,no_calib
1656,55.2355,0.0000,0.0000,0.0000,0.0000,0,0.0000,1.0000,,0.0000,0.0000,no_calib
1657,55.2679,0.0000,0.0000,0.0000,0.0000,0,0.0000,1.0000,,0.0000,0.0000,no_calib
1658,55.3016,0.0000,0.0000,0.0000,0.0000,0,0.0000,1.0000,,0.0000,0.0000,no_calib
1659,55.3353,0.0000,0.0000,0.0000,0.0000,0,0.0000,1.0000,,0.0000,0.0000,no_calib
1660,55.3681,0.0000,0.0000,0.0000,0.0000,0,0.0000,1.0000,,0.0000,0.0000,no_calib
1661,55.4014,0.0000,0.0000,0.0000,0.0000,0,0.0000,1.0000,,0.0000,0.0000,no_calib
1662,55.4358,0.0000,0.0000,0.0000,0.0000,0,0.0000,1.0000,,0.0000,0.0000,no_calib
1663,55.4681,0.0000,0.0000,0.0000,0.0000,0,0.0000,1.0000,,0.0000,0.0000,no_calib
1664,55.5017,0.0000,0.0000,0.0000,0.0000,0,0.0000,1.0000,,0.0000,0.0000,no_calib
1665,55.5352,0.0000,0.0000,0.0000,0.0000,0,0.0000,1.0000,,0.0000,0.0000,no_calib
1666,55.5687,0.0000,0.0000,0.0000,0.0000,0,0.0000,1.0000,,0.0000,0.0000,no_calib
1667,55.6014,0.0000,0.0000,0.0000,0.0000,0,0.0000,1.0000,,0.0000,0.0000,no_calib
1668,55.6350,0.0000,0.0000,0.0000,0.0000,0,0.0000,1.0000,,0.0000,0.0000,no_calib
1669,55.6684,0.0000,0.0000,0.0000,0.0000,0,0.0000,1.0000,,0.0000,0.0000,no_calib
1670,55.7014,0.0000,0.0000,0.0000,0.0000,0,0.0000,1.0000,,0.0000,0.0000,no_calib
1671,55.7353,0.0000,0.0000,0.0000,0.0000,0,0.0000,1.0000,,0.0000,0.0000,no_calib
1672,55.7684,0.0000,0.0000,0.0000,0.0000,0,0.0000,1.0000,,0.0000,0.0000,no_calib
1673,55.8012,0.0000,0.0000,0.0000,0.0000,0,0.0000,1.0000,,0.0000,0.0000,no_calib
1674,55.8350,0.0000,0.0000,0.0000,0.0000,0,0.0000,1.0000,,0.0000,0.0000,no_calib
1675,55.8684,0.0000,0.0000,0.0000,0.0000,0,0.0000,1.0000,,0.0000,0.0000,no_calib
1676,55.9015,0.0000,0.0000,0.0000,0.0000,0,0.0000,1.0000,,0.0000,0.0000,no_calib
1677,55.9351,0.0000,0.0000,0.0000,0.0000,0,0.0000,1.0000,,0.0000,0.0000,no_calib
1678,55.9675,0.0000,0.0000,0.0000,0.0000,0,0.0000,1.0000,,0.0000,0.0000,no_calib
1679,56.0012,0.0000,0.0000,0.0000,0.0000,0,0.0000,1.0000,,0.0000,0.0000,no_calib
1680,56.0350,0.0000,0.0000,0.0000,0.0000,0,0.0000,1.0000,,0.0000,0.0000,no_calib
1681,56.0926,0.0000,0.0000,0.0000,0.0000,0,0.0000,1.0000,,0.0000,0.0000,no_calib
1682,56.1211,0.0000,0.0000,0.0000,0.0000,0,0.0000,1.0000,,0.0000,0.0000,no_calib
1683,56.1493,0.0000,0.0000,0.0000,0.0000,0,0.0000,1.0000,,0.0000,0.0000,no_calib
1684,56.1764,0.0000,0.0000,0.0000,0.0000,0,0.0000,1.0000,,0.0000,0.0000,no_calib
1685,56.2045,0.0000,0.0000,0.0000,0.0000,0,0.0000,1.0000,,0.0000,0.0000,no_calib
1686,56.2349,0.0000,0.0000,0.0000,0.0000,0,0.0000,1.0000,,0.0000,0.0000,no_calib
1687,56.2680,0.0000,0.0000,0.0000,0.0000,0,0.0000,1.0000,,0.0000,0.0000,no_calib
1688,56.3012,0.0000,0.0000,0.0000,0.0000,0,0.0000,1.0000,,0.0000,0.0000,no_calib
1689,56.3343,0.0000,0.0000,0.0000,0.0000,0,0.0000,1.0000,,0.0000,0.0000,no_calib
1690,56.3680,0.0000,0.0000,0.0000,0.0000,0,0.0000,1.0000,,0.0000,0.0000,no_calib
1691,56.4014,0.0000,0.0000,0.0000,0.0000,0,0.0000,1.0000,,0.0000,0.0000,no_calib
1692,56.4349,0.0000,0.0000,0.0000,0.0000,0,0.0000,1.0000,,0.0000,0.0000,no_calib
1693,56.4686,0.0000,0.0000,0.0000,0.0000,0,0.0000,1.0000,,0.0000,0.0000,no_calib
1694,56.5010,0.0000,0.0000,0.0000,0.0000,0,0.0000,1.0000,,0.0000,0.0000,no_calib
1695,56.5348,0.0000,0.0000,0.0000,0.0000,0,0.0000,1.0000,,0.0000,0.0000,no_calib
1696,56.5688,0.0000,0.0000,0.0000,0.0000,0,0.0000,1.0000,,0.0000,0.0000,no_calib
1697,56.6012,0.0000,0.0000,0.0000,0.0000,0,0.0000,1.0000,,0.0000,0.0000,no_calib
1698,56.6343,0.0000,0.0000,0.0000,0.0000,0,0.0000,1.0000,,0.0000,0.0000,no_calib
1699,56.6680,0.0000,0.0000,0.0000,0.0000,0,0.0000,1.0000,,0.0000,0.0000,no_calib
1700,56.7011,0.0000,0.0000,0.0000,0.0000,0,0.0000,1.0000,,0.0000,0.0000,no_calib
1701,56.7347,0.0000,0.0000,0.0000,0.0000,0,0.0000,1.0000,,0.0000,0.0000,no_calib
1702,56.7680,0.0000,0.0000,0.0000,0.0000,0,0.0000,1.0000,,0.0000,0.0000,no_calib
1703,56.8013,0.0000,0.0000,0.0000,0.0000,0,0.0000,1.0000,,0.0000,0.0000,no_calib
1704,56.8343,0.0000,0.0000,0.0000,0.0000,0,0.0000,1.0000,,0.0000,0.0000,no_calib
1705,56.8680,0.0000,0.0000,0.0000,0.0000,0,0.0000,1.0000,,0.0000,0.0000,no_calib
1706,56.9010,0.0000,0.0000,0.0000,0.0000,0,0.0000,1.0000,,0.0000,0.0000,no_calib
1707,56.9342,0.0000,0.0000,0.0000,0.0000,0,0.0000,1.0000,,0.0000,0.0000,no_calib
1708,56.9680,0.0000,0.0000,0.0000,0.0000,0,0.0000,1.0000,,0.0000,0.0000,no_calib
1709,57.0012,0.0000,0.0000,0.0000,0.0000,0,0.0000,1.0000,,0.0000,0.0000,no_calib
1710,57.0340,0.0000,0.0000,0.0000,0.0000,0,0.0000,1.0000,,0.0000,0.0000,no_calib
1711,57.0921,0.0000,0.0000,0.0000,0.0000,0,0.0000,1.0000,,0.0000,0.0000,no_calib
1712,57.1201,0.0000,0.0000,0.0000,0.0000,0,0.0000,1.0000,,0.0000,0.0000,no_calib
1713,57.1482,0.0000,0.0000,0.0000,0.0000,0,0.0000,1.0000,,0.0000,0.0000,no_calib
1714,57.1759,0.0000,0.0000,0.0000,0.0000,0,0.0000,1.0000,,0.0000,0.0000,no_calib
1715,57.2035,0.0000,0.0000,0.0000,0.0000,0,0.0000,1.0000,,0.0000,0.0000,no_calib
1716,57.2379,0.0000,0.0000,0.0000,0.0000,0,0.0000,1.0000,,0.0000,0.0000,no_calib
1717,57.2680,0.0000,0.0000,0.0000,0.0000,0,0.0000,1.0000,,0.0000,0.0000,no_calib
1718,57.3012,0.0000,0.0000,0.0000,0.0000,0,0.0000,1.0000,,0.0000,0.0000,no_calib
1719,57.3339,0.0000,0.0000,0.0000,0.0000,0,0.0000,1.0000,,0.0000,0.0000,no_calib
1720,57.3673,0.0000,0.0000,0.0000,0.0000,0,0.0000,1.0000,,0.0000,0.0000,no_calib
1721,57.4010,0.0000,0.0000,0.0000,0.0000,0,0.0000,1.0000,,0.0000,0.0000,no_calib
1722,57.4342,0.0000,0.0000,0.0000,0.0000,0,0.0000,1.0000,,0.0000,0.0000,no_calib
1723,57.4675,0.0000,0.0000,0.0000,0.0000,0,0.0000,1.0000,,0.0000,0.0000,no_calib
1724,57.5014,0.0000,0.0000,0.0000,0.0000,0,0.0000,1.0000,,0.0000,0.0000,no_calib
1725,57.5341,0.0000,0.0000,0.0000,0.0000,0,0.0000,1.0000,,0.0000,0.0000,no_calib
1726,57.5687,0.0000,0.0000,0.0000,0.0000,0,0.0000,1.0000,,0.0000,0.0000,no_calib
1727,57.6013,0.0000,0.0000,0.0000,0.0000,0,0.0000,1.0000,,0.0000,0.0000,no_calib
1728,57.6343,0.0000,0.0000,0.0000,0.0000,0,0.0000,1.0000,,0.0000,0.0000,no_calib
1729,57.6675,0.0000,0.0000,0.0000,0.0000,0,0.0000,1.0000,,0.0000,0.0000,no_calib
1730,57.7010,0.0000,0.0000,0.0000,0.0000,0,0.0000,1.0000,,0.0000,0.0000,no_calib
1731,57.7342,0.0000,0.0000,0.0000,0.0000,0,0.0000,1.0000,,0.0000,0.0000,no_calib
1732,57.7673,0.0000,0.0000,0.0000,0.0000,0,0.0000,1.0000,,0.0000,0.0000,no_calib
1733,57.8012,0.0000,0.0000,0.0000,0.0000,0,0.0000,1.0000,,0.0000,0.0000,no_calib
1734,57.8345,0.0000,0.0000,0.0000,0.0000,0,0.0000,1.0000,,0.0000,0.0000,no_calib
1735,57.8671,0.0000,0.0000,0.0000,0.0000,0,0.0000,1.0000,,0.0000,0.0000,no_calib
1736,57.9012,0.0000,0.0000,0.0000,0.0000,0,0.0000,1.0000,,0.0000,0.0000,no_calib
1737,57.9342,0.0000,0.0000,0.0000,0.0000,0,0.0000,1.0000,,0.0000,0.0000,no_calib
1738,57.9672,0.0000,0.0000,0.0000,0.0000,0,0.0000,1.0000,,0.0000,0.0000,no_calib
1739,58.0011,0.0000,0.0000,0.0000,0.0000,0,0.0000,1.0000,,0.0000,0.0000,no_calib
1740,58.0345,0.0000,0.0000,0.0000,0.0000,0,0.0000,1.0000,,0.0000,0.0000,no_calib
1741,58.0942,0.0000,0.0000,0.0000,0.0000,0,0.0000,1.0000,,0.0000,0.0000,no_calib
1742,58.1231,0.0000,0.0000,0.0000,0.0000,0,0.0000,1.0000,,0.0000,0.0000,no_calib
1743,58.1523,0.0000,0.0000,0.0000,0.0000,0,0.0000,1.0000,,0.0000,0.0000,no_calib
1744,58.1813,0.0000,0.0000,0.0000,0.0000,0,0.0000,1.0000,,0.0000,0.0000,no_calib
1745,58.2102,0.0000,0.0000,0.0000,0.0000,0,0.0000,1.0000,,0.0000,0.0000,no_calib
1746,58.2393,0.0000,0.0000,0.0000,0.0000,0,0.0000,1.0000,,0.0000,0.0000,no_calib
1747,58.2682,0.0000,0.0000,0.0000,0.0000,0,0.0000,1.0000,,0.0000,0.0000,no_calib
1748,58.3010,0.0000,0.0000,0.0000,0.0000,0,0.0000,1.0000,,0.0000,0.0000,no_calib
1749,58.3342,0.0000,0.0000,0.0000,0.0000,0,0.0000,1.0000,,0.0000,0.0000,no_calib
1750,58.3673,0.0000,0.0000,0.0000,0.0000,0,0.0000,1.0000,,0.0000,0.0000,no_calib
1751,58.4004,0.0000,0.0000,0.0000,0.0000,0,0.0000,1.0000,,0.0000,0.0000,no_calib
1752,58.4341,0.0000,0.0000,0.0000,0.0000,0,0.0000,1.0000,,0.0000,0.0000,no_calib
1753,58.4670,0.0000,0.0000,0.0000,0.0000,0,0.0000,1.0000,,0.0000,0.0000,no_calib
1754,58.5003,0.0000,0.0000,0.0000,0.0000,0,0.0000,1.0000,,0.0000,0.0000,no_calib
1755,58.5341,0.0000,0.0000,0.0000,0.0000,0,0.0000,1.0000,,0.0000,0.0000,no_calib
1756,58.5675,0.0000,0.0000,0.0000,0.0000,0,0.0000,1.0000,,0.0000,0.0000,no_calib
1757,58.6015,0.0000,0.0000,0.0000,0.0000,0,0.0000,1.0000,,0.0000,0.0000,no_calib
1758,58.6340,0.0000,0.0000,0.0000,0.0000,0,0.0000,1.0000,,0.0000,0.0000,no_calib
1759,58.6680,0.0000,0.0000,0.0000,0.0000,0,0.0000,1.0000,,0.0000,0.0000,no_calib
1760,58.7012,0.0000,0.0000,0.0000,0.0000,0,0.0000,1.0000,,0.0000,0.0000,no_calib
1761,58.7345,0.0000,0.0000,0.0000,0.0000,0,0.0000,1.0000,,0.0000,0.0000,no_calib
1762,58.7677,0.0000,0.0000,0.0000,0.0000,0,0.0000,1.0000,,0.0000,0.0000,no_calib
1763,58.8011,0.0000,0.0000,0.0000,0.0000,0,0.0000,1.0000,,0.0000,0.0000,no_calib
1764,58.8339,0.0000,0.0000,0.0000,0.0000,0,0.0000,1.0000,,0.0000,0.0000,no_calib
1765,58.8656,0.0000,0.0000,0.0000,0.0000,0,0.0000,1.0000,,0.0000,0.0000,no_calib
1766,58.8988,0.0000,0.0000,0.0000,0.0000,0,0.0000,1.0000,,0.0000,0.0000,no_calib
1767,58.9321,0.0000,0.0000,0.0000,0.0000,0,0.0000,1.0000,,0.0000,0.0000,no_calib
1768,58.9654,0.0000,0.0000,0.0000,0.0000,0,0.0000,1.0000,,0.0000,0.0000,no_calib
1769,58.9990,0.0000,0.0000,0.0000,0.0000,0,0.0000,1.0000,,0.0000,0.0000,no_calib
1770,59.0323,0.0000,0.0000,0.0000,0.0000,0,0.0000,1.0000,,0.0000,0.0000,no_calib
1771,59.0911,0.0000,0.0000,0.0000,0.0000,0,0.0000,1.0000,,0.0000,0.0000,no_calib
1772,59.1202,0.0000,0.0000,0.0000,0.0000,0,0.0000,1.0000,,0.0000,0.0000,no_calib
1773,59.1498,0.0000,0.0000,0.0000,0.0000,0,0.0000,1.0000,,0.0000,0.0000,no_calib
1774,59.1792,0.0000,0.0000,0.0000,0.0000,0,0.0000,1.0000,,0.0000,0.0000,no_calib
1775,59.2086,0.0000,0.0000,0.0000,0.0000,0,0.0000,1.0000,,0.0000,0.0000,no_calib
1776,59.2379,0.0000,0.0000,0.0000,0.0000,0,0.0000,1.0000,,0.0000,0.0000,no_calib
1777,59.2666,0.0000,0.0000,0.0000,0.0000,0,0.0000,1.0000,,0.0000,0.0000,no_calib
1778,59.2989,0.0000,0.0000,0.0000,0.0000,0,0.0000,1.0000,,0.0000,0.0000,no_calib
1779,59.3321,0.0000,0.0000,0.0000,0.0000,0,0.0000,1.0000,,0.0000,0.0000,no_calib
1780,59.3665,0.0000,0.0000,0.0000,0.0000,0,0.0000,1.0000,,0.0000,0.0000,no_calib
1781,59.3998,0.0000,0.0000,0.0000,0.0000,0,0.0000,1.0000,,0.0000,0.0000,no_calib
1782,59.4333,0.0000,0.0000,0.0000,0.0000,0,0.0000,1.0000,,0.0000,0.0000,no_calib
1783,59.4674,0.0000,0.0000,0.0000,0.0000,0,0.0000,1.0000,,0.0000,0.0000,no_calib
1784,59.5002,0.0000,0.0000,0.0000,0.0000,0,0.0000,1.0000,,0.0000,0.0000,no_calib
1785,59.5334,0.0000,0.0000,0.0000,0.0000,0,0.0000,1.0000,,0.0000,0.0000,no_calib
1786,59.5666,0.0000,0.0000,0.0000,0.0000,0,0.0000,1.0000,,0.0000,0.0000,no_calib
1787,59.6005,0.0000,0.0000,0.0000,0.0000,0,0.0000,1.0000,,0.0000,0.0000,no_calib
1788,59.6335,0.0000,0.0000,0.0000,0.0000,0,0.0000,1.0000,,0.0000,0.0000,no_calib
1789,59.6682,0.0000,0.0000,0.0000,0.0000,0,0.0000,1.0000,,0.0000,0.0000,no_calib
1790,59.7001,0.0000,0.0000,0.0000,0.0000,0,0.0000,1.0000,,0.0000,0.0000,no_calib
1791,59.7334,0.0000,0.0000,0.0000,0.0000,0,0.0000,1.0000,,0.0000,0.0000,no_calib
1792,59.7677,0.0000,0.0000,0.0000,0.0000,0,0.0000,1.0000,,0.0000,0.0000,no_calib
1793,59.8017,0.0000,0.0000,0.0000,0.0000,0,0.0000,1.0000,,0.0000,0.0000,no_calib
1794,59.8343,0.0000,0.0000,0.0000,0.0000,0,0.0000,1.0000,,0.0000,0.0000,no_calib
1795,59.8672,0.0000,0.0000,0.0000,0.0000,0,0.0000,1.0000,,0.0000,0.0000,no_calib
1796,59.9009,0.0000,0.0000,0.0000,0.0000,0,0.0000,1.0000,,0.0000,0.0000,no_calib
1797,59.9344,0.0000,0.0000,0.0000,0.0000,0,0.0000,1.0000,,0.0000,0.0000,no_calib
1798,59.9675,0.0000,0.0000,0.0000,0.0000,0,0.0000,1.0000,,0.0000,0.0000,no_calib
1799,59.9999,0.0000,0.0000,0.0000,0.0000,0,0.0000,1.0000,,0.0000,0.0000,no_calib
1800,60.0323,0.0000,0.0000,0.0000,0.0000,0,0.0000,1.0000,,0.0000,0.0000,no_calib
1801,60.0910,0.0000,0.0000,0.0000,0.0000,0,0.0000,1.0000,,0.0000,0.0000,no_calib
1802,60.1202,0.0000,0.0000,0.0000,0.0000,0,0.0000,1.0000,,0.0000,0.0000,no_calib
1803,60.1495,0.0000,0.0000,0.0000,0.0000,0,0.0000,1.0000,,0.0000,0.0000,no_calib
1804,60.1786,0.0000,0.0000,0.0000,0.0000,0,0.0000,1.0000,,0.0000,0.0000,no_calib
1805,60.2076,0.0000,0.0000,0.0000,0.0000,0,0.0000,1.0000,,0.0000,0.0000,no_calib
1806,60.2366,0.0000,0.0000,0.0000,0.0000,0,0.0000,1.0000,,0.0000,0.0000,no_calib
1807,60.2657,0.0000,0.0000,0.0000,0.0000,0,0.0000,1.0000,,0.0000,0.0000,no_calib
1808,60.2980,0.0000,0.0000,0.0000,0.0000,0,0.0000,1.0000,,0.0000,0.0000,no_calib
1809,60.3326,0.0000,0.0000,0.0000,0.0000,0,0.0000,1.0000,,0.0000,0.0000,no_calib
1810,60.3664,0.0000,0.0000,0.0000,0.0000,0,0.0000,1.0000,,0.0000,0.0000,no_calib
1811,60.4007,0.0000,0.0000,0.0000,0.0000,0,0.0000,1.0000,,0.0000,0.0000,no_calib
1812,60.4342,0.0000,0.0000,0.0000,0.0000,0,0.0000,1.0000,,0.0000,0.0000,no_calib
1813,60.4666,0.0000,0.0000,0.0000,0.0000,0,0.0000,1.0000,,0.0000,0.0000,no_calib
1814,60.5000,0.0000,0.0000,0.0000,0.0000,0,0.0000,1.0000,,0.0000,0.0000,no_calib
1815,60.5330,0.0000,0.0000,0.0000,0.0000,0,0.0000,1.0000,,0.0000,0.0000,no_calib
1816,60.5667,0.0000,0.0000,0.0000,0.0000,0,0.0000,1.0000,,0.0000,0.0000,no_calib
1817,60.6002,0.0000,0.0000,0.0000,0.0000,0,0.0000,1.0000,,0.0000,0.0000,no_calib
1818,60.6345,0.0000,0.0000,0.0000,0.0000,0,0.0000,1.0000,,0.0000,0.0000,no_calib
1819,60.6673,0.0000,0.0000,0.0000,0.0000,0,0.0000,1.0000,,0.0000,0.0000,no_calib
1820,60.6999,0.0000,0.0000,0.0000,0.0000,0,0.0000,1.0000,,0.0000,0.0000,no_calib
1821,60.7337,0.0000,0.0000,0.0000,0.0000,0,0.0000,1.0000,,0.0000,0.0000,no_calib
1822,60.7676,0.0000,0.0000,0.0000,0.0000,0,0.0000,1.0000,,0.0000,0.0000,no_calib
1823,60.7999,0.0000,0.0000,0.0000,0.0000,0,0.0000,1.0000,,0.0000,0.0000,no_calib
1824,60.8338,0.0000,0.0000,0.0000,0.0000,0,0.0000,1.0000,,0.0000,0.0000,no_calib
1825,60.8667,0.0000,0.0000,0.0000,0.0000,0,0.0000,1.0000,,0.0000,0.0000,no_calib
1826,60.9017,0.0000,0.0000,0.0000,0.0000,0,0.0000,1.0000,,0.0000,0.0000,no_calib
1827,60.9319,0.0000,0.0000,0.0000,0.0000,0,0.0000,1.0000,,0.0000,0.0000,no_calib
1828,60.9643,0.0000,0.0000,0.0000,0.0000,0,0.0000,1.0000,,0.0000,0.0000,no_calib
1829,60.9979,0.0000,0.0000,0.0000,0.0000,0,0.0000,1.0000,,0.0000,0.0000,no_calib
1830,61.0310,0.0000,0.0000,0.0000,0.0000,0,0.0000,1.0000,,0.0000,0.0000,no_calib
1831,61.0893,0.0000,0.0000,0.0000,0.0000,0,0.0000,1.0000,,0.0000,0.0000,no_calib
1832,61.1174,0.0000,0.0000,0.0000,0.0000,0,0.0000,1.0000,,0.0000,0.0000,no_calib
1833,61.1465,0.0000,0.0000,0.0000,0.0000,0,0.0000,1.0000,,0.0000,0.0000,no_calib
1834,61.1755,0.0000,0.0000,0.0000,0.0000,0,0.0000,1.0000,,0.0000,0.0000,no_calib
1835,61.2050,0.0000,0.0000,0.0000,0.0000,0,0.0000,1.0000,,0.0000,0.0000,no_calib
1836,61.2346,0.0000,0.0000,0.0000,0.0000,0,0.0000,1.0000,,0.0000,0.0000,no_calib
1837,61.2660,0.0000,0.0000,0.0000,0.0000,0,0.0000,1.0000,,0.0000,0.0000,no_calib
1838,61.2995,0.0000,0.0000,0.0000,0.0000,0,0.0000,1.0000,,0.0000,0.0000,no_calib
1839,61.3332,0.0000,0.0000,0.0000,0.0000,0,0.0000,1.0000,,0.0000,0.0000,no_calib
1840,61.3662,0.0000,0.0000,0.0000,0.0000,0,0.0000,1.0000,,0.0000,0.0000,no_calib
1841,61.3994,0.0000,0.0000,0.0000,0.0000,0,0.0000,1.0000,,0.0000,0.0000,no_calib
1842,61.4331,0.0000,0.0000,0.0000,0.0000,0,0.0000,1.0000,,0.0000,0.0000,no_calib
1843,61.4662,0.0000,0.0000,0.0000,0.0000,0,0.0000,1.0000,,0.0000,0.0000,no_calib
1844,61.4992,0.0000,0.0000,0.0000,0.0000,0,0.0000,1.0000,,0.0000,0.0000,no_calib
1845,61.5331,0.0000,0.0000,0.0000,0.0000,0,0.0000,1.0000,,0.0000,0.0000,no_calib
1846,61.5668,0.0000,0.0000,0.0000,0.0000,0,0.0000,1.0000,,0.0000,0.0000,no_calib
1847,61.5993,0.0000,0.0000,0.0000,0.0000,0,0.0000,1.0000,,0.0000,0.0000,no_calib
1848,61.6330,0.0000,0.0000,0.0000,0.0000,0,0.0000,1.0000,,0.0000,0.0000,no_calib
1849,61.6663,0.0000,0.0000,0.0000,0.0000,0,0.0000,1.0000,,0.0000,0.0000,no_calib
1850,61.6993,0.0000,0.0000,0.0000,0.0000,0,0.0000,1.0000,,0.0000,0.0000,no_calib
1851,61.7329,0.0000,0.0000,0.0000,0.0000,0,0.0000,1.0000,,0.0000,0.0000,no_calib
1852,61.7673,0.0000,0.0000,0.0000,0.0000,0,0.0000,1.0000,,0.0000,0.0000,no_calib
1853,61.8000,0.0000,0.0000,0.0000,0.0000,0,0.0000,1.0000,,0.0000,0.0000,no_calib
1854,61.8331,0.0000,0.0000,0.0000,0.0000,0,0.0000,1.0000,,0.0000,0.0000,no_calib
1855,61.8664,0.0000,0.0000,0.0000,0.0000,0,0.0000,1.0000,,0.0000,0.0000,no_calib
