frame,t_s,X_mm,Y_mm,dX_mm,dY_mm,tracked_points,inlier_ratio,roi_visible,mm_per_px,du_px,dv_px,flags
0,0.0910,0.0000,0.0000,0.0000,0.0000,0,0.0000,1.0000,,0.0000,0.0000,no_calib
1,0.1657,0.0000,0.0000,0.0000,0.0000,0,0.0000,1.0000,,0.0000,0.0000,no_calib
2,0.2306,0.0000,0.0000,0.0000,0.0000,0,0.0000,1.0000,,0.0000,0.0000,no_calib
3,0.2861,0.0000,0.0000,0.0000,0.0000,0,0.0000,1.0000,,0.0000,0.0000,no_calib
4,0.3095,0.0000,0.0000,0.0000,0.0000,0,0.0000,1.0000,,0.0000,0.0000,no_calib
5,0.3324,0.0000,0.0000,0.0000,0.0000,0,0.0000,1.0000,,0.0000,0.0000,no_calib
6,0.3553,0.0000,0.0000,0.0000,0.0000,0,0.0000,1.0000,,0.0000,0.0000,no_calib
7,0.3784,0.0000,0.0000,0.0000,0.0000,0,0.0000,1.0000,,0.0000,0.0000,no_calib
8,0.4012,0.0000,0.0000,0.0000,0.0000,0,0.0000,1.0000,,0.0000,0.0000,no_calib
9,0.4240,0.0000,0.0000,0.0000,0.0000,0,0.0000,1.0000,,0.0000,0.0000,no_calib
10,0.4505,0.0000,0.0000,0.0000,0.0000,0,0.0000,1.0000,,0.0000,0.0000,no_calib
11,0.4739,0.0000,0.0000,0.0000,0.0000,0,0.0000,1.0000,,0.0000,0.0000,no_calib
12,0.4980,0.0000,0.0000,0.0000,0.0000,0,0.0000,1.0000,,0.0000,0.0000,no_calib
13,0.5219,0.0000,0.0000,0.0000,0.0000,0,0.0000,1.0000,,0.0000,0.0000,no_calib
14,0.5459,0.0000,0.0000,0.0000,0.0000,0,0.0000,1.0000,,0.0000,0.0000,no_calib
15,0.5701,0.0000,0.0000,0.0000,0.0000,0,0.0000,1.0000,,0.0000,0.0000,no_calib
16,0.5948,0.0000,0.0000,0.0000,0.0000,0,0.0000,1.0000,,0.0000,0.0000,no_calib
17,0.6279,0.0000,0.0000,0.0000,0.0000,0,0.0000,1.0000,,0.0000,0.0000,no_calib
18,0.6621,0.0000,0.0000,0.0000,0.0000,0,0.0000,1.0000,,0.0000,0.0000,no_calib
19,0.6955,0.0000,0.0000,0.0000,0.0000,0,0.0000,1.0000,,0.0000,0.0000,no_calib
20,0.7285,0.0000,0.0000,0.0000,0.0000,0,0.0000,1.0000,,0.0000,0.0000,no_calib
21,0.7615,0.0000,0.0000,0.0000,0.0000,0,0.0000,1.0000,,0.0000,0.0000,no_calib
22,0.7948,0.0000,0.0000,0.0000,0.0000,0,0.0000,1.0000,,0.0000,0.0000,no_calib
23,0.8279,0.0000,0.0000,0.0000,0.0000,0,0.0000,1.0000,,0.0000,0.0000,no_calib
24,0.8615,0.0000,0.0000,0.0000,0.0000,0,0.0000,1.0000,,0.0000,0.0000,no_calib
25,0.8945,0.0000,0.0000,0.0000,0.0000,0,0.0000,1.0000,,0.0000,0.0000,no_calib
26,0.9274,0.0000,0.0000,0.0000,0.0000,0,0.0000,1.0000,,0.0000,0.0000,no_calib
27,0.9614,0.0000,0.0000,0.0000,0.0000,0,0.0000,1.0000,,0.0000,0.0000,no_calib
28,0.9946,0.0000,0.0000,0.0000,0.0000,0,0.0000,1.0000,,0.0000,0.0000,no_calib
29,1.0284,0.0000,0.0000,0.0000,0.0000,0,0.0000,1.0000,,0.0000,0.0000,no_calib
30,1.0616,0.0000,0.0000,0.0000,0.0000,0,0.0000,1.0000,,0.0000,0.0000,no_calib
31,1.0948,0.0000,0.0000,0.0000,0.0000,0,0.0000,1.0000,,0.0000,0.0000,no_calib
32,1.1277,0.0000,0.0000,0.0000,0.0000,0,0.0000,1.0000,,0.0000,0.0000,no_calib
33,1.1862,0.0000,0.0000,0.0000,0.0000,0,0.0000,1.0000,,0.0000,0.0000,no_calib
34,1.2126,0.0000,0.0000,0.0000,0.0000,0,0.0000,1.0000,,0.0000,0.0000,no_calib
35,1.2372,0.0000,0.0000,0.0000,0.0000,0,0.0000,1.0000,,0.0000,0.0000,no_calib
36,1.2622,0.0000,0.0000,0.0000,0.0000,0,0.0000,1.0000,,0.0000,0.0000,no_calib
37,1.2943,0.0000,0.0000,0.0000,0.0000,0,0.0000,1.0000,,0.0000,0.0000,no_calib
38,1.3287,0.0000,0.0000,0.0000,0.0000,0,0.0000,1.0000,,0.0000,0.0000,no_calib
39,1.3617,0.0000,0.0000,0.0000,0.0000,0,0.0000,1.0000,,0.0000,0.0000,no_calib
40,1.3945,0.0000,0.0000,0.0000,0.0000,0,0.0000,1.0000,,0.0000,0.0000,no_calib
41,1.4264,0.0000,0.0000,0.0000,0.0000,0,0.0000,1.0000,,0.0000,0.0000,no_calib
42,1.4601,0.0000,0.0000,0.0000,0.0000,0,0.0000,1.0000,,0.0000,0.0000,no_calib
43,1.4926,0.0000,0.0000,0.0000,0.0000,0,0.0000,1.0000,,0.0000,0.0000,no_calib
44,1.5262,0.0000,0.0000,0.0000,0.0000,0,0.0000,1.0000,,0.0000,0.0000,no_calib
45,1.5595,0.0000,0.0000,0.0000,0.0000,0,0.0000,1.0000,,0.0000,0.0000,no_calib
46,1.5927,0.0000,0.0000,0.0000,0.0000,0,0.0000,1.0000,,0.0000,0.0000,no_calib
47,1.6262,0.0000,0.0000,0.0000,0.0000,0,0.0000,1.0000,,0.0000,0.0000,no_calib
48,1.6599,0.0000,0.0000,0.0000,0.0000,0,0.0000,1.0000,,0.0000,0.0000,no_calib
49,1.6943,0.0000,0.0000,0.0000,0.0000,0,0.0000,1.0000,,0.0000,0.0000,no_calib
50,1.7256,0.0000,0.0000,0.0000,0.0000,0,0.0000,1.0000,,0.0000,0.0000,no_calib
51,1.7593,0.0000,0.0000,0.0000,0.0000,0,0.0000,1.0000,,0.0000,0.0000,no_calib
52,1.7928,0.0000,0.0000,0.0000,0.0000,0,0.0000,1.0000,,0.0000,0.0000,no_calib
53,1.8258,0.0000,0.0000,0.0000,0.0000,0,0.0000,1.0000,,0.0000,0.0000,no_calib
54,1.8587,0.0000,0.0000,0.0000,0.0000,0,0.0000,1.0000,,0.0000,0.0000,no_calib
55,1.8922,0.0000,0.0000,0.0000,0.0000,0,0.0000,1.0000,,0.0000,0.0000,no_calib
56,1.9255,0.0000,0.0000,0.0000,0.0000,0,0.0000,1.0000,,0.0000,0.0000,no_calib
57,1.9597,0.0000,0.0000,0.0000,0.0000,0,0.0000,1.0000,,0.0000,0.0000,no_calib
58,1.9944,0.0000,0.0000,0.0000,0.0000,0,0.0000,1.0000,,0.0000,0.0000,no_calib
59,2.0276,0.0000,0.0000,0.0000,0.0000,0,0.0000,1.0000,,0.0000,0.0000,no_calib
60,2.0608,0.0000,0.0000,0.0000,0.0000,0,0.0000,1.0000,,0.0000,0.0000,no_calib
61,2.0938,0.0000,0.0000,0.0000,0.0000,0,0.0000,1.0000,,0.0000,0.0000,no_calib
62,2.1281,0.0000,0.0000,0.0000,0.0000,0,0.0000,1.0000,,0.0000,0.0000,no_calib
63,2.1820,0.0000,0.0000,0.0000,0.0000,0,0.0000,1.0000,,0.0000,0.0000,no_calib
64,2.2062,0.0000,0.0000,0.0000,0.0000,0,0.0000,1.0000,,0.0000,0.0000,no_calib
65,2.2297,0.0000,0.0000,0.0000,0.0000,0,0.0000,1.0000,,0.0000,0.0000,no_calib
66,2.2609,0.0000,0.0000,0.0000,0.0000,0,0.0000,1.0000,,0.0000,0.0000,no_calib
67,2.2938,0.0000,0.0000,0.0000,0.0000,0,0.0000,1.0000,,0.0000,0.0000,no_calib
68,2.3278,0.0000,0.0000,0.0000,0.0000,0,0.0000,1.0000,,0.0000,0.0000,no_calib
69,2.3605,0.0000,0.0000,0.0000,0.0000,0,0.0000,1.0000,,0.0000,0.0000,no_calib
70,2.3938,0.0000,0.0000,0.0000,0.0000,0,0.0000,1.0000,,0.0000,0.0000,no_calib
71,2.4277,0.0000,0.0000,0.0000,0.0000,0,0.0000,1.0000,,0.0000,0.0000,no_calib
72,2.4605,0.0000,0.0000,0.0000,0.0000,0,0.0000,1.0000,,0.0000,0.0000,no_calib
73,2.4940,0.0000,0.0000,0.0000,0.0000,0,0.0000,1.0000,,0.0000,0.0000,no_calib
74,2.5274,0.0000,0.0000,0.0000,0.0000,0,0.0000,1.0000,,0.0000,0.0000,no_calib
75,2.5608,0.0000,0.0000,0.0000,0.0000,0,0.0000,1.0000,,0.0000,0.0000,no_calib
76,2.5936,0.0000,0.0000,0.0000,0.0000,0,0.0000,1.0000,,0.0000,0.0000,no_calib
77,2.6275,0.0000,0.0000,0.0000,0.0000,0,0.0000,1.0000,,0.0000,0.0000,no_calib
78,2.6609,0.0000,0.0000,0.0000,0.0000,0,0.0000,1.0000,,0.0000,0.0000,no_calib
79,2.6945,0.0000,0.0000,0.0000,0.0000,0,0.0000,1.0000,,0.0000,0.0000,no_calib
80,2.7269,0.0000,0.0000,0.0000,0.0000,0,0.0000,1.0000,,0.0000,0.0000,no_calib
81,2.7603,0.0000,0.0000,0.0000,0.0000,0,0.0000,1.0000,,0.0000,0.0000,no_calib
82,2.7936,0.0000,0.0000,0.0000,0.0000,0,0.0000,1.0000,,0.0000,0.0000,no_calib
83,2.8274,0.0000,0.0000,0.0000,0.0000,0,0.0000,1.0000,,0.0000,0.0000,no_calib
84,2.8605,0.0000,0.0000,0.0000,0.0000,0,0.0000,1.0000,,0.0000,0.0000,no_calib
85,2.8934,0.0000,0.0000,0.0000,0.0000,0,0.0000,1.0000,,0.0000,0.0000,no_calib
86,2.9271,0.0000,0.0000,0.0000,0.0000,0,0.0000,1.0000,,0.0000,0.0000,no_calib
87,2.9605,0.0000,0.0000,0.0000,0.0000,0,0.0000,1.0000,,0.0000,0.0000,no_calib
88,2.9937,0.0000,0.0000,0.0000,0.0000,0,0.0000,1.0000,,0.0000,0.0000,no_calib
89,3.0269,0.0000,0.0000,0.0000,0.0000,0,0.0000,1.0000,,0.0000,0.0000,no_calib
90,3.0606,0.0000,0.0000,0.0000,0.0000,0,0.0000,1.0000,,0.0000,0.0000,no_calib
91,3.0935,0.0000,0.0000,0.0000,0.0000,0,0.0000,1.0000,,0.0000,0.0000,no_calib
92,3.1276,0.0000,0.0000,0.0000,0.0000,0,0.0000,1.0000,,0.0000,0.0000,no_calib
93,3.1824,0.0000,0.0000,0.0000,0.0000,0,0.0000,1.0000,,0.0000,0.0000,no_calib
94,3.2062,0.0000,0.0000,0.0000,0.0000,0,0.0000,1.0000,,0.0000,0.0000,no_calib
95,3.2302,0.0000,0.0000,0.0000,0.0000,0,0.0000,1.0000,,0.0000,0.0000,no_calib
96,3.2605,0.0000,0.0000,0.0000,0.0000,0,0.0000,1.0000,,0.0000,0.0000,no_calib
97,3.2934,0.0000,0.0000,0.0000,0.0000,0,0.0000,1.0000,,0.0000,0.0000,no_calib
98,3.3268,0.0000,0.0000,0.0000,0.0000,0,0.0000,1.0000,,0.0000,0.0000,no_calib
99,3.3604,0.0000,0.0000,0.0000,0.0000,0,0.0000,1.0000,,0.0000,0.0000,no_calib
100,3.3934,0.0000,0.0000,0.0000,0.0000,0,0.0000,1.0000,,0.0000,0.0000,no_calib
101,3.4266,0.0000,0.0000,0.0000,0.0000,0,0.0000,1.0000,,0.0000,0.0000,no_calib
102,3.4609,0.0000,0.0000,0.0000,0.0000,0,0.0000,1.0000,,0.0000,0.0000,no_calib
103,3.4934,0.0000,0.0000,0.0000,0.0000,0,0.0000,1.0000,,0.0000,0.0000,no_calib
104,3.5265,0.0000,0.0000,0.0000,0.0000,0,0.0000,1.0000,,0.0000,0.0000,no_calib
105,3.5605,0.0000,0.0000,0.0000,0.0000,0,0.0000,1.0000,,0.0000,0.0000,no_calib
106,3.5935,0.0000,0.0000,0.0000,0.0000,0,0.0000,1.0000,,0.0000,0.0000,no_calib
107,3.6265,0.0000,0.0000,0.0000,0.0000,0,0.0000,1.0000,,0.0000,0.0000,no_calib
108,3.6603,0.0000,0.0000,0.0000,0.0000,0,0.0000,1.0000,,0.0000,0.0000,no_calib
109,3.6953,0.0000,0.0000,0.0000,0.0000,0,0.0000,1.0000,,0.0000,0.0000,no_calib
110,3.7267,0.0000,0.0000,0.0000,0.0000,0,0.0000,1.0000,,0.0000,0.0000,no_calib
111,3.7605,0.0000,0.0000,0.0000,0.0000,0,0.0000,1.0000,,0.0000,0.0000,no_calib
112,3.7935,0.0000,0.0000,0.0000,0.0000,0,0.0000,1.0000,,0.0000,0.0000,no_calib
113,3.8267,0.0000,0.0000,0.0000,0.0000,0,0.0000,1.0000,,0.0000,0.0000,no_calib
114,3.8602,0.0000,0.0000,0.0000,0.0000,0,0.0000,1.0000,,0.0000,0.0000,no_calib
115,3.8939,0.0000,0.0000,0.0000,0.0000,0,0.0000,1.0000,,0.0000,0.0000,no_calib
116,3.9265,0.0000,0.0000,0.0000,0.0000,0,0.0000,1.0000,,0.0000,0.0000,no_calib
117,3.9603,0.0000,0.0000,0.0000,0.0000,0,0.0000,1.0000,,0.0000,0.0000,no_calib
118,3.9936,0.0000,0.0000,0.0000,0.0000,0,0.0000,1.0000,,0.0000,0.0000,no_calib
119,4.0264,0.0000,0.0000,0.0000,0.0000,0,0.0000,1.0000,,0.0000,0.0000,no_calib
120,4.0603,0.0000,0.0000,0.0000,0.0000,0,0.0000,1.0000,,0.0000,0.0000,no_calib
121,4.0938,0.0000,0.0000,0.0000,0.0000,0,0.0000,1.0000,,0.0000,0.0000,no_calib
122,4.1265,0.0000,0.0000,0.0000,0.0000,0,0.0000,1.0000,,0.0000,0.0000,no_calib
123,4.1813,0.0000,0.0000,0.0000,0.0000,0,0.0000,1.0000,,0.0000,0.0000,no_calib
124,4.2054,0.0000,0.0000,0.0000,0.0000,0,0.0000,1.0000,,0.0000,0.0000,no_calib
125,4.2292,0.0000,0.0000,0.0000,0.0000,0,0.0000,1.0000,,0.0000,0.0000,no_calib
126,4.2598,0.0000,0.0000,0.0000,0.0000,0,0.0000,1.0000,,0.0000,0.0000,no_calib
127,4.2936,0.0000,0.0000,0.0000,0.0000,0,0.0000,1.0000,,0.0000,0.0000,no_calib
128,4.3263,0.0000,0.0000,0.0000,0.0000,0,0.0000,1.0000,,0.0000,0.0000,no_calib
129,4.3595,0.0000,0.0000,0.0000,0.0000,0,0.0000,1.0000,,0.0000,0.0000,no_calib
130,4.3936,0.0000,0.0000,0.0000,0.0000,0,0.0000,1.0000,,0.0000,0.0000,no_calib
131,4.4265,0.0000,0.0000,0.0000,0.0000,0,0.0000,1.0000,,0.0000,0.0000,no_calib
132,4.4597,0.0000,0.0000,0.0000,0.0000,0,0.0000,1.0000,,0.0000,0.0000,no_calib
133,4.4940,0.0000,0.0000,0.0000,0.0000,0,0.0000,1.0000,,0.0000,0.0000,no_calib
134,4.5265,0.0000,0.0000,0.0000,0.0000,0,0.0000,1.0000,,0.0000,0.0000,no_calib
135,4.5598,0.0000,0.0000,0.0000,0.0000,0,0.0000,1.0000,,0.0000,0.0000,no_calib
136,4.5935,0.0000,0.0000,0.0000,0.0000,0,0.0000,1.0000,,0.0000,0.0000,no_calib
137,4.6265,0.0000,0.0000,0.0000,0.0000,0,0.0000,1.0000,,0.0000,0.0000,no_calib
138,4.6598,0.0000,0.0000,0.0000,0.0000,0,0.0000,1.0000,,0.0000,0.0000,no_calib
139,4.6947,0.0000,0.0000,0.0000,0.0000,0,0.0000,1.0000,,0.0000,0.0000,no_calib
140,4.7264,0.0000,0.0000,0.0000,0.0000,0,0.0000,1.0000,,0.0000,0.0000,no_calib
141,4.7595,0.0000,0.0000,0.0000,0.0000,0,0.0000,1.0000,,0.0000,0.0000,no_calib
142,4.7933,0.0000,0.0000,0.0000,0.0000,0,0.0000,1.0000,,0.0000,0.0000,no_calib
143,4.8264,0.0000,0.0000,0.0000,0.0000,0,0.0000,1.0000,,0.0000,0.0000,no_calib
144,4.8597,0.0000,0.0000,0.0000,0.0000,0,0.0000,1.0000,,0.0000,0.0000,no_calib
145,4.8936,0.0000,0.0000,0.0000,0.0000,0,0.0000,1.0000,,0.0000,0.0000,no_calib
146,4.9265,0.0000,0.0000,0.0000,0.0000,0,0.0000,1.0000,,0.0000,0.0000,no_calib
147,4.9594,0.0000,0.0000,0.0000,0.0000,0,0.0000,1.0000,,0.0000,0.0000,no_calib
148,4.9933,0.0000,0.0000,0.0000,0.0000,0,0.0000,1.0000,,0.0000,0.0000,no_calib
149,5.0264,0.0000,0.0000,0.0000,0.0000,0,0.0000,1.0000,,0.0000,0.0000,no_calib
150,5.0594,0.0000,0.0000,0.0000,0.0000,0,0.0000,1.0000,,0.0000,0.0000,no_calib
151,5.0932,0.0000,0.0000,0.0000,0.0000,0,0.0000,1.0000,,0.0000,0.0000,no_calib
152,5.1269,0.0000,0.0000,0.0000,0.0000,0,0.0000,1.0000,,0.0000,0.0000,no_calib
153,5.1813,0.0000,0.0000,0.0000,0.0000,0,0.0000,1.0000,,0.0000,0.0000,no_calib
154,5.2059,0.0000,0.0000,0.0000,0.0000,0,0.0000,1.0000,,0.0000,0.0000,no_calib
155,5.2295,0.0000,0.0000,0.0000,0.0000,0,0.0000,1.0000,,0.0000,0.0000,no_calib
156,5.2596,0.0000,0.0000,0.0000,0.0000,0,0.0000,1.0000,,0.0000,0.0000,no_calib
157,5.2927,0.0000,0.0000,0.0000,0.0000,0,0.0000,1.0000,,0.0000,0.0000,no_calib
158,5.3265,0.0000,0.0000,0.0000,0.0000,0,0.0000,1.0000,,0.0000,0.0000,no_calib
159,5.3594,0.0000,0.0000,0.0000,0.0000,0,0.0000,1.0000,,0.0000,0.0000,no_calib
160,5.3932,0.0000,0.0000,0.0000,0.0000,0,0.0000,1.0000,,0.0000,0.0000,no_calib
161,5.4266,0.0000,0.0000,0.0000,0.0000,0,0.0000,1.0000,,0.0000,0.0000,no_calib
162,5.4593,0.0000,0.0000,0.0000,0.0000,0,0.0000,1.0000,,0.0000,0.0000,no_calib
163,5.4927,0.0000,0.0000,0.0000,0.0000,0,0.0000,1.0000,,0.0000,0.0000,no_calib
164,5.5265,0.0000,0.0000,0.0000,0.0000,0,0.0000,1.0000,,0.0000,0.0000,no_calib
165,5.5598,0.0000,0.0000,0.0000,0.0000,0,0.0000,1.0000,,0.0000,0.0000,no_calib
166,5.5925,0.0000,0.0000,0.0000,0.0000,0,0.0000,1.0000,,0.0000,0.0000,no_calib
167,5.6264,0.0000,0.0000,0.0000,0.0000,0,0.0000,1.0000,,0.0000,0.0000,no_calib
168,5.6593,0.0000,0.0000,0.0000,0.0000,0,0.0000,1.0000,,0.0000,0.0000,no_calib
169,5.6940,0.0000,0.0000,0.0000,0.0000,0,0.0000,1.0000,,0.0000,0.0000,no_calib
170,5.7264,0.0000,0.0000,0.0000,0.0000,0,0.0000,1.0000,,0.0000,0.0000,no_calib
171,5.7599,0.0000,0.0000,0.0000,0.0000,0,0.0000,1.0000,,0.0000,0.0000,no_calib
172,5.7925,0.0000,0.0000,0.0000,0.0000,0,0.0000,1.0000,,0.0000,0.0000,no_calib
173,5.8309,0.0000,0.0000,0.0000,0.0000,0,0.0000,1.0000,,0.0000,0.0000,no_calib
174,5.8596,0.0000,0.0000,0.0000,0.0000,0,0.0000,1.0000,,0.0000,0.0000,no_calib
175,5.8924,0.0000,0.0000,0.0000,0.0000,0,0.0000,1.0000,,0.0000,0.0000,no_calib
176,5.9263,0.0000,0.0000,0.0000,0.0000,0,0.0000,1.0000,,0.0000,0.0000,no_calib
177,5.9593,0.0000,0.0000,0.0000,0.0000,0,0.0000,1.0000,,0.0000,0.0000,no_calib
178,5.9927,0.0000,0.0000,0.0000,0.0000,0,0.0000,1.0000,,0.0000,0.0000,no_calib
179,6.0265,0.0000,0.0000,0.0000,0.0000,0,0.0000,1.0000,,0.0000,0.0000,no_calib
180,6.0598,0.0000,0.0000,0.0000,0.0000,0,0.0000,1.0000,,0.0000,0.0000,no_calib
181,6.0928,0.0000,0.0000,0.0000,0.0000,0,0.0000,1.0000,,0.0000,0.0000,no_calib
182,6.1257,0.0000,0.0000,0.0000,0.0000,0,0.0000,1.0000,,0.0000,0.0000,no_calib
183,6.1799,0.0000,0.0000,0.0000,0.0000,0,0.0000,1.0000,,0.0000,0.0000,no_calib
184,6.2040,0.0000,0.0000,0.0000,0.0000,0,0.0000,1.0000,,0.0000,0.0000,no_calib
185,6.2277,0.0000,0.0000,0.0000,0.0000,0,0.0000,1.0000,,0.0000,0.0000,no_calib
186,6.2596,0.0000,0.0000,0.0000,0.0000,0,0.0000,1.0000,,0.0000,0.0000,no_calib
187,6.2925,0.0000,0.0000,0.0000,0.0000,0,0.0000,1.0000,,0.0000,0.0000,no_calib
188,6.3261,0.0000,0.0000,0.0000,0.0000,0,0.0000,1.0000,,0.0000,0.0000,no_calib
189,6.3597,0.0000,0.0000,0.0000,0.0000,0,0.0000,1.0000,,0.0000,0.0000,no_calib
190,6.3923,0.0000,0.0000,0.0000,0.0000,0,0.0000,1.0000,,0.0000,0.0000,no_calib
191,6.4263,0.0000,0.0000,0.0000,0.0000,0,0.0000,1.0000,,0.0000,0.0000,no_calib
192,6.4595,0.0000,0.0000,0.0000,0.0000,0,0.0000,1.0000,,0.0000,0.0000,no_calib
193,6.4925,0.0000,0.0000,0.0000,0.0000,0,0.0000,1.0000,,0.0000,0.0000,no_calib
194,6.5258,0.0000,0.0000,0.0000,0.0000,0,0.0000,1.0000,,0.0000,0.0000,no_calib
195,6.5594,0.0000,0.0000,0.0000,0.0000,0,0.0000,1.0000,,0.0000,0.0000,no_calib
196,6.5924,0.0000,0.0000,0.0000,0.0000,0,0.0000,1.0000,,0.0000,0.0000,no_calib
197,6.6256,0.0000,0.0000,0.0000,0.0000,0,0.0000,1.0000,,0.0000,0.0000,no_calib
198,6.6593,0.0000,0.0000,0.0000,0.0000,0,0.0000,1.0000,,0.0000,0.0000,no_calib
199,8.5344,0.0246,0.0503,0.0246,0.0503,646,0.8304,1.0000,0.459814,-0.0420,-0.0182,
200,8.5629,-0.0521,-0.2381,-0.0767,-0.2885,743,0.9313,1.0000,0.459814,0.1235,0.1244,
201,8.5892,0.0080,0.0265,0.0601,0.2646,741,0.9287,1.0000,0.459814,-0.0946,-0.1172,
202,8.6157,-0.0167,-0.1101,-0.0247,-0.1366,734,0.9213,1.0000,0.459814,0.0372,0.0625,
203,8.6420,-0.0256,-0.1663,-0.0089,-0.0562,740,0.9313,1.0000,0.459814,0.0130,0.0261,
204,8.6683,0.0143,0.0493,0.0398,0.2156,740,0.9275,1.0000,0.459814,-0.0604,-0.0984,
205,8.6959,-0.0497,-0.2223,-0.0639,-0.2717,734,0.9225,1.0000,0.459814,0.1012,0.1197,
206,8.7223,0.0051,-0.0086,0.0548,0.2138,742,0.9300,1.0000,0.459814,-0.0878,-0.0928,
207,8.7484,-0.0198,-0.0947,-0.0249,-0.0861,735,0.9225,1.0000,0.459814,0.0406,0.0365,
208,8.7759,-0.0377,-0.1442,-0.0179,-0.0496,739,0.9250,1.0000,0.459814,0.0299,0.0199,
209,8.8173,0.0118,0.0473,0.0495,0.1915,738,0.9225,1.0000,0.459814,-0.0795,-0.0830,
210,8.8441,-0.0510,-0.2009,-0.0628,-0.2481,736,0.9200,1.0000,0.459814,0.1005,0.1080,
211,8.8704,-0.0051,0.0077,0.0459,0.2086,742,0.9313,1.0000,0.459814,-0.0719,-0.0929,
212,8.8970,-0.0308,-0.0755,-0.0257,-0.0832,742,0.9287,1.0000,0.459814,0.0422,0.0348,
213,8.9517,-0.0422,-0.1149,-0.0113,-0.0395,738,0.9225,1.0000,0.459814,0.0185,0.0168,
214,8.9829,0.0036,0.0402,0.0457,0.1552,742,0.9275,1.0000,0.459814,-0.0746,-0.0655,
215,9.0099,-0.0478,-0.1613,-0.0514,-0.2015,744,0.9300,1.0000,0.459814,0.0824,0.0876,
216,9.0362,-0.0110,0.0109,0.0368,0.1722,748,0.9350,1.0000,0.459814,-0.0574,-0.0770,
217,9.0646,-0.0279,-0.0512,-0.0169,-0.0621,736,0.9237,1.0000,0.459814,0.0273,0.0267,
218,9.0916,-0.0426,-0.0769,-0.0147,-0.0257,736,0.9213,1.0000,0.459814,0.0254,0.0086,
219,9.1265,-0.0043,0.0369,0.0383,0.1137,741,0.9263,1.0000,0.459814,-0.0634,-0.0466,
220,9.1536,-0.0534,-0.1318,-0.0491,-0.1687,744,0.9300,1.0000,0.459814,0.0800,0.0714,
221,9.1834,-0.0155,0.0118,0.0379,0.1435,744,0.9325,1.0000,0.459814,-0.0610,-0.0620,
222,9.2102,-0.0342,-0.0446,-0.0186,-0.0564,743,0.9313,1.0000,0.459814,0.0308,0.0232,
223,9.2373,-0.0415,-0.0723,-0.0073,-0.0277,736,0.9237,1.0000,0.459814,0.0118,0.0119,
224,9.2698,-0.0108,0.0291,0.0307,0.1014,742,0.9300,1.0000,0.459814,-0.0503,-0.0426,
225,9.2977,-0.0454,-0.1107,-0.0346,-0.1398,739,0.9263,1.0000,0.459814,0.0551,0.0611,
226,9.3238,-0.0166,-0.0037,0.0287,0.1070,738,0.9250,1.0000,0.459814,-0.0463,-0.0461,
227,9.3496,-0.0253,-0.0302,-0.0087,-0.0265,740,0.9263,1.0000,0.459814,0.0143,0.0109,
228,9.3759,-0.0364,-0.0604,-0.0111,-0.0302,735,0.9213,1.0000,0.459814,0.0186,0.0121,
229,9.4059,-0.0123,0.0202,0.0241,0.0806,739,0.9275,1.0000,0.459814,-0.0394,-0.0339,
230,9.4356,-0.0403,-0.0899,-0.0280,-0.1101,737,0.9225,1.0000,0.459814,0.0448,0.0479,
231,9.4617,-0.0186,-0.0177,0.0217,0.0722,738,0.9237,1.0000,0.459814,-0.0356,-0.0303,
232,9.4893,-0.0253,-0.0385,-0.0067,-0.0208,746,0.9337,1.0000,0.459814,0.0111,0.0086,
233,9.5216,-0.0305,-0.0505,-0.0052,-0.0120,741,0.9287,1.0000,0.459814,0.0088,0.0046,
234,9.5487,-0.0220,0.0025,0.0085,0.0531,737,0.9225,1.0000,0.459814,-0.0125,-0.0246,
235,9.5783,-0.0297,-0.0632,-0.0078,-0.0658,739,0.9250,1.0000,0.459814,0.0104,0.0314,
236,9.6065,-0.0253,-0.0266,0.0044,0.0366,740,0.9287,1.0000,0.459814,-0.0059,-0.0174,
237,9.6383,-0.0289,-0.0385,-0.0036,-0.0119,742,0.9300,1.0000,0.459814,0.0058,0.0050,
238,9.6656,-0.0340,-0.0578,-0.0052,-0.0193,741,0.9275,1.0000,0.459814,0.0083,0.0083,
239,9.6916,-0.0257,-0.0032,0.0084,0.0546,747,0.9363,1.0000,0.459814,-0.0121,-0.0255,
240,9.7181,-0.0393,-0.0377,-0.0137,-0.0345,744,0.9313,1.0000,0.459814,0.0230,0.0135,
241,9.7457,-0.0352,-0.0184,0.0041,0.0193,744,0.9313,1.0000,0.459814,-0.0064,-0.0086,
242,9.7721,-0.0356,-0.0206,-0.0003,-0.0022,744,0.9300,1.0000,0.459814,0.0005,0.0010,
243,9.8233,-0.0403,-0.0463,-0.0047,-0.0258,752,0.9400,1.0000,0.459814,0.0072,0.0118,
244,9.8502,-0.0392,-0.0072,0.0011,0.0391,745,0.9313,1.0000,0.459814,0.0002,-0.0197,
245,9.8771,-0.0426,-0.0401,-0.0034,-0.0328,747,0.9337,1.0000,0.459814,0.0043,0.0158,
246,9.9033,-0.0379,-0.0222,0.0046,0.0179,752,0.9400,1.0000,0.459814,-0.0074,-0.0078,
247,9.9292,-0.0409,-0.0305,-0.0030,-0.0083,751,0.9387,1.0000,0.459814,0.0050,0.0034,
248,9.9555,-0.0385,-0.0217,0.0024,0.0089,748,0.9350,1.0000,0.459814,-0.0039,-0.0038,
249,9.9816,-0.0366,-0.0107,0.0019,0.0110,750,0.9375,1.0000,0.459814,-0.0029,-0.0051,
250,10.0082,-0.0431,-0.0329,-0.0066,-0.0223,750,0.9375,1.0000,0.459814,0.0107,0.0094,
251,10.0431,-0.0372,-0.0254,0.0059,0.0075,746,0.9325,1.0000,0.459814,-0.0104,-0.0020,
252,10.0806,-0.0353,-0.0396,0.0019,-0.0142,752,0.9400,1.0000,0.459814,-0.0043,0.0079,
253,10.1098,-0.0340,-0.0429,0.0012,-0.0032,747,0.9337,1.0000,0.459814,-0.0024,0.0020,
254,10.1371,-0.0373,-0.0353,-0.0033,0.0076,753,0.9413,1.0000,0.459814,0.0064,-0.0049,
255,10.1636,-0.0407,-0.0486,-0.0034,-0.0133,748,0.9350,1.0000,0.459814,0.0054,0.0058,
256,10.1900,-0.0362,-0.0387,0.0045,0.0099,751,0.9387,1.0000,0.459814,-0.0076,-0.0037,
257,10.2164,-0.0328,-0.0195,0.0034,0.0192,747,0.9337,1.0000,0.459814,-0.0052,-0.0088,
258,10.2425,-0.0400,-0.0567,-0.0072,-0.0372,760,0.9500,1.0000,0.459814,0.0110,0.0169,
259,10.2687,-0.0354,-0.0353,0.0046,0.0215,747,0.9337,1.0000,0.459814,-0.0072,-0.0096,
260,10.2949,-0.0390,-0.0626,-0.0036,-0.0274,749,0.9363,1.0000,0.459814,0.0051,0.0129,
261,10.3208,-0.0403,-0.0634,-0.0013,-0.0008,748,0.9350,1.0000,0.459814,0.0023,0.0000,
262,10.3468,-0.0345,-0.0503,0.0058,0.0131,751,0.9387,1.0000,0.459814,-0.0099,-0.0049,
263,10.3731,-0.0387,-0.0875,-0.0043,-0.0371,746,0.9325,1.0000,0.459814,0.0057,0.0177,
264,10.3990,-0.0391,-0.0528,-0.0004,0.0347,745,0.9313,1.0000,0.459814,0.0027,-0.0179,
265,10.4267,-0.0361,-0.0598,0.0030,-0.0069,750,0.9375,1.0000,0.459814,-0.0059,0.0045,
266,10.4535,-0.0421,-0.0722,-0.0059,-0.0124,751,0.9387,1.0000,0.459814,0.0101,0.0045,
267,10.4796,-0.0301,-0.0517,0.0120,0.0204,747,0.9337,1.0000,0.459814,-0.0208,-0.0068,
268,10.5058,-0.0443,-0.0990,-0.0142,-0.0473,745,0.9313,1.0000,0.459814,0.0232,0.0199,
269,10.5323,-0.0288,-0.0529,0.0155,0.0461,746,0.9325,1.0000,0.459814,-0.0256,-0.0189,
270,10.5596,-0.0345,-0.0745,-0.0057,-0.0216,765,0.9563,1.0000,0.459814,0.0092,0.0093,
271,10.5882,-0.0402,-0.0721,-0.0057,0.0024,757,0.9463,1.0000,0.459814,0.0106,-0.0030,
272,10.6163,-0.0353,-0.0556,0.0049,0.0165,748,0.9350,1.0000,0.459814,-0.0079,-0.0070,
273,10.6660,-0.0370,-0.0641,-0.0017,-0.0085,745,0.9313,1.0000,0.459814,0.0026,0.0038,
274,10.6916,-0.0403,-0.0523,-0.0033,0.0118,743,0.9287,1.0000,0.459814,0.0066,-0.0070,
275,10.7169,-0.0399,-0.0535,0.0003,-0.0012,752,0.9400,1.0000,0.459814,-0.0007,0.0007,
276,10.7424,-0.0406,-0.0556,-0.0007,-0.0020,754,0.9425,1.0000,0.459814,0.0011,0.0008,
277,10.7693,-0.0397,-0.0607,0.0008,-0.0051,751,0.9387,1.0000,0.459814,-0.0018,0.0029,
278,10.7948,-0.0406,-0.0836,-0.0008,-0.0229,742,0.9300,1.0000,0.459814,0.0002,0.0115,
279,10.8204,-0.0418,-0.0779,-0.0013,0.0056,742,0.9275,1.0000,0.459814,0.0027,-0.0033,
280,10.8461,-0.0403,-0.0828,0.0016,-0.0049,747,0.9337,1.0000,0.459814,-0.0032,0.0030,
281,10.8717,-0.0434,-0.0720,-0.0032,0.0108,749,0.9363,1.0000,0.459814,0.0064,-0.0065,
282,10.8971,-0.0454,-0.0831,-0.0020,-0.0111,748,0.9350,1.0000,0.459814,0.0030,0.0051,
283,10.9226,-0.0470,-0.1032,-0.0016,-0.0201,750,0.9375,1.0000,0.459814,0.0017,0.0098,
284,10.9481,-0.0309,-0.0941,0.0161,0.0091,750,0.9375,1.0000,0.459814,-0.0290,0.0003,
285,10.9734,-0.0425,-0.0808,-0.0117,0.0133,744,0.9300,1.0000,0.459814,0.0221,-0.0104,
286,10.9990,-0.0425,-0.0809,0.0000,-0.0001,748,0.9350,1.0000,0.459814,-0.0000,0.0001,
287,11.0244,-0.0376,-0.0746,0.0049,0.0063,747,0.9350,1.0000,0.459814,-0.0086,-0.0017,
288,11.0503,-0.0349,-0.0744,0.0027,0.0002,743,0.9287,1.0000,0.459814,-0.0049,0.0007,
289,11.0772,-0.0474,-0.0890,-0.0125,-0.0146,746,0.9325,1.0000,0.459814,0.0220,0.0036,
290,11.1059,-0.0347,-0.0765,0.0127,0.0125,753,0.9425,1.0000,0.459814,-0.0225,-0.0025,
291,11.1315,-0.0430,-0.1043,-0.0083,-0.0278,743,0.9287,1.0000,0.459814,0.0135,0.0117,
292,11.1577,-0.0440,-0.1084,-0.0010,-0.0041,747,0.9337,1.0000,0.459814,0.0016,0.0018,
293,11.1831,-0.0380,-0.1054,0.0061,0.0030,742,0.9275,1.0000,0.459814,-0.0109,0.0004,
294,11.2086,-0.0422,-0.1142,-0.0042,-0.0087,731,0.9150,1.0000,0.459814,0.0073,0.0032,
295,11.2343,-0.0438,-0.1066,-0.0016,0.0075,733,0.9197,1.0000,0.459814,0.0034,-0.0044,
296,11.2598,-0.0426,-0.1074,0.0013,-0.0007,734,0.9186,1.0000,0.459814,-0.0024,0.0008,
297,11.2890,-0.0478,-0.1050,-0.0052,0.0023,736,0.9225,1.0000,0.459814,0.0097,-0.0028,
298,11.3221,-0.0496,-0.1065,-0.0018,-0.0015,738,0.9237,1.0000,0.459814,0.0033,0.0002,
299,11.3556,-0.0497,-0.0846,-0.0001,0.0218,727,0.9087,1.0000,0.459814,0.0014,-0.0112,
300,11.3892,-0.0553,-0.1060,-0.0056,-0.0213,733,0.9175,1.0000,0.459814,0.0090,0.0092,
301,11.4222,-0.0519,-0.1090,0.0034,-0.0031,733,0.9163,1.0000,0.459814,-0.0063,0.0026,
302,11.4555,-0.0414,-0.1055,0.0105,0.0035,723,0.9049,1.0000,0.459814,-0.0190,0.0014,
303,11.5055,-0.0422,-0.1268,-0.0008,-0.0213,683,0.8575,1.0000,0.459814,0.0002,0.0107,
304,11.5316,-0.0716,-0.1418,-0.0294,-0.0150,681,0.8546,1.0000,0.459814,0.0529,-0.0014,
305,11.5579,-0.0629,-0.2315,0.0087,-0.0897,701,0.8788,1.0000,0.459814,-0.0212,0.0488,
306,11.5887,-0.0427,-0.0330,0.0202,0.1985,703,0.8825,1.0000,0.459814,-0.0255,-0.0956,
307,11.6221,-0.0659,-0.1380,-0.0232,-0.1050,704,0.8836,1.0000,0.459814,0.0363,0.0467,
308,11.6554,-0.0729,-0.0653,-0.0070,0.0727,702,0.8871,1.0000,0.459814,0.0171,-0.0395,
309,11.6897,-0.0500,0.0146,0.0229,0.0800,705,0.8860,1.0000,0.459814,-0.0372,-0.0340,
310,11.7221,-0.0844,-0.0794,-0.0344,-0.0940,702,0.8811,1.0000,0.459814,0.0574,0.0376,
311,11.7554,-0.0591,0.0857,0.0253,0.1650,697,0.8772,1.0000,0.459814,-0.0367,-0.0769,
312,11.7885,-0.0752,-0.0499,-0.0161,-0.1356,707,0.8932,1.0000,0.459814,0.0215,0.0646,
313,11.8222,-0.0718,-0.0164,0.0034,0.0335,694,0.8744,1.0000,0.459814,-0.0042,-0.0162,
314,11.8554,-0.0588,-0.0205,0.0130,-0.0041,706,0.8883,1.0000,0.459814,-0.0240,0.0061,
315,11.8886,-0.0809,-0.1577,-0.0220,-0.1372,704,0.8892,1.0000,0.459814,0.0323,0.0636,
316,11.9216,-0.0526,-0.0613,0.0283,0.0964,694,0.8809,1.0000,0.459814,-0.0461,-0.0408,
317,11.9554,-0.0772,-0.1854,-0.0246,-0.1241,696,0.8815,1.0000,0.459814,0.0379,0.0561,
318,11.9888,-0.0626,-0.1835,0.0146,0.0019,702,0.8927,1.0000,0.459814,-0.0266,0.0035,
319,12.0223,-0.0550,-0.1033,0.0076,0.0802,719,0.9151,1.0000,0.459814,-0.0093,-0.0388,
320,12.0555,-0.0961,-0.2427,-0.0411,-0.1394,729,0.9210,1.0000,0.459814,0.0671,0.0588,
321,12.0886,-0.0545,-0.1092,0.0416,0.1335,724,0.9075,1.0000,0.459814,-0.0683,-0.0557,
322,12.1219,-0.0703,-0.1525,-0.0158,-0.0433,734,0.9263,1.0000,0.459814,0.0263,0.0173,
323,12.1555,-0.0896,-0.1727,-0.0193,-0.0202,734,0.9275,1.0000,0.459814,0.0341,0.0044,
324,12.1886,-0.0506,-0.0194,0.0390,0.1533,719,0.9113,1.0000,0.459814,-0.0625,-0.0667,
325,12.2223,-0.0903,-0.1928,-0.0397,-0.1734,717,0.9062,1.0000,0.459814,0.0626,0.0768,
326,12.2558,-0.0649,-0.0828,0.0254,0.1100,738,0.9263,1.0000,0.459814,-0.0400,-0.0486,
327,12.2908,-0.0640,-0.1076,0.0009,-0.0248,736,0.9237,1.0000,0.459814,-0.0031,0.0130,
328,12.3217,-0.0778,-0.1888,-0.0137,-0.0813,738,0.9275,1.0000,0.459814,0.0204,0.0375,
329,12.3552,-0.0434,-0.0654,0.0344,0.1234,724,0.9113,1.0000,0.459814,-0.0558,-0.0527,
330,12.3887,-0.0948,-0.2300,-0.0515,-0.1646,728,0.9150,1.0000,0.459814,0.0846,0.0686,
331,12.4223,-0.0560,-0.1115,0.0388,0.1185,728,0.9175,1.0000,0.459814,-0.0641,-0.0489,
332,12.4601,-0.0570,-0.1427,-0.0010,-0.0312,727,0.9163,1.0000,0.459814,-0.0000,0.0157,
333,12.5110,-0.0773,-0.2096,-0.0203,-0.0670,742,0.9287,1.0000,0.459814,0.0332,0.0281,
334,12.5370,-0.0505,-0.0619,0.0268,0.1477,743,0.9287,1.0000,0.459814,-0.0405,-0.0676,
335,12.5629,-0.0801,-0.1908,-0.0296,-0.1289,740,0.9287,1.0000,0.459814,0.0467,0.0570,
336,12.5887,-0.0708,-0.1252,0.0093,0.0656,749,0.9363,1.0000,0.459814,-0.0132,-0.0308,
337,12.6217,-0.0689,-0.1117,0.0019,0.0135,744,0.9325,1.0000,0.459814,-0.0028,-0.0063,
338,12.6555,-0.0923,-0.1994,-0.0234,-0.0878,744,0.9337,1.0000,0.459814,0.0378,0.0378,
339,12.6891,-0.0580,-0.0939,0.0343,0.1055,737,0.9213,1.0000,0.459814,-0.0565,-0.0436,
340,12.7216,-0.0858,-0.2091,-0.0278,-0.1152,733,0.9200,1.0000,0.459814,0.0441,0.0505,
341,12.7555,-0.0789,-0.1341,0.0069,0.0750,734,0.9175,1.0000,0.459814,-0.0083,-0.0364,
342,12.7888,-0.0755,-0.1417,0.0035,-0.0077,733,0.9255,1.0000,0.459814,-0.0068,0.0050,
343,12.8217,-0.0922,-0.2290,-0.0168,-0.0873,735,0.9351,1.0000,0.459814,0.0256,0.0397,
344,12.8549,-0.0639,-0.1131,0.0283,0.1160,725,0.9225,1.0000,0.459814,-0.0451,-0.0508,
345,12.8888,-0.0948,-0.2020,-0.0309,-0.0889,721,0.9092,1.0000,0.459814,0.0514,0.0361,
346,12.9330,-0.0837,-0.1666,0.0112,0.0353,726,0.9190,1.0000,0.459814,-0.0184,-0.0147,
347,12.9591,-0.0746,-0.1406,0.0090,0.0260,725,0.9119,1.0000,0.459814,-0.0150,-0.0106,
348,12.9888,-0.0961,-0.2142,-0.0214,-0.0736,721,0.9128,1.0000,0.459814,0.0349,0.0312,
349,13.0216,-0.0624,-0.0918,0.0336,0.1224,721,0.9165,1.0000,0.459814,-0.0544,-0.0524,
350,13.0547,-0.0909,-0.2069,-0.0284,-0.1151,721,0.9115,1.0000,0.459814,0.0453,0.0503,
351,13.0884,-0.0673,-0.1665,0.0236,0.0404,727,0.9263,1.0000,0.459814,-0.0408,-0.0134,
352,13.1214,-0.0704,-0.1487,-0.0032,0.0178,745,0.9400,1.0000,0.459814,0.0068,-0.0101,
353,13.1547,-0.0935,-0.2353,-0.0230,-0.0866,746,0.9400,1.0000,0.459814,0.0371,0.0374,
354,13.1880,-0.0621,-0.1228,0.0314,0.1126,745,0.9313,1.0000,0.459814,-0.0508,-0.0481,
355,13.2215,-0.0839,-0.2156,-0.0218,-0.0928,754,0.9425,1.0000,0.459814,0.0345,0.0409,
356,13.2546,-0.0754,-0.1925,0.0085,0.0231,752,0.9400,1.0000,0.459814,-0.0141,-0.0093,
357,13.2881,-0.0705,-0.1703,0.0050,0.0222,748,0.9350,1.0000,0.459814,-0.0078,-0.0099,
358,13.3211,-0.0964,-0.2306,-0.0259,-0.0603,751,0.9387,1.0000,0.459814,0.0439,0.0229,
359,13.3596,-0.0689,-0.1508,0.0275,0.0798,757,0.9463,1.0000,0.459814,-0.0456,-0.0325,
360,13.3877,-0.0912,-0.2167,-0.0223,-0.0659,742,0.9275,1.0000,0.459814,0.0370,0.0269,
361,13.4213,-0.0898,-0.1912,0.0014,0.0256,749,0.9363,1.0000,0.459814,-0.0011,-0.0127,
362,13.4548,-0.0688,-0.1423,0.0210,0.0489,749,0.9363,1.0000,0.459814,-0.0355,-0.0186,
363,13.5047,-0.0850,-0.2043,-0.0162,-0.0621,747,0.9350,1.0000,0.459814,0.0260,0.0269,
364,13.5307,-0.0701,-0.1174,0.0150,0.0869,750,0.9375,1.0000,0.459814,-0.0223,-0.0400,
365,13.5566,-0.0795,-0.1331,-0.0095,-0.0157,752,0.9400,1.0000,0.459814,0.0164,0.0051,
366,13.5879,-0.0794,-0.1437,0.0001,-0.0106,754,0.9425,1.0000,0.459814,-0.0008,0.0055,
367,13.6212,-0.0662,-0.0904,0.0133,0.0533,759,0.9500,1.0000,0.459814,-0.0212,-0.0233,
368,13.6546,-0.0847,-0.1217,-0.0185,-0.0313,758,0.9475,1.0000,0.459814,0.0320,0.0104,
369,13.6877,-0.0582,0.0378,0.0265,0.1595,745,0.9313,1.0000,0.459814,-0.0391,-0.0737,
370,13.7213,-0.0702,0.0616,-0.0120,0.0238,745,0.9313,1.0000,0.459814,0.0233,-0.0159,
371,13.7546,-0.0690,0.0742,0.0012,0.0126,752,0.9400,1.0000,0.459814,-0.0015,-0.0061,
372,13.7881,-0.0611,0.1343,0.0079,0.0601,757,0.9463,1.0000,0.459814,-0.0109,-0.0284,
373,13.8211,-0.0682,0.0664,-0.0071,-0.0679,753,0.9413,1.0000,0.459814,0.0090,0.0327,
374,13.8545,-0.0479,0.1744,0.0203,0.1081,749,0.9363,1.0000,0.459814,-0.0309,-0.0492,
375,13.8881,-0.0602,0.1569,-0.0123,-0.0175,757,0.9463,1.0000,0.459814,0.0215,0.0052,
376,13.9211,-0.0672,0.1775,-0.0069,0.0206,742,0.9275,1.0000,0.459814,0.0138,-0.0127,
377,13.9546,-0.0419,0.2370,0.0252,0.0595,761,0.9513,1.0000,0.459814,-0.0427,-0.0228,
378,13.9877,-0.0592,0.1807,-0.0173,-0.0563,746,0.9325,1.0000,0.459814,0.0284,0.0236,
379,14.0213,-0.0521,0.2266,0.0072,0.0459,758,0.9475,1.0000,0.459814,-0.0105,-0.0214,
380,14.0547,-0.0576,0.1861,-0.0055,-0.0405,754,0.9425,1.0000,0.459814,0.0078,0.0191,
381,14.0883,-0.0581,0.1661,-0.0005,-0.0199,750,0.9375,1.0000,0.459814,-0.0002,0.0101,
382,14.1214,-0.0482,0.1697,0.0099,0.0035,746,0.9325,1.0000,0.459814,-0.0180,0.0013,
383,14.1545,-0.0581,0.0765,-0.0100,-0.0932,751,0.9387,1.0000,0.459814,0.0129,0.0447,
384,14.1876,-0.0597,0.1009,-0.0015,0.0243,752,0.9400,1.0000,0.459814,0.0042,-0.0130,
385,14.2215,-0.0533,0.1087,0.0064,0.0078,753,0.9413,1.0000,0.459814,-0.0112,-0.0020,
386,14.2548,-0.0622,-0.0173,-0.0089,-0.1259,747,0.9350,1.0000,0.459814,0.0089,0.0619,
387,14.2876,-0.0808,-0.0548,-0.0186,-0.0376,742,0.9313,1.0000,0.459814,0.0319,0.0135,
388,14.3212,-0.0886,-0.0874,-0.0077,-0.0326,747,0.9337,1.0000,0.459814,0.0123,0.0143,
389,14.3547,-0.0641,-0.0297,0.0244,0.0577,751,0.9413,1.0000,0.459814,-0.0414,-0.0221,
390,14.3876,-0.0697,-0.0796,-0.0056,-0.0499,750,0.9487,1.0000,0.459814,0.0073,0.0239,
391,14.4210,-0.0873,0.0017,-0.0176,0.0813,731,0.9275,1.0000,0.459814,0.0369,-0.0472,
392,14.4545,-0.0924,-0.0529,-0.0051,-0.0547,741,0.9375,1.0000,0.459814,0.0061,0.0265,
393,14.5047,-0.0728,-0.0195,0.0196,0.0334,739,0.9300,1.0000,0.459814,-0.0338,-0.0111,
394,14.5309,-0.0862,-0.0345,-0.0134,-0.0150,738,0.9337,1.0000,0.459814,0.0235,0.0036,
395,14.5568,-0.0980,-0.1092,-0.0118,-0.0747,751,0.9400,1.0000,0.459814,0.0173,0.0347,
396,14.5876,-0.0707,-0.0297,0.0273,0.0795,754,0.9425,1.0000,0.459814,-0.0453,-0.0324,
397,14.6209,-0.0882,-0.1204,-0.0175,-0.0907,746,0.9325,1.0000,0.459814,0.0268,0.0412,
398,14.6540,-0.0917,-0.1023,-0.0035,0.0181,735,0.9363,1.0000,0.459814,0.0074,-0.0104,
399,14.6877,-0.0672,-0.0668,0.0245,0.0354,730,0.9200,1.0000,0.459814,-0.0428,-0.0106,
400,14.7209,-0.1056,-0.1345,-0.0384,-0.0677,739,0.9350,1.0000,0.459814,0.0663,0.0229,
401,14.7544,-0.0786,-0.0486,0.0270,0.0860,730,0.9313,1.0000,0.459814,-0.0443,-0.0358,
402,14.7877,-0.0863,-0.0947,-0.0077,-0.0461,747,0.9363,1.0000,0.459814,0.0114,0.0213,
403,14.8210,-0.0982,-0.0914,-0.0119,0.0033,742,0.9325,1.0000,0.459814,0.0219,-0.0054,
404,14.8547,-0.0775,-0.0658,0.0207,0.0255,733,0.9237,1.0000,0.459814,-0.0363,-0.0067,
405,14.8876,-0.0942,-0.0722,-0.0167,-0.0064,735,0.9263,1.0000,0.459814,0.0302,-0.0019,
406,14.9209,-0.0932,-0.0399,0.0010,0.0323,732,0.9250,1.0000,0.459814,0.0000,-0.0163,
407,14.9541,-0.0814,-0.0357,0.0119,0.0042,734,0.9325,1.0000,0.459814,-0.0214,0.0015,
408,14.9875,-0.0931,-0.0402,-0.0117,-0.0045,742,0.9300,1.0000,0.459814,0.0212,-0.0013,
409,15.0212,-0.0916,-0.0210,0.0015,0.0192,747,0.9337,1.0000,0.459814,-0.0016,-0.0094,
410,15.0543,-0.0912,-0.0557,0.0004,-0.0347,745,0.9313,1.0000,0.459814,-0.0028,0.0179,
411,15.0877,-0.0800,-0.0121,0.0112,0.0436,744,0.9300,1.0000,0.459814,-0.0180,-0.0189,
412,15.1213,-0.0868,-0.0126,-0.0069,-0.0005,745,0.9313,1.0000,0.459814,0.0126,-0.0019,
413,15.1544,-0.0723,-0.0068,0.0146,0.0058,751,0.9387,1.0000,0.459814,-0.0263,0.0015,
414,15.1874,-0.0627,0.0445,0.0095,0.0513,746,0.9325,1.0000,0.459814,-0.0144,-0.0234,
415,15.2206,-0.0787,-0.0071,-0.0159,-0.0516,747,0.9337,1.0000,0.459814,0.0262,0.0215,
416,15.2546,-0.0427,0.0141,0.0360,0.0212,743,0.9287,1.0000,0.459814,-0.0645,0.0002,
417,15.2875,-0.0462,-0.0163,-0.0035,-0.0304,750,0.9375,1.0000,0.459814,0.0046,0.0145,
418,15.3212,-0.0643,0.0752,-0.0180,0.0916,750,0.9375,1.0000,0.459814,0.0383,-0.0526,
419,15.3542,-0.0524,0.1453,0.0119,0.0701,744,0.9300,1.0000,0.459814,-0.0176,-0.0323,
420,15.3876,-0.0976,0.2083,-0.0452,0.0630,746,0.9325,1.0000,0.459814,0.0862,-0.0463,
421,15.4212,-0.1767,0.2740,-0.0791,0.0657,744,0.9300,1.0000,0.459814,0.1483,-0.0582,
422,15.4541,-0.1586,0.3419,0.0180,0.0679,751,0.9387,1.0000,0.459814,-0.0290,-0.0293,
423,15.5043,-0.1664,0.2877,-0.0077,-0.0542,748,0.9363,1.0000,0.459814,0.0110,0.0254,
424,15.5304,-0.1583,0.2665,0.0080,-0.0213,758,0.9475,1.0000,0.459814,-0.0159,0.0134,
425,15.5563,-0.1458,0.3974,0.0126,0.1309,750,0.9375,1.0000,0.459814,-0.0154,-0.0633,
426,15.5873,-0.1850,0.3584,-0.0392,-0.0390,750,0.9375,1.0000,0.459814,0.0695,0.0079,
427,15.6206,-0.1865,0.4490,-0.0015,0.0906,756,0.9450,1.0000,0.459814,0.0079,-0.0470,
428,15.6539,-0.1776,0.3931,0.0088,-0.0559,750,0.9375,1.0000,0.459814,-0.0194,0.0314,
429,15.6876,-0.1525,0.3888,0.0251,-0.0043,752,0.9400,1.0000,0.459814,-0.0461,0.0099,
430,15.7206,-0.1147,0.4244,0.0379,0.0355,747,0.9337,1.0000,0.459814,-0.0671,-0.0065,
431,15.7542,-0.1156,0.4032,-0.0010,-0.0211,746,0.9325,1.0000,0.459814,0.0005,0.0105,
432,15.7872,-0.0884,0.4628,0.0272,0.0595,747,0.9337,1.0000,0.459814,-0.0463,-0.0222,
433,15.8203,-0.1184,0.5061,-0.0300,0.0433,746,0.9350,1.0000,0.459814,0.0574,-0.0315,
434,15.8542,-0.1695,0.6191,-0.0510,0.1130,743,0.9287,1.0000,0.459814,0.0998,-0.0738,
435,15.8872,-0.1157,0.7349,0.0538,0.1158,748,0.9350,1.0000,0.459814,-0.0916,-0.0428,
436,15.9211,-0.0951,0.7795,0.0206,0.0446,753,0.9413,1.0000,0.459814,-0.0350,-0.0165,
437,15.9542,-0.0983,0.6083,-0.0032,-0.1712,754,0.9425,1.0000,0.459814,-0.0040,0.0869,
438,15.9871,-0.0136,0.7530,0.0848,0.1447,748,0.9350,1.0000,0.459814,-0.1466,-0.0481,
439,16.0206,0.0051,0.6156,0.0186,-0.1374,750,0.9375,1.0000,0.459814,-0.0420,0.0763,
440,16.0541,0.0146,0.6574,0.0095,0.0418,756,0.9450,1.0000,0.459814,-0.0150,-0.0185,
441,16.0868,-0.0151,0.7925,-0.0297,0.1352,753,0.9425,1.0000,0.459814,0.0620,-0.0786,
442,16.1206,-0.1196,0.6701,-0.1045,-0.1224,752,0.9413,1.0000,0.459814,0.1839,0.0305,
443,16.1540,-0.1532,0.9041,-0.0336,0.2339,752,0.9413,1.0000,0.459814,0.0750,-0.1305,
444,16.1870,-0.8118,0.4539,-0.6586,-0.4502,729,0.9113,1.0000,0.459814,1.1777,0.0276,
445,16.2206,-1.1975,-0.4430,-0.3857,-0.8969,735,0.9100,1.0000,0.459814,0.6532,0.3412,
446,16.2535,-1.3630,-0.8843,-0.1655,-0.4412,742,0.9287,1.0000,0.459814,0.2771,0.1754,
447,16.2872,-1.4612,-1.2137,-0.0982,-0.3294,736,0.9263,1.0000,0.459814,0.1605,0.1388,
448,16.3204,-1.4150,-0.9898,0.0462,0.2239,750,0.9387,1.0000,0.459814,-0.0716,-0.1006,
449,16.3536,-1.6195,-1.4001,-0.2045,-0.4103,743,0.9300,1.0000,0.459814,0.3500,0.1475,
450,16.3871,-1.5211,-0.8696,0.0983,0.5306,743,0.9287,1.0000,0.459814,-0.1491,-0.2420,
451,16.4202,-1.7973,-1.5373,-0.2761,-0.6677,735,0.9050,1.0000,0.459814,0.4662,0.2574,
452,16.4542,-1.6482,-0.8958,0.1491,0.6415,729,0.9113,1.0000,0.459814,-0.2354,-0.2833,
453,16.5051,-1.6687,-0.7189,-0.0205,0.1769,746,0.9325,1.0000,0.459814,0.0477,-0.0971,
454,16.5318,-1.5696,-0.1974,0.0991,0.5215,734,0.9200,1.0000,0.459814,-0.1511,-0.2371,
455,16.5585,-1.4641,0.1949,0.1055,0.3923,734,0.9200,1.0000,0.459814,-0.1702,-0.1688,
456,16.5873,-1.4282,0.0808,0.0359,-0.1141,741,0.9275,1.0000,0.459814,-0.0721,0.0697,
457,16.6207,-1.4104,0.2919,0.0178,0.2112,742,0.9275,1.0000,0.459814,-0.0204,-0.1029,
458,16.6537,-1.4501,0.0653,-0.0397,-0.2266,746,0.9325,1.0000,0.459814,0.0594,0.1041,
459,16.6872,-1.4425,0.1084,0.0076,0.0431,735,0.9187,1.0000,0.459814,-0.0114,-0.0198,
460,16.7206,-1.4012,0.0717,0.0412,-0.0367,732,0.9161,1.0000,0.459814,-0.0775,0.0316,
461,16.7536,-1.4415,-0.1132,-0.0402,-0.1850,744,0.9312,1.0000,0.459814,0.0629,0.0825,
462,16.7873,-1.3808,0.0462,0.0606,0.1594,736,0.9212,1.0000,0.459814,-0.1016,-0.0631,
463,16.8203,-1.4561,-0.1222,-0.0752,-0.1684,746,0.9337,1.0000,0.459814,0.1278,0.0632,
464,16.8536,-1.4621,-0.1510,-0.0061,-0.0288,743,0.9312,1.0000,0.459814,0.0094,0.0129,
465,16.8874,-1.4582,-0.1698,0.0040,-0.0188,743,0.9312,1.0000,0.459814,-0.0083,0.0109,
466,16.9203,-1.5184,-0.3934,-0.0603,-0.2236,737,0.9249,1.0000,0.459814,0.0972,0.0962,
467,16.9539,-1.4773,-0.3720,0.0411,0.0214,737,0.9213,1.0000,0.459814,-0.0738,0.0017,
468,16.9871,-1.5137,-0.5373,-0.0363,-0.1653,751,0.9387,1.0000,0.459814,0.0569,0.0736,
469,17.0205,-1.5466,-0.5992,-0.0329,-0.0619,741,0.9263,1.0000,0.459814,0.0565,0.0216,
470,17.0536,-1.5738,-0.5692,-0.0273,0.0300,742,0.9275,1.0000,0.459814,0.0515,-0.0238,
471,17.0872,-1.6590,-0.7831,-0.0852,-0.2138,734,0.9175,1.0000,0.459814,0.1434,0.0834,
472,17.1204,-1.6336,-0.7582,0.0254,0.0249,738,0.9225,1.0000,0.459814,-0.0450,-0.0049,
473,17.1535,-1.6438,-0.9169,-0.0101,-0.1588,740,0.9250,1.0000,0.459814,0.0094,0.0784,
474,17.1871,-1.6730,-1.0253,-0.0292,-0.1084,742,0.9275,1.0000,0.459814,0.0471,0.0466,
475,17.2202,-1.6618,-0.9800,0.0112,0.0453,742,0.9275,1.0000,0.459814,-0.0178,-0.0198,
476,17.2535,-1.7096,-1.1671,-0.0478,-0.1871,741,0.9263,1.0000,0.459814,0.0765,0.0813,
477,17.2871,-1.6961,-1.1039,0.0135,0.0632,749,0.9363,1.0000,0.459814,-0.0210,-0.0283,
478,17.3201,-1.7051,-1.1845,-0.0090,-0.0806,744,0.9300,1.0000,0.459814,0.0117,0.0386,
479,17.3536,-1.7128,-1.2695,-0.0077,-0.0850,745,0.9313,1.0000,0.459814,0.0092,0.0413,
480,17.3865,-1.6915,-1.2429,0.0213,0.0266,741,0.9263,1.0000,0.459814,-0.0375,-0.0071,
481,17.4203,-1.7298,-1.4025,-0.0383,-0.1597,740,0.9250,1.0000,0.459814,0.0609,0.0701,
482,17.4536,-1.7258,-1.3668,0.0040,0.0357,745,0.9313,1.0000,0.459814,-0.0052,-0.0171,
483,17.5039,-1.7518,-1.4290,-0.0260,-0.0621,742,0.9275,1.0000,0.459814,0.0439,0.0239,
484,17.5302,-1.7695,-1.5370,-0.0177,-0.1080,748,0.9350,1.0000,0.459814,0.0261,0.0500,
485,17.5563,-1.7581,-1.4925,0.0113,0.0445,753,0.9413,1.0000,0.459814,-0.0181,-0.0193,
486,17.5866,-1.7734,-1.6837,-0.0153,-0.1912,744,0.9300,1.0000,0.459814,0.0169,0.0934,
487,17.6198,-1.6010,-1.3662,0.1724,0.3175,732,0.9150,1.0000,0.459814,-0.2968,-0.1097,
488,17.6536,-1.0305,-1.3908,0.5705,-0.0246,713,0.8725,1.0000,0.459814,-1.0441,0.1890,
489,17.6867,-0.9393,-1.6835,0.0912,-0.2927,713,0.8788,1.0000,0.459814,-0.1836,0.1785,
490,17.7201,-0.7592,-0.8992,0.1802,0.7843,712,0.8575,1.0000,0.459814,-0.2840,-0.3470,
491,17.7534,-0.9640,-1.8441,-0.2048,-0.9449,728,0.9050,1.0000,0.459814,0.3197,0.4218,
492,17.7867,-0.9118,-2.0097,0.0522,-0.1656,734,0.9263,1.0000,0.459814,-0.1050,0.1012,
493,17.8198,-0.9251,-1.9905,-0.0133,0.0192,737,0.9213,1.0000,0.459814,0.0255,-0.0140,
494,17.8537,-1.1126,-2.9524,-0.1875,-0.9619,734,0.8875,1.0000,0.459814,0.2872,0.4359,
495,17.8868,-0.9619,-2.2138,0.1507,0.7385,730,0.8775,1.0000,0.459814,-0.2328,-0.3326,
496,17.9203,-1.1767,-2.8474,-0.2149,-0.6335,739,0.9237,1.0000,0.459814,0.3561,0.2589,
497,17.9536,-1.2202,-2.9298,-0.0434,-0.0824,742,0.9287,1.0000,0.459814,0.0746,0.0289,
498,17.9867,-1.0718,-2.5491,0.1484,0.3807,733,0.9137,1.0000,0.459814,-0.2493,-0.1496,
499,18.0197,-1.3214,-3.4351,-0.2497,-0.8860,729,0.9050,1.0000,0.459814,0.4052,0.3777,
500,18.0532,-1.1579,-2.8334,0.1635,0.6017,727,0.9061,1.0000,0.459814,-0.2642,-0.2584,
501,18.0868,-1.2587,-3.1313,-0.1008,-0.2979,742,0.9275,1.0000,0.459814,0.1670,0.1218,
502,18.1198,-1.3555,-3.3729,-0.0968,-0.2417,738,0.9263,1.0000,0.459814,0.1630,0.0941,
503,18.1530,-1.2365,-2.9372,0.1190,0.4358,733,0.9174,1.0000,0.459814,-0.1924,-0.1870,
504,18.1866,-1.4064,-3.6653,-0.1699,-0.7281,739,0.9249,1.0000,0.459814,0.2685,0.3213,
505,18.2196,-1.3117,-3.3130,0.0947,0.3522,737,0.9237,1.0000,0.459814,-0.1528,-0.1516,
506,18.2531,-1.3579,-3.5062,-0.0463,-0.1932,741,0.9275,1.0000,0.459814,0.0735,0.0849,
507,18.2865,-1.4488,-3.8149,-0.0909,-0.3087,738,0.9250,1.0000,0.459814,0.1483,0.1304,
508,18.3197,-1.3513,-3.3594,0.0975,0.4554,720,0.9091,1.0000,0.459814,-0.1520,-0.2037,
509,18.3531,-1.5353,-4.0238,-0.1840,-0.6644,702,0.8843,1.0000,0.459814,0.2980,0.2842,
510,18.3863,-1.4524,-3.7453,0.0829,0.2785,705,0.9038,1.0000,0.459814,-0.1354,-0.1174,
511,18.4196,-1.4559,-3.8386,-0.0035,-0.0933,715,0.9039,1.0000,0.459814,0.0010,0.0468,
512,18.4530,-1.5659,-4.2232,-0.1100,-0.3847,718,0.8997,1.0000,0.459814,0.1788,0.1635,
513,18.5035,-1.4603,-3.7443,0.1056,0.4790,727,0.9099,1.0000,0.459814,-0.1654,-0.2133,
514,18.5307,-1.5953,-4.2402,-0.1350,-0.4960,732,0.9150,1.0000,0.459814,0.2181,0.2129,
515,18.5576,-1.5709,-4.0777,0.0245,0.1626,740,0.9250,1.0000,0.459814,-0.0353,-0.0759,
516,18.5862,-1.5501,-4.0514,0.0207,0.0263,738,0.9237,1.0000,0.459814,-0.0364,-0.0071,
517,18.6201,-1.6471,-4.4226,-0.0970,-0.3712,734,0.9213,1.0000,0.459814,0.1559,0.1606,
518,18.6538,-1.3375,-4.2921,0.3096,0.1305,731,0.8700,1.0000,0.459814,-0.5584,0.0287,
519,18.6868,-1.1979,-4.9751,0.1396,-0.6830,706,0.7588,1.0000,0.459814,-0.2946,0.3938,
520,18.7202,-0.9309,-5.0799,0.2670,-0.1048,700,0.8113,1.0000,0.459814,-0.4941,0.1363,
521,18.7535,-0.3766,-5.3372,0.5544,-0.2573,596,0.5910,1.0000,0.459814,-1.0281,0.3035,
522,18.7867,-0.0363,-6.2646,0.3402,-0.9274,576,0.6479,1.0000,0.459814,-0.6754,0.5813,
523,18.8206,-0.0463,-5.6748,-0.0100,0.5897,728,0.9049,1.0000,0.459814,0.0523,-0.3059,
524,18.8535,-0.3950,-5.7988,-0.3487,-0.1240,699,0.7425,1.0000,0.459814,0.6302,-0.0441,
525,18.8869,-0.6275,-5.6340,-0.2325,0.1648,722,0.7997,1.0000,0.459814,0.4344,-0.1565,
526,18.9199,-0.8475,-5.1116,-0.2200,0.5224,700,0.7788,1.0000,0.459814,0.4323,-0.3362,
527,18.9534,-1.2259,-5.2847,-0.3784,-0.1730,701,0.7675,1.0000,0.459814,0.6816,-0.0281,
528,18.9866,-1.4085,-4.6085,-0.1827,0.6762,707,0.7288,1.0000,0.459814,0.3729,-0.4036,
529,19.0200,-1.8118,-4.5040,-0.4032,0.1044,574,0.7075,1.0000,0.459814,0.7430,-0.1783,
530,19.0537,-2.0765,-4.3152,-0.2647,0.1889,738,0.7937,1.0000,0.459814,0.4947,-0.1788,
531,19.0864,-1.6888,-4.3980,0.3876,-0.0828,697,0.6721,1.0000,0.459814,-0.7133,0.1624,
532,19.1199,-1.5726,-5.0249,0.1162,-0.6269,613,0.7297,1.0000,0.459814,-0.2486,0.3578,
533,19.1527,-1.5251,-4.7532,0.0475,0.2717,730,0.9125,1.0000,0.459814,-0.0712,-0.1248,
534,19.1864,-1.5457,-4.8361,-0.0206,-0.0830,737,0.9225,1.0000,0.459814,0.0328,0.0362,
535,19.2195,-1.5787,-4.9617,-0.0330,-0.1255,743,0.9287,1.0000,0.459814,0.0530,0.0543,
536,19.2533,-1.5026,-4.7722,0.0761,0.1895,736,0.9237,1.0000,0.459814,-0.1281,-0.0737,
537,19.2863,-1.5741,-5.0922,-0.0715,-0.3199,733,0.9175,1.0000,0.459814,0.1122,0.1422,
538,19.3195,-1.5349,-4.9190,0.0392,0.1731,739,0.9237,1.0000,0.459814,-0.0616,-0.0768,
539,19.3532,-1.5537,-4.9607,-0.0188,-0.0416,742,0.9275,1.0000,0.459814,0.0320,0.0156,
540,19.3855,-1.5996,-5.0984,-0.0459,-0.1377,739,0.9263,1.0000,0.459814,0.0759,0.0565,
541,19.4194,-1.5284,-4.8970,0.0712,0.2014,740,0.9250,1.0000,0.459814,-0.1185,-0.0814,
542,19.4528,-1.5857,-5.1578,-0.0572,-0.2608,740,0.9250,1.0000,0.459814,0.0896,0.1162,
543,19.5032,-1.5677,-5.0587,0.0180,0.0991,745,0.9325,1.0000,0.459814,-0.0271,-0.0453,
544,19.5298,-1.5733,-5.0574,-0.0056,0.0013,748,0.9350,1.0000,0.459814,0.0104,-0.0024,
545,19.5562,-1.6362,-5.2392,-0.0628,-0.1818,741,0.9263,1.0000,0.459814,0.1044,0.0739,
546,19.5859,-1.5911,-5.0421,0.0451,0.1971,743,0.9287,1.0000,0.459814,-0.0710,-0.0873,
547,19.6195,-1.6505,-5.2517,-0.0594,-0.2096,745,0.9313,1.0000,0.459814,0.0965,0.0892,
548,19.6527,-1.6338,-5.2049,0.0167,0.0468,737,0.9225,1.0000,0.459814,-0.0278,-0.0189,
549,19.6861,-1.6324,-5.1801,0.0014,0.0248,748,0.9363,1.0000,0.459814,-0.0011,-0.0123,
550,19.7194,-1.6856,-5.3650,-0.0532,-0.1849,741,0.9263,1.0000,0.459814,0.0865,0.0785,
551,19.7527,-1.6538,-5.1758,0.0318,0.1891,743,0.9287,1.0000,0.459814,-0.0472,-0.0873,
552,19.7861,-1.6995,-5.3344,-0.0457,-0.1586,742,0.9275,1.0000,0.459814,0.0744,0.0673,
553,19.8196,-1.7050,-5.3255,-0.0055,0.0089,748,0.9350,1.0000,0.459814,0.0106,-0.0063,
554,19.8527,-1.6771,-5.2680,0.0279,0.0575,755,0.9450,1.0000,0.459814,-0.0477,-0.0209,
555,19.8860,-1.7206,-5.4280,-0.0435,-0.1599,744,0.9300,1.0000,0.459814,0.0702,0.0687,
556,19.9195,-1.6801,-5.2656,0.0405,0.1624,738,0.9237,1.0000,0.459814,-0.0647,-0.0708,
557,19.9528,-1.7150,-5.3683,-0.0349,-0.1027,743,0.9287,1.0000,0.459814,0.0579,0.0419,
558,19.9864,-1.7097,-5.3796,0.0053,-0.0114,747,0.9337,1.0000,0.459814,-0.0104,0.0075,
559,20.0192,-1.6913,-5.2976,0.0185,0.0821,741,0.9263,1.0000,0.459814,-0.0290,-0.0364,
560,20.0527,-1.7288,-5.4609,-0.0375,-0.1634,746,0.9325,1.0000,0.459814,0.0592,0.0723,
561,20.0863,-1.6846,-5.3564,0.0442,0.1045,742,0.9275,1.0000,0.459814,-0.0747,-0.0400,
562,20.1197,-1.7044,-5.4312,-0.0198,-0.0748,745,0.9313,1.0000,0.459814,0.0319,0.0323,
563,20.1525,-1.7221,-5.4555,-0.0177,-0.0243,743,0.9287,1.0000,0.459814,0.0309,0.0070,
564,20.1862,-1.7082,-5.3700,0.0138,0.0855,744,0.9313,1.0000,0.459814,-0.0204,-0.0396,
565,20.2193,-1.7503,-5.5427,-0.0421,-0.1726,737,0.9225,1.0000,0.459814,0.0670,0.0756,
566,20.2524,-1.7253,-5.4697,0.0250,0.0730,748,0.9350,1.0000,0.459814,-0.0414,-0.0298,
567,20.2856,-1.7393,-5.5382,-0.0139,-0.0685,744,0.9313,1.0000,0.459814,0.0215,0.0309,
568,20.3189,-1.7495,-5.6036,-0.0102,-0.0654,746,0.9325,1.0000,0.459814,0.0149,0.0304,
569,20.3526,-1.7343,-5.5050,0.0152,0.0986,744,0.9313,1.0000,0.459814,-0.0221,-0.0459,
570,20.3863,-1.7803,-5.6550,-0.0460,-0.1501,749,0.9363,1.0000,0.459814,0.0755,0.0628,
571,20.4195,-1.7565,-5.5865,0.0238,0.0685,750,0.9375,1.0000,0.459814,-0.0395,-0.0278,
572,20.4524,-1.7610,-5.6180,-0.0045,-0.0315,745,0.9313,1.0000,0.459814,0.0064,0.0148,
573,20.5024,-1.7764,-5.6981,-0.0154,-0.0801,752,0.9400,1.0000,0.459814,0.0235,0.0364,
574,20.5289,-1.7563,-5.5993,0.0201,0.0989,748,0.9350,1.0000,0.459814,-0.0310,-0.0446,
575,20.5553,-1.7876,-5.7199,-0.0312,-0.1207,749,0.9363,1.0000,0.459814,0.0501,0.0523,
576,20.5856,-1.7735,-5.6542,0.0140,0.0657,743,0.9350,1.0000,0.459814,-0.0218,-0.0294,
577,20.6189,-1.7781,-5.6729,-0.0045,-0.0187,745,0.9325,1.0000,0.459814,0.0072,0.0082,
578,20.6521,-1.8002,-5.7215,-0.0221,-0.0486,731,0.9163,1.0000,0.459814,0.0376,0.0181,
579,20.6855,-1.7769,-5.6444,0.0233,0.0771,740,0.9250,1.0000,0.459814,-0.0381,-0.0324,
580,20.7195,-1.8018,-5.7462,-0.0249,-0.1018,737,0.9213,1.0000,0.459814,0.0396,0.0446,
581,20.7522,-1.8045,-5.7193,-0.0027,0.0269,737,0.9224,1.0000,0.459814,0.0065,-0.0146,
582,20.7855,-1.8112,-5.7305,-0.0067,-0.0112,735,0.9187,1.0000,0.459814,0.0116,0.0037,
583,20.8188,-1.8370,-5.8057,-0.0258,-0.0752,729,0.9125,1.0000,0.459814,0.0428,0.0306,
584,20.8526,-1.8261,-5.7210,0.0110,0.0847,725,0.9085,1.0000,0.459814,-0.0151,-0.0401,
585,20.8856,-1.8504,-5.8200,-0.0243,-0.0990,729,0.9125,1.0000,0.459814,0.0387,0.0433,
586,20.9187,-1.8479,-5.8100,0.0025,0.0100,732,0.9150,1.0000,0.459814,-0.0039,-0.0044,
587,20.9526,-1.8535,-5.8175,-0.0056,-0.0074,730,0.9149,1.0000,0.459814,0.0099,0.0021,
588,20.9854,-1.8822,-5.8967,-0.0287,-0.0792,727,0.9100,1.0000,0.459814,0.0479,0.0318,
589,21.0187,-1.8683,-5.8324,0.0139,0.0643,729,0.9187,1.0000,0.459814,-0.0217,-0.0287,
590,21.0526,-1.8827,-5.9033,-0.0144,-0.0708,725,0.9098,1.0000,0.459814,0.0222,0.0319,
591,21.0854,-1.8828,-5.8977,-0.0001,0.0056,724,0.9098,1.0000,0.459814,0.0005,-0.0029,
592,21.1187,-1.8726,-5.8619,0.0102,0.0358,725,0.9099,1.0000,0.459814,-0.0166,-0.0152,
593,21.1521,-1.9004,-5.9475,-0.0279,-0.0856,717,0.9011,1.0000,0.459814,0.0460,0.0353,
594,21.1854,-1.8817,-5.8766,0.0187,0.0709,712,0.8949,1.0000,0.459814,-0.0301,-0.0306,
595,21.2189,-1.8890,-5.9441,-0.0072,-0.0675,710,0.8935,1.0000,0.459814,0.0094,0.0324,
596,21.2520,-1.8881,-5.9544,0.0009,-0.0103,699,0.8750,1.0000,0.459814,-0.0022,0.0056,
597,21.2853,-1.8808,-5.9258,0.0073,0.0286,702,0.8775,1.0000,0.459814,-0.0117,-0.0124,
598,21.3187,-1.8937,-5.9935,-0.0130,-0.0677,706,0.8862,1.0000,0.459814,0.0198,0.0307,
599,21.3519,-1.8757,-5.9332,0.0181,0.0603,700,0.8800,1.0000,0.459814,-0.0295,-0.0254,
600,21.3855,-1.8889,-5.9738,-0.0133,-0.0406,703,0.8836,1.0000,0.459814,0.0219,0.0168,
601,21.4187,-1.8945,-5.9766,-0.0055,-0.0028,705,0.8849,1.0000,0.459814,0.0099,-0.0003,
602,21.4525,-1.8953,-5.9760,-0.0008,0.0006,698,0.8797,1.0000,0.459814,0.0015,-0.0006,
603,21.5038,-1.9139,-5.9947,-0.0187,-0.0187,588,0.7475,1.0000,0.459814,0.0330,0.0038,
604,21.5311,-1.8834,-5.9364,0.0305,0.0583,590,0.7450,1.0000,0.459814,-0.0525,-0.0205,
605,21.5581,-1.9346,-6.0211,-0.0512,-0.0847,602,0.7588,1.0000,0.459814,0.0886,0.0277,
606,21.5852,-1.9236,-6.0285,0.0110,-0.0074,594,0.7638,1.0000,0.459814,-0.0205,0.0072,
607,21.6186,-1.9124,-6.0157,0.0112,0.0128,616,0.8700,1.0000,0.459814,-0.0197,-0.0031,
608,21.6519,-1.9385,-6.1215,-0.0261,-0.1058,657,0.8850,1.0000,0.459814,0.0416,0.0463,
609,21.6852,-1.9427,-6.0698,-0.0041,0.0518,640,0.8725,1.0000,0.459814,0.0105,-0.0279,
610,21.7191,-1.9426,-6.1068,0.0000,-0.0370,634,0.8612,1.0000,0.459814,-0.0022,0.0190,
611,23.5884,-1.3492,-5.3798,0.5934,0.7270,552,0.7268,1.0000,0.798276,0.2872,0.2463,
612,23.6188,-1.4341,-5.5064,-0.0849,-0.1266,726,0.9297,1.0000,0.798276,-0.0339,-0.0498,
613,23.6481,-1.3769,-5.4356,0.0572,0.0708,720,0.9296,1.0000,0.798276,0.0275,0.0242,
614,23.6762,-1.3830,-5.4352,-0.0061,0.0004,720,0.9163,1.0000,0.798276,-0.0055,0.0026,
615,23.7041,-1.4055,-5.4655,-0.0225,-0.0303,727,0.9300,1.0000,0.798276,-0.0100,-0.0111,
616,23.7317,-1.3296,-5.3761,0.0760,0.0894,718,0.9163,1.0000,0.798276,0.0380,0.0291,
617,23.7593,-1.3822,-5.4416,-0.0526,-0.0655,715,0.9172,1.0000,0.798276,-0.0251,-0.0225,
618,23.7867,-1.3691,-5.4066,0.0131,0.0351,714,0.9084,1.0000,0.798276,0.0002,0.0177,
619,23.8144,-1.3383,-5.3730,0.0308,0.0336,696,0.8947,1.0000,0.798276,0.0163,0.0101,
620,23.8420,-1.3789,-5.4294,-0.0406,-0.0564,689,0.8857,1.0000,0.798276,-0.0175,-0.0211,
621,23.8697,-1.2950,-5.3109,0.0839,0.1185,675,0.8701,1.0000,0.798276,0.0356,0.0450,
622,23.8975,-1.3521,-5.3875,-0.0571,-0.0767,704,0.9013,1.0000,0.798276,-0.0255,-0.0280,
623,23.9254,-1.3069,-5.3275,0.0452,0.0600,686,0.8907,1.0000,0.798276,0.0204,0.0218,
624,23.9533,-1.2854,-5.2989,0.0215,0.0287,693,0.9000,1.0000,0.798276,0.0096,0.0104,
625,23.9824,-1.3187,-5.3494,-0.0333,-0.0506,704,0.9083,1.0000,0.798276,-0.0130,-0.0201,
626,24.0105,-1.2355,-5.2520,0.0832,0.0975,721,0.9299,1.0000,0.798276,0.0417,0.0316,
627,24.0386,-1.2720,-5.3039,-0.0365,-0.0519,722,0.9263,1.0000,0.798276,-0.0153,-0.0198,
628,24.0667,-1.2452,-5.2588,0.0267,0.0450,721,0.9212,1.0000,0.798276,0.0090,0.0190,
629,24.0943,-1.2178,-5.2329,0.0274,0.0259,727,0.9296,1.0000,0.798276,0.0157,0.0064,
630,24.1223,-1.2527,-5.2704,-0.0349,-0.0374,705,0.8997,1.0000,0.798276,-0.0186,-0.0110,
631,24.1501,-1.1786,-5.1821,0.0741,0.0882,718,0.9148,1.0000,0.798276,0.0367,0.0291,
632,24.1778,-1.2254,-5.2558,-0.0468,-0.0737,714,0.9124,1.0000,0.798276,-0.0174,-0.0300,
633,24.2336,-1.2042,-5.2341,0.0212,0.0218,735,0.9245,1.0000,0.798276,0.0116,0.0061,
634,24.2611,-1.1794,-5.2137,0.0248,0.0204,733,0.9198,1.0000,0.798276,0.0153,0.0038,
635,24.2885,-1.2110,-5.2508,-0.0316,-0.0371,739,0.9285,1.0000,0.798276,-0.0158,-0.0121,
636,24.3159,-1.1569,-5.1765,0.0541,0.0743,740,0.9296,1.0000,0.798276,0.0236,0.0276,
637,24.3450,-1.1766,-5.2143,-0.0197,-0.0378,743,0.9323,1.0000,0.798276,-0.0051,-0.0170,
638,24.3729,-1.1495,-5.1841,0.0271,0.0302,742,0.9298,1.0000,0.798276,0.0141,0.0093,
639,24.4005,-1.1313,-5.1707,0.0182,0.0134,740,0.9275,1.0000,0.798276,0.0117,0.0018,
640,24.4279,-1.1498,-5.1934,-0.0186,-0.0227,739,0.9275,1.0000,0.798276,-0.0090,-0.0077,
641,24.4553,-1.0977,-5.1284,0.0522,0.0650,744,0.9313,1.0000,0.798276,0.0249,0.0224,
642,24.4826,-1.1213,-5.1575,-0.0237,-0.0291,743,0.9299,1.0000,0.798276,-0.0114,-0.0099,
643,24.5101,-1.0875,-5.1143,0.0338,0.0432,746,0.9325,1.0000,0.798276,0.0158,0.0152,
644,24.5375,-1.0803,-5.1048,0.0072,0.0095,746,0.9337,1.0000,0.798276,0.0033,0.0034,
645,24.5650,-1.0848,-5.1062,-0.0045,-0.0014,750,0.9375,1.0000,0.798276,-0.0035,0.0008,
646,24.5923,-1.0549,-5.0671,0.0299,0.0392,745,0.9337,1.0000,0.798276,0.0137,0.0140,
647,24.6198,-1.0571,-5.0675,-0.0022,-0.0004,751,0.9400,1.0000,0.798276,-0.0018,0.0005,
648,24.6472,-1.0611,-5.0631,-0.0040,0.0045,751,0.9387,1.0000,0.798276,-0.0050,0.0044,
649,24.6763,-1.0255,-5.0288,0.0356,0.0342,754,0.9425,1.0000,0.798276,0.0203,0.0087,
650,24.7040,-1.0617,-5.0615,-0.0362,-0.0327,742,0.9287,1.0000,0.798276,-0.0213,-0.0075,
651,24.7318,-1.0242,-5.0156,0.0375,0.0459,743,0.9313,1.0000,0.798276,0.0182,0.0156,
652,24.7593,-1.0416,-5.0278,-0.0174,-0.0122,750,0.9387,1.0000,0.798276,-0.0114,-0.0013,
653,24.7868,-1.0439,-5.0131,-0.0023,0.0147,744,0.9325,1.0000,0.798276,-0.0068,0.0104,
654,24.8143,-1.0168,-4.9839,0.0271,0.0291,751,0.9400,1.0000,0.798276,0.0145,0.0086,
655,24.8419,-1.0294,-5.0030,-0.0126,-0.0191,746,0.9337,1.0000,0.798276,-0.0049,-0.0076,
656,24.8695,-1.0070,-4.9664,0.0224,0.0366,742,0.9275,1.0000,0.798276,0.0079,0.0152,
657,24.8968,-1.0067,-4.9733,0.0003,-0.0068,741,0.9300,1.0000,0.798276,0.0024,-0.0045,
658,24.9241,-0.9952,-4.9618,0.0116,0.0115,741,0.9300,1.0000,0.798276,0.0065,0.0031,
659,24.9515,-0.9770,-4.9461,0.0181,0.0157,745,0.9337,1.0000,0.798276,0.0109,0.0033,
660,24.9789,-0.9742,-4.9475,0.0029,-0.0013,742,0.9275,1.0000,0.798276,0.0029,-0.0019,
661,25.0079,-0.9563,-4.9182,0.0179,0.0293,749,0.9387,1.0000,0.798276,0.0063,0.0122,
662,25.0361,-0.9408,-4.9085,0.0155,0.0097,741,0.9263,1.0000,0.798276,0.0105,0.0004,
663,25.0874,-0.9309,-4.8950,0.0099,0.0135,743,0.9299,1.0000,0.798276,0.0043,0.0050,
664,25.1152,-0.8993,-4.8733,0.0316,0.0216,732,0.9150,1.0000,0.798276,0.0208,0.0021,
665,25.1427,-0.8916,-4.8618,0.0078,0.0116,740,0.9250,1.0000,0.798276,0.0031,0.0046,
666,25.1704,-0.8822,-4.8568,0.0094,0.0049,734,0.9175,1.0000,0.798276,0.0066,-0.0003,
667,25.1980,-0.8806,-4.8527,0.0016,0.0041,733,0.9163,1.0000,0.798276,0.0001,0.0021,
668,25.2258,-0.8657,-4.8446,0.0149,0.0081,727,0.9111,1.0000,0.798276,0.0105,-0.0004,
669,25.2539,-0.8624,-4.8401,0.0033,0.0045,720,0.9000,1.0000,0.798276,0.0014,0.0017,
670,25.2816,-0.8457,-4.8161,0.0167,0.0240,729,0.9135,1.0000,0.798276,0.0070,0.0092,
671,25.3094,-0.8505,-4.8229,-0.0048,-0.0069,731,0.9220,1.0000,0.798276,-0.0020,-0.0026,
672,25.3377,-0.8364,-4.7966,0.0141,0.0264,721,0.9070,1.0000,0.798276,0.0039,0.0117,
673,25.3668,-0.8389,-4.8059,-0.0025,-0.0094,723,0.9109,1.0000,0.798276,0.0009,-0.0051,
674,25.3950,-0.8310,-4.7972,0.0078,0.0087,709,0.8862,1.0000,0.798276,0.0041,0.0027,
675,25.4231,-0.8261,-4.7878,0.0049,0.0094,714,0.8949,1.0000,0.798276,0.0013,0.0042,
676,25.4512,-0.8090,-4.7657,0.0171,0.0222,710,0.8875,1.0000,0.798276,0.0079,0.0079,
677,25.4791,-0.8273,-4.7919,-0.0183,-0.0262,704,0.8838,1.0000,0.798276,-0.0076,-0.0100,
678,25.5073,-0.8030,-4.7620,0.0243,0.0298,701,0.8762,1.0000,0.798276,0.0117,0.0101,
679,25.5354,-0.7788,-4.7588,0.0242,0.0032,702,0.8798,1.0000,0.798276,0.0202,-0.0070,
680,25.5638,-0.8059,-4.7945,-0.0271,-0.0356,705,0.8838,1.0000,0.798276,-0.0124,-0.0128,
681,25.5917,-0.7467,-4.7571,0.0592,0.0374,693,0.8712,1.0000,0.798276,0.0399,0.0019,
682,25.6202,-0.7749,-4.7904,-0.0282,-0.0333,691,0.8686,1.0000,0.798276,-0.0140,-0.0109,
683,25.6483,-0.7518,-4.7305,0.0231,0.0599,684,0.8661,1.0000,0.798276,0.0010,0.0300,
684,27.8503,-0.2434,-4.1136,0.5084,0.6169,640,0.8372,1.0000,0.798276,0.2480,0.2072,
685,27.8798,-0.3330,-4.2411,-0.0896,-0.1275,743,0.9287,1.0000,0.798276,-0.0377,-0.0486,
686,27.9083,-0.3074,-4.2025,0.0256,0.0386,741,0.9263,1.0000,0.798276,0.0101,0.0153,
687,27.9361,-0.2605,-4.1392,0.0469,0.0632,743,0.9313,1.0000,0.798276,0.0209,0.0232,
688,27.9669,-0.3592,-4.2748,-0.0987,-0.1356,740,0.9250,1.0000,0.798276,-0.0431,-0.0504,
689,27.9959,-0.2469,-4.1179,0.1123,0.1569,737,0.9213,1.0000,0.798276,0.0482,0.0591,
690,28.0237,-0.3093,-4.2146,-0.0624,-0.0967,736,0.9225,1.0000,0.798276,-0.0237,-0.0390,
691,28.0518,-0.2964,-4.1836,0.0129,0.0310,745,0.9325,1.0000,0.798276,0.0013,0.0152,
692,28.0798,-0.2593,-4.1372,0.0370,0.0464,741,0.9263,1.0000,0.798276,0.0176,0.0160,
693,28.1379,-0.3485,-4.2448,-0.0891,-0.1076,741,0.9263,1.0000,0.798276,-0.0437,-0.0359,
694,28.1662,-0.2459,-4.1237,0.1026,0.1211,740,0.9250,1.0000,0.798276,0.0511,0.0396,
695,28.1939,-0.3119,-4.2159,-0.0659,-0.0922,738,0.9225,1.0000,0.798276,-0.0282,-0.0348,
696,28.2221,-0.2937,-4.1884,0.0181,0.0275,742,0.9275,1.0000,0.798276,0.0071,0.0109,
697,28.2514,-0.2652,-4.1546,0.0285,0.0338,741,0.9263,1.0000,0.798276,0.0142,0.0111,
698,28.2795,-0.3175,-4.2277,-0.0522,-0.0731,742,0.9287,1.0000,0.798276,-0.0223,-0.0276,
699,28.3073,-0.2421,-4.1318,0.0753,0.0959,743,0.9287,1.0000,0.798276,0.0353,0.0336,
700,28.3351,-0.2889,-4.1949,-0.0468,-0.0631,741,0.9263,1.0000,0.798276,-0.0208,-0.0232,
701,28.3628,-0.2658,-4.1776,0.0231,0.0173,745,0.9313,1.0000,0.798276,0.0147,0.0025,
702,28.3904,-0.2276,-4.1346,0.0382,0.0430,730,0.9200,1.0000,0.798276,0.0197,0.0134,
703,28.4181,-0.2838,-4.2039,-0.0562,-0.0692,740,0.9250,1.0000,0.798276,-0.0271,-0.0236,
704,28.4459,-0.2032,-4.1000,0.0806,0.1039,743,0.9287,1.0000,0.798276,0.0373,0.0368,
705,28.4733,-0.2278,-4.1440,-0.0245,-0.0440,743,0.9287,1.0000,0.798276,-0.0074,-0.0192,
706,28.5010,-0.2174,-4.1271,0.0104,0.0169,747,0.9337,1.0000,0.798276,0.0037,0.0070,
707,28.5285,-0.1944,-4.0925,0.0230,0.0346,736,0.9213,1.0000,0.798276,0.0091,0.0137,
708,28.5561,-0.2261,-4.1466,-0.0317,-0.0541,749,0.9374,1.0000,0.798276,-0.0104,-0.0230,
709,28.5852,-0.1622,-4.0623,0.0639,0.0843,738,0.9237,1.0000,0.798276,0.0290,0.0304,
710,28.6132,-0.1903,-4.0837,-0.0281,-0.0214,739,0.9250,1.0000,0.798276,-0.0178,-0.0032,
711,28.6413,-0.1881,-4.0772,0.0023,0.0065,744,0.9300,1.0000,0.798276,-0.0001,0.0034,
712,28.6689,-0.1402,-4.0270,0.0479,0.0502,743,0.9287,1.0000,0.798276,0.0259,0.0144,
713,28.6965,-0.1886,-4.0855,-0.0485,-0.0586,740,0.9263,1.0000,0.798276,-0.0237,-0.0196,
714,28.7241,-0.1441,-4.0137,0.0445,0.0719,747,0.9337,1.0000,0.798276,0.0160,0.0297,
715,28.7518,-0.1801,-4.0570,-0.0360,-0.0433,739,0.9237,1.0000,0.798276,-0.0177,-0.0144,
716,28.7795,-0.1445,-4.0236,0.0356,0.0334,741,0.9263,1.0000,0.798276,0.0205,0.0082,
717,28.8072,-0.1661,-4.0253,-0.0216,-0.0018,718,0.9275,1.0000,0.798276,-0.0184,0.0070,
718,28.8351,-0.1637,-4.0293,0.0024,-0.0040,714,0.9000,1.0000,0.798276,0.0034,-0.0034,
719,28.8628,-0.1360,-3.9938,0.0277,0.0355,712,0.8988,1.0000,0.798276,0.0130,0.0125,
720,28.8903,-0.1562,-4.0059,-0.0203,-0.0121,711,0.8912,1.0000,0.798276,-0.0139,-0.0002,
721,28.9195,-0.1468,-3.9936,0.0094,0.0123,707,0.8906,1.0000,0.798276,0.0043,0.0044,
722,28.9478,-0.1297,-3.9722,0.0171,0.0214,712,0.9096,1.0000,0.798276,0.0081,0.0074,
723,28.9994,-0.1455,-3.9861,-0.0158,-0.0139,722,0.9162,1.0000,0.798276,-0.0094,-0.0030,
724,29.0273,-0.1256,-3.9643,0.0199,0.0219,722,0.9059,1.0000,0.798276,0.0104,0.0067,
725,29.0552,-0.1296,-3.9582,-0.0040,0.0061,721,0.9069,1.0000,0.798276,-0.0055,0.0054,
726,29.0829,-0.1259,-3.9774,0.0038,-0.0192,717,0.9157,1.0000,0.798276,0.0095,-0.0138,
727,29.1106,-0.1044,-3.9387,0.0214,0.0387,719,0.9149,1.0000,0.798276,0.0064,0.0169,
728,29.1385,-0.1287,-3.9692,-0.0242,-0.0305,721,0.9094,1.0000,0.798276,-0.0115,-0.0106,
729,29.1662,-0.1149,-3.9569,0.0138,0.0123,747,0.9422,1.0000,0.798276,0.0081,0.0028,
730,29.1939,-0.0997,-3.9463,0.0152,0.0106,743,0.9375,1.0000,0.798276,0.0099,0.0012,
731,29.2216,-0.1100,-3.9681,-0.0102,-0.0218,742,0.9275,1.0000,0.798276,-0.0020,-0.0102,
732,29.2493,-0.0936,-3.9374,0.0164,0.0307,741,0.9375,1.0000,0.798276,0.0045,0.0136,
733,29.2785,-0.0824,-3.9417,0.0112,-0.0043,745,0.9337,1.0000,0.798276,0.0112,-0.0070,
734,29.3065,-0.0868,-3.9271,-0.0044,0.0146,734,0.9225,1.0000,0.798276,-0.0086,0.0111,
735,29.3344,-0.0643,-3.9163,0.0225,0.0108,735,0.9263,1.0000,0.798276,0.0163,-0.0015,
736,29.3623,-0.0712,-3.9374,-0.0069,-0.0211,736,0.9275,1.0000,0.798276,0.0007,-0.0110,
737,29.3901,-0.0522,-3.9104,0.0190,0.0270,735,0.9213,1.0000,0.798276,0.0080,0.0103,
738,29.4179,-0.0653,-3.9359,-0.0131,-0.0256,735,0.9287,1.0000,0.798276,-0.0032,-0.0116,
739,29.4455,-0.0507,-3.9214,0.0146,0.0145,742,0.9300,1.0000,0.798276,0.0082,0.0039,
740,29.4730,-0.0311,-3.8982,0.0195,0.0232,746,0.9325,1.0000,0.798276,0.0097,0.0076,
741,29.5008,-0.0442,-3.9207,-0.0131,-0.0225,754,0.9425,1.0000,0.798276,-0.0043,-0.0096,
742,29.5286,-0.0260,-3.8876,0.0182,0.0332,744,0.9300,1.0000,0.798276,0.0053,0.0146,
743,29.5563,-0.0873,-3.8216,-0.0613,0.0660,742,0.9275,1.0000,0.798276,-0.0750,0.0656,
744,29.5841,-0.1504,-3.8934,-0.0631,-0.0718,743,0.9363,1.0000,0.798276,-0.0323,-0.0226,
745,29.6136,-0.0566,-3.7768,0.0938,0.1166,735,0.9250,1.0000,0.798276,0.0449,0.0400,
746,29.6418,-0.0821,-3.9073,-0.0255,-0.1305,733,0.9213,1.0000,0.798276,0.0196,-0.0747,
747,29.6699,-0.0245,-3.8540,0.0576,0.0533,738,0.9300,1.0000,0.798276,0.0334,0.0128,
748,29.6977,-0.0095,-3.8636,0.0150,-0.0096,733,0.9225,1.0000,0.798276,0.0163,-0.0118,
749,29.7258,-0.0487,-3.9241,-0.0392,-0.0605,737,0.9263,1.0000,0.798276,-0.0150,-0.0243,
750,29.7536,0.0128,-3.8118,0.0615,0.1123,737,0.9300,1.0000,0.798276,0.0179,0.0494,
751,29.7818,-0.1085,-3.8581,-0.1214,-0.0463,738,0.9325,1.0000,0.798276,-0.0917,0.0157,
752,29.8098,0.0037,-3.9597,0.1123,-0.1016,746,0.9325,1.0000,0.798276,0.1313,-0.1078,
753,29.8617,0.8948,-3.0684,0.8910,0.8913,735,0.9187,1.0000,0.798276,0.4957,0.2405,
754,29.8906,-1.0457,-4.8559,-1.9404,-1.7875,727,0.6546,1.0000,0.798276,-1.1290,-0.4247,
755,29.9194,0.5557,-2.0188,1.6013,2.8370,665,0.5763,1.0000,0.798276,0.4937,1.2299,
756,29.9487,0.1482,-3.2019,-0.4075,-1.1830,681,0.8263,1.0000,0.798276,0.0227,-0.6107,
757,29.9785,-0.7952,-3.4504,-0.9434,-0.2485,734,0.8899,1.0000,0.798276,-0.7485,0.1942,
758,30.0078,3.4797,-1.5814,4.2750,1.8690,726,0.2673,1.0000,0.798276,3.1527,-0.4005,low_inlier
759,30.0375,12.8373,1.0642,9.3576,2.6456,549,0.0461,1.0000,0.798276,7.3659,-1.8101,low_inlier
760,30.0679,58.4210,46.3244,45.5837,45.2602,391,0.0252,1.0000,0.798276,25.4695,12.0876,low_inlier
761,30.0989,100.9743,88.7050,42.5533,42.3806,476,0.0779,1.0000,0.798276,23.7348,11.3675,low_inlier
762,30.1294,125.2611,109.3914,24.2869,20.6864,450,0.0638,1.0000,0.798276,14.6727,4.2265,low_inlier
763,30.1597,153.7827,131.5195,28.5216,22.1281,458,0.2855,1.0000,0.798276,17.9275,3.5652,low_inlier
764,30.1900,166.0309,136.7092,12.2481,5.1897,454,0.2071,1.0000,0.798276,9.0858,-1.2540,low_inlier
765,30.2202,171.8322,138.0956,5.8013,1.3864,607,0.4798,1.0000,0.798276,4.6482,-1.2860,low_inlier
766,30.2501,177.6966,143.4402,5.8644,5.3446,442,0.4881,1.0000,0.798276,3.4305,1.2463,low_inlier
767,30.2800,178.0612,146.4024,0.3647,2.9622,328,0.0603,1.0000,0.798276,-0.6325,1.7757,low_inlier
768,30.3101,178.1390,150.4393,0.0778,4.0369,387,0.0208,1.0000,0.798276,-1.2301,2.5776,low_inlier
769,30.3404,187.4750,164.2231,9.3360,13.7838,612,0.0130,1.0000,0.798276,3.7646,5.3906,low_inlier
770,30.3707,211.3444,187.7963,23.8694,23.5732,389,0.0531,1.0000,0.798276,13.3777,6.2476,low_inlier
771,30.4013,255.4849,241.5492,44.1405,53.7529,343,0.0112,1.0000,0.798276,21.4708,18.1144,low_inlier
772,30.4325,292.4589,328.0189,36.9740,86.4696,338,0.0178,1.0000,0.798276,4.6555,41.9360,low_inlier
773,30.4636,332.3748,405.7215,39.9159,77.7026,660,0.0069,1.0000,0.798276,10.0584,35.1685,low_inlier
774,30.4944,377.8381,490.2147,45.4634,84.4932,453,0.0302,1.0000,0.798276,12.7455,37.4677,low_inlier
775,30.5251,419.3878,559.8514,41.5497,69.6367,304,0.0402,1.0000,0.798276,14.0872,29.3456,low_inlier
776,30.5558,439.4031,589.6955,20.0153,29.8441,423,0.0614,1.0000,0.798276,7.9766,11.7462,low_inlier
777,30.5866,453.3357,603.5230,13.9325,13.8275,516,0.0993,1.0000,0.798276,7.7867,3.6906,low_inlier
778,30.6171,453.8273,605.8121,0.4916,2.2891,483,0.0990,1.0000,0.798276,-0.3045,1.2933,low_inlier
779,30.6472,447.5991,608.1169,-6.2282,2.3049,473,0.0350,1.0000,0.798276,-6.2102,3.8302,low_inlier
780,30.6781,462.2424,611.9482,14.6433,3.8313,460,0.0157,1.0000,0.798276,11.6259,-3.0318,low_inlier
781,30.7084,461.1124,612.6998,-1.1300,0.7515,350,0.0244,1.0000,0.798276,-1.2340,0.9102,low_inlier
782,30.7387,429.5934,610.1984,-31.5189,-2.5013,563,0.0108,1.0000,0.798276,-26.8719,10.2358,low_inlier
783,30.7926,422.8719,611.6812,-6.7216,1.4828,460,0.0262,1.0000,0.798276,-6.3790,3.4848,low_inlier
784,30.8232,417.0102,607.5267,-5.8617,-4.1545,576,0.0267,1.0000,0.798276,-3.8109,-0.4788,low_inlier
785,30.8530,412.8675,613.3792,-4.1427,5.8525,622,0.0860,1.0000,0.798276,-5.5200,5.3369,low_inlier
786,30.8821,420.5950,642.0400,7.7275,28.6607,590,0.1023,1.0000,0.798276,-2.4326,15.6023,low_inlier
787,30.9113,406.6778,652.5051,-13.9172,10.4651,551,0.1304,1.0000,0.798276,-15.5864,11.9908,low_inlier
788,30.9407,380.0222,646.4501,-26.6555,-6.0550,577,0.0364,1.0000,0.798276,-21.4584,6.1124,low_inlier
789,30.9702,351.5576,645.6707,-28.4647,-0.7795,221,0.0051,1.0000,0.798276,-24.7438,10.1993,low_inlier
790,30.9997,339.7230,638.8782,-11.8346,-6.7924,558,0.0119,1.0000,0.798276,-8.2072,0.0636,low_inlier
791,31.0288,329.6000,615.1374,-10.1230,-23.7409,341,0.0506,1.0000,0.798276,-1.2532,-11.5245,low_inlier
792,31.0629,316.7147,593.2765,-12.8853,-21.8609,154,0.0371,1.0000,0.798276,-4.2834,-9.2719,low_inlier
793,31.0922,304.3143,583.1213,-12.4004,-10.1552,114,0.0091,1.0000,0.798276,-7.6225,-1.8952,low_inlier
794,31.1213,296.6224,552.4996,-7.6918,-30.6218,321,0.0076,1.0000,0.798276,3.0947,-16.8820,low_inlier
795,31.1507,278.8447,529.4375,-17.7778,-23.0621,299,0.0000,1.0000,0.798276,-8.1931,-8.2080,low_inlier
796,31.1803,258.8278,530.1688,-20.0169,0.7313,405,0.0060,1.0000,0.798276,-17.8118,7.9986,low_inlier
797,31.2098,253.5694,567.8290,-5.2584,37.6602,481,0.0215,1.0000,0.798276,-16.7299,26.2964,low_inlier
798,31.2391,222.0864,567.1821,-31.4830,-0.6469,459,0.0094,1.0000,0.798276,-27.4368,11.4199,low_inlier
799,31.2684,195.6174,545.7436,-26.4690,-21.4385,546,0.0027,1.0000,0.798276,-16.3469,-3.8917,low_inlier
800,31.2983,164.9993,531.8466,-30.6181,-13.8970,287,0.0033,1.0000,0.798276,-22.4157,2.5383,low_inlier
801,31.3278,132.7466,535.4133,-32.2527,3.5667,376,0.0036,1.0000,0.798276,-29.4678,14.4302,low_inlier
802,31.3571,87.9716,526.0242,-44.7750,-9.3891,462,0.0032,1.0000,0.798276,-36.2966,10.7723,low_inlier
803,31.3867,31.6191,518.2267,-56.3525,-7.7975,278,0.0024,1.0000,0.798276,-46.9745,16.1532,low_inlier
804,31.4168,-5.7002,505.9944,-37.3193,-12.2322,280,0.0000,1.0000,0.798276,-28.8354,6.1330,low_inlier
805,31.4462,-22.7208,491.9096,-17.0206,-14.0848,425,0.0065,1.0000,0.798276,-10.4155,-2.6956,low_inlier
806,31.4755,-49.4059,474.4346,-26.6851,-17.4750,402,0.0000,1.0000,0.798276,-17.8115,-1.2510,low_inlier
807,31.5055,-106.8592,450.3940,-57.4532,-24.0406,224,0.0000,1.0000,0.798276,-42.7169,6.0780,low_inlier
808,31.5389,-127.9173,448.1692,-21.0582,-2.2248,476,0.0058,1.0000,0.798276,-17.7753,6.4811,low_inlier
809,31.5693,-135.1531,455.1674,-7.2358,6.9982,247,0.1669,1.0000,0.798276,-8.6044,7.2397,low_inlier
810,31.5985,-95.5296,465.5131,39.6235,10.3457,398,0.0000,1.0000,0.798276,31.4655,-8.2176,low_inlier
811,31.6282,-62.3827,465.1014,33.1469,-0.4118,436,0.0032,1.0000,0.798276,29.2383,-12.7291,low_inlier
812,31.6582,-104.6381,432.2857,-42.2554,-32.8157,542,0.0056,1.0000,0.798276,-26.5495,-5.3029,low_inlier
813,31.7129,-121.3777,415.4010,-16.7396,-16.8846,481,0.0358,1.0000,0.798276,-9.2683,-4.6093,low_inlier
814,31.7428,-95.4533,399.5490,25.9244,-15.8520,298,0.0261,1.0000,0.798276,27.8623,-19.9841,low_inlier
815,31.7730,-47.2661,413.2084,48.1871,13.6594,460,0.0852,1.0000,0.798276,37.9193,-9.2977,low_inlier
816,31.8025,-8.2943,424.4689,38.9718,11.2604,258,0.0168,1.0000,0.798276,30.5990,-7.3819,low_inlier
817,31.8316,7.0126,414.2098,15.3069,-10.2590,245,0.0536,1.0000,0.798276,16.7404,-12.3802,low_inlier
818,31.8611,-0.1523,368.4833,-7.1649,-45.7266,480,0.1584,1.0000,0.798276,8.4155,-26.8342,low_inlier
819,31.8910,-36.7049,317.9757,-36.5526,-50.5076,461,0.0056,1.0000,0.798276,-15.8518,-18.8718,low_inlier
820,31.9213,-81.2562,228.6903,-44.5513,-89.2854,309,0.0028,1.0000,0.798276,-10.4034,-40.9052,low_inlier
821,31.9519,-112.7013,147.6382,-31.4451,-81.0521,600,0.0263,1.0000,0.798276,-1.5431,-40.5164,low_inlier
822,31.9818,-145.8707,58.2740,-33.1693,-89.3642,717,0.0333,1.0000,0.798276,-0.3837,-45.2357,low_inlier
823,32.0116,-176.8622,-18.7972,-30.9915,-77.0712,620,0.0013,1.0000,0.798276,-2.4251,-38.1163,low_inlier
824,32.0421,-140.6742,1.9983,36.1880,20.7955,418,0.0259,1.0000,0.798276,25.0878,-0.1778,low_inlier
825,32.0721,-85.2337,5.0318,55.4405,3.0335,333,0.0513,1.0000,0.798276,47.7059,-18.8867,low_inlier
826,32.1023,-57.9370,23.5621,27.2968,18.5303,540,0.0087,1.0000,0.798276,18.0091,1.7025,low_inlier
827,32.1321,-10.7432,41.0583,47.1938,17.4962,376,0.0045,1.0000,0.798276,35.8130,-6.4466,low_inlier
828,32.1620,15.1490,42.3635,25.8922,1.3051,473,0.0139,1.0000,0.798276,22.3159,-8.8926,low_inlier
829,32.1913,48.7284,40.0537,33.5794,-2.3098,525,0.0086,1.0000,0.798276,30.2285,-14.1174,low_inlier
830,32.2216,52.8214,34.9895,4.0929,-5.0642,207,0.0015,1.0000,0.798276,5.2227,-4.8091,low_inlier
831,32.2516,56.2190,4.7530,3.3976,-30.2365,353,0.0225,1.0000,0.798276,12.7083,-20.8029,low_inlier
832,32.2817,46.6454,-39.5155,-9.5735,-44.2685,390,0.0015,1.0000,0.798276,5.8315,-24.9870,low_inlier
833,32.3154,65.9194,-63.2533,19.2740,-23.7378,309,0.0031,1.0000,0.798276,24.5590,-22.5758,low_inlier
834,32.3484,134.0983,-30.1753,68.1789,33.0780,262,0.0259,1.0000,0.798276,49.2283,-4.2749,low_inlier
835,32.3813,185.9157,0.0261,51.8174,30.2015,314,0.0412,1.0000,0.798276,35.7866,0.0194,low_inlier
836,32.4152,227.9375,18.4197,42.0218,18.3936,258,0.0373,1.0000,0.798276,30.9829,-3.9224,low_inlier
837,32.4486,268.5948,27.0085,40.6573,8.5888,322,0.0252,1.0000,0.798276,32.9383,-9.7409,low_inlier
838,32.4817,288.6465,14.8209,20.0516,-12.1875,349,0.0595,1.0000,0.798276,21.5269,-15.4095,low_inlier
839,32.5151,290.6424,8.1629,1.9959,-6.6581,461,0.1656,1.0000,0.798276,3.8940,-5.0499,low_inlier
840,32.5482,294.3114,41.9313,3.6690,33.7684,336,0.0636,1.0000,0.798276,-7.6391,20.4266,low_inlier
841,32.5816,306.8107,46.9413,12.4993,5.0100,546,0.0636,1.0000,0.798276,9.3642,-1.4645,low_inlier
842,32.6152,300.1507,4.6051,-6.6600,-42.3362,595,0.0042,1.0000,0.798276,7.7684,-24.8347,low_inlier
843,32.6697,284.7270,35.6395,-15.4237,31.0344,430,0.0451,1.0000,0.798276,-23.5248,25.8399,low_inlier
844,32.7005,292.0360,43.4595,7.3090,7.8200,308,0.0109,1.0000,0.798276,3.9028,2.3016,low_inlier
845,32.7306,290.6085,51.2646,-1.4275,7.8051,314,0.0590,1.0000,0.798276,-3.7638,5.5769,low_inlier
846,32.7602,273.2633,42.3327,-17.3452,-8.9319,474,0.0877,1.0000,0.798276,-12.3579,0.7540,low_inlier
847,32.7898,237.4036,21.5342,-35.8596,-20.7985,363,0.0358,1.0000,0.798276,-24.7985,0.0524,low_inlier
848,32.8196,196.0793,1.0871,-41.3244,-20.4471,713,0.0039,1.0000,0.798276,-29.7101,2.3341,low_inlier
849,32.8497,137.6618,-33.1380,-58.4175,-34.2251,368,0.0418,1.0000,0.798276,-40.2879,-0.1361,low_inlier
850,32.8815,83.0872,-64.9290,-54.5746,-31.7910,227,0.0375,1.0000,0.798276,-37.6964,-0.0092,low_inlier
851,32.9153,28.7025,-97.7414,-54.3847,-32.8124,481,0.0350,1.0000,0.798276,-37.2012,-0.7402,low_inlier
852,32.9487,-3.9591,-118.6911,-32.6615,-20.9497,298,0.0917,1.0000,0.798276,-21.9417,-1.2477,low_inlier
853,32.9817,-20.2051,-127.7333,-16.2460,-9.0422,377,0.1707,1.0000,0.798276,-11.3572,0.2695,low_inlier
854,33.0150,-37.8173,-142.9598,-17.6122,-15.2265,378,0.1088,1.0000,0.798276,-10.5678,-3.2104,low_inlier
855,33.0484,-50.4910,-149.7063,-12.6737,-6.7465,373,0.1665,1.0000,0.798276,-8.9588,0.4087,low_inlier
856,33.0816,-56.8478,-152.1757,-6.3568,-2.4694,395,0.0528,1.0000,0.798276,-4.7876,0.7955,low_inlier
857,33.1156,-55.8626,-145.2348,0.9853,6.9409,398,0.0827,1.0000,0.798276,-1.3672,4.1116,low_inlier
858,33.1485,-50.9300,-141.8891,4.9326,3.3458,594,0.0426,1.0000,0.798276,3.2552,0.3059,low_inlier
859,33.1823,-42.8371,-141.1688,8.0928,0.7203,447,0.0781,1.0000,0.798276,6.8745,-2.5778,low_inlier
860,33.2146,-37.1061,-143.1057,5.7311,-1.9369,461,0.0760,1.0000,0.798276,5.6553,-3.4056,low_inlier
861,33.2484,-39.4451,-152.3240,-2.3390,-9.2183,607,0.2018,1.0000,0.798276,0.9110,-5.0733,low_inlier
862,33.2811,-58.2393,-168.6500,-18.7942,-16.3260,343,0.1372,1.0000,0.798276,-11.2521,-3.4760,low_inlier
863,33.3148,-54.1862,-165.7857,4.0531,2.8643,626,0.1454,1.0000,0.798276,2.6377,0.3257,low_inlier
864,33.3477,-53.3639,-161.8560,0.8223,3.9297,753,0.3058,1.0000,0.798276,-0.5418,2.2284,low_inlier
865,33.3816,-54.8389,-161.5689,-1.4750,0.2871,451,0.0989,1.0000,0.798276,-1.3875,0.7400,low_inlier
866,33.4145,-47.7447,-154.7455,7.0942,6.8235,508,0.0722,1.0000,0.798276,4.0347,1.7389,low_inlier
867,33.4479,-43.9153,-152.2445,3.8294,2.5010,616,0.4005,1.0000,0.798276,2.5581,0.1752,low_inlier
868,33.4813,-31.1360,-143.3329,12.7793,8.9116,364,0.1092,1.0000,0.798276,8.3551,0.9497,low_inlier
869,33.5138,-13.8328,-135.8921,17.3032,7.4408,361,0.0909,1.0000,0.798276,12.8006,-1.7011,low_inlier
870,33.5476,4.4701,-126.2062,18.3029,9.6860,356,0.2537,1.0000,0.798276,12.9563,-0.6271,low_inlier
871,33.5810,21.8419,-115.2697,17.3719,10.9365,364,0.1764,1.0000,0.798276,11.7365,0.5305,low_inlier
872,33.6144,24.7531,-115.9214,2.9111,-0.6517,406,0.2258,1.0000,0.798276,2.7658,-1.5154,low_inlier
873,33.6676,24.4835,-115.6829,-0.2695,0.2385,600,0.7375,1.0000,0.798276,-0.3134,0.2554,
874,33.6968,23.0430,-118.2984,-1.4405,-2.6155,591,0.4348,1.0000,0.798276,-0.4237,-1.1473,low_inlier
875,33.7259,25.1683,-114.3508,2.1253,3.9475,450,0.5632,1.0000,0.798276,0.5966,1.7500,
876,33.7549,23.5974,-116.6683,-1.5709,-2.3174,440,0.5528,1.0000,0.798276,-0.6340,-0.9059,
877,33.7839,23.4554,-117.1911,-0.1420,-0.5229,593,0.7034,1.0000,0.798276,0.0435,-0.2842,
878,33.8148,24.4829,-115.3789,1.0275,1.8122,612,0.7109,1.0000,0.798276,0.3194,0.7839,
879,33.8479,22.6119,-118.4128,-1.8710,-3.0339,459,0.5350,1.0000,0.798276,-0.6671,-1.2556,
880,33.8809,18.9814,-117.3086,-3.6305,1.1042,412,0.4153,1.0000,0.798276,-3.5430,2.0781,low_inlier
881,33.9142,11.0436,-123.8062,-7.9378,-6.4976,445,0.5519,1.0000,0.798276,-4.8802,-1.2113,
882,33.9477,41.5367,-72.4161,30.4930,51.3902,338,0.1195,1.0000,0.798276,10.2471,21.7201,low_inlier
883,33.9811,43.5208,-40.9600,1.9841,31.4560,269,0.0387,1.0000,0.798276,-8.3749,19.5668,low_inlier
884,34.0146,-14.3865,-125.0458,-57.9073,-84.0857,297,0.0121,1.0000,0.798276,-23.8035,-32.5257,low_inlier
885,34.0477,-29.1114,-126.6345,-14.7248,-1.5887,431,0.0107,1.0000,0.798276,-12.4187,4.5106,low_inlier
886,34.0807,-58.9502,-155.0625,-29.8388,-28.4280,613,0.0053,1.0000,0.798276,-17.0579,-7.1382,low_inlier
887,34.1142,-48.9187,-132.8027,10.0315,22.2598,298,0.1709,1.0000,0.798276,1.6492,10.6025,low_inlier
888,34.1475,-43.2078,-136.7355,5.7109,-3.9328,287,0.0615,1.0000,0.798276,6.2795,-4.6869,low_inlier
889,34.1808,-31.3334,-125.3662,11.8743,11.3693,333,0.3640,1.0000,0.798276,6.7700,2.8771,low_inlier
890,34.2137,-17.7949,-116.3340,13.5385,9.0322,474,0.4126,1.0000,0.798276,8.9830,0.7421,low_inlier
891,34.2479,-5.8829,-112.0624,11.9120,4.2716,343,0.3409,1.0000,0.798276,9.0859,-1.7205,low_inlier
892,34.8808,-5.5333,-108.9983,0.3496,3.0641,449,0.4893,1.0000,0.775391,4.1353,-0.3664,low_inlier
893,34.9120,-5.3333,-109.1389,0.2000,-0.1406,541,0.6704,1.0000,0.775391,-0.1943,-0.2852,
894,34.9416,-4.5863,-110.3273,0.7471,-1.1884,562,0.7134,1.0000,0.775391,-1.6224,-1.0921,
895,34.9713,-2.0158,-109.2959,2.5704,1.0314,403,0.5063,1.0000,0.775391,1.3403,-3.5529,
896,35.0013,0.2778,-109.3948,2.2936,-0.0989,557,0.5313,1.0000,0.775391,-0.1820,-3.2110,
897,35.0312,-0.9929,-108.2314,-1.2706,1.1635,557,0.7114,1.0000,0.775391,1.5997,1.8232,
898,35.0608,-3.7389,-108.9289,-2.7460,-0.6975,437,0.4724,1.0000,0.775391,-0.8853,3.8118,low_inlier
899,35.0909,-3.5573,-110.5620,0.1816,-1.6331,444,0.5544,1.0000,0.775391,-2.2118,-0.3192,
900,35.1207,-3.9610,-110.0193,-0.4037,0.5427,469,0.5476,1.0000,0.775391,0.7422,0.5862,
901,35.1509,-4.4999,-108.4507,-0.5389,1.5686,435,0.4456,1.0000,0.775391,2.1321,0.8162,low_inlier
902,35.1810,-3.7957,-108.8972,0.7041,-0.4465,429,0.5390,1.0000,0.775391,-0.6185,-1.0024,
903,35.2386,-3.0077,-110.6399,0.7880,-1.7427,560,0.6913,1.0000,0.775391,-2.3727,-1.1715,
904,35.2687,-3.6394,-110.8805,-0.6317,-0.2406,586,0.5587,1.0000,0.775391,-0.3120,0.8736,
905,35.2981,-2.5404,-111.9029,1.0990,-1.0224,427,0.5357,1.0000,0.775391,-1.4054,-1.5775,
906,35.3283,-2.5841,-112.7648,-0.0438,-0.8619,425,0.5276,1.0000,0.775391,-1.1644,0.0267,
907,35.3582,-2.8806,-112.5039,-0.2965,0.2609,590,0.6763,1.0000,0.775391,0.3590,0.4250,
908,35.3879,-2.2700,-113.0115,0.6106,-0.5077,596,0.6950,1.0000,0.775391,-0.6992,-0.8741,
909,35.4173,-3.2787,-112.3247,-1.0087,0.6869,436,0.5444,1.0000,0.775391,0.9499,1.4379,
910,35.4472,-2.3633,-112.9184,0.9154,-0.5938,437,0.5469,1.0000,0.775391,-0.8220,-1.3037,
911,35.4767,-2.6217,-112.8326,-0.2585,0.0858,451,0.5732,1.0000,0.775391,0.1215,0.3648,
912,35.5062,-2.8970,-112.6020,-0.2752,0.2306,607,0.7607,1.0000,0.775391,0.3176,0.3940,
913,35.5363,-2.1146,-112.9414,0.7823,-0.3394,591,0.5400,1.0000,0.775391,-0.4753,-1.1075,
914,35.5661,-2.9254,-112.3952,-0.8108,0.5462,450,0.5625,1.0000,0.775391,0.7555,1.1555,
915,35.5956,-2.1911,-112.7352,0.7343,-0.3401,439,0.5550,1.0000,0.775391,-0.4752,-1.0403,
916,35.6253,-2.0038,-112.9424,0.1873,-0.2071,616,0.7700,1.0000,0.775391,-0.2840,-0.2702,
917,35.6543,-2.4787,-112.7420,-0.4749,0.2004,618,0.6783,1.0000,0.775391,0.2809,0.6720,
918,35.6837,-1.7694,-113.0772,0.7093,-0.3352,438,0.5482,1.0000,0.775391,-0.4681,-1.0051,
919,35.7133,-2.2469,-112.9287,-0.4775,0.1485,435,0.5437,1.0000,0.775391,0.2108,0.6736,
920,35.7428,-2.2707,-112.8405,-0.0238,0.0882,590,0.7312,1.0000,0.775391,0.1197,0.0368,
921,35.7724,-1.9639,-113.0080,0.3067,-0.1675,594,0.7412,1.0000,0.775391,-0.2329,-0.4356,
922,35.8015,-2.4885,-112.7937,-0.5246,0.2143,582,0.5475,1.0000,0.775391,0.3007,0.7421,
923,35.8309,-1.9831,-113.0661,0.5054,-0.2724,440,0.5526,1.0000,0.775391,-0.3789,-0.7175,
924,35.8604,-2.2686,-113.0292,-0.2855,0.0370,447,0.6112,1.0000,0.775391,0.0560,0.4006,
925,35.8907,-2.4781,-112.8788,-0.2095,0.1503,601,0.7512,1.0000,0.775391,0.2076,0.2989,
926,35.9200,-2.0821,-113.1005,0.3959,-0.2216,600,0.7184,1.0000,0.775391,-0.3080,-0.5625,
927,35.9492,-3.0005,-113.1799,-0.9183,-0.0794,530,0.6750,1.0000,0.775391,-0.0880,1.2809,
928,35.9788,-3.5542,-112.6721,-0.5537,0.5078,543,0.5782,1.0000,0.775391,0.6982,0.7945,
929,36.0085,-2.7609,-112.4536,0.7933,0.2186,435,0.5475,1.0000,0.775391,0.2788,-1.1005,
930,36.0388,-2.8984,-111.1822,-0.1375,1.2714,629,0.7863,1.0000,0.775391,1.7218,0.2431,
931,36.0687,-3.0060,-110.7598,-0.1076,0.4224,615,0.7688,1.0000,0.775391,0.5734,0.1673,
932,36.0985,-2.2727,-110.4043,0.7332,0.3555,445,0.5600,1.0000,0.775391,0.4652,-1.0111,
933,36.1516,-2.6956,-110.1626,-0.4229,0.2416,453,0.6088,1.0000,0.775391,0.3356,0.6010,
934,36.1812,-2.8206,-110.4646,-0.1250,-0.3019,599,0.7488,1.0000,0.775391,-0.4056,0.1627,
935,36.2110,-2.7543,-110.0394,0.0663,0.4252,599,0.7488,1.0000,0.775391,0.5734,-0.0757,
936,36.2401,-2.3721,-108.3776,0.3822,1.6618,577,0.7258,1.0000,0.775391,2.2388,-0.4680,
937,36.2705,-1.0742,-107.0478,1.2979,1.3297,457,0.5713,1.0000,0.775391,1.7704,-1.7617,
938,36.3009,-0.8598,-106.2004,0.2145,0.8474,492,0.6687,1.0000,0.775391,1.1412,-0.2660,
939,36.3311,-1.2865,-105.3217,-0.4267,0.8787,616,0.7700,1.0000,0.775391,1.1970,0.6318,
940,36.3628,-1.5343,-105.3798,-0.2478,-0.0580,439,0.7037,1.0000,0.775391,-0.0732,0.3442,
941,36.3926,-2.8470,-104.2487,-1.3127,1.1311,546,0.5127,1.0000,0.775391,1.5569,1.8808,
942,36.4229,-3.3807,-101.4565,-0.5337,2.7922,456,0.5700,1.0000,0.775391,3.7862,0.8577,
943,36.4526,-3.7100,-100.6831,-0.3293,0.7734,619,0.7747,1.0000,0.775391,1.0526,0.4913,
944,37.8524,-8.0069,-100.2223,-4.2969,0.4608,507,0.6412,1.0000,0.828369,5.8734,-1.1453,
945,37.8828,-7.7619,-100.0471,0.2450,0.1752,407,0.5887,1.0000,0.828369,-0.3454,-0.5039,
946,37.9128,-7.9441,-100.1044,-0.1822,-0.0573,560,0.7231,1.0000,0.828369,0.2531,0.1685,
947,37.9423,-7.9767,-100.1136,-0.0326,-0.0092,635,0.7937,1.0000,0.828369,0.0453,0.0271,
948,37.9711,-7.8309,-100.0278,0.1458,0.0858,591,0.7388,1.0000,0.828369,-0.2046,-0.2477,
949,38.0013,-8.0106,-100.1578,-0.1796,-0.1300,577,0.7200,1.0000,0.828369,0.2534,0.3738,
950,38.0312,-7.7696,-100.0179,0.2409,0.1398,423,0.6408,1.0000,0.828369,-0.3380,-0.4039,
951,38.0611,-7.8667,-100.0601,-0.0971,-0.0422,568,0.7409,1.0000,0.828369,0.1354,0.1228,
952,38.0906,-7.9342,-100.1351,-0.0675,-0.0749,593,0.7484,1.0000,0.828369,0.0966,0.2142,
953,38.1197,-7.7840,-100.0431,0.1503,0.0919,586,0.7338,1.0000,0.828369,-0.2111,-0.2652,
954,38.1487,-7.9349,-100.2020,-0.1509,-0.1588,544,0.7475,1.0000,0.828369,0.2155,0.4543,
955,38.1782,-7.7390,-100.1043,0.1959,0.0976,475,0.7034,1.0000,0.828369,-0.2740,-0.2831,
956,38.2078,-7.7878,-100.1202,-0.0488,-0.0159,589,0.7384,1.0000,0.828369,0.0678,0.0466,
957,38.2367,-7.8735,-100.1826,-0.0857,-0.0624,589,0.7425,1.0000,0.828369,0.1210,0.1796,
958,38.2658,-7.7694,-100.0744,0.1041,0.1082,598,0.7484,1.0000,0.828369,-0.1486,-0.3095,
959,38.2950,-7.9221,-100.1810,-0.1527,-0.1066,554,0.7356,1.0000,0.828369,0.2152,0.3066,
960,38.3245,-7.8701,-100.1210,0.0520,0.0599,562,0.7388,1.0000,0.828369,-0.0745,-0.1713,
961,38.3549,-7.8687,-100.0840,0.0014,0.0371,589,0.7362,1.0000,0.828369,-0.0039,-0.1049,
962,38.3839,-7.9745,-100.1636,-0.1058,-0.0796,603,0.7538,1.0000,0.828369,0.1494,0.2288,
963,38.4411,-7.9029,-100.0463,0.0716,0.1173,590,0.7388,1.0000,0.828369,-0.1044,-0.3339,
964,38.4707,-8.0109,-100.1249,-0.1080,-0.0786,582,0.7512,1.0000,0.828369,0.1524,0.2261,
965,38.4999,-8.0096,-100.1268,0.0013,-0.0019,627,0.7847,1.0000,0.828369,-0.0017,0.0052,
966,38.5285,-7.9524,-100.0795,0.0572,0.0473,588,0.7368,1.0000,0.828369,-0.0810,-0.1357,
967,38.5576,-8.0326,-100.1707,-0.0802,-0.0912,596,0.7459,1.0000,0.828369,0.1148,0.2606,
968,38.5866,-7.9310,-100.0835,0.1016,0.0872,598,0.7500,1.0000,0.828369,-0.1440,-0.2500,
969,38.6159,-7.9576,-100.1286,-0.0266,-0.0450,593,0.7459,1.0000,0.828369,0.0389,0.1283,
970,38.6449,-7.9817,-100.1495,-0.0241,-0.0209,644,0.8060,1.0000,0.828369,0.0342,0.0599,
971,38.6735,-7.8997,-100.0859,0.0820,0.0636,590,0.7375,1.0000,0.828369,-0.1158,-0.1826,
972,38.7028,-8.0094,-100.1604,-0.1097,-0.0745,600,0.7512,1.0000,0.828369,0.1544,0.2144,
973,38.7333,-7.9683,-100.0685,0.0411,0.0919,596,0.7488,1.0000,0.828369,-0.0613,-0.2611,
974,38.7630,-8.0993,-100.0269,-0.1310,0.0416,604,0.7550,1.0000,0.828369,0.1776,-0.1127,
975,38.7921,-8.3175,-100.0159,-0.2182,0.0110,599,0.7525,1.0000,0.828369,0.2990,-0.0233,
976,38.8214,-8.3950,-99.8702,-0.0774,0.1457,586,0.7359,1.0000,0.828369,0.0987,-0.4089,
977,38.8508,-8.7181,-99.8800,-0.3232,-0.0099,469,0.7322,1.0000,0.828369,0.4441,0.0397,
978,38.8807,-9.2024,-99.1940,-0.4843,0.6861,416,0.5232,1.0000,0.828369,0.6287,-1.9209,
979,38.9106,-13.9689,-97.3739,-4.7665,1.8201,517,0.2155,1.0000,0.828369,6.4467,-4.9691,low_inlier
980,38.9417,-18.1064,-99.1200,-4.1375,-1.7461,624,0.2612,1.0000,0.828369,5.7703,5.0848,low_inlier
981,38.9722,-29.1511,-98.4750,-11.0447,0.6450,383,0.0563,1.0000,0.828369,15.1252,-1.4198,low_inlier
982,39.0043,-31.1274,-97.6950,-1.9763,0.7800,461,0.0754,1.0000,0.828369,2.6716,-2.1320,low_inlier
983,39.0357,-34.5433,-94.9956,-3.4159,2.6993,403,0.0598,1.0000,0.828369,4.5469,-7.5028,low_inlier
984,39.0669,-60.3247,-95.3251,-25.7813,-0.3295,412,0.0183,1.0000,0.828369,35.4025,1.8711,low_inlier
985,39.0979,-82.4338,-100.0207,-22.1091,-4.6956,463,0.0384,1.0000,0.828369,30.5911,14.0745,low_inlier
986,39.1299,-87.5514,-103.9764,-5.1177,-3.9557,288,0.1552,1.0000,0.828369,7.2314,11.3640,low_inlier
987,39.1618,-91.6008,-102.2322,-4.0494,1.7442,439,0.1899,1.0000,0.828369,5.4664,-4.7808,low_inlier
988,39.1932,-95.1395,-97.1287,-3.5387,5.1035,313,0.1633,1.0000,0.828369,4.5894,-14.2915,low_inlier
989,39.2245,-99.9361,-94.4292,-4.7966,2.6996,476,0.1213,1.0000,0.828369,6.4419,-7.4531,low_inlier
990,39.2559,-104.3329,-94.4218,-4.3968,0.0074,410,0.4610,1.0000,0.828369,6.0343,0.1395,low_inlier
991,39.2867,-104.3396,-94.1611,-0.0068,0.2607,556,0.7001,1.0000,0.828369,-0.0044,-0.7364,
992,39.3170,-121.0938,-92.4279,-16.7542,1.7332,421,0.0170,1.0000,0.828369,22.9044,-4.2864,low_inlier
993,39.3725,-197.4308,-92.2754,-76.3370,0.1525,336,0.0000,1.0000,0.828369,104.7654,2.3531,low_inlier
994,39.4051,-257.1807,-86.8597,-59.7500,5.4157,325,0.0022,1.0000,0.828369,81.7236,-13.1240,low_inlier
995,39.4368,-256.6612,-79.2398,0.5195,7.6199,85,0.0000,1.0000,0.828369,-1.1125,-21.5501,low_inlier
996,39.4674,-261.9768,-80.1606,-5.3156,-0.9208,559,0.0016,1.0000,0.828369,7.3440,2.7958,low_inlier
997,39.4986,-264.0060,-80.1043,-2.0293,0.0563,461,0.0038,1.0000,0.828369,2.7822,-0.0852,low_inlier
998,39.5308,-268.4016,-81.0514,-4.3956,-0.9471,414,0.2907,1.0000,0.828369,6.0826,2.8365,low_inlier
999,39.5620,-268.6253,-80.6947,-0.2237,0.3567,514,0.0152,1.0000,0.828369,0.2883,-0.9996,low_inlier
1000,39.5945,-268.0425,-79.7837,0.5828,0.9110,518,0.0101,1.0000,0.828369,-0.8477,-2.5954,low_inlier
1001,39.6263,-269.7017,-81.2862,-1.6592,-1.5025,369,0.0170,1.0000,0.828369,2.3561,4.3060,low_inlier
1002,39.6582,-281.8835,-81.1457,-12.1818,0.1405,349,0.0457,1.0000,0.828369,16.7123,0.0471,low_inlier
1003,39.6899,-283.9475,-81.1110,-2.0640,0.0347,506,0.0127,1.0000,0.828369,2.8310,-0.0227,low_inlier
1004,39.7228,-284.1295,-81.1277,-0.1820,-0.0168,393,0.0364,1.0000,0.828369,0.2507,0.0540,low_inlier
1005,39.7548,-295.2255,-81.1782,-11.0960,-0.0505,716,0.0230,1.0000,0.828369,15.2320,0.5474,low_inlier
1006,39.7893,-296.3227,-83.3430,-1.0972,-2.1648,527,0.0087,1.0000,0.828369,1.6194,6.1570,low_inlier
1007,39.8218,-294.7551,-85.3682,1.5676,-2.0252,376,0.0134,1.0000,0.828369,-2.0454,5.6652,low_inlier
1008,39.8559,-296.5198,-89.8809,-1.7647,-4.5127,224,0.0051,1.0000,0.828369,2.6587,12.8157,low_inlier
1009,39.8874,-296.4540,-89.9480,0.0658,-0.0671,604,0.0601,1.0000,0.828369,-0.0869,0.1873,low_inlier
1010,39.9191,-288.8211,-91.1328,7.6329,-1.1848,481,0.0978,1.0000,0.828369,-10.4142,3.0694,low_inlier
1011,39.9548,-288.4487,-94.9685,0.3724,-3.8357,490,0.0116,1.0000,0.828369,-0.3100,10.8248,low_inlier
1012,39.9881,-288.2967,-95.1429,0.1520,-0.1744,417,0.0480,1.0000,0.828369,-0.1995,0.4874,low_inlier
1013,40.0200,-286.9478,-92.3269,1.3489,2.8160,451,0.1117,1.0000,0.828369,-1.9990,-8.0063,low_inlier
1014,40.0514,-276.9206,-90.8015,10.0272,1.5254,358,0.0651,1.0000,0.828369,-13.8423,-4.6758,low_inlier
1015,40.0832,-276.6181,-90.9507,0.3025,-0.1492,570,0.0263,1.0000,0.828369,-0.4074,0.4105,low_inlier
1016,40.1153,-276.5592,-90.9762,0.0589,-0.0255,464,0.0895,1.0000,0.828369,-0.0795,0.0699,low_inlier
1017,40.1483,-275.7870,-91.0882,0.7722,-0.1120,420,0.0551,1.0000,0.828369,-1.0540,0.2883,low_inlier
1018,40.1812,-274.8945,-91.2746,0.8925,-0.1864,519,0.0335,1.0000,0.828369,-1.2152,0.4940,low_inlier
1019,40.2171,-274.0814,-88.0085,0.8131,3.2661,279,0.0030,1.0000,0.828369,-1.2872,-9.2585,low_inlier
1020,40.2488,-278.6968,-86.1770,-4.6154,1.8315,234,0.0048,1.0000,0.828369,6.2386,-5.0069,low_inlier
1021,40.2800,-275.3434,-93.3577,3.3534,-7.1808,626,0.0000,1.0000,0.828369,-4.2262,20.1680,low_inlier
1022,40.3114,-265.7839,-100.8565,9.5595,-7.4988,613,0.0000,1.0000,0.828369,-12.7274,20.8403,low_inlier
1023,40.3663,-237.0222,-103.5068,28.7617,-2.6503,744,0.0000,1.0000,0.828369,-39.3368,6.4398,low_inlier
1024,40.3966,-233.9382,-102.0570,3.0840,1.4498,701,0.0558,1.0000,0.828369,-4.3088,-4.2090,low_inlier
1025,40.4273,-234.4966,-105.3572,-0.5584,-3.3002,410,0.0284,1.0000,0.828369,0.9394,9.3455,low_inlier
1026,40.4585,-236.0401,-100.7313,-1.5436,4.6258,388,0.0825,1.0000,0.828369,1.8761,-13.0146,low_inlier
1027,40.4899,-235.9903,-96.3254,0.0498,4.4060,310,0.0241,1.0000,0.828369,-0.2994,-12.4515,low_inlier
1028,40.5210,-183.8028,-80.4575,52.1875,15.8679,240,0.0369,1.0000,0.828369,-72.4598,-46.7404,low_inlier
1029,40.5525,-138.4055,-61.9623,45.3973,18.4951,293,0.0367,1.0000,0.828369,-63.2778,-53.9164,low_inlier
1030,40.5840,-85.2400,-35.7004,53.1655,26.2619,469,0.0000,1.0000,0.828369,-74.3469,-76.1459,low_inlier
1031,40.6164,-75.9314,-37.9193,9.3086,-2.2189,245,0.0018,1.0000,0.828369,-12.6598,5.9304,low_inlier
1032,40.6491,-78.3974,-41.2008,-2.4659,-3.2815,422,0.0090,1.0000,0.828369,3.5565,9.3623,low_inlier
1033,40.6812,-77.0984,-41.6991,1.2990,-0.4983,530,0.0153,1.0000,0.828369,-1.7567,1.3608,low_inlier
1034,40.7139,-77.0622,-42.5500,0.0362,-0.8509,440,0.0068,1.0000,0.828369,-0.0051,2.4029,low_inlier
1035,40.7463,-80.8482,-42.5412,-3.7861,0.0088,444,0.0078,1.0000,0.828369,5.1960,0.1133,low_inlier
1036,40.7785,-79.8483,-47.7456,1.0000,-5.2044,536,0.0067,1.0000,0.828369,-1.0997,14.6693,low_inlier
1037,40.8105,-76.5116,-52.4537,3.3366,-4.7081,360,0.0312,1.0000,0.828369,-4.3328,13.1818,low_inlier
1038,40.8420,-72.6629,-56.1869,3.8488,-3.7332,369,0.1240,1.0000,0.828369,-5.0868,10.4084,low_inlier
1039,40.8725,-69.0296,-56.5219,3.6332,-0.3350,326,0.1258,1.0000,0.828369,-4.9691,0.8140,low_inlier
1040,40.9032,-65.6994,-52.4937,3.3302,4.0282,693,0.0367,1.0000,0.828369,-4.7819,-11.5037,low_inlier
1041,40.9351,-62.6886,-52.9769,3.0109,-0.4833,244,0.0117,1.0000,0.828369,-4.1071,1.2557,low_inlier
1042,40.9662,-54.8058,-49.4797,7.8827,3.4973,527,0.0102,1.0000,0.828369,-11.0025,-10.1695,low_inlier
1043,40.9975,-40.8173,-47.3727,13.9886,2.1069,341,0.0000,1.0000,0.828369,-19.3099,-6.4636,low_inlier
1044,41.0296,-29.7487,-43.9831,11.0685,3.3897,274,0.0000,1.0000,0.828369,-15.3694,-9.9816,low_inlier
1045,41.0602,-21.9885,-42.4904,7.7602,1.4927,384,0.1353,1.0000,0.828369,-10.7292,-4.5009,low_inlier
1046,41.0908,-16.3815,-40.6625,5.6070,1.8278,429,0.0890,1.0000,0.828369,-7.7915,-5.3693,low_inlier
1047,41.1210,-13.8069,-35.2347,2.5746,5.4278,454,0.1774,1.0000,0.828369,-3.8182,-15.4310,low_inlier
1048,41.1518,-12.5437,-32.7429,1.2631,2.4918,331,0.0717,1.0000,0.828369,-1.8643,-7.0869,low_inlier
1049,41.1823,-11.8412,-35.0099,0.7026,-2.2669,495,0.0352,1.0000,0.828369,-0.8455,6.3799,low_inlier
1050,41.2172,-10.7135,-37.9755,1.1276,-2.9657,426,0.0592,1.0000,0.828369,-1.3922,8.3389,low_inlier
1051,41.2493,-4.1031,-40.6121,6.6104,-2.6366,612,0.0358,1.0000,0.828369,-8.9347,7.2090,low_inlier
1052,41.2808,8.8855,-42.4543,12.9886,-1.8422,529,0.0152,1.0000,0.828369,-17.7305,4.7318,low_inlier
1053,41.3376,8.2943,-35.3618,-0.5912,7.0925,529,0.1931,1.0000,0.828369,0.4397,-20.0195,low_inlier
1054,41.3681,12.1319,-29.5296,3.8376,5.8322,366,0.0742,1.0000,0.828369,-5.5728,-16.6197,low_inlier
1055,41.4014,15.1078,-25.5700,2.9759,3.9597,371,0.0213,1.0000,0.828369,-4.2921,-11.2971,low_inlier
1056,41.4338,18.3895,-19.3463,3.2817,6.2236,183,0.0301,1.0000,0.828369,-4.8304,-17.7055,low_inlier
1057,41.4666,19.6730,-19.6321,1.2835,-0.2858,763,0.0000,1.0000,0.828369,-1.7466,0.7608,low_inlier
1058,41.4968,26.2101,-17.5087,6.5371,2.1234,524,0.0306,1.0000,0.828369,-9.0836,-6.2384,low_inlier
1059,41.5279,22.1805,-15.2317,-4.0296,2.2770,648,0.0190,1.0000,0.828369,5.4113,-6.2871,low_inlier
1060,41.5590,24.2330,-19.0094,2.0525,-3.7777,310,0.0203,1.0000,0.828369,-2.6190,10.5996,low_inlier
1061,41.5894,19.7813,-21.8739,-4.4517,-2.8645,421,0.0351,1.0000,0.828369,6.2601,8.2565,low_inlier
1062,41.6217,14.0030,-14.5054,-5.7783,7.3685,286,0.0383,1.0000,0.828369,7.5445,-20.6102,low_inlier
1063,41.6525,13.6192,-12.7026,-0.3838,1.8028,306,0.0026,1.0000,0.828369,0.4323,-5.0801,low_inlier
1064,41.6842,-6.3804,-3.9730,-19.9996,8.7296,731,0.0000,1.0000,0.828369,26.9921,-23.9375,low_inlier
1065,41.7163,-10.8490,-6.5869,-4.4686,-2.6139,240,0.0262,1.0000,0.828369,6.2702,7.5490,low_inlier
1066,41.7479,-91.2001,5.3819,-80.3512,11.9688,356,0.0000,1.0000,0.828369,109.6555,-30.8894,low_inlier
1067,41.7790,-177.0148,9.6287,-85.8147,4.2468,687,0.0000,1.0000,0.828369,117.5590,-8.8705,low_inlier
1068,41.8101,-181.7289,8.9936,-4.7141,-0.6351,326,0.0000,1.0000,0.828369,6.5034,1.9665,low_inlier
1069,41.8408,-183.5286,8.8237,-1.7997,-0.1699,185,0.0017,1.0000,0.828369,2.4790,0.5458,low_inlier
1070,41.8718,-187.1189,12.1866,-3.5903,3.3628,344,0.0000,1.0000,0.828369,4.7515,-9.3713,low_inlier
1071,41.9027,-233.1761,14.2626,-46.0572,2.0760,565,0.0000,1.0000,0.828369,63.1052,-4.1864,low_inlier
1072,41.9336,-271.4336,21.6507,-38.2575,7.3881,366,0.0018,1.0000,0.828369,52.1216,-19.4809,low_inlier
1073,41.9652,-298.5126,27.2476,-27.0790,5.5969,263,0.0095,1.0000,0.828369,36.8729,-14.8275,low_inlier
1074,41.9960,-330.2309,32.6791,-31.7183,5.4315,375,0.0394,1.0000,0.828369,43.2490,-14.1909,low_inlier
1075,42.0272,-341.5570,29.0435,-11.3261,-3.6356,318,0.0043,1.0000,0.828369,15.7358,10.6861,low_inlier
1076,42.0588,-349.4937,13.8718,-7.9367,-15.1717,424,0.0000,1.0000,0.828369,11.6886,43.1594,low_inlier
1077,42.0903,-366.5269,12.8373,-17.0332,-1.0345,341,0.0183,1.0000,0.828369,23.4324,3.5443,low_inlier
1078,42.1217,-364.5171,7.0725,2.0098,-5.7648,312,0.0562,1.0000,0.828369,-2.4563,16.2160,low_inlier
1079,42.1527,-363.9346,0.2607,0.5825,-6.8118,397,0.0257,1.0000,0.828369,-0.4424,19.2267,low_inlier
1080,42.1840,-370.2278,-13.6080,-6.2932,-13.8687,286,0.0015,1.0000,0.828369,9.3645,39.4176,low_inlier
1081,42.2142,-369.7588,-20.2953,0.4690,-6.6873,328,0.0057,1.0000,0.828369,-0.2932,18.8788,low_inlier
1082,42.2450,-367.3135,-20.7069,2.4453,-0.4116,457,0.1008,1.0000,0.828369,-3.3347,1.0739,low_inlier
1083,42.2985,-356.6831,-19.2791,10.6304,1.4278,416,0.0000,1.0000,0.828369,-14.6652,-4.4223,low_inlier
1084,42.3296,-357.4458,-8.7001,-0.7627,10.5790,271,0.0059,1.0000,0.828369,0.4922,-29.8646,low_inlier
1085,42.3605,-362.8788,1.0158,-5.4330,9.7159,372,0.0031,1.0000,0.828369,6.9476,-27.2557,low_inlier
1086,42.3918,-409.7249,16.2386,-46.8461,15.2228,282,0.0000,1.0000,0.828369,63.4989,-41.3058,low_inlier
1087,42.4233,-422.9198,19.3999,-13.1949,3.1613,517,0.0000,1.0000,0.828369,17.9445,-8.4516,low_inlier
1088,42.4549,-422.0039,23.2120,0.9160,3.8121,548,0.0092,1.0000,0.828369,-1.4570,-10.8051,low_inlier
1089,42.4861,-431.8349,24.1583,-9.8311,0.9463,387,0.0040,1.0000,0.828369,13.4436,-2.3153,low_inlier
1090,42.5172,-453.3551,22.7752,-21.5202,-1.3832,401,0.0042,1.0000,0.828369,29.6093,4.6931,low_inlier
1091,42.5483,-470.9612,20.9151,-17.6061,-1.8600,275,0.0042,1.0000,0.828369,24.2620,5.8979,low_inlier
1092,42.5797,-475.8275,20.7158,-4.8663,-0.1994,367,0.0159,1.0000,0.828369,6.6895,0.7408,low_inlier
1093,42.6128,-472.8659,21.9925,2.9616,1.2767,347,0.1453,1.0000,0.828369,-4.1317,-3.7156,low_inlier
1094,42.6439,-474.1959,22.2492,-1.3299,0.2567,485,0.1192,1.0000,0.828369,1.8119,-0.6769,low_inlier
1095,42.6742,-477.8426,21.3169,-3.6468,-0.9323,676,0.1062,1.0000,0.828369,5.0541,2.7673,low_inlier
1096,42.7049,-482.6870,20.9253,-4.8444,-0.3916,385,0.1070,1.0000,0.828369,6.6695,1.2831,low_inlier
1097,42.7370,-488.9566,20.7466,-6.2696,-0.1787,320,0.1121,1.0000,0.828369,8.6144,0.7337,low_inlier
1098,42.7677,-494.8756,20.6615,-5.9190,-0.0851,300,0.0683,1.0000,0.828369,8.1283,0.4564,low_inlier
1099,42.7987,-501.6488,20.3958,-6.7732,-0.2656,192,0.0502,1.0000,0.828369,9.3103,0.9976,low_inlier
1100,42.8298,-505.1120,19.6698,-3.4632,-0.7261,286,0.1798,1.0000,0.828369,4.7914,2.1779,low_inlier
1101,42.8607,-506.7627,19.4474,-1.6506,-0.2224,654,0.1286,1.0000,0.828369,2.2772,0.6887,low_inlier
1102,42.8914,-508.9667,19.3038,-2.2040,-0.1435,360,0.0616,1.0000,0.828369,3.0326,0.4860,low_inlier
1103,42.9222,-513.3348,17.4882,-4.3681,-1.8156,275,0.0942,1.0000,0.828369,6.0904,5.2896,low_inlier
1104,42.9534,-519.3512,17.3810,-6.0164,-0.1072,325,0.1552,1.0000,0.828369,8.2632,0.5223,low_inlier
1105,42.9841,-528.0968,17.7845,-8.7456,0.4035,437,0.0871,1.0000,0.828369,11.9823,-0.8213,low_inlier
1106,43.0148,-531.6824,17.3608,-3.5856,-0.4237,466,0.0499,1.0000,0.828369,4.9435,1.3281,low_inlier
1107,43.0456,-513.4972,16.6711,18.1852,-0.6897,322,0.0123,1.0000,0.828369,-24.9232,1.2858,low_inlier
1108,43.0768,-492.8258,16.6905,20.6714,0.0194,541,0.0230,1.0000,0.828369,-28.3727,-0.8088,low_inlier
1109,43.1078,-473.5125,16.8684,19.3133,0.1779,362,0.0192,1.0000,0.828369,-26.5171,-1.2069,low_inlier
1110,43.1391,-448.3747,17.8326,25.1378,0.9642,411,0.0288,1.0000,0.828369,-34.5525,-3.6412,low_inlier
1111,43.1706,-417.3850,17.9904,30.9897,0.1579,280,0.0083,1.0000,0.828369,-42.5420,-1.5762,low_inlier
1112,43.2016,-384.3373,18.0913,33.0476,0.1008,395,0.0101,1.0000,0.828369,-45.3635,-1.4901,low_inlier
1113,43.2571,-358.5361,17.0559,25.8013,-1.0353,406,0.0273,1.0000,0.828369,-35.3583,1.9845,low_inlier
1114,43.2887,-344.0528,17.2500,14.4833,0.1941,472,0.0580,1.0000,0.828369,-19.8887,-1.0766,low_inlier
1115,43.3200,-343.3578,17.9697,0.6950,0.7196,609,0.0013,1.0000,0.828369,-0.9916,-2.0587,low_inlier
1116,43.3507,-359.8533,19.6283,-16.4955,1.6586,522,0.0512,1.0000,0.828369,22.5534,-4.0851,low_inlier
1117,43.3813,-370.9722,19.5251,-11.1189,-0.1032,376,0.0978,1.0000,0.828369,15.2662,0.6971,low_inlier
1118,43.4119,-372.8871,19.1332,-1.9149,-0.3919,528,0.0454,1.0000,0.828369,2.6488,1.1772,low_inlier
1119,43.4416,-368.6547,18.8060,4.2324,-0.3272,415,0.2698,1.0000,0.828369,-5.7919,0.7701,low_inlier
1120,43.4720,-368.4367,20.2824,0.2179,1.4764,513,0.1961,1.0000,0.828369,-0.3765,-4.1797,low_inlier
1121,43.5020,-376.2813,25.7797,-7.8446,5.4973,341,0.0261,1.0000,0.828369,10.4786,-15.2475,low_inlier
1122,43.5328,-400.4580,25.9014,-24.1766,0.1217,472,0.0013,1.0000,0.828369,33.1763,0.5378,low_inlier
1123,43.5662,-419.2344,25.5740,-18.7764,-0.3274,524,0.0039,1.0000,0.828369,25.7880,1.6099,low_inlier
1124,43.5991,-403.7748,26.1282,15.4596,0.5542,290,0.0295,1.0000,0.828369,-21.2476,-2.1297,low_inlier
1125,43.6303,-389.3327,27.5847,14.4421,1.4565,290,0.0233,1.0000,0.828369,-19.8983,-4.6423,low_inlier
1126,43.6612,-380.7333,29.7542,8.5994,2.1695,421,0.2239,1.0000,0.828369,-11.9165,-6.4439,low_inlier
1127,43.6917,-379.1384,30.7735,1.5948,1.0193,361,0.0873,1.0000,0.828369,-2.2424,-2.9382,low_inlier
1128,43.7221,-385.4061,29.8838,-6.2676,-0.8897,341,0.0754,1.0000,0.828369,8.6490,2.7427,low_inlier
1129,43.7523,-395.9594,29.8807,-10.5533,-0.0031,391,0.1504,1.0000,0.828369,14.4847,0.3936,low_inlier
1130,43.7829,-397.3739,30.0199,-1.4145,0.1392,613,0.2060,1.0000,0.828369,1.9341,-0.3418,low_inlier
1131,43.8130,-391.0537,30.4885,6.3202,0.4686,561,0.1056,1.0000,0.828369,-8.6991,-1.5546,low_inlier
1132,43.8430,-380.5581,30.7468,10.4956,0.2583,506,0.1843,1.0000,0.828369,-14.4189,-1.1126,low_inlier
1133,43.8733,-379.3941,31.3451,1.1640,0.5984,392,0.2788,1.0000,0.828369,-1.6290,-1.7332,low_inlier
1134,43.9038,-374.2429,31.0303,5.1512,-0.3148,407,0.3679,1.0000,0.828369,-7.0536,0.7017,low_inlier
1135,43.9341,-373.1970,30.5374,1.0459,-0.4929,521,0.4581,1.0000,0.828369,-1.4097,1.3545,low_inlier
1136,43.9643,-375.3307,30.3315,-2.1337,-0.2059,491,0.4411,1.0000,0.828369,2.9393,0.6596,low_inlier
1137,43.9944,-374.0015,31.0269,1.3291,0.6953,494,0.3636,1.0000,0.828369,-1.8607,-2.0132,low_inlier
1138,44.0243,-369.3220,31.4762,4.6795,0.4493,512,0.2829,1.0000,0.828369,-6.4463,-1.4403,low_inlier
1139,44.0544,-366.8479,31.5933,2.4741,0.1172,544,0.4015,1.0000,0.828369,-3.4019,-0.4213,low_inlier
1140,44.0843,-365.8429,31.7244,1.0050,0.1311,509,0.4648,1.0000,0.828369,-1.3862,-0.4070,low_inlier
1141,44.1144,-363.7738,31.8829,2.0691,0.1585,660,0.4931,1.0000,0.828369,-2.8482,-0.5233,low_inlier
1142,44.1442,-360.7051,32.7413,3.0686,0.8584,465,0.5497,1.0000,0.828369,-4.2567,-2.5374,
1143,44.1977,-358.9040,33.2098,1.8011,0.4685,579,0.7150,1.0000,0.828369,-2.4966,-1.3895,
1144,44.2276,-349.5525,33.4402,9.3515,0.2304,444,0.2913,1.0000,0.828369,-12.8471,-0.9921,low_inlier
1145,44.2580,-337.7663,33.5532,11.7862,0.1129,385,0.3495,1.0000,0.828369,-16.1826,-0.7489,low_inlier
1146,44.2887,-326.2651,34.0542,11.5012,0.5011,430,0.2357,1.0000,0.828369,-15.8118,-1.8352,low_inlier
1147,44.3187,-318.7527,34.8249,7.5124,0.7707,527,0.0671,1.0000,0.828369,-10.3513,-2.4516,low_inlier
1148,44.3493,-321.9395,34.2139,-3.1868,-0.6110,438,0.1039,1.0000,0.828369,4.4060,1.8428,low_inlier
1149,44.3797,-324.1122,34.0855,-2.1727,-0.1284,584,0.0584,1.0000,0.828369,2.9888,0.4420,low_inlier
1150,44.4104,-323.1769,33.5317,0.9353,-0.5538,452,0.0938,1.0000,0.828369,-1.2546,1.5308,low_inlier
1151,44.4407,-322.9204,33.2746,0.2565,-0.2571,522,0.0996,1.0000,0.828369,-0.3386,0.7171,low_inlier
1152,44.4706,-322.9909,33.6614,-0.0705,0.3868,714,0.1795,1.0000,0.828369,0.0765,-1.0904,low_inlier
1153,44.5004,-327.3323,33.1750,-4.3414,-0.4863,684,0.2811,1.0000,0.828369,5.9841,1.5326,low_inlier
1154,44.5306,-332.0907,32.7625,-4.7584,-0.4126,539,0.3714,1.0000,0.828369,6.5526,1.3393,low_inlier
1155,44.5609,-335.2404,32.8943,-3.1497,0.1318,435,0.2335,1.0000,0.828369,4.3161,-0.2577,low_inlier
1156,44.5913,-340.6026,31.8612,-5.3622,-1.0331,618,0.0975,1.0000,0.828369,7.4139,3.1148,low_inlier
1157,44.6218,-341.2147,32.7438,-0.6120,0.8826,506,0.2283,1.0000,0.828369,0.7938,-2.4716,low_inlier
1158,44.6520,-344.4381,32.6661,-3.2234,-0.0777,682,0.3182,1.0000,0.828369,4.4282,0.3371,low_inlier
1159,44.6821,-340.3686,32.7817,4.0695,0.1157,716,0.2180,1.0000,0.828369,-5.5915,-0.4752,low_inlier
1160,44.7119,-338.6877,32.4225,1.6809,-0.3593,553,0.4137,1.0000,0.828369,-2.2882,0.9539,low_inlier
1161,44.7419,-337.5593,32.3520,1.1284,-0.0705,681,0.8239,1.0000,0.828369,-1.5450,0.1581,
1162,44.7719,-339.0965,31.8663,-1.5372,-0.4856,624,0.5682,1.0000,0.828369,2.1353,1.4283,
1163,44.8024,-338.8599,31.3598,0.2366,-0.5066,594,0.7155,1.0000,0.828369,-0.2982,1.4227,
1164,44.8336,-339.2032,31.1820,-0.3434,-0.1777,604,0.7538,1.0000,0.828369,0.4806,0.5147,
1165,44.8636,-337.7959,30.9547,1.4074,-0.2273,618,0.3922,1.0000,0.828369,-1.9197,0.5911,low_inlier
1166,44.8949,-340.3623,29.6956,-2.5664,-1.2591,600,0.3967,1.0000,0.828369,3.5884,3.6513,low_inlier
1167,44.9270,-339.7623,29.5920,0.6000,-0.1037,618,0.2331,1.0000,0.828369,-0.8181,0.2711,low_inlier
1168,44.9585,-332.4626,32.6278,7.2997,3.0359,469,0.2075,1.0000,0.828369,-10.1780,-8.8445,low_inlier
1169,44.9901,-329.5547,33.5847,2.9079,0.9569,420,0.3643,1.0000,0.828369,-4.0412,-2.8099,low_inlier
1170,45.0211,-329.7635,34.0481,-0.2088,0.4633,690,0.5270,1.0000,0.828369,0.2623,-1.3016,
1171,45.0510,-329.5886,33.9926,0.1750,-0.0554,754,0.3194,1.0000,0.828369,-0.2373,0.1503,low_inlier
1172,45.0808,-327.9219,34.3579,1.6666,0.3653,725,0.5216,1.0000,0.828369,-2.3066,-1.0929,
1173,45.1341,-327.7123,34.4038,0.2096,0.0459,753,0.5456,1.0000,0.828369,-0.2901,-0.1373,
1174,45.1640,-331.2603,33.4951,-3.5480,-0.9087,717,0.4208,1.0000,0.828369,4.9174,2.6970,low_inlier
1175,45.1941,-334.2492,32.6738,-2.9888,-0.8213,645,0.1484,1.0000,0.828369,4.1452,2.4296,low_inlier
1176,45.2240,-335.3689,31.9166,-1.1198,-0.7573,608,0.4244,1.0000,0.828369,1.5766,2.1806,low_inlier
1177,45.2543,-336.5656,30.7395,-1.1967,-1.1771,549,0.2329,1.0000,0.828369,1.7042,3.3698,low_inlier
1178,45.2843,-333.8092,29.9984,2.7565,-0.7411,770,0.3586,1.0000,0.828369,-3.7445,1.9935,low_inlier
1179,45.3140,-331.8599,30.3689,1.9492,0.3705,692,0.7569,1.0000,0.828369,-2.6948,-1.1180,
1180,45.3441,-327.1388,31.1262,4.7211,0.7574,624,0.3173,1.0000,0.828369,-6.5195,-2.3122,low_inlier
1181,45.3744,-324.6546,31.3473,2.4843,0.2210,636,0.7892,1.0000,0.828369,-3.4213,-0.7151,
1182,45.4045,-324.1815,31.7432,0.4731,0.3959,614,0.5189,1.0000,0.828369,-0.6700,-1.1359,
1183,45.4341,-321.4949,31.6778,2.6866,-0.0653,544,0.7022,1.0000,0.828369,-3.6839,0.0865,
1184,45.4640,-322.3221,30.9235,-0.8271,-0.7544,741,0.4833,1.0000,0.828369,1.1748,2.1618,low_inlier
1185,45.4939,-324.4519,29.9894,-2.1298,-0.9340,534,0.3265,1.0000,0.828369,2.9721,2.7169,low_inlier
1186,45.5243,-327.1620,29.4884,-2.7102,-0.5011,542,0.7004,1.0000,0.828369,3.7460,1.5146,
1187,45.5540,-331.2195,28.6937,-4.0575,-0.7947,674,0.6256,1.0000,0.828369,5.6106,2.3936,
1188,45.5839,-332.5865,28.3716,-1.3669,-0.3220,745,0.4425,1.0000,0.828369,1.8930,0.9598,low_inlier
1189,45.6139,-332.3504,28.0778,0.2361,-0.2938,561,0.7335,1.0000,0.828369,-0.3086,0.8215,
1190,45.6438,-332.1761,27.8142,0.1743,-0.2636,572,0.7146,1.0000,0.828369,-0.2255,0.7385,
1191,45.6735,-332.7088,27.5274,-0.5327,-0.2868,620,0.7934,1.0000,0.828369,0.7462,0.8298,
1192,45.7036,-332.9332,27.3577,-0.2244,-0.1697,535,0.6916,1.0000,0.828369,0.3169,0.4877,
1193,45.7334,-333.2624,27.3133,-0.3292,-0.0444,569,0.7436,1.0000,0.828369,0.4541,0.1375,
1194,45.7630,-334.9331,27.1774,-1.6708,-0.1358,474,0.4891,1.0000,0.828369,2.3003,0.4448,low_inlier
1195,45.7932,-336.4843,27.2105,-1.5511,0.0331,721,0.2545,1.0000,0.828369,2.1272,-0.0369,low_inlier
1196,45.8229,-336.3751,27.1711,0.1092,-0.0394,665,0.6920,1.0000,0.828369,-0.1478,0.1074,
1197,45.8526,-336.9036,27.0157,-0.5285,-0.1554,718,0.8655,1.0000,0.828369,0.7335,0.4584,
1198,45.8822,-336.4057,27.0414,0.4979,0.0257,715,0.9030,1.0000,0.828369,-0.6847,-0.0908,
1199,45.9116,-336.5851,27.0299,-0.1794,-0.0115,723,0.9048,1.0000,0.828369,0.2468,0.0389,
1200,45.9409,-336.8171,26.9981,-0.2320,-0.0318,675,0.8401,1.0000,0.828369,0.3201,0.0983,
1201,45.9705,-336.9972,26.9411,-0.1801,-0.0571,748,0.7522,1.0000,0.828369,0.2501,0.1678,
1202,45.9998,-337.7144,26.8625,-0.7172,-0.0786,738,0.8451,1.0000,0.828369,0.9885,0.2482,
1203,46.0529,-339.0280,26.8489,-1.3137,-0.0136,753,0.9234,1.0000,0.828369,1.8037,0.0864,
1204,46.0824,-337.9959,27.3328,1.0321,0.4840,751,0.8745,1.0000,0.828369,-1.4420,-1.4052,
1205,46.1122,-337.5327,27.5773,0.4632,0.2444,713,0.8545,1.0000,0.828369,-0.6485,-0.7075,
1206,46.1419,-337.5698,27.5813,-0.0371,0.0041,761,0.8835,1.0000,0.828369,0.0507,-0.0102,
1207,46.1716,-337.3992,27.6838,0.1707,0.1024,771,0.9647,1.0000,0.828369,-0.2396,-0.2957,
1208,46.2013,-337.3016,27.4893,0.0976,-0.1945,757,0.9498,1.0000,0.828369,-0.1237,0.5461,
1209,46.2306,-337.6099,27.4361,-0.3083,-0.0532,617,0.8258,1.0000,0.828369,0.4259,0.1616,
1210,46.2603,-337.3269,27.4365,0.2830,0.0004,699,0.7578,1.0000,0.828369,-0.3884,-0.0115,
1211,46.2896,-337.4167,27.4045,-0.0898,-0.0320,762,0.9510,1.0000,0.828369,0.1249,0.0936,
1212,46.3186,-337.2627,27.4442,0.1540,0.0397,774,0.9686,1.0000,0.828369,-0.2134,-0.1177,
1213,46.3481,-337.2390,27.4090,0.0237,-0.0352,776,0.9762,1.0000,0.828369,-0.0307,0.0985,
1214,46.3772,-337.3132,27.4320,-0.0742,0.0230,775,0.9737,1.0000,0.828369,0.1006,-0.0624,
1215,46.4058,-337.4563,27.4005,-0.1431,-0.0316,775,0.9724,1.0000,0.828369,0.1981,0.0944,
1216,46.4346,-337.8199,27.4104,-0.3636,0.0099,738,0.9244,1.0000,0.828369,0.4985,-0.0148,
1217,46.4636,-337.3528,27.6016,0.4671,0.1912,759,0.9511,1.0000,0.828369,-0.6511,-0.5574,
1218,46.4929,-337.0881,27.6410,0.2647,0.0394,766,0.9673,1.0000,0.828369,-0.3654,-0.1209,
1219,46.5219,-337.4483,27.6331,-0.3602,-0.0079,779,0.9786,1.0000,0.828369,0.4948,0.0355,
1220,46.5506,-337.3440,27.6656,0.1043,0.0326,757,0.9648,1.0000,0.828369,-0.1449,-0.0958,
1221,46.5794,-337.7570,27.6037,-0.4130,-0.0619,750,0.9473,1.0000,0.828369,0.5701,0.1901,
1222,46.6105,-337.6401,27.6658,0.1169,0.0622,780,0.9787,1.0000,0.828369,-0.1637,-0.1799,
1223,46.6435,-337.8002,27.6891,-0.1601,0.0233,777,0.9774,1.0000,0.828369,0.2185,-0.0599,
1224,46.6770,-337.8471,27.6977,-0.0469,0.0087,788,0.9912,1.0000,0.828369,0.0639,-0.0228,
1225,46.7106,-337.6467,27.7908,0.2004,0.0931,756,0.9548,1.0000,0.828369,-0.2799,-0.2704,
1226,46.7441,-337.5755,27.8628,0.0712,0.0719,788,0.9887,1.0000,0.828369,-0.1015,-0.2059,
1227,46.7767,-337.4095,27.9706,0.1660,0.1078,775,0.9723,1.0000,0.828369,-0.2335,-0.3107,
1228,46.8098,-337.2680,27.9569,0.1415,-0.0137,775,0.9811,1.0000,0.828369,-0.1935,0.0336,
1229,46.8437,-337.1838,27.9872,0.0842,0.0303,781,0.9849,1.0000,0.828369,-0.1171,-0.0887,
1230,46.8767,-337.1161,27.9699,0.0677,-0.0173,774,0.9711,1.0000,0.828369,-0.0920,0.0463,
1231,46.9104,-337.0810,27.9916,0.0351,0.0217,783,0.9837,1.0000,0.828369,-0.0493,-0.0626,
1232,46.9435,-336.9865,28.0453,0.0945,0.0536,771,0.9811,1.0000,0.828369,-0.1324,-0.1550,
1233,46.9964,-337.0960,28.0364,-0.1095,-0.0088,777,0.9787,1.0000,0.828369,0.1508,0.0289,
1234,47.0250,-337.1997,28.0582,-0.1036,0.0217,782,0.9824,1.0000,0.828369,0.1411,-0.0576,
1235,47.0538,-337.1928,28.0597,0.0069,0.0015,787,0.9875,1.0000,0.828369,-0.0095,-0.0046,
1236,47.0824,-337.3416,28.0432,-0.1488,-0.0165,782,0.9799,1.0000,0.828369,0.2052,0.0521,
1237,47.1122,-337.3874,28.0627,-0.0457,0.0195,780,0.9799,1.0000,0.828369,0.0618,-0.0535,
1238,47.1434,-337.4686,28.0507,-0.0813,-0.0121,783,0.9849,1.0000,0.828369,0.1122,0.0370,
1239,47.1764,-337.5527,28.0621,-0.0840,0.0114,778,0.9811,1.0000,0.828369,0.1147,-0.0293,
1240,47.2097,-337.5438,28.0685,0.0089,0.0064,786,0.9862,1.0000,0.828369,-0.0125,-0.0183,
1241,47.2437,-337.5871,28.0491,-0.0433,-0.0194,782,0.9812,1.0000,0.828369,0.0604,0.0564,
1242,47.2771,-337.5680,28.0707,0.0191,0.0216,782,0.9812,1.0000,0.828369,-0.0273,-0.0617,
1243,47.3103,-338.2187,27.9941,-0.6506,-0.0766,740,0.9321,1.0000,0.828369,0.8970,0.2401,
1244,47.3435,-338.1228,28.1331,0.0959,0.1390,667,0.7957,1.0000,0.828369,-0.1389,-0.3963,
1245,47.3766,-338.8346,28.1389,-0.7118,0.0058,773,0.9700,1.0000,0.828369,0.9766,0.0095,
1246,47.4105,-338.4575,28.1103,0.3771,-0.0286,784,0.9825,1.0000,0.828369,-0.5161,0.0669,
1247,47.4434,-338.5743,28.0639,-0.1168,-0.0464,785,0.9775,1.0000,0.828369,0.1628,0.1355,
1248,47.4767,-338.8322,28.0685,-0.2579,0.0046,782,0.9788,1.0000,0.828369,0.3537,-0.0036,
1249,47.5102,-338.5712,28.0251,0.2609,-0.0434,784,0.9837,1.0000,0.828369,-0.3559,0.1131,
1250,47.5435,-338.7484,28.0156,-0.1771,-0.0095,773,0.9675,1.0000,0.828369,0.2436,0.0334,
1251,47.5764,-338.6866,28.0001,0.0618,-0.0155,784,0.9825,1.0000,0.828369,-0.0840,0.0416,
1252,47.6097,-338.6461,27.9817,0.0405,-0.0183,790,0.9900,1.0000,0.828369,-0.0546,0.0503,
1253,47.6447,-338.8486,27.9791,-0.2025,-0.0026,781,0.9775,1.0000,0.828369,0.2780,0.0148,
1254,47.6766,-338.7611,27.9771,0.0874,-0.0020,785,0.9825,1.0000,0.828369,-0.1199,0.0025,
1255,47.7097,-338.7998,28.0183,-0.0387,0.0412,788,0.9862,1.0000,0.828369,0.0510,-0.1151,
1256,47.7445,-338.7701,28.0627,0.0297,0.0444,782,0.9812,1.0000,0.828369,-0.0431,-0.1266,
1257,47.7770,-338.6299,28.1071,0.1403,0.0444,777,0.9762,1.0000,0.828369,-0.1948,-0.1305,
1258,47.8096,-338.6848,28.1439,-0.0549,0.0367,781,0.9787,1.0000,0.828369,0.0735,-0.1018,
1259,47.8434,-338.6086,28.1652,0.0762,0.0213,781,0.9788,1.0000,0.828369,-0.1057,-0.0630,
1260,47.8767,-338.6102,28.1773,-0.0016,0.0121,782,0.9800,1.0000,0.828369,0.0016,-0.0342,
1261,47.9096,-338.6785,28.1910,-0.0683,0.0137,781,0.9800,1.0000,0.828369,0.0930,-0.0363,
1262,47.9429,-338.6692,28.2113,0.0093,0.0202,789,0.9875,1.0000,0.828369,-0.0138,-0.0576,
1263,47.9954,-338.6563,28.1693,0.0129,-0.0420,788,0.9850,1.0000,0.828369,-0.0155,0.1182,
1264,48.0241,-338.5726,28.1717,0.0837,0.0024,783,0.9800,1.0000,0.828369,-0.1150,-0.0098,
1265,48.0566,-338.4993,28.1945,0.0733,0.0228,785,0.9825,1.0000,0.828369,-0.1017,-0.0671,
1266,48.0870,-338.2629,28.1849,0.2364,-0.0096,777,0.9787,1.0000,0.828369,-0.3240,0.0186,
1267,48.1160,-338.3407,28.1859,-0.0778,0.0010,792,0.9912,1.0000,0.828369,0.1068,-0.0001,
1268,48.1444,-338.2809,28.1795,0.0598,-0.0064,780,0.9762,1.0000,0.828369,-0.0818,0.0159,
1269,48.1763,-338.2122,28.1526,0.0687,-0.0269,785,0.9837,1.0000,0.828369,-0.0928,0.0736,
1270,48.2095,-338.2774,28.1331,-0.0651,-0.0195,783,0.9800,1.0000,0.828369,0.0904,0.0575,
1271,48.2430,-338.2478,28.1039,0.0296,-0.0292,789,0.9862,1.0000,0.828369,-0.0391,0.0813,
1272,48.2762,-338.3701,28.1067,-0.1223,0.0028,783,0.9825,1.0000,0.828369,0.1677,-0.0035,
1273,48.3094,-338.8012,28.1335,-0.4310,0.0268,759,0.9413,1.0000,0.828369,0.5902,-0.0601,
1274,48.3427,-340.2481,28.3961,-1.4470,0.2625,557,0.6830,1.0000,0.828369,1.9722,-0.6891,
1275,48.3763,-343.0224,29.4504,-2.7743,1.0543,734,0.6193,1.0000,0.828369,3.7525,-2.8780,
1276,48.4094,-344.2915,28.8064,-1.2691,-0.6440,734,0.4712,1.0000,0.828369,1.7756,1.8659,low_inlier
1277,48.4425,-344.9711,29.2061,-0.6795,0.3997,762,0.6245,1.0000,0.828369,0.9117,-1.1046,
1278,48.4757,-345.8966,29.0815,-0.9255,-0.1246,775,0.5275,1.0000,0.828369,1.2769,0.3859,
1279,48.5093,-345.8199,28.9701,0.0767,-0.1113,615,0.6388,1.0000,0.828369,-0.0995,0.3118,
1280,48.5427,-346.8095,28.6567,-0.9897,-0.3134,619,0.6000,1.0000,0.828369,1.3748,0.9218,
1281,48.5759,-384.1698,28.3134,-37.3603,-0.3432,467,0.0072,1.0000,0.828369,51.2954,2.3324,low_inlier
1282,48.6149,-408.7225,27.6227,-24.5527,-0.6907,369,0.0207,1.0000,0.828369,33.7350,2.8472,low_inlier
1283,48.6463,-426.6610,26.0473,-17.9385,-1.5754,418,0.0530,1.0000,0.828369,24.7034,5.1057,low_inlier
1284,48.6777,-460.3952,25.0048,-33.7342,-1.0426,419,0.0293,1.0000,0.828369,46.3552,4.1761,low_inlier
1285,48.7095,-497.3716,24.3681,-36.9764,-0.6367,668,0.0126,1.0000,0.828369,50.7839,3.1476,low_inlier
1286,48.7438,-504.6786,23.1151,-7.3071,-1.2529,582,0.0240,1.0000,0.828369,10.0947,3.8069,low_inlier
1287,48.7772,-512.2186,22.9800,-7.5400,-0.1351,392,0.1501,1.0000,0.828369,10.3558,0.6566,low_inlier
1288,48.8094,-517.8695,22.9648,-5.6509,-0.0153,368,0.1856,1.0000,0.828369,7.7568,0.2492,low_inlier
1289,48.8427,-519.9911,22.8973,-2.1215,-0.0675,467,0.2783,1.0000,0.828369,2.9153,0.2681,low_inlier
1290,48.8762,-522.4839,22.9425,-2.4928,0.0453,452,0.2116,1.0000,0.828369,3.4190,-0.0370,low_inlier
1291,48.9095,-529.2128,23.2483,-6.7289,0.3058,489,0.2873,1.0000,0.828369,9.2195,-0.6187,low_inlier
1292,48.9428,-539.6169,22.6772,-10.4041,-0.5711,615,0.1698,1.0000,0.828369,14.3098,1.9933,low_inlier
1293,48.9976,-557.4329,21.8732,-17.8160,-0.8040,583,0.0915,1.0000,0.828369,24.4948,2.9215,low_inlier
1294,49.0293,-581.5237,22.0264,-24.0909,0.1532,539,0.1405,1.0000,0.828369,33.0569,0.4455,low_inlier
1295,49.0607,-605.2170,21.3953,-23.6932,-0.6311,437,0.0575,1.0000,0.828369,32.5523,2.6473,low_inlier
1296,49.0923,-618.1352,20.7212,-12.9182,-0.6741,473,0.0367,1.0000,0.828369,17.7657,2.3760,low_inlier
1297,49.1232,-620.1688,19.1589,-2.0336,-1.5623,257,0.2302,1.0000,0.828369,2.8730,4.4888,low_inlier
1298,49.1545,-635.0242,17.2683,-14.8554,-1.8906,231,0.0150,1.0000,0.828369,20.4883,5.8838,low_inlier
1299,49.1859,-648.3341,14.8793,-13.3099,-2.3890,184,0.0416,1.0000,0.828369,18.3932,7.2358,low_inlier
1300,49.2173,-648.9776,13.6695,-0.6436,-1.2098,301,0.2472,1.0000,0.828369,0.9467,3.4420,low_inlier
1301,49.2485,-648.2486,13.0059,0.7290,-0.6636,564,0.2146,1.0000,0.828369,-0.9657,1.8486,low_inlier
1302,49.2793,-649.4649,12.3434,-1.2162,-0.6625,454,0.4093,1.0000,0.828369,1.7040,1.9163,low_inlier
1303,49.3100,-649.6288,11.7328,-0.1639,-0.6106,572,0.3308,1.0000,0.828369,0.2570,1.7315,low_inlier
1304,49.3424,-649.3394,11.0555,0.2894,-0.6772,624,0.3250,1.0000,0.828369,-0.3617,1.9031,low_inlier
1305,49.3756,-650.2546,9.9006,-0.9151,-1.1549,624,0.5698,1.0000,0.828369,1.3166,3.2967,
1306,49.4094,-650.6067,8.6459,-0.3521,-1.2548,664,0.1734,1.0000,0.828369,0.5491,3.5584,low_inlier
1307,49.4433,-651.0704,7.1737,-0.4637,-1.4721,651,0.2573,1.0000,0.828369,0.7136,4.1766,low_inlier
1308,49.4764,-651.3922,5.4815,-0.3218,-1.6922,620,0.2045,1.0000,0.828369,0.5303,4.7933,low_inlier
1309,49.5115,-651.2646,3.7082,0.1275,-1.7734,528,0.1612,1.0000,0.828369,-0.0821,5.0063,low_inlier
1310,49.5429,-651.9967,1.8870,-0.7321,-1.8212,640,0.1929,1.0000,0.828369,1.1002,5.1727,low_inlier
1311,49.5760,-652.4561,0.1244,-0.4595,-1.7625,333,0.0845,1.0000,0.828369,0.7230,4.9971,low_inlier
1312,49.6093,-652.7157,-1.8159,-0.2596,-1.9403,619,0.1023,1.0000,0.828369,0.4580,5.4922,low_inlier
1313,49.6425,-653.7614,-4.3495,-1.0456,-2.5336,543,0.0962,1.0000,0.828369,1.5679,7.1971,low_inlier
1314,49.6764,-654.5498,-7.0679,-0.7885,-2.7185,581,0.0610,1.0000,0.828369,1.2247,7.7101,low_inlier
1315,49.7088,-656.0220,-10.3097,-1.4722,-3.2418,529,0.0255,1.0000,0.828369,2.1905,9.2138,low_inlier
1316,49.7437,-656.9504,-14.6833,-0.9284,-4.3736,335,0.0205,1.0000,0.828369,1.5035,12.3922,low_inlier
1317,49.7760,-657.0568,-19.7414,-0.1065,-5.0581,406,0.0259,1.0000,0.828369,0.4113,14.2962,low_inlier
1318,49.8093,-658.7951,-24.9019,-1.7383,-5.1605,311,0.0131,1.0000,0.828369,2.6563,14.6453,low_inlier
1319,49.8422,-658.7041,-29.3344,0.0910,-4.4325,543,0.0180,1.0000,0.828369,0.1075,12.5213,low_inlier
1320,49.8757,-658.3502,-33.1254,0.3539,-3.7910,614,0.0229,1.0000,0.828369,-0.2870,10.6992,low_inlier
1321,49.9087,-658.4741,-35.9855,-0.1239,-2.8601,712,0.1107,1.0000,0.828369,0.3199,8.0862,low_inlier
1322,49.9426,-658.7148,-37.8611,-0.2407,-1.8756,738,0.1633,1.0000,0.828369,0.4287,5.3086,low_inlier
1323,49.9978,-659.1439,-38.4972,-0.4291,-0.6360,391,0.2324,1.0000,0.828369,0.6223,1.8129,low_inlier
1324,50.0293,-658.3975,-37.8527,0.7465,0.6444,395,0.4775,1.0000,0.828369,-1.0583,-1.8481,low_inlier
1325,50.0606,-658.4031,-37.2205,-0.0057,0.6323,431,0.0950,1.0000,0.828369,-0.0253,-1.7863,low_inlier
1326,50.0918,-656.4016,-35.2644,2.0015,1.9561,572,0.0918,1.0000,0.828369,-2.8497,-5.6003,low_inlier
1327,50.1229,-654.4198,-32.9404,1.9819,2.3240,421,0.0467,1.0000,0.828369,-2.8419,-6.6392,low_inlier
1328,50.1545,-651.9352,-29.5536,2.4845,3.3868,611,0.0277,1.0000,0.828369,-3.5876,-9.6605,low_inlier
1329,50.1858,-651.1142,-25.0436,0.8211,4.5100,563,0.0077,1.0000,0.828369,-1.3633,-12.7736,low_inlier
1330,50.2175,-655.6668,-20.7921,-4.5527,4.2515,412,0.0127,1.0000,0.828369,6.0257,-11.8473,low_inlier
1331,50.2490,-657.7607,-16.2079,-2.0939,4.5841,329,0.0115,1.0000,0.828369,2.6335,-12.8768,low_inlier
1332,50.2805,-658.9299,-9.5289,-1.1693,6.6791,451,0.0066,1.0000,0.828369,1.2547,-18.8300,low_inlier
1333,50.3119,-664.1061,-2.6342,-5.1762,6.8946,206,0.0053,1.0000,0.828369,6.7430,-19.2931,low_inlier
1334,50.3439,-674.3577,0.2343,-10.2515,2.8685,325,0.0130,1.0000,0.828369,13.9200,-7.7314,low_inlier
1335,50.3765,-684.3784,0.7996,-10.0207,0.5654,422,0.0142,1.0000,0.828369,13.7240,-1.2321,low_inlier
1336,50.4089,-687.7367,4.7448,-3.3583,3.9451,279,0.0143,1.0000,0.828369,4.4024,-11.0251,low_inlier
1337,50.4427,-689.7464,4.5085,-2.0097,-0.2362,346,0.0985,1.0000,0.828369,2.7707,0.7408,low_inlier
1338,50.4756,-695.4846,4.4217,-5.7383,-0.0868,310,0.2346,1.0000,0.828369,7.8804,0.4545,low_inlier
1339,50.5092,-696.3666,3.4857,-0.8820,-0.9361,319,0.1791,1.0000,0.828369,1.2596,2.6772,low_inlier
1340,50.5422,-696.2046,2.2142,0.1620,-1.2715,213,0.0478,1.0000,0.828369,-0.1558,3.5869,low_inlier
1341,50.5755,-698.7046,-0.0957,-2.5000,-2.3099,372,0.0952,1.0000,0.828369,3.5524,6.6182,low_inlier
1342,50.6092,-700.7952,-2.6067,-2.0907,-2.5109,480,0.0343,1.0000,0.828369,3.0011,7.1712,low_inlier
1343,50.6423,-702.4339,-5.6467,-1.6387,-3.0400,561,0.0321,1.0000,0.828369,2.4085,8.6498,low_inlier
1344,50.6756,-704.3701,-9.6513,-1.9361,-4.0046,470,0.0241,1.0000,0.828369,2.8673,11.3862,low_inlier
1345,50.7087,-707.0827,-13.6204,-2.7126,-3.9691,344,0.0178,1.0000,0.828369,3.9312,11.3142,low_inlier
1346,50.7427,-708.2474,-17.7844,-1.1647,-4.1640,228,0.0292,1.0000,0.828369,1.8169,11.8084,low_inlier
1347,50.7767,-710.3277,-22.1649,-2.0803,-4.3806,319,0.0230,1.0000,0.828369,3.0848,12.4538,low_inlier
1348,50.8087,-711.9926,-27.1207,-1.6649,-4.9558,369,0.0090,1.0000,0.828369,2.5449,14.0639,low_inlier
1349,50.8418,-714.2002,-31.2949,-2.2076,-4.1742,254,0.0233,1.0000,0.828369,3.2488,11.8754,low_inlier
1350,50.8751,-715.1400,-36.4348,-0.9397,-5.1399,180,0.0026,1.0000,0.828369,1.5592,14.5578,low_inlier
1351,50.9087,-717.7119,-39.1811,-2.5719,-2.7463,223,0.0077,1.0000,0.828369,3.6740,7.8538,low_inlier
1352,50.9418,-719.7542,-41.9213,-2.0423,-2.7403,388,0.0153,1.0000,0.828369,2.9467,7.8175,low_inlier
1353,50.9976,-720.3506,-42.7322,-0.5964,-0.8109,229,0.1150,1.0000,0.828369,0.8611,2.3130,low_inlier
1354,51.0290,-719.5711,-43.3057,0.7796,-0.5735,369,0.3762,1.0000,0.828369,-1.0399,1.5920,low_inlier
1355,51.0602,-718.4327,-43.1532,1.1384,0.1524,472,0.4487,1.0000,0.828369,-1.5705,-0.4722,low_inlier
1356,51.0913,-718.5191,-42.6638,-0.0864,0.4895,355,0.3237,1.0000,0.828369,0.0929,-1.3799,low_inlier
1357,51.1226,-719.8771,-42.5971,-1.3581,0.0667,583,0.2300,1.0000,0.828369,1.8605,-0.1389,low_inlier
1358,51.1535,-719.3255,-42.7880,0.5517,-0.1909,535,0.4424,1.0000,0.828369,-0.7472,0.5192,low_inlier
1359,51.1842,-720.6743,-42.2027,-1.3488,0.5853,690,0.4486,1.0000,0.828369,1.8206,-1.6047,low_inlier
1360,51.2151,-721.6711,-42.7349,-0.9968,-0.5323,520,0.3258,1.0000,0.828369,1.3961,1.5403,low_inlier
1361,51.2458,-722.2125,-42.7438,-0.5413,-0.0089,713,0.5244,1.0000,0.828369,0.7435,0.0450,
1362,51.2763,-722.2895,-42.8049,-0.0770,-0.0610,733,0.7163,1.0000,0.828369,0.1089,0.1753,
1363,51.3088,-723.7269,-43.2282,-1.4374,-0.4233,754,0.2691,1.0000,0.828369,1.9951,1.2486,low_inlier
1364,51.3421,-723.8546,-43.1396,-0.1277,0.0886,764,0.4462,1.0000,0.828369,0.1706,-0.2456,low_inlier
1365,51.3757,-724.8312,-43.4613,-0.9766,-0.3217,600,0.5975,1.0000,0.828369,1.3573,0.9446,
1366,51.4086,-725.8294,-43.6889,-0.9982,-0.2275,508,0.3379,1.0000,0.828369,1.3820,0.6794,low_inlier
1367,51.4425,-725.5022,-43.8626,0.3273,-0.1738,718,0.5025,1.0000,0.828369,-0.4401,0.4790,
1368,51.4756,-725.9797,-44.4739,-0.4775,-0.6113,746,0.8137,1.0000,0.828369,0.6874,1.7447,
1369,51.5085,-725.8952,-44.8376,0.0845,-0.3637,785,0.4618,1.0000,0.828369,-0.0969,1.0247,low_inlier
1370,51.5423,-726.3449,-45.6655,-0.4497,-0.8279,758,0.6045,1.0000,0.828369,0.6606,2.3558,
1371,51.5753,-727.1258,-46.6456,-0.7810,-0.9801,699,0.5270,1.0000,0.828369,1.1233,2.7978,
1372,51.6092,-726.6491,-47.3504,0.4767,-0.7048,692,0.2607,1.0000,0.828369,-0.6174,1.9741,low_inlier
1373,51.6423,-727.7805,-48.4886,-1.1314,-1.1382,717,0.6098,1.0000,0.828369,1.6125,3.2574,
1374,51.6754,-727.6888,-49.4241,0.0917,-0.9355,712,0.3145,1.0000,0.828369,-0.0768,2.6401,low_inlier
1375,51.7096,-727.4590,-50.1559,0.2298,-0.7318,693,0.3258,1.0000,0.828369,-0.2770,2.0594,low_inlier
1376,51.7428,-728.2902,-51.0221,-0.8311,-0.8661,688,0.3258,1.0000,0.828369,1.1861,2.4777,low_inlier
1377,51.7758,-728.3990,-51.5213,-0.1088,-0.4992,682,0.2008,1.0000,0.828369,0.1755,1.4147,low_inlier
1378,51.8082,-728.6056,-51.6846,-0.2067,-0.1633,571,0.7014,1.0000,0.828369,0.2922,0.4690,
1379,51.8414,-728.8805,-51.8635,-0.2749,-0.1789,699,0.7080,1.0000,0.828369,0.3867,0.5156,
1380,51.8752,-727.7097,-51.5571,1.1708,0.3064,562,0.4178,1.0000,0.828369,-1.6230,-0.9086,low_inlier
1381,51.9082,-727.4830,-50.9715,0.2267,0.5856,672,0.5942,1.0000,0.828369,-0.3418,-1.6630,
1382,51.9414,-725.7348,-49.9073,1.7482,1.0642,539,0.3606,1.0000,0.828369,-2.4553,-3.0708,low_inlier
1383,51.9962,-724.1018,-47.7993,1.6330,2.1080,664,0.3409,1.0000,0.828369,-2.3518,-6.0161,low_inlier
1384,52.0273,-721.7806,-44.9197,2.3212,2.8795,614,0.1895,1.0000,0.828369,-3.3368,-8.2212,low_inlier
1385,52.0582,-720.7304,-41.7509,1.0503,3.1689,696,0.1606,1.0000,0.828369,-1.6076,-8.9924,low_inlier
1386,52.0894,-724.8663,-39.2111,-4.1360,2.5398,671,0.0927,1.0000,0.828369,5.5435,-7.0257,low_inlier
1387,52.1210,-733.7629,-37.3339,-8.8966,1.8772,729,0.1482,1.0000,0.828369,12.1123,-4.9799,low_inlier
1388,52.1526,-736.5451,-34.6878,-2.7822,2.6461,643,0.1026,1.0000,0.828369,3.6799,-7.3755,low_inlier
1389,52.1844,-738.4886,-32.8521,-1.9435,1.8357,713,0.0814,1.0000,0.828369,2.5712,-5.1161,low_inlier
1390,52.2157,-743.7262,-33.3568,-5.2376,-0.5048,339,0.1030,1.0000,0.828369,7.2151,1.6173,low_inlier
1391,52.2471,-750.3195,-34.4809,-6.5933,-1.1240,712,0.0791,1.0000,0.828369,9.1083,3.4165,low_inlier
1392,52.2787,-753.7826,-35.8945,-3.4631,-1.4136,492,0.1511,1.0000,0.828369,4.8272,4.1207,low_inlier
1393,52.3099,-756.9066,-37.7416,-3.1240,-1.8471,453,0.1266,1.0000,0.828369,4.3846,5.3333,low_inlier
1394,52.3414,-762.2420,-41.4133,-5.3354,-3.6717,576,0.0691,1.0000,0.828369,7.5154,10.5696,low_inlier
1395,52.3748,-766.3247,-45.2690,-4.0827,-3.8557,508,0.0532,1.0000,0.828369,5.8057,11.0438,low_inlier
1396,52.4089,-769.4473,-49.3355,-3.1226,-4.0664,708,0.1168,1.0000,0.828369,4.4989,11.6042,low_inlier
1397,52.4417,-771.7342,-53.3221,-2.2869,-3.9866,696,0.0945,1.0000,0.828369,3.3478,11.3481,low_inlier
1398,52.4751,-773.4418,-57.1416,-1.7076,-3.8195,552,0.0480,1.0000,0.828369,2.5439,10.8548,low_inlier
1399,52.5085,-774.6566,-60.3998,-1.2148,-3.2583,567,0.0453,1.0000,0.828369,1.8382,9.2511,low_inlier
1400,52.5416,-775.7428,-63.3147,-1.0862,-2.9149,385,0.0265,1.0000,0.828369,1.6436,8.2761,low_inlier
1401,52.5747,-775.7098,-63.4293,0.0330,-0.1145,304,0.3484,1.0000,0.828369,-0.0392,0.3224,low_inlier
1402,52.6084,-775.9255,-63.4259,-0.2157,0.0034,558,0.3028,1.0000,0.828369,0.2958,-0.0017,low_inlier
1403,52.6416,-775.5594,-63.3042,0.3661,0.1217,464,0.1997,1.0000,0.828369,-0.5088,-0.3571,low_inlier
1404,52.6751,-775.2705,-63.2024,0.2889,0.1018,460,0.4524,1.0000,0.828369,-0.4018,-0.2983,low_inlier
1405,52.7084,-775.6420,-62.9722,-0.3715,0.2301,617,0.5194,1.0000,0.828369,0.4978,-0.6367,
1406,52.7429,-775.1750,-62.7811,0.4670,0.1912,647,0.5842,1.0000,0.828369,-0.6509,-0.5572,
1407,52.7747,-775.0481,-62.8936,0.1270,-0.1126,627,0.7522,1.0000,0.828369,-0.1684,0.3134,
1408,52.8079,-775.3259,-62.9129,-0.2778,-0.0192,647,0.7751,1.0000,0.828369,0.3824,0.0645,
1409,52.8413,-775.6249,-62.9627,-0.2990,-0.0498,630,0.7688,1.0000,0.828369,0.4130,0.1516,
1410,52.8746,-775.8481,-63.0523,-0.2231,-0.0896,685,0.8126,1.0000,0.828369,0.3109,0.2614,
1411,52.9082,-776.0772,-63.1397,-0.2291,-0.0874,662,0.8383,1.0000,0.828369,0.3191,0.2554,
1412,52.9412,-776.2371,-63.3804,-0.1599,-0.2406,646,0.8065,1.0000,0.828369,0.2321,0.6858,
1413,52.9955,-776.2352,-63.6258,0.0019,-0.2455,799,0.9962,1.0000,0.828369,0.0103,0.6935,
1414,53.0255,-776.3681,-63.8990,-0.1329,-0.2732,798,0.9975,1.0000,0.828369,0.1967,0.7769,
1415,53.0554,-776.5009,-64.1841,-0.1328,-0.2850,799,1.0000,1.0000,0.828369,0.1972,0.8102,
1416,53.0855,-776.6477,-64.5747,-0.1468,-0.3906,777,0.9663,1.0000,0.828369,0.2219,1.1092,
1417,53.1161,-776.8145,-65.1763,-0.1668,-0.6016,792,0.9712,1.0000,0.828369,0.2604,1.7060,
1418,53.1461,-777.1265,-65.9618,-0.3120,-0.7855,796,0.7375,1.0000,0.828369,0.4694,2.2309,
1419,53.1763,-777.3622,-66.9789,-0.2357,-1.0171,787,0.6458,1.0000,0.828369,0.3768,2.8826,
1420,53.2075,-777.6323,-68.2781,-0.2702,-1.2992,779,0.4950,1.0000,0.828369,0.4389,3.6809,low_inlier
1421,53.2414,-777.9804,-69.7814,-0.3481,-1.5033,765,0.4774,1.0000,0.828369,0.5566,4.2606,low_inlier
1422,53.2743,-778.4590,-71.5552,-0.4786,-1.7737,686,0.3711,1.0000,0.828369,0.7498,5.0294,low_inlier
1423,53.3076,-779.3887,-73.6428,-0.9297,-2.0876,691,0.2629,1.0000,0.828369,1.3855,5.9329,low_inlier
1424,53.3411,-779.8891,-76.1292,-0.5003,-2.4864,662,0.2055,1.0000,0.828369,0.8170,7.0439,low_inlier
1425,53.3740,-784.5705,-79.8035,-4.6814,-3.6742,603,0.1219,1.0000,0.828369,6.6179,10.5529,low_inlier
1426,53.4078,-787.9962,-83.7933,-3.4257,-3.9898,523,0.0610,1.0000,0.828369,4.9110,11.3988,low_inlier
1427,53.4410,-785.3216,-87.4569,2.6746,-3.6636,510,0.0654,1.0000,0.828369,-3.4789,10.2546,low_inlier
1428,53.4743,-784.1727,-90.3812,1.1489,-2.9242,653,0.0251,1.0000,0.828369,-1.4235,8.2209,low_inlier
1429,53.5075,-786.0556,-95.0685,-1.8828,-4.6873,640,0.0138,1.0000,0.828369,2.8299,13.3134,low_inlier
1430,53.5410,-787.8076,-97.9673,-1.7520,-2.8989,532,0.0164,1.0000,0.828369,2.5567,8.2551,low_inlier
1431,53.5745,-786.4805,-99.0894,1.3271,-1.1221,544,0.0654,1.0000,0.828369,-1.7627,3.1222,low_inlier
1432,53.6075,-786.1879,-100.4187,0.2926,-1.3293,395,0.3417,1.0000,0.828369,-0.3319,3.7454,low_inlier
1433,53.6412,-786.4087,-101.3463,-0.2209,-0.9276,381,0.0425,1.0000,0.828369,0.3518,2.6292,low_inlier
1434,53.6740,-786.0603,-101.7839,0.3484,-0.4376,596,0.3150,1.0000,0.828369,-0.4553,1.2239,low_inlier
1435,53.7079,-785.9470,-101.9804,0.1133,-0.1965,620,0.5519,1.0000,0.828369,-0.1452,0.5511,
1436,53.7422,-785.7827,-102.1072,0.1643,-0.1268,606,0.4180,1.0000,0.828369,-0.2189,0.3522,low_inlier
1437,53.7745,-785.7270,-102.5053,0.0556,-0.3981,593,0.6370,1.0000,0.828369,-0.0555,1.1229,
1438,53.8075,-784.9745,-102.4450,0.7525,0.0603,720,0.5437,1.0000,0.828369,-1.0360,-0.1979,
1439,53.8408,-784.6111,-102.6736,0.3634,-0.2286,749,0.8160,1.0000,0.828369,-0.4868,0.6327,
1440,53.8740,-783.6432,-102.7068,0.9679,-0.0333,700,0.7712,1.0000,0.828369,-1.3267,0.0587,
1441,53.9076,-782.7392,-102.7355,0.9040,-0.0287,719,0.6750,1.0000,0.828369,-1.2393,0.0482,
1442,53.9410,-781.6427,-102.8882,1.0965,-0.1527,651,0.7134,1.0000,0.828369,-1.4969,0.3914,
1443,53.9956,-780.4595,-102.7814,1.1832,0.1068,754,0.5975,1.0000,0.828369,-1.6295,-0.3450,
1444,54.0259,-779.5850,-102.8870,0.8745,-0.1056,771,0.9550,1.0000,0.828369,-1.1948,0.2665,
1445,54.0562,-779.2966,-102.7757,0.2884,0.1113,790,0.9475,1.0000,0.828369,-0.4016,-0.3249,
1446,54.0862,-778.8152,-102.8130,0.4814,-0.0373,778,0.9012,1.0000,0.828369,-0.6588,0.0879,
1447,54.1160,-778.7505,-102.8963,0.0647,-0.0833,795,0.8825,1.0000,0.828369,-0.0844,0.2331,
1448,54.1460,-778.4321,-102.8775,0.3184,0.0188,759,0.7575,1.0000,0.828369,-0.4379,-0.0648,
1449,54.1764,-778.6910,-103.3241,-0.2588,-0.4466,788,0.9850,1.0000,0.828369,0.3787,1.2713,
1450,54.2075,-778.9088,-103.7162,-0.2178,-0.3921,780,0.7043,1.0000,0.828369,0.3195,1.1158,
1451,54.2406,-778.8172,-104.5673,0.0916,-0.8511,787,0.7026,1.0000,0.828369,-0.0811,2.4017,
1452,54.2740,-779.3752,-105.3400,-0.5580,-0.7726,650,0.5563,1.0000,0.828369,0.8064,2.2036,
1453,54.3076,-779.1014,-106.5660,0.2738,-1.2260,774,0.6654,1.0000,0.828369,-0.3116,3.4543,
1454,54.3406,-779.4111,-107.5773,-0.3097,-1.0113,753,0.4650,1.0000,0.828369,0.4781,2.8689,low_inlier
1455,54.3740,-778.9937,-108.6824,0.4174,-1.1051,760,0.4650,1.0000,0.828369,-0.5150,3.1073,low_inlier
1456,54.4074,-779.1499,-109.6608,-0.1562,-0.9784,759,0.5475,1.0000,0.828369,0.2657,2.7703,
1457,54.4406,-779.0205,-110.4210,0.1294,-0.7602,760,0.4213,1.0000,0.828369,-0.1377,2.1434,low_inlier
1458,54.4741,-778.9961,-110.8270,0.0244,-0.4060,714,0.6338,1.0000,0.828369,-0.0122,1.1463,
1459,54.5072,-779.1058,-110.9522,-0.1097,-0.1252,637,0.6600,1.0000,0.828369,0.1571,0.3579,
1460,54.5409,-779.2506,-111.0323,-0.1448,-0.0801,633,0.7087,1.0000,0.828369,0.2029,0.2315,
1461,54.5739,-779.1888,-111.0984,0.0618,-0.0661,583,0.7412,1.0000,0.828369,-0.0813,0.1845,
1462,54.6073,-779.1061,-111.1973,0.0828,-0.0989,701,0.8748,1.0000,0.828369,-0.1084,0.2764,
1463,54.6404,-779.2232,-111.3422,-0.1172,-0.1449,716,0.8938,1.0000,0.828369,0.1684,0.4137,
1464,54.6741,-779.2537,-111.4860,-0.0304,-0.1439,718,0.8975,1.0000,0.828369,0.0493,0.4077,
1465,54.7074,-779.2394,-111.7347,0.0143,-0.2486,759,0.9163,1.0000,0.828369,-0.0065,0.7020,
1466,54.7414,-779.2044,-112.0544,0.0350,-0.3197,766,0.9337,1.0000,0.828369,-0.0313,0.9022,
1467,54.7736,-779.0581,-112.3618,0.1462,-0.3074,764,0.9075,1.0000,0.828369,-0.1846,0.8632,
1468,54.8069,-779.0645,-112.6380,-0.0064,-0.2763,755,0.9425,1.0000,0.828369,0.0233,0.7809,
1469,54.8404,-779.1020,-112.7742,-0.0375,-0.1361,760,0.9575,1.0000,0.828369,0.0586,0.3860,
1470,54.8735,-779.1710,-112.8709,-0.0690,-0.0967,763,0.9613,1.0000,0.828369,0.0997,0.2759,
1471,54.9070,-779.1904,-112.9679,-0.0194,-0.0970,771,0.9688,1.0000,0.828369,0.0318,0.2748,
1472,54.9403,-779.0354,-113.0942,0.1550,-0.1262,759,0.9450,1.0000,0.828369,-0.2062,0.3510,
1473,54.9941,-778.8552,-113.1981,0.1802,-0.1040,799,0.9988,1.0000,0.828369,-0.2418,0.2872,
1474,55.0239,-778.7618,-113.2470,0.0934,-0.0489,800,1.0000,1.0000,0.828369,-0.1256,0.1347,
1475,55.0533,-778.6643,-113.2948,0.0976,-0.0478,800,1.0000,1.0000,0.828369,-0.1314,0.1315,
1476,55.0827,-778.6907,-113.2461,-0.0265,0.0487,780,0.9563,1.0000,0.828369,0.0338,-0.1367,
1477,55.1132,-779.0062,-113.2595,-0.3155,-0.0134,789,0.8888,1.0000,0.828369,0.4337,0.0493,
1478,55.1433,-779.1082,-113.3314,-0.1019,-0.0720,724,0.8063,1.0000,0.828369,0.1437,0.2071,
1479,55.1743,-779.4503,-113.3695,-0.3421,-0.0380,693,0.8225,1.0000,0.828369,0.4716,0.1199,
1480,55.2073,-779.6715,-113.8489,-0.2212,-0.4794,792,0.9838,1.0000,0.828369,0.3287,1.3627,
1481,55.2404,-779.7794,-114.4397,-0.1079,-0.5908,767,0.8323,1.0000,0.828369,0.1790,1.6735,
1482,55.2739,-778.8642,-115.1913,0.9151,-0.7515,782,0.5607,1.0000,0.828369,-1.2166,2.0902,
1483,55.3073,-778.6733,-115.8708,0.1909,-0.6795,745,0.6462,1.0000,0.828369,-0.2264,1.9131,
1484,55.3405,-778.3021,-116.3818,0.3712,-0.5110,760,0.6504,1.0000,0.828369,-0.4828,1.4303,
1485,55.3741,-777.7549,-116.7094,0.5471,-0.3276,697,0.5100,1.0000,0.828369,-0.7338,0.9058,
1486,55.4082,-777.2602,-116.9298,0.4947,-0.2203,762,0.4975,1.0000,0.828369,-0.6675,0.6046,low_inlier
1487,55.4406,-777.6230,-116.8850,-0.3628,0.0447,651,0.7225,1.0000,0.828369,0.4956,-0.1132,
1488,55.4735,-777.5419,-116.9581,0.0811,-0.0731,685,0.6987,1.0000,0.828369,-0.1075,0.2036,
1489,55.5068,-777.5455,-117.0405,-0.0036,-0.0824,644,0.8063,1.0000,0.828369,0.0092,0.2328,
1490,55.5400,-777.4423,-117.1259,0.1032,-0.0854,736,0.9525,1.0000,0.828369,-0.1372,0.2376,
1491,55.5736,-777.4397,-117.1921,0.0027,-0.0662,679,0.8738,1.0000,0.828369,-0.0002,0.1870,
1492,55.6069,-777.3993,-117.2118,0.0403,-0.0197,785,0.9825,1.0000,0.828369,-0.0543,0.0543,
1493,55.6403,-777.3949,-117.2455,0.0044,-0.0336,763,0.9812,1.0000,0.828369,-0.0043,0.0948,
1494,55.6733,-777.3972,-117.2588,-0.0023,-0.0134,794,0.9950,1.0000,0.828369,0.0039,0.0378,
1495,55.7067,-777.3921,-117.2886,0.0051,-0.0298,717,0.9838,1.0000,0.828369,-0.0055,0.0840,
1496,55.7397,-777.4113,-117.3008,-0.0192,-0.0121,794,0.9950,1.0000,0.828369,0.0270,0.0350,
1497,55.7733,-777.4150,-117.3132,-0.0036,-0.0125,796,0.9988,1.0000,0.828369,0.0056,0.0353,
1498,55.8065,-777.3871,-117.3551,0.0278,-0.0419,787,0.9912,1.0000,0.828369,-0.0360,0.1172,
1499,55.8400,-777.3138,-117.4005,0.0733,-0.0454,780,0.9788,1.0000,0.828369,-0.0983,0.1257,
1500,55.8733,-777.3546,-117.4841,-0.0408,-0.0836,789,0.9888,1.0000,0.828369,0.0603,0.2377,
1501,55.9065,-777.2951,-117.5846,0.0594,-0.1005,779,0.9862,1.0000,0.828369,-0.0763,0.2820,
1502,55.9400,-777.1755,-117.6955,0.1196,-0.1109,778,0.9788,1.0000,0.828369,-0.1584,0.3090,
1503,55.9937,-777.1132,-117.8435,0.0623,-0.1479,796,0.9975,1.0000,0.828369,-0.0777,0.4157,
1504,56.0234,-777.0983,-117.9903,0.0149,-0.1469,798,0.9988,1.0000,0.828369,-0.0128,0.4145,
1505,56.0533,-776.9547,-118.1566,0.1436,-0.1663,796,0.9962,1.0000,0.828369,-0.1884,0.4646,
1506,56.0833,-776.8597,-118.2684,0.0949,-0.1118,784,0.9825,1.0000,0.828369,-0.1245,0.3123,
1507,56.1130,-776.6295,-118.4146,0.2303,-0.1463,789,0.9862,1.0000,0.828369,-0.3084,0.4049,
1508,56.1431,-776.3110,-118.6031,0.3185,-0.1885,778,0.9700,1.0000,0.828369,-0.4272,0.5210,
1509,56.1733,-775.8151,-118.7420,0.4959,-0.1388,770,0.9463,1.0000,0.828369,-0.6734,0.3742,
1510,56.2066,-775.2212,-118.8508,0.5938,-0.1089,768,0.9525,1.0000,0.828369,-0.8094,0.2860,
1511,56.2398,-774.5732,-118.9559,0.6480,-0.1050,753,0.9413,1.0000,0.828369,-0.8839,0.2731,
1512,56.2734,-774.2168,-119.0209,0.3564,-0.0650,772,0.9625,1.0000,0.828369,-0.4858,0.1707,
1513,56.3067,-773.9610,-119.0489,0.2557,-0.0280,777,0.9800,1.0000,0.828369,-0.3495,0.0697,
1514,56.3398,-773.7682,-119.0222,0.1928,0.0267,785,0.9875,1.0000,0.828369,-0.2661,-0.0824,
1515,56.3732,-773.5871,-119.0223,0.1811,-0.0001,782,0.9850,1.0000,0.828369,-0.2485,-0.0064,
1516,56.4067,-773.4647,-119.0060,0.1224,0.0163,791,0.9900,1.0000,0.828369,-0.1689,-0.0504,
1517,56.4399,-773.4630,-119.0153,0.0018,-0.0093,789,0.9912,1.0000,0.828369,-0.0020,0.0262,
1518,56.4731,-773.7965,-119.1405,-0.3336,-0.1252,782,0.9788,1.0000,0.828369,0.4644,0.3660,
1519,56.5066,-773.5394,-119.2737,0.2571,-0.1332,779,0.9775,1.0000,0.828369,-0.3459,0.3671,
1520,56.5397,-773.2351,-119.9805,0.3043,-0.7068,775,0.9299,1.0000,0.828369,-0.3806,1.9861,
1521,56.5734,-772.9441,-121.4609,0.2910,-1.4803,650,0.2321,1.0000,0.828369,-0.3218,4.1723,low_inlier
1522,56.6065,-771.6498,-124.1622,1.2943,-2.7013,500,0.0774,1.0000,0.828369,-1.6349,7.5858,low_inlier
1523,56.6398,-768.8422,-128.0212,2.8075,-3.8591,386,0.0526,1.0000,0.828369,-3.6511,10.8019,low_inlier
1524,56.6732,-764.3511,-133.1137,4.4912,-5.0925,391,0.0366,1.0000,0.828369,-5.8972,14.2258,low_inlier
1525,56.7065,-759.5256,-138.3750,4.8255,-5.2613,447,0.0106,1.0000,0.828369,-6.3472,14.6906,low_inlier
1526,56.7401,-752.2487,-143.8248,7.2769,-5.4498,369,0.0106,1.0000,0.828369,-9.7019,15.1339,low_inlier
1527,56.7732,-746.6664,-150.1526,5.5823,-6.3278,452,0.0027,1.0000,0.828369,-7.3301,17.6765,low_inlier
1528,56.8069,-746.5564,-155.6489,0.1100,-5.4963,414,0.0000,1.0000,0.828369,0.1371,15.5266,low_inlier
1529,56.8399,-746.3211,-161.4207,0.2353,-5.7718,496,0.0000,1.0000,0.828369,-0.0204,16.3005,low_inlier
1530,56.8728,-750.2558,-167.3243,-3.9347,-5.9036,400,0.0014,1.0000,0.828369,5.7099,16.8249,low_inlier
1531,56.9067,-760.8418,-172.8599,-10.5860,-5.5356,454,0.0042,1.0000,0.828369,14.8196,16.0278,low_inlier
1532,56.9397,-779.2869,-175.2954,-18.4451,-2.4355,508,0.0040,1.0000,0.828369,25.4438,7.5546,low_inlier
1533,56.9936,-39.5996,2.4678,-39.5996,2.4678,354,0.0039,1.0000,0.828369,54.2216,-5.5290,low_inlier
1534,57.0216,-78.0423,8.0190,-38.4427,5.5512,245,0.0000,1.0000,0.828369,52.4721,-14.2838,low_inlier
1535,57.0501,-104.4033,22.4889,-26.3609,14.4699,322,0.0000,1.0000,0.828369,35.4222,-39.9256,low_inlier
1536,57.0773,-51.6554,12.4832,-51.6554,12.4832,195,0.0024,1.0000,0.828369,70.2433,-33.3895,low_inlier
1537,57.1068,-58.9004,1.5081,-7.2449,-10.9752,261,0.0063,1.0000,0.828369,10.5191,31.2762,low_inlier
1538,57.1396,-39.5613,2.0099,19.3391,0.5019,265,0.0040,1.0000,0.828369,-26.5695,-2.1233,low_inlier
1539,57.1733,-30.2868,14.5351,9.2744,12.5252,250,0.0211,1.0000,0.828369,-13.3859,-35.7302,low_inlier
1540,57.2064,-35.9361,31.5934,-5.6493,17.0583,244,0.0097,1.0000,0.828369,6.8595,-47.9947,low_inlier
1541,57.2396,-49.4089,38.1484,-13.4728,6.5550,368,0.0154,1.0000,0.828369,18.1480,-18.0307,low_inlier
1542,57.2735,-50.1980,41.2318,-0.7890,3.0834,402,0.0262,1.0000,0.828369,0.9213,-8.6838,low_inlier
1543,57.3065,-44.3191,50.0735,5.8788,8.8417,338,0.0097,1.0000,0.828369,-8.5323,-25.1979,low_inlier
1544,57.3402,-19.5825,56.4369,24.7366,6.3634,206,0.0142,1.0000,0.828369,-34.2849,-18.8829,low_inlier
1545,57.3728,-3.0792,59.9444,16.5033,3.5075,275,0.0040,1.0000,0.828369,-22.8348,-10.5127,low_inlier
1546,57.4065,-2.9581,64.3891,0.1211,4.4447,327,0.0515,1.0000,0.828369,-0.3992,-12.5635,low_inlier
1547,57.4398,-9.2787,69.1069,-6.3206,4.7179,244,0.0832,1.0000,0.828369,8.4278,-13.1005,low_inlier
1548,57.4732,-10.9967,73.7429,-1.7180,4.6360,252,0.0463,1.0000,0.828369,2.1149,-13.0372,low_inlier
1549,57.5063,-10.7148,80.8715,0.2819,7.1286,277,0.0899,1.0000,0.828369,-0.7607,-20.1531,low_inlier
1550,57.5396,-13.4289,89.6109,-2.7142,8.7393,277,0.0370,1.0000,0.828369,3.2672,-24.5953,low_inlier
1551,57.5728,-15.0923,101.3320,-1.6633,11.7211,361,0.0188,1.0000,0.828369,1.6685,-33.0591,low_inlier
1552,57.6067,-9.3725,115.9839,5.7198,14.6519,304,0.0225,1.0000,0.828369,-8.6185,-41.6098,low_inlier
1553,57.6402,-5.9974,135.1911,3.3752,19.2072,261,0.0093,1.0000,0.828369,-5.6393,-54.3958,low_inlier
1554,57.6731,-14.8717,153.7894,-8.8743,18.5983,242,0.0115,1.0000,0.828369,11.2052,-52.2287,low_inlier
1555,57.7065,-22.7303,173.0147,-7.8586,19.2253,299,0.0039,1.0000,0.828369,9.7783,-54.0375,low_inlier
1556,57.7405,-18.1639,191.5408,4.5664,18.5261,289,0.0000,1.0000,0.828369,-7.2386,-52.5147,low_inlier
1557,57.7737,-6.1898,209.7314,11.9741,18.1906,325,0.0079,1.0000,0.828369,-17.3882,-51.8370,low_inlier
1558,57.8067,-4.1071,228.0620,2.0827,18.3306,342,0.0000,1.0000,0.828369,-3.8194,-51.8717,low_inlier
1559,57.8397,-10.1094,236.7328,-6.0023,8.6709,279,0.0057,1.0000,0.828369,7.7837,-24.2819,low_inlier
1560,57.8733,-2.5934,241.4067,7.5160,4.6739,396,0.0096,1.0000,0.828369,-10.5608,-13.4809,low_inlier
1561,57.9065,13.0270,252.2499,15.6204,10.8431,266,0.0120,1.0000,0.828369,-22.0075,-31.2085,low_inlier
1562,57.9404,26.3558,259.8004,13.3288,7.5505,288,0.0115,1.0000,0.828369,-18.6898,-21.8213,low_inlier
1563,57.9922,32.3836,265.3091,6.0278,5.5087,678,0.0658,1.0000,0.828369,-8.5620,-15.7855,low_inlier
1564,58.0205,39.4240,273.3357,7.0405,8.0266,635,0.0151,1.0000,0.828369,-10.0839,-22.9370,low_inlier
1565,58.0486,47.0312,281.0036,7.6072,7.6680,604,0.0099,1.0000,0.828369,-10.8429,-21.9444,low_inlier
1566,58.0766,52.5626,289.6800,5.5314,8.6764,629,0.0124,1.0000,0.828369,-8.0467,-24.7182,low_inlier
1567,58.1060,54.2422,299.1422,1.6796,9.4621,560,0.0177,1.0000,0.828369,-2.8013,-26.7980,low_inlier
1568,58.1392,54.9033,308.6092,0.6611,9.4670,593,0.0069,1.0000,0.828369,-1.4036,-26.7747,low_inlier
1569,58.1732,56.8831,312.9900,1.9798,4.3807,257,0.0000,1.0000,0.828369,-2.9469,-12.4506,low_inlier
1570,58.2059,60.6668,309.9275,3.7837,-3.0625,364,0.0000,1.0000,0.828369,-5.0327,8.5155,low_inlier
1571,58.2398,61.2096,309.7773,0.5428,-0.1502,295,0.0373,1.0000,0.828369,-0.7372,0.4047,low_inlier
1572,58.2728,52.0659,308.2026,-9.1438,-1.5747,605,0.0039,1.0000,0.828369,12.6325,4.7829,low_inlier
1573,58.3064,47.3422,308.5081,-4.7236,0.3055,586,0.0553,1.0000,0.828369,6.4672,-0.6911,low_inlier
1574,58.3397,54.1426,303.1258,6.8004,-5.3823,425,0.0506,1.0000,0.828369,-9.0515,14.9604,low_inlier
1575,58.3729,58.3508,297.4319,4.2082,-5.6940,590,0.0053,1.0000,0.828369,-5.4773,15.9357,low_inlier
1576,58.4063,55.7256,291.1132,-2.6252,-6.3187,571,0.0000,1.0000,0.828369,3.9343,17.9501,low_inlier
1577,58.4395,50.6019,283.2647,-5.1237,-7.8485,457,0.0016,1.0000,0.828369,7.4437,22.3641,low_inlier
1578,58.4728,49.2270,274.6927,-1.3749,-8.5720,543,0.0057,1.0000,0.828369,2.3364,24.2716,low_inlier
1579,58.5064,46.1515,264.9367,-3.0756,-9.7560,531,0.0030,1.0000,0.828369,4.7326,27.6792,low_inlier
1580,58.5394,41.7683,256.6073,-4.3832,-8.3294,452,0.0000,1.0000,0.828369,6.4526,23.6957,low_inlier
1581,58.5728,40.0341,252.1123,-1.7342,-4.4950,624,0.0708,1.0000,0.828369,2.6158,12.7646,low_inlier
1582,58.6063,37.5809,249.6261,-2.4532,-2.4862,629,0.1518,1.0000,0.828369,3.4973,7.1146,low_inlier
1583,58.6397,36.9615,249.6795,-0.6194,0.0534,446,0.2174,1.0000,0.828369,0.8474,-0.1282,low_inlier
1584,58.6730,37.4205,249.8038,0.4591,0.1243,545,0.2532,1.0000,0.828369,-0.6366,-0.3679,low_inlier
1585,58.7065,30.4669,245.4035,-6.9536,-4.4002,112,0.0045,1.0000,0.828369,9.7746,12.6871,low_inlier
1586,58.7397,6.2051,232.6260,-24.2618,-12.7775,462,0.0000,1.0000,0.828369,33.9694,36.9896,low_inlier
1587,58.7734,2.2753,229.6982,-3.9299,-2.9278,537,0.0017,1.0000,0.828369,5.5473,8.4161,low_inlier
1588,58.8066,1.6561,226.3759,-0.6192,-3.3223,538,0.0031,1.0000,0.828369,1.0240,9.4103,low_inlier
1589,58.8396,-0.4995,223.6756,-2.1556,-2.7003,596,0.0015,1.0000,0.828369,3.1001,7.7086,low_inlier
1590,58.8735,-0.4664,223.4951,0.0331,-0.1806,356,0.0346,1.0000,0.828369,-0.0359,0.5090,low_inlier
1591,58.9056,-2.4431,223.4054,-1.9767,-0.0896,415,0.0108,1.0000,0.828369,2.7177,0.3253,low_inlier
1592,58.9391,-1.8107,222.9736,0.6324,-0.4318,205,0.0238,1.0000,0.828369,-0.8453,1.1971,low_inlier
1593,58.9921,8.2076,223.5842,10.0183,0.6106,584,0.0091,1.0000,0.828369,-13.7822,-2.0906,low_inlier
1594,59.0209,21.3653,226.3376,13.1577,2.7535,624,0.0107,1.0000,0.828369,-18.2035,-8.2602,low_inlier
1595,59.0489,21.9002,228.3381,0.5349,2.0005,448,0.0303,1.0000,0.828369,-0.8390,-5.6722,low_inlier
1596,59.0767,21.9360,228.3776,0.0358,0.0394,414,0.2226,1.0000,0.828369,-0.0512,-0.1127,low_inlier
1597,59.1061,21.9718,228.2621,0.0358,-0.1154,432,0.2427,1.0000,0.828369,-0.0431,0.3249,low_inlier
1598,59.1391,22.0712,228.2445,0.0994,-0.0176,393,0.2439,1.0000,0.828369,-0.1355,0.0461,low_inlier
1599,59.1727,22.1634,228.2959,0.0923,0.0513,454,0.3388,1.0000,0.828369,-0.1293,-0.1484,low_inlier
1600,59.2055,22.2101,228.3471,0.0467,0.0512,495,0.3663,1.0000,0.828369,-0.0667,-0.1464,low_inlier
1601,59.2389,22.2669,228.3165,0.0567,-0.0306,549,0.3777,1.0000,0.828369,-0.0763,0.0843,low_inlier
1602,59.2726,22.3158,228.2551,0.0489,-0.0614,549,0.3422,1.0000,0.828369,-0.0639,0.1718,low_inlier
1603,59.3060,22.3105,228.2577,-0.0053,0.0026,596,0.4651,1.0000,0.828369,0.0071,-0.0072,low_inlier
1604,59.3397,22.3749,228.2694,0.0644,0.0117,475,0.4803,1.0000,0.828369,-0.0890,-0.0354,low_inlier
1605,59.3725,22.5777,228.2698,0.2028,0.0004,519,0.4119,1.0000,0.828369,-0.2784,-0.0086,low_inlier
1606,59.4059,22.6584,228.2755,0.0807,0.0056,479,0.3873,1.0000,0.828369,-0.1111,-0.0189,low_inlier
1607,59.4397,22.7388,228.2480,0.0803,-0.0275,485,0.4297,1.0000,0.828369,-0.1088,0.0747,low_inlier
1608,59.4725,22.9654,228.3039,0.2267,0.0559,473,0.3860,1.0000,0.828369,-0.3140,-0.1663,low_inlier
1609,59.5058,23.0865,228.3308,0.1211,0.0269,481,0.3931,1.0000,0.828369,-0.1676,-0.0804,low_inlier
1610,59.5394,23.2795,228.3528,0.1930,0.0220,464,0.3959,1.0000,0.828369,-0.2661,-0.0691,low_inlier
1611,59.5734,23.4832,228.4144,0.2037,0.0616,474,0.3911,1.0000,0.828369,-0.2828,-0.1814,low_inlier
1612,59.6057,23.4543,228.4668,-0.0289,0.0524,516,0.5190,1.0000,0.828369,0.0369,-0.1471,
1613,59.6388,23.3558,228.4927,-0.0985,0.0259,521,0.4491,1.0000,0.828369,0.1338,-0.0696,low_inlier
1614,59.6718,23.3622,228.4996,0.0064,0.0069,587,0.5287,1.0000,0.828369,-0.0092,-0.0197,
1615,59.7054,23.3798,228.5162,0.0176,0.0166,591,0.5513,1.0000,0.828369,-0.0250,-0.0474,
1616,59.7387,23.3997,228.5404,0.0199,0.0243,574,0.5546,1.0000,0.828369,-0.0286,-0.0693,
1617,59.7725,23.4267,228.5369,0.0271,-0.0035,561,0.5676,1.0000,0.828369,-0.0370,0.0089,
1618,59.8056,23.4670,228.5433,0.0402,0.0064,581,0.5749,1.0000,0.828369,-0.0555,-0.0194,
1619,59.8384,23.4611,228.5351,-0.0059,-0.0082,565,0.6028,1.0000,0.828369,0.0085,0.0233,
1620,59.8720,23.4558,228.5311,-0.0052,-0.0041,576,0.6120,1.0000,0.828369,0.0074,0.0116,
1621,59.9050,23.4748,228.5161,0.0190,-0.0149,572,0.6003,1.0000,0.828369,-0.0253,0.0415,
1622,59.9391,23.4908,228.5110,0.0160,-0.0052,544,0.6033,1.0000,0.828369,-0.0217,0.0140,
1623,59.9899,23.4953,228.5084,0.0045,-0.0025,775,0.9800,1.0000,0.828369,-0.0061,0.0070,
1624,60.0155,23.4840,228.5067,-0.0113,-0.0017,775,0.9750,1.0000,0.828369,0.0156,0.0052,
1625,60.0412,23.4622,228.5093,-0.0218,0.0025,778,0.9775,1.0000,0.828369,0.0298,-0.0063,
1626,60.0718,23.4455,228.5169,-0.0166,0.0077,708,0.9087,1.0000,0.828369,0.0224,-0.0211,
1627,60.1053,23.4451,228.5163,-0.0004,-0.0006,748,0.9550,1.0000,0.828369,0.0006,0.0018,
1628,60.1386,23.4569,228.5160,0.0118,-0.0003,771,0.9788,1.0000,0.828369,-0.0161,0.0004,
1629,60.1717,23.5017,228.5104,0.0449,-0.0056,747,0.9537,1.0000,0.828369,-0.0613,0.0141,
1630,60.2051,23.5318,228.5099,0.0301,-0.0006,757,0.9675,1.0000,0.828369,-0.0413,0.0005,
1631,60.2386,23.5211,228.5001,-0.0107,-0.0098,750,0.9613,1.0000,0.828369,0.0153,0.0280,
1632,60.2718,23.4929,228.4905,-0.0282,-0.0096,759,0.9675,1.0000,0.828369,0.0392,0.0281,
1633,60.3053,23.5061,228.4891,0.0133,-0.0014,754,0.9637,1.0000,0.828369,-0.0181,0.0036,
1634,60.3383,23.4997,228.4821,-0.0064,-0.0070,763,0.9675,1.0000,0.828369,0.0091,0.0199,
1635,60.3720,23.4982,228.4744,-0.0015,-0.0077,763,0.9587,1.0000,0.828369,0.0025,0.0219,
1636,60.4053,23.4805,228.4558,-0.0177,-0.0185,750,0.9550,1.0000,0.828369,0.0252,0.0530,
