frame,t_s,X_mm,Y_mm,dX_mm,dY_mm,tracked_points,inlier_ratio,roi_visible,mm_per_px,du_px,dv_px,flags
0,0.0909,0.0000,0.0000,0.0000,0.0000,0,0.0000,1.0000,,0.0000,0.0000,no_calib
1,0.1580,0.0000,0.0000,0.0000,0.0000,0,0.0000,1.0000,,0.0000,0.0000,no_calib
2,0.1840,0.0000,0.0000,0.0000,0.0000,0,0.0000,1.0000,,0.0000,0.0000,no_calib
3,0.2111,0.0000,0.0000,0.0000,0.0000,0,0.0000,1.0000,,0.0000,0.0000,no_calib
4,0.2337,0.0000,0.0000,0.0000,0.0000,0,0.0000,1.0000,,0.0000,0.0000,no_calib
5,0.2569,0.0000,0.0000,0.0000,0.0000,0,0.0000,1.0000,,0.0000,0.0000,no_calib
6,0.2794,0.0000,0.0000,0.0000,0.0000,0,0.0000,1.0000,,0.0000,0.0000,no_calib
7,0.3028,0.0000,0.0000,0.0000,0.0000,0,0.0000,1.0000,,0.0000,0.0000,no_calib
8,0.3261,0.0000,0.0000,0.0000,0.0000,0,0.0000,1.0000,,0.0000,0.0000,no_calib
9,0.3577,0.0000,0.0000,0.0000,0.0000,0,0.0000,1.0000,,0.0000,0.0000,no_calib
10,0.3920,0.0000,0.0000,0.0000,0.0000,0,0.0000,1.0000,,0.0000,0.0000,no_calib
11,0.4247,0.0000,0.0000,0.0000,0.0000,0,0.0000,1.0000,,0.0000,0.0000,no_calib
12,0.4588,0.0000,0.0000,0.0000,0.0000,0,0.0000,1.0000,,0.0000,0.0000,no_calib
13,0.4921,0.0000,0.0000,0.0000,0.0000,0,0.0000,1.0000,,0.0000,0.0000,no_calib
14,0.5246,0.0000,0.0000,0.0000,0.0000,0,0.0000,1.0000,,0.0000,0.0000,no_calib
15,0.5584,0.0000,0.0000,0.0000,0.0000,0,0.0000,1.0000,,0.0000,0.0000,no_calib
16,0.5918,0.0000,0.0000,0.0000,0.0000,0,0.0000,1.0000,,0.0000,0.0000,no_calib
17,0.6248,0.0000,0.0000,0.0000,0.0000,0,0.0000,1.0000,,0.0000,0.0000,no_calib
18,0.6590,0.0000,0.0000,0.0000,0.0000,0,0.0000,1.0000,,0.0000,0.0000,no_calib
19,0.6933,0.0000,0.0000,0.0000,0.0000,0,0.0000,1.0000,,0.0000,0.0000,no_calib
20,0.7250,0.0000,0.0000,0.0000,0.0000,0,0.0000,1.0000,,0.0000,0.0000,no_calib
21,0.7586,0.0000,0.0000,0.0000,0.0000,0,0.0000,1.0000,,0.0000,0.0000,no_calib
22,0.7921,0.0000,0.0000,0.0000,0.0000,0,0.0000,1.0000,,0.0000,0.0000,no_calib
23,0.8251,0.0000,0.0000,0.0000,0.0000,0,0.0000,1.0000,,0.0000,0.0000,no_calib
24,0.8588,0.0000,0.0000,0.0000,0.0000,0,0.0000,1.0000,,0.0000,0.0000,no_calib
25,0.8921,0.0000,0.0000,0.0000,0.0000,0,0.0000,1.0000,,0.0000,0.0000,no_calib
26,0.9253,0.0000,0.0000,0.0000,0.0000,0,0.0000,1.0000,,0.0000,0.0000,no_calib
27,0.9587,0.0000,0.0000,0.0000,0.0000,0,0.0000,1.0000,,0.0000,0.0000,no_calib
28,0.9922,0.0000,0.0000,0.0000,0.0000,0,0.0000,1.0000,,0.0000,0.0000,no_calib
29,1.0247,0.0000,0.0000,0.0000,0.0000,0,0.0000,1.0000,,0.0000,0.0000,no_calib
30,1.0586,0.0000,0.0000,0.0000,0.0000,0,0.0000,1.0000,,0.0000,0.0000,no_calib
31,1.1214,0.0000,0.0000,0.0000,0.0000,0,0.0000,1.0000,,0.0000,0.0000,no_calib
32,1.1459,0.0000,0.0000,0.0000,0.0000,0,0.0000,1.0000,,0.0000,0.0000,no_calib
33,1.1704,0.0000,0.0000,0.0000,0.0000,0,0.0000,1.0000,,0.0000,0.0000,no_calib
34,1.1942,0.0000,0.0000,0.0000,0.0000,0,0.0000,1.0000,,0.0000,0.0000,no_calib
35,1.2257,0.0000,0.0000,0.0000,0.0000,0,0.0000,1.0000,,0.0000,0.0000,no_calib
36,1.2594,0.0000,0.0000,0.0000,0.0000,0,0.0000,1.0000,,0.0000,0.0000,no_calib
37,1.2919,0.0000,0.0000,0.0000,0.0000,0,0.0000,1.0000,,0.0000,0.0000,no_calib
38,1.3255,0.0000,0.0000,0.0000,0.0000,0,0.0000,1.0000,,0.0000,0.0000,no_calib
39,1.3591,0.0000,0.0000,0.0000,0.0000,0,0.0000,1.0000,,0.0000,0.0000,no_calib
40,1.3913,0.0000,0.0000,0.0000,0.0000,0,0.0000,1.0000,,0.0000,0.0000,no_calib
41,1.4242,0.0000,0.0000,0.0000,0.0000,0,0.0000,1.0000,,0.0000,0.0000,no_calib
42,1.4572,0.0000,0.0000,0.0000,0.0000,0,0.0000,1.0000,,0.0000,0.0000,no_calib
43,1.4904,0.0000,0.0000,0.0000,0.0000,0,0.0000,1.0000,,0.0000,0.0000,no_calib
44,1.5238,0.0000,0.0000,0.0000,0.0000,0,0.0000,1.0000,,0.0000,0.0000,no_calib
45,1.5573,0.0000,0.0000,0.0000,0.0000,0,0.0000,1.0000,,0.0000,0.0000,no_calib
46,1.5897,0.0000,0.0000,0.0000,0.0000,0,0.0000,1.0000,,0.0000,0.0000,no_calib
47,1.6231,0.0000,0.0000,0.0000,0.0000,0,0.0000,1.0000,,0.0000,0.0000,no_calib
48,1.6567,0.0000,0.0000,0.0000,0.0000,0,0.0000,1.0000,,0.0000,0.0000,no_calib
49,1.6913,0.0000,0.0000,0.0000,0.0000,0,0.0000,1.0000,,0.0000,0.0000,no_calib
50,1.7229,0.0000,0.0000,0.0000,0.0000,0,0.0000,1.0000,,0.0000,0.0000,no_calib
51,1.7562,0.0000,0.0000,0.0000,0.0000,0,0.0000,1.0000,,0.0000,0.0000,no_calib
52,1.7895,0.0000,0.0000,0.0000,0.0000,0,0.0000,1.0000,,0.0000,0.0000,no_calib
53,1.8228,0.0000,0.0000,0.0000,0.0000,0,0.0000,1.0000,,0.0000,0.0000,no_calib
54,1.8587,0.0000,0.0000,0.0000,0.0000,0,0.0000,1.0000,,0.0000,0.0000,no_calib
55,1.8912,0.0000,0.0000,0.0000,0.0000,0,0.0000,1.0000,,0.0000,0.0000,no_calib
56,1.9251,0.0000,0.0000,0.0000,0.0000,0,0.0000,1.0000,,0.0000,0.0000,no_calib
57,1.9579,0.0000,0.0000,0.0000,0.0000,0,0.0000,1.0000,,0.0000,0.0000,no_calib
58,1.9912,0.0000,0.0000,0.0000,0.0000,0,0.0000,1.0000,,0.0000,0.0000,no_calib
59,2.0277,0.0000,0.0000,0.0000,0.0000,0,0.0000,1.0000,,0.0000,0.0000,no_calib
60,2.0585,0.0000,0.0000,0.0000,0.0000,0,0.0000,1.0000,,0.0000,0.0000,no_calib
61,2.1205,0.0000,0.0000,0.0000,0.0000,0,0.0000,1.0000,,0.0000,0.0000,no_calib
62,2.1482,0.0000,0.0000,0.0000,0.0000,0,0.0000,1.0000,,0.0000,0.0000,no_calib
63,2.1732,0.0000,0.0000,0.0000,0.0000,0,0.0000,1.0000,,0.0000,0.0000,no_calib
64,2.1974,0.0000,0.0000,0.0000,0.0000,0,0.0000,1.0000,,0.0000,0.0000,no_calib
65,2.2249,0.0000,0.0000,0.0000,0.0000,0,0.0000,1.0000,,0.0000,0.0000,no_calib
66,2.2576,0.0000,0.0000,0.0000,0.0000,0,0.0000,1.0000,,0.0000,0.0000,no_calib
67,2.2911,0.0000,0.0000,0.0000,0.0000,0,0.0000,1.0000,,0.0000,0.0000,no_calib
68,2.3249,0.0000,0.0000,0.0000,0.0000,0,0.0000,1.0000,,0.0000,0.0000,no_calib
69,2.3577,0.0000,0.0000,0.0000,0.0000,0,0.0000,1.0000,,0.0000,0.0000,no_calib
70,2.3911,0.0000,0.0000,0.0000,0.0000,0,0.0000,1.0000,,0.0000,0.0000,no_calib
71,2.4251,0.0000,0.0000,0.0000,0.0000,0,0.0000,1.0000,,0.0000,0.0000,no_calib
72,2.4581,0.0000,0.0000,0.0000,0.0000,0,0.0000,1.0000,,0.0000,0.0000,no_calib
73,2.4950,0.0000,0.0000,0.0000,0.0000,0,0.0000,1.0000,,0.0000,0.0000,no_calib
74,2.5246,0.0000,0.0000,0.0000,0.0000,0,0.0000,1.0000,,0.0000,0.0000,no_calib
75,2.5582,0.0000,0.0000,0.0000,0.0000,0,0.0000,1.0000,,0.0000,0.0000,no_calib
76,2.5924,0.0000,0.0000,0.0000,0.0000,0,0.0000,1.0000,,0.0000,0.0000,no_calib
77,2.6248,0.0000,0.0000,0.0000,0.0000,0,0.0000,1.0000,,0.0000,0.0000,no_calib
78,2.6577,0.0000,0.0000,0.0000,0.0000,0,0.0000,1.0000,,0.0000,0.0000,no_calib
79,2.6924,0.0000,0.0000,0.0000,0.0000,0,0.0000,1.0000,,0.0000,0.0000,no_calib
80,2.7246,0.0000,0.0000,0.0000,0.0000,0,0.0000,1.0000,,0.0000,0.0000,no_calib
81,2.7605,0.0000,0.0000,0.0000,0.0000,0,0.0000,1.0000,,0.0000,0.0000,no_calib
82,2.7929,0.0000,0.0000,0.0000,0.0000,0,0.0000,1.0000,,0.0000,0.0000,no_calib
83,2.8242,0.0000,0.0000,0.0000,0.0000,0,0.0000,1.0000,,0.0000,0.0000,no_calib
84,2.8581,0.0000,0.0000,0.0000,0.0000,0,0.0000,1.0000,,0.0000,0.0000,no_calib
85,2.8906,0.0000,0.0000,0.0000,0.0000,0,0.0000,1.0000,,0.0000,0.0000,no_calib
86,2.9274,0.0000,0.0000,0.0000,0.0000,0,0.0000,1.0000,,0.0000,0.0000,no_calib
87,2.9580,0.0000,0.0000,0.0000,0.0000,0,0.0000,1.0000,,0.0000,0.0000,no_calib
88,2.9907,0.0000,0.0000,0.0000,0.0000,0,0.0000,1.0000,,0.0000,0.0000,no_calib
89,3.0240,0.0000,0.0000,0.0000,0.0000,0,0.0000,1.0000,,0.0000,0.0000,no_calib
90,3.0581,0.0000,0.0000,0.0000,0.0000,0,0.0000,1.0000,,0.0000,0.0000,no_calib
91,3.1119,0.0000,0.0000,0.0000,0.0000,0,0.0000,1.0000,,0.0000,0.0000,no_calib
92,3.1358,0.0000,0.0000,0.0000,0.0000,0,0.0000,1.0000,,0.0000,0.0000,no_calib
93,3.1594,0.0000,0.0000,0.0000,0.0000,0,0.0000,1.0000,,0.0000,0.0000,no_calib
94,3.1907,0.0000,0.0000,0.0000,0.0000,0,0.0000,1.0000,,0.0000,0.0000,no_calib
95,3.2247,0.0000,0.0000,0.0000,0.0000,0,0.0000,1.0000,,0.0000,0.0000,no_calib
96,3.2581,0.0000,0.0000,0.0000,0.0000,0,0.0000,1.0000,,0.0000,0.0000,no_calib
97,3.2947,0.0000,0.0000,0.0000,0.0000,0,0.0000,1.0000,,0.0000,0.0000,no_calib
98,3.3248,0.0000,0.0000,0.0000,0.0000,0,0.0000,1.0000,,0.0000,0.0000,no_calib
99,3.3580,0.0000,0.0000,0.0000,0.0000,0,0.0000,1.0000,,0.0000,0.0000,no_calib
100,3.3910,0.0000,0.0000,0.0000,0.0000,0,0.0000,1.0000,,0.0000,0.0000,no_calib
101,3.4250,0.0000,0.0000,0.0000,0.0000,0,0.0000,1.0000,,0.0000,0.0000,no_calib
102,3.4579,0.0000,0.0000,0.0000,0.0000,0,0.0000,1.0000,,0.0000,0.0000,no_calib
103,3.4913,0.0000,0.0000,0.0000,0.0000,0,0.0000,1.0000,,0.0000,0.0000,no_calib
104,3.5241,0.0000,0.0000,0.0000,0.0000,0,0.0000,1.0000,,0.0000,0.0000,no_calib
105,3.5579,0.0000,0.0000,0.0000,0.0000,0,0.0000,1.0000,,0.0000,0.0000,no_calib
106,3.5910,0.0000,0.0000,0.0000,0.0000,0,0.0000,1.0000,,0.0000,0.0000,no_calib
107,3.6241,0.0000,0.0000,0.0000,0.0000,0,0.0000,1.0000,,0.0000,0.0000,no_calib
108,3.6579,0.0000,0.0000,0.0000,0.0000,0,0.0000,1.0000,,0.0000,0.0000,no_calib
109,3.6922,0.0000,0.0000,0.0000,0.0000,0,0.0000,1.0000,,0.0000,0.0000,no_calib
110,3.7239,0.0000,0.0000,0.0000,0.0000,0,0.0000,1.0000,,0.0000,0.0000,no_calib
111,3.7578,0.0000,0.0000,0.0000,0.0000,0,0.0000,1.0000,,0.0000,0.0000,no_calib
112,3.7917,0.0000,0.0000,0.0000,0.0000,0,0.0000,1.0000,,0.0000,0.0000,no_calib
113,3.8241,0.0000,0.0000,0.0000,0.0000,0,0.0000,1.0000,,0.0000,0.0000,no_calib
114,3.8573,0.0000,0.0000,0.0000,0.0000,0,0.0000,1.0000,,0.0000,0.0000,no_calib
115,3.8911,0.0000,0.0000,0.0000,0.0000,0,0.0000,1.0000,,0.0000,0.0000,no_calib
116,3.9240,0.0000,0.0000,0.0000,0.0000,0,0.0000,1.0000,,0.0000,0.0000,no_calib
117,3.9577,0.0000,0.0000,0.0000,0.0000,0,0.0000,1.0000,,0.0000,0.0000,no_calib
118,3.9913,0.0000,0.0000,0.0000,0.0000,0,0.0000,1.0000,,0.0000,0.0000,no_calib
119,4.0238,0.0000,0.0000,0.0000,0.0000,0,0.0000,1.0000,,0.0000,0.0000,no_calib
120,4.0577,0.0000,0.0000,0.0000,0.0000,0,0.0000,1.0000,,0.0000,0.0000,no_calib
121,4.1106,0.0000,0.0000,0.0000,0.0000,0,0.0000,1.0000,,0.0000,0.0000,no_calib
122,4.1338,0.0000,0.0000,0.0000,0.0000,0,0.0000,1.0000,,0.0000,0.0000,no_calib
123,4.1588,0.0000,0.0000,0.0000,0.0000,0,0.0000,1.0000,,0.0000,0.0000,no_calib
124,4.1911,0.0000,0.0000,0.0000,0.0000,0,0.0000,1.0000,,0.0000,0.0000,no_calib
125,4.2244,0.0000,0.0000,0.0000,0.0000,0,0.0000,1.0000,,0.0000,0.0000,no_calib
126,4.2571,0.0000,0.0000,0.0000,0.0000,0,0.0000,1.0000,,0.0000,0.0000,no_calib
127,4.2911,0.0000,0.0000,0.0000,0.0000,0,0.0000,1.0000,,0.0000,0.0000,no_calib
128,4.3240,0.0000,0.0000,0.0000,0.0000,0,0.0000,1.0000,,0.0000,0.0000,no_calib
129,4.3641,0.0000,0.0000,0.0000,0.0000,0,0.0000,1.0000,,0.0000,0.0000,no_calib
130,4.3910,0.0000,0.0000,0.0000,0.0000,0,0.0000,1.0000,,0.0000,0.0000,no_calib
131,4.4244,0.0000,0.0000,0.0000,0.0000,0,0.0000,1.0000,,0.0000,0.0000,no_calib
132,4.4572,0.0000,0.0000,0.0000,0.0000,0,0.0000,1.0000,,0.0000,0.0000,no_calib
133,4.4912,0.0000,0.0000,0.0000,0.0000,0,0.0000,1.0000,,0.0000,0.0000,no_calib
134,4.5240,0.0000,0.0000,0.0000,0.0000,0,0.0000,1.0000,,0.0000,0.0000,no_calib
135,4.5572,0.0000,0.0000,0.0000,0.0000,0,0.0000,1.0000,,0.0000,0.0000,no_calib
136,4.5908,0.0000,0.0000,0.0000,0.0000,0,0.0000,1.0000,,0.0000,0.0000,no_calib
137,4.6239,0.0000,0.0000,0.0000,0.0000,0,0.0000,1.0000,,0.0000,0.0000,no_calib
138,4.6571,0.0000,0.0000,0.0000,0.0000,0,0.0000,1.0000,,0.0000,0.0000,no_calib
139,4.6918,0.0000,0.0000,0.0000,0.0000,0,0.0000,1.0000,,0.0000,0.0000,no_calib
140,4.7237,0.0000,0.0000,0.0000,0.0000,0,0.0000,1.0000,,0.0000,0.0000,no_calib
141,4.7571,0.0000,0.0000,0.0000,0.0000,0,0.0000,1.0000,,0.0000,0.0000,no_calib
142,4.7909,0.0000,0.0000,0.0000,0.0000,0,0.0000,1.0000,,0.0000,0.0000,no_calib
143,4.8246,0.0000,0.0000,0.0000,0.0000,0,0.0000,1.0000,,0.0000,0.0000,no_calib
144,4.8574,0.0000,0.0000,0.0000,0.0000,0,0.0000,1.0000,,0.0000,0.0000,no_calib
145,4.8939,0.0000,0.0000,0.0000,0.0000,0,0.0000,1.0000,,0.0000,0.0000,no_calib
146,4.9243,0.0000,0.0000,0.0000,0.0000,0,0.0000,1.0000,,0.0000,0.0000,no_calib
147,4.9572,0.0000,0.0000,0.0000,0.0000,0,0.0000,1.0000,,0.0000,0.0000,no_calib
148,4.9907,0.0000,0.0000,0.0000,0.0000,0,0.0000,1.0000,,0.0000,0.0000,no_calib
149,5.0241,0.0000,0.0000,0.0000,0.0000,0,0.0000,1.0000,,0.0000,0.0000,no_calib
150,5.0572,0.0000,0.0000,0.0000,0.0000,0,0.0000,1.0000,,0.0000,0.0000,no_calib
151,5.1060,0.0000,0.0000,0.0000,0.0000,0,0.0000,1.0000,,0.0000,0.0000,no_calib
152,5.1296,0.0000,0.0000,0.0000,0.0000,0,0.0000,1.0000,,0.0000,0.0000,no_calib
153,5.1573,0.0000,0.0000,0.0000,0.0000,0,0.0000,1.0000,,0.0000,0.0000,no_calib
154,5.1905,0.0000,0.0000,0.0000,0.0000,0,0.0000,1.0000,,0.0000,0.0000,no_calib
155,5.2240,0.0000,0.0000,0.0000,0.0000,0,0.0000,1.0000,,0.0000,0.0000,no_calib
156,5.2567,0.0000,0.0000,0.0000,0.0000,0,0.0000,1.0000,,0.0000,0.0000,no_calib
157,5.2904,0.0000,0.0000,0.0000,0.0000,0,0.0000,1.0000,,0.0000,0.0000,no_calib
158,5.3241,0.0000,0.0000,0.0000,0.0000,0,0.0000,1.0000,,0.0000,0.0000,no_calib
159,5.3571,0.0000,0.0000,0.0000,0.0000,0,0.0000,1.0000,,0.0000,0.0000,no_calib
160,5.3904,0.0000,0.0000,0.0000,0.0000,0,0.0000,1.0000,,0.0000,0.0000,no_calib
161,5.4241,0.0000,0.0000,0.0000,0.0000,0,0.0000,1.0000,,0.0000,0.0000,no_calib
162,5.4569,0.0000,0.0000,0.0000,0.0000,0,0.0000,1.0000,,0.0000,0.0000,no_calib
163,5.4902,0.0000,0.0000,0.0000,0.0000,0,0.0000,1.0000,,0.0000,0.0000,no_calib
164,5.5241,0.0000,0.0000,0.0000,0.0000,0,0.0000,1.0000,,0.0000,0.0000,no_calib
165,5.5570,0.0000,0.0000,0.0000,0.0000,0,0.0000,1.0000,,0.0000,0.0000,no_calib
166,5.5903,0.0000,0.0000,0.0000,0.0000,0,0.0000,1.0000,,0.0000,0.0000,no_calib
167,5.6237,0.0000,0.0000,0.0000,0.0000,0,0.0000,1.0000,,0.0000,0.0000,no_calib
168,5.6571,0.0000,0.0000,0.0000,0.0000,0,0.0000,1.0000,,0.0000,0.0000,no_calib
169,5.6909,0.0000,0.0000,0.0000,0.0000,0,0.0000,1.0000,,0.0000,0.0000,no_calib
170,5.7238,0.0000,0.0000,0.0000,0.0000,0,0.0000,1.0000,,0.0000,0.0000,no_calib
171,5.7572,0.0000,0.0000,0.0000,0.0000,0,0.0000,1.0000,,0.0000,0.0000,no_calib
172,5.7903,0.0000,0.0000,0.0000,0.0000,0,0.0000,1.0000,,0.0000,0.0000,no_calib
173,5.8237,0.0000,0.0000,0.0000,0.0000,0,0.0000,1.0000,,0.0000,0.0000,no_calib
174,5.8576,0.0000,0.0000,0.0000,0.0000,0,0.0000,1.0000,,0.0000,0.0000,no_calib
175,5.8904,0.0000,0.0000,0.0000,0.0000,0,0.0000,1.0000,,0.0000,0.0000,no_calib
176,5.9238,0.0000,0.0000,0.0000,0.0000,0,0.0000,1.0000,,0.0000,0.0000,no_calib
177,5.9571,0.0000,0.0000,0.0000,0.0000,0,0.0000,1.0000,,0.0000,0.0000,no_calib
178,5.9899,0.0000,0.0000,0.0000,0.0000,0,0.0000,1.0000,,0.0000,0.0000,no_calib
179,6.0234,0.0000,0.0000,0.0000,0.0000,0,0.0000,1.0000,,0.0000,0.0000,no_calib
180,6.0575,0.0000,0.0000,0.0000,0.0000,0,0.0000,1.0000,,0.0000,0.0000,no_calib
181,6.1079,0.0000,0.0000,0.0000,0.0000,0,0.0000,1.0000,,0.0000,0.0000,no_calib
182,6.1323,0.0000,0.0000,0.0000,0.0000,0,0.0000,1.0000,,0.0000,0.0000,no_calib
183,6.1574,0.0000,0.0000,0.0000,0.0000,0,0.0000,1.0000,,0.0000,0.0000,no_calib
184,6.1898,0.0000,0.0000,0.0000,0.0000,0,0.0000,1.0000,,0.0000,0.0000,no_calib
185,6.2239,0.0000,0.0000,0.0000,0.0000,0,0.0000,1.0000,,0.0000,0.0000,no_calib
186,6.2574,0.0000,0.0000,0.0000,0.0000,0,0.0000,1.0000,,0.0000,0.0000,no_calib
187,6.2899,0.0000,0.0000,0.0000,0.0000,0,0.0000,1.0000,,0.0000,0.0000,no_calib
188,6.3233,0.0000,0.0000,0.0000,0.0000,0,0.0000,1.0000,,0.0000,0.0000,no_calib
189,6.3569,0.0000,0.0000,0.0000,0.0000,0,0.0000,1.0000,,0.0000,0.0000,no_calib
190,6.3905,0.0000,0.0000,0.0000,0.0000,0,0.0000,1.0000,,0.0000,0.0000,no_calib
191,6.4231,0.0000,0.0000,0.0000,0.0000,0,0.0000,1.0000,,0.0000,0.0000,no_calib
192,6.4571,0.0000,0.0000,0.0000,0.0000,0,0.0000,1.0000,,0.0000,0.0000,no_calib
193,6.4906,0.0000,0.0000,0.0000,0.0000,0,0.0000,1.0000,,0.0000,0.0000,no_calib
194,6.5233,0.0000,0.0000,0.0000,0.0000,0,0.0000,1.0000,,0.0000,0.0000,no_calib
195,6.5568,0.0000,0.0000,0.0000,0.0000,0,0.0000,1.0000,,0.0000,0.0000,no_calib
196,6.5899,0.0000,0.0000,0.0000,0.0000,0,0.0000,1.0000,,0.0000,0.0000,no_calib
197,6.6230,0.0000,0.0000,0.0000,0.0000,0,0.0000,1.0000,,0.0000,0.0000,no_calib
198,6.6571,0.0000,0.0000,0.0000,0.0000,0,0.0000,1.0000,,0.0000,0.0000,no_calib
199,6.6908,0.0000,0.0000,0.0000,0.0000,0,0.0000,1.0000,,0.0000,0.0000,no_calib
200,6.7233,0.0000,0.0000,0.0000,0.0000,0,0.0000,1.0000,,0.0000,0.0000,no_calib
201,6.7587,0.0000,0.0000,0.0000,0.0000,0,0.0000,1.0000,,0.0000,0.0000,no_calib
202,6.7905,0.0000,0.0000,0.0000,0.0000,0,0.0000,1.0000,,0.0000,0.0000,no_calib
203,6.8230,0.0000,0.0000,0.0000,0.0000,0,0.0000,1.0000,,0.0000,0.0000,no_calib
204,6.8569,0.0000,0.0000,0.0000,0.0000,0,0.0000,1.0000,,0.0000,0.0000,no_calib
205,6.8902,0.0000,0.0000,0.0000,0.0000,0,0.0000,1.0000,,0.0000,0.0000,no_calib
206,6.9232,0.0000,0.0000,0.0000,0.0000,0,0.0000,1.0000,,0.0000,0.0000,no_calib
207,6.9568,0.0000,0.0000,0.0000,0.0000,0,0.0000,1.0000,,0.0000,0.0000,no_calib
208,6.9904,0.0000,0.0000,0.0000,0.0000,0,0.0000,1.0000,,0.0000,0.0000,no_calib
209,7.0226,0.0000,0.0000,0.0000,0.0000,0,0.0000,1.0000,,0.0000,0.0000,no_calib
210,7.0569,0.0000,0.0000,0.0000,0.0000,0,0.0000,1.0000,,0.0000,0.0000,no_calib
211,7.1134,0.0000,0.0000,0.0000,0.0000,0,0.0000,1.0000,,0.0000,0.0000,no_calib
212,7.1388,0.0000,0.0000,0.0000,0.0000,0,0.0000,1.0000,,0.0000,0.0000,no_calib
213,7.1633,0.0000,0.0000,0.0000,0.0000,0,0.0000,1.0000,,0.0000,0.0000,no_calib
214,7.1901,0.0000,0.0000,0.0000,0.0000,0,0.0000,1.0000,,0.0000,0.0000,no_calib
215,7.2233,0.0000,0.0000,0.0000,0.0000,0,0.0000,1.0000,,0.0000,0.0000,no_calib
216,7.2561,0.0000,0.0000,0.0000,0.0000,0,0.0000,1.0000,,0.0000,0.0000,no_calib
217,7.2900,0.0000,0.0000,0.0000,0.0000,0,0.0000,1.0000,,0.0000,0.0000,no_calib
218,7.3233,0.0000,0.0000,0.0000,0.0000,0,0.0000,1.0000,,0.0000,0.0000,no_calib
219,7.3560,0.0000,0.0000,0.0000,0.0000,0,0.0000,1.0000,,0.0000,0.0000,no_calib
220,7.3902,0.0000,0.0000,0.0000,0.0000,0,0.0000,1.0000,,0.0000,0.0000,no_calib
221,7.4232,0.0000,0.0000,0.0000,0.0000,0,0.0000,1.0000,,0.0000,0.0000,no_calib
222,7.4561,0.0000,0.0000,0.0000,0.0000,0,0.0000,1.0000,,0.0000,0.0000,no_calib
223,7.4899,0.0000,0.0000,0.0000,0.0000,0,0.0000,1.0000,,0.0000,0.0000,no_calib
224,7.5229,0.0000,0.0000,0.0000,0.0000,0,0.0000,1.0000,,0.0000,0.0000,no_calib
225,7.5564,0.0000,0.0000,0.0000,0.0000,0,0.0000,1.0000,,0.0000,0.0000,no_calib
226,7.5900,0.0000,0.0000,0.0000,0.0000,0,0.0000,1.0000,,0.0000,0.0000,no_calib
227,7.6229,0.0000,0.0000,0.0000,0.0000,0,0.0000,1.0000,,0.0000,0.0000,no_calib
228,7.6564,0.0000,0.0000,0.0000,0.0000,0,0.0000,1.0000,,0.0000,0.0000,no_calib
229,7.6910,0.0000,0.0000,0.0000,0.0000,0,0.0000,1.0000,,0.0000,0.0000,no_calib
230,7.7234,0.0000,0.0000,0.0000,0.0000,0,0.0000,1.0000,,0.0000,0.0000,no_calib
231,7.7559,0.0000,0.0000,0.0000,0.0000,0,0.0000,1.0000,,0.0000,0.0000,no_calib
232,7.7903,0.0000,0.0000,0.0000,0.0000,0,0.0000,1.0000,,0.0000,0.0000,no_calib
233,7.8233,0.0000,0.0000,0.0000,0.0000,0,0.0000,1.0000,,0.0000,0.0000,no_calib
234,7.8558,0.0000,0.0000,0.0000,0.0000,0,0.0000,1.0000,,0.0000,0.0000,no_calib
235,7.8897,0.0000,0.0000,0.0000,0.0000,0,0.0000,1.0000,,0.0000,0.0000,no_calib
236,7.9232,0.0000,0.0000,0.0000,0.0000,0,0.0000,1.0000,,0.0000,0.0000,no_calib
237,7.9558,0.0000,0.0000,0.0000,0.0000,0,0.0000,1.0000,,0.0000,0.0000,no_calib
238,7.9893,0.0000,0.0000,0.0000,0.0000,0,0.0000,1.0000,,0.0000,0.0000,no_calib
239,8.0232,0.0000,0.0000,0.0000,0.0000,0,0.0000,1.0000,,0.0000,0.0000,no_calib
240,8.0558,0.0000,0.0000,0.0000,0.0000,0,0.0000,1.0000,,0.0000,0.0000,no_calib
241,8.1099,0.0000,0.0000,0.0000,0.0000,0,0.0000,1.0000,,0.0000,0.0000,no_calib
242,8.1348,0.0000,0.0000,0.0000,0.0000,0,0.0000,1.0000,,0.0000,0.0000,no_calib
243,8.1594,0.0000,0.0000,0.0000,0.0000,0,0.0000,1.0000,,0.0000,0.0000,no_calib
244,8.1897,0.0000,0.0000,0.0000,0.0000,0,0.0000,1.0000,,0.0000,0.0000,no_calib
245,8.2231,0.0000,0.0000,0.0000,0.0000,0,0.0000,1.0000,,0.0000,0.0000,no_calib
246,8.2559,0.0000,0.0000,0.0000,0.0000,0,0.0000,1.0000,,0.0000,0.0000,no_calib
247,8.2893,0.0000,0.0000,0.0000,0.0000,0,0.0000,1.0000,,0.0000,0.0000,no_calib
248,8.3229,0.0000,0.0000,0.0000,0.0000,0,0.0000,1.0000,,0.0000,0.0000,no_calib
249,8.3563,0.0000,0.0000,0.0000,0.0000,0,0.0000,1.0000,,0.0000,0.0000,no_calib
250,8.3901,0.0000,0.0000,0.0000,0.0000,0,0.0000,1.0000,,0.0000,0.0000,no_calib
251,8.4229,0.0000,0.0000,0.0000,0.0000,0,0.0000,1.0000,,0.0000,0.0000,no_calib
252,8.4563,0.0000,0.0000,0.0000,0.0000,0,0.0000,1.0000,,0.0000,0.0000,no_calib
253,8.4893,0.0000,0.0000,0.0000,0.0000,0,0.0000,1.0000,,0.0000,0.0000,no_calib
254,8.5228,0.0000,0.0000,0.0000,0.0000,0,0.0000,1.0000,,0.0000,0.0000,no_calib
255,8.5562,0.0000,0.0000,0.0000,0.0000,0,0.0000,1.0000,,0.0000,0.0000,no_calib
256,8.5892,0.0000,0.0000,0.0000,0.0000,0,0.0000,1.0000,,0.0000,0.0000,no_calib
257,8.6223,0.0000,0.0000,0.0000,0.0000,0,0.0000,1.0000,,0.0000,0.0000,no_calib
258,8.6562,0.0000,0.0000,0.0000,0.0000,0,0.0000,1.0000,,0.0000,0.0000,no_calib
259,8.6905,0.0000,0.0000,0.0000,0.0000,0,0.0000,1.0000,,0.0000,0.0000,no_calib
260,8.7228,0.0000,0.0000,0.0000,0.0000,0,0.0000,1.0000,,0.0000,0.0000,no_calib
261,8.7563,0.0000,0.0000,0.0000,0.0000,0,0.0000,1.0000,,0.0000,0.0000,no_calib
262,8.7894,0.0000,0.0000,0.0000,0.0000,0,0.0000,1.0000,,0.0000,0.0000,no_calib
263,8.8233,0.0000,0.0000,0.0000,0.0000,0,0.0000,1.0000,,0.0000,0.0000,no_calib
264,8.8564,0.0000,0.0000,0.0000,0.0000,0,0.0000,1.0000,,0.0000,0.0000,no_calib
265,8.8892,0.0000,0.0000,0.0000,0.0000,0,0.0000,1.0000,,0.0000,0.0000,no_calib
266,8.9231,0.0000,0.0000,0.0000,0.0000,0,0.0000,1.0000,,0.0000,0.0000,no_calib
267,8.9560,0.0000,0.0000,0.0000,0.0000,0,0.0000,1.0000,,0.0000,0.0000,no_calib
268,8.9889,0.0000,0.0000,0.0000,0.0000,0,0.0000,1.0000,,0.0000,0.0000,no_calib
269,9.0223,0.0000,0.0000,0.0000,0.0000,0,0.0000,1.0000,,0.0000,0.0000,no_calib
270,9.0564,0.0000,0.0000,0.0000,0.0000,0,0.0000,1.0000,,0.0000,0.0000,no_calib
271,9.1132,0.0000,0.0000,0.0000,0.0000,0,0.0000,1.0000,,0.0000,0.0000,no_calib
272,9.1383,0.0000,0.0000,0.0000,0.0000,0,0.0000,1.0000,,0.0000,0.0000,no_calib
273,9.1632,0.0000,0.0000,0.0000,0.0000,0,0.0000,1.0000,,0.0000,0.0000,no_calib
274,9.1891,0.0000,0.0000,0.0000,0.0000,0,0.0000,1.0000,,0.0000,0.0000,no_calib
275,9.2222,0.0000,0.0000,0.0000,0.0000,0,0.0000,1.0000,,0.0000,0.0000,no_calib
276,9.2562,0.0000,0.0000,0.0000,0.0000,0,0.0000,1.0000,,0.0000,0.0000,no_calib
277,9.2889,0.0000,0.0000,0.0000,0.0000,0,0.0000,1.0000,,0.0000,0.0000,no_calib
278,9.3225,0.0000,0.0000,0.0000,0.0000,0,0.0000,1.0000,,0.0000,0.0000,no_calib
279,9.3558,0.0000,0.0000,0.0000,0.0000,0,0.0000,1.0000,,0.0000,0.0000,no_calib
280,9.3887,0.0000,0.0000,0.0000,0.0000,0,0.0000,1.0000,,0.0000,0.0000,no_calib
281,9.4222,0.0000,0.0000,0.0000,0.0000,0,0.0000,1.0000,,0.0000,0.0000,no_calib
282,9.4559,0.0000,0.0000,0.0000,0.0000,0,0.0000,1.0000,,0.0000,0.0000,no_calib
283,9.4892,0.0000,0.0000,0.0000,0.0000,0,0.0000,1.0000,,0.0000,0.0000,no_calib
284,9.5221,0.0000,0.0000,0.0000,0.0000,0,0.0000,1.0000,,0.0000,0.0000,no_calib
285,9.5560,0.0000,0.0000,0.0000,0.0000,0,0.0000,1.0000,,0.0000,0.0000,no_calib
286,9.5892,0.0000,0.0000,0.0000,0.0000,0,0.0000,1.0000,,0.0000,0.0000,no_calib
287,9.6221,0.0000,0.0000,0.0000,0.0000,0,0.0000,1.0000,,0.0000,0.0000,no_calib
288,9.6559,0.0000,0.0000,0.0000,0.0000,0,0.0000,1.0000,,0.0000,0.0000,no_calib
289,9.6904,0.0000,0.0000,0.0000,0.0000,0,0.0000,1.0000,,0.0000,0.0000,no_calib
290,9.7220,0.0000,0.0000,0.0000,0.0000,0,0.0000,1.0000,,0.0000,0.0000,no_calib
291,9.7554,0.0000,0.0000,0.0000,0.0000,0,0.0000,1.0000,,0.0000,0.0000,no_calib
292,9.7897,0.0000,0.0000,0.0000,0.0000,0,0.0000,1.0000,,0.0000,0.0000,no_calib
293,9.8217,0.0000,0.0000,0.0000,0.0000,0,0.0000,1.0000,,0.0000,0.0000,no_calib
294,9.8559,0.0000,0.0000,0.0000,0.0000,0,0.0000,1.0000,,0.0000,0.0000,no_calib
295,9.8911,0.0000,0.0000,0.0000,0.0000,0,0.0000,1.0000,,0.0000,0.0000,no_calib
296,9.9222,0.0000,0.0000,0.0000,0.0000,0,0.0000,1.0000,,0.0000,0.0000,no_calib
297,9.9557,0.0000,0.0000,0.0000,0.0000,0,0.0000,1.0000,,0.0000,0.0000,no_calib
298,9.9892,0.0000,0.0000,0.0000,0.0000,0,0.0000,1.0000,,0.0000,0.0000,no_calib
299,10.0225,0.0000,0.0000,0.0000,0.0000,0,0.0000,1.0000,,0.0000,0.0000,no_calib
300,10.0559,0.0000,0.0000,0.0000,0.0000,0,0.0000,1.0000,,0.0000,0.0000,no_calib
301,10.1087,0.0000,0.0000,0.0000,0.0000,0,0.0000,1.0000,,0.0000,0.0000,no_calib
302,10.1335,0.0000,0.0000,0.0000,0.0000,0,0.0000,1.0000,,0.0000,0.0000,no_calib
303,10.1580,0.0000,0.0000,0.0000,0.0000,0,0.0000,1.0000,,0.0000,0.0000,no_calib
304,10.1892,0.0000,0.0000,0.0000,0.0000,0,0.0000,1.0000,,0.0000,0.0000,no_calib
305,10.2221,0.0000,0.0000,0.0000,0.0000,0,0.0000,1.0000,,0.0000,0.0000,no_calib
306,10.2551,0.0000,0.0000,0.0000,0.0000,0,0.0000,1.0000,,0.0000,0.0000,no_calib
307,10.2891,0.0000,0.0000,0.0000,0.0000,0,0.0000,1.0000,,0.0000,0.0000,no_calib
308,10.3218,0.0000,0.0000,0.0000,0.0000,0,0.0000,1.0000,,0.0000,0.0000,no_calib
309,10.3555,0.0000,0.0000,0.0000,0.0000,0,0.0000,1.0000,,0.0000,0.0000,no_calib
310,10.3888,0.0000,0.0000,0.0000,0.0000,0,0.0000,1.0000,,0.0000,0.0000,no_calib
311,10.4220,0.0000,0.0000,0.0000,0.0000,0,0.0000,1.0000,,0.0000,0.0000,no_calib
312,10.4549,0.0000,0.0000,0.0000,0.0000,0,0.0000,1.0000,,0.0000,0.0000,no_calib
313,10.4895,0.0000,0.0000,0.0000,0.0000,0,0.0000,1.0000,,0.0000,0.0000,no_calib
314,10.5224,0.0000,0.0000,0.0000,0.0000,0,0.0000,1.0000,,0.0000,0.0000,no_calib
315,10.5553,0.0000,0.0000,0.0000,0.0000,0,0.0000,1.0000,,0.0000,0.0000,no_calib
316,10.5890,0.0000,0.0000,0.0000,0.0000,0,0.0000,1.0000,,0.0000,0.0000,no_calib
317,10.6222,0.0000,0.0000,0.0000,0.0000,0,0.0000,1.0000,,0.0000,0.0000,no_calib
318,10.6549,0.0000,0.0000,0.0000,0.0000,0,0.0000,1.0000,,0.0000,0.0000,no_calib
319,10.6893,0.0000,0.0000,0.0000,0.0000,0,0.0000,1.0000,,0.0000,0.0000,no_calib
320,10.7224,0.0000,0.0000,0.0000,0.0000,0,0.0000,1.0000,,0.0000,0.0000,no_calib
321,10.7548,0.0000,0.0000,0.0000,0.0000,0,0.0000,1.0000,,0.0000,0.0000,no_calib
322,10.7889,0.0000,0.0000,0.0000,0.0000,0,0.0000,1.0000,,0.0000,0.0000,no_calib
323,10.8223,0.0000,0.0000,0.0000,0.0000,0,0.0000,1.0000,,0.0000,0.0000,no_calib
324,10.8550,0.0000,0.0000,0.0000,0.0000,0,0.0000,1.0000,,0.0000,0.0000,no_calib
325,10.8884,0.0000,0.0000,0.0000,0.0000,0,0.0000,1.0000,,0.0000,0.0000,no_calib
326,10.9221,0.0000,0.0000,0.0000,0.0000,0,0.0000,1.0000,,0.0000,0.0000,no_calib
327,10.9549,0.0000,0.0000,0.0000,0.0000,0,0.0000,1.0000,,0.0000,0.0000,no_calib
328,10.9883,0.0000,0.0000,0.0000,0.0000,0,0.0000,1.0000,,0.0000,0.0000,no_calib
329,11.0220,0.0000,0.0000,0.0000,0.0000,0,0.0000,1.0000,,0.0000,0.0000,no_calib
330,11.0550,0.0000,0.0000,0.0000,0.0000,0,0.0000,1.0000,,0.0000,0.0000,no_calib
331,11.1042,0.0000,0.0000,0.0000,0.0000,0,0.0000,1.0000,,0.0000,0.0000,no_calib
332,11.1291,0.0000,0.0000,0.0000,0.0000,0,0.0000,1.0000,,0.0000,0.0000,no_calib
333,11.1550,0.0000,0.0000,0.0000,0.0000,0,0.0000,1.0000,,0.0000,0.0000,no_calib
334,11.1881,0.0000,0.0000,0.0000,0.0000,0,0.0000,1.0000,,0.0000,0.0000,no_calib
335,11.2220,0.0000,0.0000,0.0000,0.0000,0,0.0000,1.0000,,0.0000,0.0000,no_calib
336,11.2548,0.0000,0.0000,0.0000,0.0000,0,0.0000,1.0000,,0.0000,0.0000,no_calib
337,11.2884,0.0000,0.0000,0.0000,0.0000,0,0.0000,1.0000,,0.0000,0.0000,no_calib
338,11.3217,0.0000,0.0000,0.0000,0.0000,0,0.0000,1.0000,,0.0000,0.0000,no_calib
339,11.3552,0.0000,0.0000,0.0000,0.0000,0,0.0000,1.0000,,0.0000,0.0000,no_calib
340,11.3880,0.0000,0.0000,0.0000,0.0000,0,0.0000,1.0000,,0.0000,0.0000,no_calib
341,11.4219,0.0000,0.0000,0.0000,0.0000,0,0.0000,1.0000,,0.0000,0.0000,no_calib
342,11.4553,0.0000,0.0000,0.0000,0.0000,0,0.0000,1.0000,,0.0000,0.0000,no_calib
343,11.4881,0.0000,0.0000,0.0000,0.0000,0,0.0000,1.0000,,0.0000,0.0000,no_calib
344,11.5215,0.0000,0.0000,0.0000,0.0000,0,0.0000,1.0000,,0.0000,0.0000,no_calib
345,11.5547,0.0000,0.0000,0.0000,0.0000,0,0.0000,1.0000,,0.0000,0.0000,no_calib
346,11.5915,0.0000,0.0000,0.0000,0.0000,0,0.0000,1.0000,,0.0000,0.0000,no_calib
347,11.6217,0.0000,0.0000,0.0000,0.0000,0,0.0000,1.0000,,0.0000,0.0000,no_calib
348,11.6546,0.0000,0.0000,0.0000,0.0000,0,0.0000,1.0000,,0.0000,0.0000,no_calib
349,11.6879,0.0000,0.0000,0.0000,0.0000,0,0.0000,1.0000,,0.0000,0.0000,no_calib
350,11.7211,0.0000,0.0000,0.0000,0.0000,0,0.0000,1.0000,,0.0000,0.0000,no_calib
351,11.7551,0.0000,0.0000,0.0000,0.0000,0,0.0000,1.0000,,0.0000,0.0000,no_calib
352,11.7879,0.0000,0.0000,0.0000,0.0000,0,0.0000,1.0000,,0.0000,0.0000,no_calib
353,11.8213,0.0000,0.0000,0.0000,0.0000,0,0.0000,1.0000,,0.0000,0.0000,no_calib
354,11.8552,0.0000,0.0000,0.0000,0.0000,0,0.0000,1.0000,,0.0000,0.0000,no_calib
355,11.8877,0.0000,0.0000,0.0000,0.0000,0,0.0000,1.0000,,0.0000,0.0000,no_calib
356,11.9215,0.0000,0.0000,0.0000,0.0000,0,0.0000,1.0000,,0.0000,0.0000,no_calib
357,11.9550,0.0000,0.0000,0.0000,0.0000,0,0.0000,1.0000,,0.0000,0.0000,no_calib
358,11.9878,0.0000,0.0000,0.0000,0.0000,0,0.0000,1.0000,,0.0000,0.0000,no_calib
359,12.0213,0.0000,0.0000,0.0000,0.0000,0,0.0000,1.0000,,0.0000,0.0000,no_calib
360,12.0549,0.0000,0.0000,0.0000,0.0000,0,0.0000,1.0000,,0.0000,0.0000,no_calib
361,12.1082,0.0000,0.0000,0.0000,0.0000,0,0.0000,1.0000,,0.0000,0.0000,no_calib
362,12.1333,0.0000,0.0000,0.0000,0.0000,0,0.0000,1.0000,,0.0000,0.0000,no_calib
363,12.1576,0.0000,0.0000,0.0000,0.0000,0,0.0000,1.0000,,0.0000,0.0000,no_calib
364,12.1881,0.0000,0.0000,0.0000,0.0000,0,0.0000,1.0000,,0.0000,0.0000,no_calib
365,12.2211,0.0000,0.0000,0.0000,0.0000,0,0.0000,1.0000,,0.0000,0.0000,no_calib
366,12.2549,0.0000,0.0000,0.0000,0.0000,0,0.0000,1.0000,,0.0000,0.0000,no_calib
367,12.2879,0.0000,0.0000,0.0000,0.0000,0,0.0000,1.0000,,0.0000,0.0000,no_calib
368,12.3209,0.0000,0.0000,0.0000,0.0000,0,0.0000,1.0000,,0.0000,0.0000,no_calib
369,12.3544,0.0000,0.0000,0.0000,0.0000,0,0.0000,1.0000,,0.0000,0.0000,no_calib
370,12.3881,0.0000,0.0000,0.0000,0.0000,0,0.0000,1.0000,,0.0000,0.0000,no_calib
371,12.4210,0.0000,0.0000,0.0000,0.0000,0,0.0000,1.0000,,0.0000,0.0000,no_calib
372,12.4553,0.0000,0.0000,0.0000,0.0000,0,0.0000,1.0000,,0.0000,0.0000,no_calib
373,12.4883,0.0000,0.0000,0.0000,0.0000,0,0.0000,1.0000,,0.0000,0.0000,no_calib
374,12.5209,0.0000,0.0000,0.0000,0.0000,0,0.0000,1.0000,,0.0000,0.0000,no_calib
375,12.5547,0.0000,0.0000,0.0000,0.0000,0,0.0000,1.0000,,0.0000,0.0000,no_calib
376,12.5882,0.0000,0.0000,0.0000,0.0000,0,0.0000,1.0000,,0.0000,0.0000,no_calib
377,12.6209,0.0000,0.0000,0.0000,0.0000,0,0.0000,1.0000,,0.0000,0.0000,no_calib
378,12.6549,0.0000,0.0000,0.0000,0.0000,0,0.0000,1.0000,,0.0000,0.0000,no_calib
379,12.6881,0.0000,0.0000,0.0000,0.0000,0,0.0000,1.0000,,0.0000,0.0000,no_calib
380,12.7210,0.0000,0.0000,0.0000,0.0000,0,0.0000,1.0000,,0.0000,0.0000,no_calib
381,12.7549,0.0000,0.0000,0.0000,0.0000,0,0.0000,1.0000,,0.0000,0.0000,no_calib
382,12.7887,0.0000,0.0000,0.0000,0.0000,0,0.0000,1.0000,,0.0000,0.0000,no_calib
383,12.8214,0.0000,0.0000,0.0000,0.0000,0,0.0000,1.0000,,0.0000,0.0000,no_calib
384,12.8549,0.0000,0.0000,0.0000,0.0000,0,0.0000,1.0000,,0.0000,0.0000,no_calib
385,12.8882,0.0000,0.0000,0.0000,0.0000,0,0.0000,1.0000,,0.0000,0.0000,no_calib
386,12.9278,0.0000,0.0000,0.0000,0.0000,0,0.0000,1.0000,,0.0000,0.0000,no_calib
387,12.9544,0.0000,0.0000,0.0000,0.0000,0,0.0000,1.0000,,0.0000,0.0000,no_calib
388,12.9883,0.0000,0.0000,0.0000,0.0000,0,0.0000,1.0000,,0.0000,0.0000,no_calib
389,13.0214,0.0000,0.0000,0.0000,0.0000,0,0.0000,1.0000,,0.0000,0.0000,no_calib
390,13.0542,0.0000,0.0000,0.0000,0.0000,0,0.0000,1.0000,,0.0000,0.0000,no_calib
391,13.1080,0.0000,0.0000,0.0000,0.0000,0,0.0000,1.0000,,0.0000,0.0000,no_calib
392,13.1327,0.0000,0.0000,0.0000,0.0000,0,0.0000,1.0000,,0.0000,0.0000,no_calib
393,13.1575,0.0000,0.0000,0.0000,0.0000,0,0.0000,1.0000,,0.0000,0.0000,no_calib
394,13.1879,0.0000,0.0000,0.0000,0.0000,0,0.0000,1.0000,,0.0000,0.0000,no_calib
395,13.2213,0.0000,0.0000,0.0000,0.0000,0,0.0000,1.0000,,0.0000,0.0000,no_calib
396,13.2542,0.0000,0.0000,0.0000,0.0000,0,0.0000,1.0000,,0.0000,0.0000,no_calib
397,13.2881,0.0000,0.0000,0.0000,0.0000,0,0.0000,1.0000,,0.0000,0.0000,no_calib
398,13.3211,0.0000,0.0000,0.0000,0.0000,0,0.0000,1.0000,,0.0000,0.0000,no_calib
399,13.3545,0.0000,0.0000,0.0000,0.0000,0,0.0000,1.0000,,0.0000,0.0000,no_calib
400,13.3878,0.0000,0.0000,0.0000,0.0000,0,0.0000,1.0000,,0.0000,0.0000,no_calib
401,13.4212,0.0000,0.0000,0.0000,0.0000,0,0.0000,1.0000,,0.0000,0.0000,no_calib
402,13.4544,0.0000,0.0000,0.0000,0.0000,0,0.0000,1.0000,,0.0000,0.0000,no_calib
403,13.4878,0.0000,0.0000,0.0000,0.0000,0,0.0000,1.0000,,0.0000,0.0000,no_calib
404,13.5213,0.0000,0.0000,0.0000,0.0000,0,0.0000,1.0000,,0.0000,0.0000,no_calib
405,13.5539,0.0000,0.0000,0.0000,0.0000,0,0.0000,1.0000,,0.0000,0.0000,no_calib
406,13.5873,0.0000,0.0000,0.0000,0.0000,0,0.0000,1.0000,,0.0000,0.0000,no_calib
407,13.6212,0.0000,0.0000,0.0000,0.0000,0,0.0000,1.0000,,0.0000,0.0000,no_calib
408,13.6539,0.0000,0.0000,0.0000,0.0000,0,0.0000,1.0000,,0.0000,0.0000,no_calib
409,13.6882,0.0000,0.0000,0.0000,0.0000,0,0.0000,1.0000,,0.0000,0.0000,no_calib
410,13.7212,0.0000,0.0000,0.0000,0.0000,0,0.0000,1.0000,,0.0000,0.0000,no_calib
411,13.7540,0.0000,0.0000,0.0000,0.0000,0,0.0000,1.0000,,0.0000,0.0000,no_calib
412,13.7881,0.0000,0.0000,0.0000,0.0000,0,0.0000,1.0000,,0.0000,0.0000,no_calib
413,13.8212,0.0000,0.0000,0.0000,0.0000,0,0.0000,1.0000,,0.0000,0.0000,no_calib
414,13.8538,0.0000,0.0000,0.0000,0.0000,0,0.0000,1.0000,,0.0000,0.0000,no_calib
415,13.8872,0.0000,0.0000,0.0000,0.0000,0,0.0000,1.0000,,0.0000,0.0000,no_calib
416,13.9212,0.0000,0.0000,0.0000,0.0000,0,0.0000,1.0000,,0.0000,0.0000,no_calib
417,13.9539,0.0000,0.0000,0.0000,0.0000,0,0.0000,1.0000,,0.0000,0.0000,no_calib
418,13.9873,0.0000,0.0000,0.0000,0.0000,0,0.0000,1.0000,,0.0000,0.0000,no_calib
419,14.0208,0.0000,0.0000,0.0000,0.0000,0,0.0000,1.0000,,0.0000,0.0000,no_calib
420,14.0541,0.0000,0.0000,0.0000,0.0000,0,0.0000,1.0000,,0.0000,0.0000,no_calib
421,14.1082,0.0000,0.0000,0.0000,0.0000,0,0.0000,1.0000,,0.0000,0.0000,no_calib
422,14.1348,0.0000,0.0000,0.0000,0.0000,0,0.0000,1.0000,,0.0000,0.0000,no_calib
423,14.1602,0.0000,0.0000,0.0000,0.0000,0,0.0000,1.0000,,0.0000,0.0000,no_calib
424,14.1874,0.0000,0.0000,0.0000,0.0000,0,0.0000,1.0000,,0.0000,0.0000,no_calib
425,14.2211,0.0000,0.0000,0.0000,0.0000,0,0.0000,1.0000,,0.0000,0.0000,no_calib
426,14.2547,0.0000,0.0000,0.0000,0.0000,0,0.0000,1.0000,,0.0000,0.0000,no_calib
427,14.2872,0.0000,0.0000,0.0000,0.0000,0,0.0000,1.0000,,0.0000,0.0000,no_calib
428,14.3211,0.0000,0.0000,0.0000,0.0000,0,0.0000,1.0000,,0.0000,0.0000,no_calib
429,14.3539,0.0000,0.0000,0.0000,0.0000,0,0.0000,1.0000,,0.0000,0.0000,no_calib
430,14.3871,0.0000,0.0000,0.0000,0.0000,0,0.0000,1.0000,,0.0000,0.0000,no_calib
431,14.4211,0.0000,0.0000,0.0000,0.0000,0,0.0000,1.0000,,0.0000,0.0000,no_calib
432,14.4547,0.0000,0.0000,0.0000,0.0000,0,0.0000,1.0000,,0.0000,0.0000,no_calib
433,14.4873,0.0000,0.0000,0.0000,0.0000,0,0.0000,1.0000,,0.0000,0.0000,no_calib
434,14.5208,0.0000,0.0000,0.0000,0.0000,0,0.0000,1.0000,,0.0000,0.0000,no_calib
435,14.5543,0.0000,0.0000,0.0000,0.0000,0,0.0000,1.0000,,0.0000,0.0000,no_calib
436,14.5874,0.0000,0.0000,0.0000,0.0000,0,0.0000,1.0000,,0.0000,0.0000,no_calib
437,14.6208,0.0000,0.0000,0.0000,0.0000,0,0.0000,1.0000,,0.0000,0.0000,no_calib
438,14.6542,0.0000,0.0000,0.0000,0.0000,0,0.0000,1.0000,,0.0000,0.0000,no_calib
439,14.6871,0.0000,0.0000,0.0000,0.0000,0,0.0000,1.0000,,0.0000,0.0000,no_calib
440,14.7205,0.0000,0.0000,0.0000,0.0000,0,0.0000,1.0000,,0.0000,0.0000,no_calib
441,14.7542,0.0000,0.0000,0.0000,0.0000,0,0.0000,1.0000,,0.0000,0.0000,no_calib
442,14.7875,0.0000,0.0000,0.0000,0.0000,0,0.0000,1.0000,,0.0000,0.0000,no_calib
443,14.8202,0.0000,0.0000,0.0000,0.0000,0,0.0000,1.0000,,0.0000,0.0000,no_calib
444,14.8541,0.0000,0.0000,0.0000,0.0000,0,0.0000,1.0000,,0.0000,0.0000,no_calib
445,14.8867,0.0000,0.0000,0.0000,0.0000,0,0.0000,1.0000,,0.0000,0.0000,no_calib
446,14.9202,0.0000,0.0000,0.0000,0.0000,0,0.0000,1.0000,,0.0000,0.0000,no_calib
447,14.9542,0.0000,0.0000,0.0000,0.0000,0,0.0000,1.0000,,0.0000,0.0000,no_calib
448,14.9871,0.0000,0.0000,0.0000,0.0000,0,0.0000,1.0000,,0.0000,0.0000,no_calib
449,16.2898,0.8679,-5.3462,0.8679,-5.3462,347,0.3621,1.0000,0.279393,-3.2460,9.7108,low_inlier
450,16.3204,2.1388,-3.2111,1.2709,2.1351,671,0.5825,1.0000,0.279393,-3.9882,-1.5814,
451,16.3769,3.1771,-2.2244,1.0383,0.9866,589,0.1895,1.0000,0.279393,-3.3166,-0.0903,low_inlier
452,16.4056,3.3251,-6.6802,0.1480,-4.4558,722,0.1214,1.0000,0.279393,-0.8256,7.2765,low_inlier
453,16.4344,5.0845,-6.3406,1.7594,0.3396,709,0.2985,1.0000,0.279393,-5.7222,1.9598,low_inlier
454,16.4634,8.1104,2.4107,3.0260,8.7513,380,0.2902,1.0000,0.279393,-9.2142,-9.5819,low_inlier
455,16.4924,5.4846,-2.9488,-2.6258,-5.3595,423,0.3333,1.0000,0.279393,8.1674,4.7709,low_inlier
456,16.5214,7.7580,2.5808,2.2734,5.5296,625,0.1301,1.0000,0.279393,-7.0029,-5.5411,low_inlier
457,16.5504,9.3581,5.4943,1.6001,2.9135,565,0.0967,1.0000,0.279393,-5.0040,-2.3484,low_inlier
458,16.5795,10.6212,9.4444,1.2631,3.9500,630,0.0894,1.0000,0.279393,-3.8233,-4.4708,low_inlier
459,16.6087,11.0475,9.9755,0.4263,0.5311,623,0.1752,1.0000,0.279393,-1.3521,-0.2369,low_inlier
460,16.6376,10.3388,5.1868,-0.7087,-4.7887,654,0.6521,1.0000,0.279393,1.9476,6.5880,
461,16.6663,8.7692,-1.5607,-1.5696,-6.7475,708,0.8861,1.0000,0.279393,4.6099,8.4720,
462,16.6952,8.1006,-5.3322,-0.6687,-3.7715,728,0.7581,1.0000,0.279393,1.8951,5.0316,
463,16.7236,7.9511,-6.7240,-0.1494,-1.3919,734,0.9475,1.0000,0.279393,0.3814,1.9951,
464,16.7508,7.9130,-7.6593,-0.0381,-0.9352,762,0.9575,1.0000,0.279393,0.0527,1.4290,
465,16.7789,8.5394,-6.9165,0.6264,0.7428,755,0.9237,1.0000,0.279393,-1.9896,-0.2885,
466,16.8072,10.2895,-1.7743,1.7500,5.1422,702,0.8775,1.0000,0.279393,-5.3227,-5.6700,
467,16.8357,12.1498,4.8078,1.8603,6.5821,729,0.7544,1.0000,0.279393,-5.5726,-7.7968,
468,16.8644,14.4636,13.7414,2.3138,8.9336,389,0.4805,1.0000,0.279393,-6.8736,-10.8821,low_inlier
469,16.8933,11.2237,8.8026,-3.2400,-4.9388,432,0.4156,1.0000,0.279393,10.2061,3.2317,low_inlier
470,16.9224,11.7129,14.8646,0.4892,6.0620,590,0.2424,1.0000,0.279393,-1.1328,-8.9190,low_inlier
471,16.9513,10.9563,14.2034,-0.7565,-0.6612,761,0.5763,1.0000,0.279393,2.4210,-0.0256,
472,16.9804,10.4340,11.3248,-0.5223,-2.8785,743,0.9250,1.0000,0.279393,1.4854,3.8234,
473,17.0092,9.7638,9.8273,-0.6703,-1.4975,751,0.9025,1.0000,0.279393,2.0748,1.4231,
474,17.0380,9.0721,9.9862,-0.6916,0.1589,717,0.8824,1.0000,0.279393,2.2718,-1.2341,
475,17.0664,9.0214,10.2819,-0.0508,0.2956,764,0.9700,1.0000,0.279393,0.1885,-0.5409,
476,17.0943,8.8615,9.9063,-0.1599,-0.3756,757,0.9237,1.0000,0.279393,0.4936,0.3686,
477,17.1222,8.3654,8.7106,-0.4961,-1.1956,734,0.9025,1.0000,0.279393,1.5291,1.1917,
478,17.1510,8.3190,7.8920,-0.0464,-0.8186,738,0.9350,1.0000,0.279393,0.0888,1.2324,
479,17.1791,8.3976,7.5938,0.0786,-0.2982,758,0.9525,1.0000,0.279393,-0.2797,0.5845,
480,17.2074,8.3608,7.7146,-0.0367,0.1208,734,0.9625,1.0000,0.279393,0.1293,-0.2437,
481,17.2594,8.3888,7.9779,0.0280,0.2633,794,0.9938,1.0000,0.279393,-0.0713,-0.3778,
482,17.2876,8.4376,8.1024,0.0488,0.1244,793,0.9938,1.0000,0.279393,-0.1497,-0.1281,
483,17.3151,8.4888,8.3695,0.0512,0.2671,790,0.9925,1.0000,0.279393,-0.1469,-0.3509,
484,17.3433,8.3816,8.8076,-0.1072,0.4381,791,0.9925,1.0000,0.279393,0.3840,-0.8470,
485,17.3713,8.2702,8.4828,-0.1114,-0.3248,792,0.9938,1.0000,0.279393,0.3389,0.3570,
486,17.4126,8.0626,7.6185,-0.2076,-0.8643,793,0.9925,1.0000,0.279393,0.6120,1.0758,
487,17.4424,8.0172,8.1197,-0.0454,0.5012,788,0.9850,1.0000,0.279393,0.1868,-0.8592,
488,17.4703,8.0273,9.2121,0.0101,1.0924,791,0.9912,1.0000,0.279393,0.0510,-1.7181,
489,17.4984,7.9542,9.5661,-0.0730,0.3541,792,0.9925,1.0000,0.279393,0.2658,-0.6652,
490,17.5265,7.8343,9.6636,-0.1199,0.0975,793,0.9925,1.0000,0.279393,0.3994,-0.3250,
491,17.5546,7.6734,9.7678,-0.1609,0.1042,790,0.9925,1.0000,0.279393,0.5337,-0.3937,
492,17.5887,7.2670,9.0198,-0.4063,-0.7480,790,0.9937,1.0000,0.279393,1.2701,0.6093,
493,17.6172,6.9246,8.2307,-0.3424,-0.7891,790,0.9938,1.0000,0.279393,1.0581,0.7653,
494,17.6515,6.6798,7.6758,-0.2449,-0.5549,793,0.9950,1.0000,0.279393,0.7574,0.5323,
495,17.6792,6.5238,7.6862,-0.1560,0.0104,792,0.9925,1.0000,0.279393,0.5105,-0.2380,
496,17.7069,6.5065,8.1035,-0.0172,0.4173,795,0.9950,1.0000,0.279393,0.0884,-0.6863,
497,17.7358,6.3679,7.8617,-0.1386,-0.2418,794,0.9938,1.0000,0.279393,0.4342,0.1867,
498,17.7632,6.2415,7.5704,-0.1264,-0.2913,795,0.9950,1.0000,0.279393,0.3907,0.2824,
499,17.7906,6.2302,7.7170,-0.0112,0.1466,795,0.9975,1.0000,0.279393,0.0480,-0.2485,
500,17.8177,6.1481,7.7148,-0.0822,-0.0022,793,0.9950,1.0000,0.279393,0.2683,-0.1132,
501,17.8450,6.2106,8.1236,0.0626,0.4088,791,0.9962,1.0000,0.279393,-0.1730,-0.5595,
502,17.8731,6.2826,8.3666,0.0719,0.2429,790,0.9950,1.0000,0.279393,-0.2164,-0.2831,
503,17.9011,6.2965,8.4893,0.0139,0.1227,795,0.9962,1.0000,0.279393,-0.0359,-0.1749,
504,17.9305,6.3050,8.4087,0.0085,-0.0806,793,0.9962,1.0000,0.279393,-0.0341,0.1399,
505,17.9608,6.2989,8.1358,-0.0062,-0.2729,796,0.9950,1.0000,0.279393,-0.0009,0.4240,
506,17.9884,6.3042,8.4945,0.0053,0.3587,793,0.9950,1.0000,0.279393,0.0101,-0.5613,
507,18.0152,6.4016,9.4601,0.0974,0.9655,792,0.9925,1.0000,0.279393,-0.2440,-1.3929,
508,18.0438,6.5556,10.3942,0.1540,0.9342,795,0.9938,1.0000,0.279393,-0.4315,-1.2628,
509,18.0719,6.6720,11.0046,0.1164,0.6104,790,0.9938,1.0000,0.279393,-0.3335,-0.8027,
510,18.1000,6.7043,11.4496,0.0323,0.4450,794,0.9950,1.0000,0.279393,-0.0714,-0.6599,
511,18.1515,6.6640,11.6314,-0.0404,0.1818,793,0.9938,1.0000,0.279393,0.1458,-0.3456,
512,18.1793,6.6830,11.8758,0.0191,0.2444,793,0.9950,1.0000,0.279393,-0.0435,-0.3605,
513,18.2069,6.8417,12.6287,0.1587,0.7529,790,0.9925,1.0000,0.279393,-0.4606,-0.9687,
514,18.2352,7.0227,13.7279,0.1809,1.0992,792,0.9937,1.0000,0.279393,-0.5067,-1.4863,
515,18.2643,7.1409,14.1441,0.1182,0.4163,791,0.9912,1.0000,0.279393,-0.3543,-0.4922,
516,18.2944,7.3238,14.6042,0.1829,0.4601,793,0.9950,1.0000,0.279393,-0.5623,-0.4699,
517,18.3222,7.4656,14.9076,0.1418,0.3034,793,0.9938,1.0000,0.279393,-0.4399,-0.2798,
518,18.3496,7.5217,14.5731,0.0561,-0.3345,784,0.9912,1.0000,0.279393,-0.2091,0.6102,
519,18.3771,7.7196,14.4295,0.1978,-0.1435,792,0.9938,1.0000,0.279393,-0.6574,0.5086,
520,18.4045,7.7940,14.5061,0.0744,0.0766,793,0.9925,1.0000,0.279393,-0.2372,-0.0158,
521,18.4314,7.8206,14.0185,0.0267,-0.4875,786,0.9962,1.0000,0.279393,-0.1246,0.8111,
522,18.4592,7.8427,13.3943,0.0221,-0.6242,795,0.9938,1.0000,0.279393,-0.1201,1.0213,
523,18.4865,7.9036,13.0981,0.0609,-0.2962,782,0.9938,1.0000,0.279393,-0.2217,0.5562,
524,18.5139,8.1095,12.6614,0.2059,-0.4367,785,0.9812,1.0000,0.279393,-0.7062,0.9849,
525,18.5418,8.2952,12.5112,0.1857,-0.1502,790,0.9888,1.0000,0.279393,-0.6182,0.5019,
526,18.5694,8.4287,11.7344,0.1336,-0.7767,777,0.9737,1.0000,0.279393,-0.4960,1.4214,
527,18.5974,8.6396,10.2775,0.2108,-1.4570,773,0.8673,1.0000,0.279393,-0.8007,2.6100,
528,18.6254,8.6982,8.8990,0.0587,-1.3784,773,0.9360,1.0000,0.279393,-0.2975,2.2693,
529,18.6535,8.9533,8.9472,0.2551,0.0482,774,0.7887,1.0000,0.279393,-0.8296,0.2858,
530,18.6814,9.4865,10.6998,0.5332,1.7526,764,0.6837,1.0000,0.279393,-1.6074,-2.0223,
531,18.7094,9.9927,12.2819,0.5062,1.5821,756,0.3546,1.0000,0.279393,-1.5323,-1.7903,low_inlier
532,18.7376,10.4280,14.7291,0.4353,2.4472,752,0.2644,1.0000,0.279393,-1.2343,-3.2629,low_inlier
533,18.7661,10.6749,16.1494,0.2469,1.4203,744,0.2434,1.0000,0.279393,-0.6977,-1.9019,low_inlier
534,18.7965,10.4958,14.8189,-0.1791,-1.3306,744,0.3283,1.0000,0.279393,0.4830,1.8558,low_inlier
535,18.8290,10.2237,12.0370,-0.2722,-2.7819,765,0.6495,1.0000,0.279393,0.6756,4.0252,
536,18.8585,10.0092,8.6806,-0.2145,-3.3564,760,0.5777,1.0000,0.279393,0.4430,5.0183,
537,18.8864,10.0505,7.4378,0.0413,-1.2428,775,0.9163,1.0000,0.279393,-0.2303,2.0296,
538,18.9143,10.3259,7.4378,0.2755,0.0000,767,0.9400,1.0000,0.279393,-0.9000,0.3911,
539,18.9421,10.2152,6.2014,-0.1107,-1.2364,765,0.6295,1.0000,0.279393,0.2667,1.8036,
540,18.9699,9.8350,4.4171,-0.3803,-1.7843,754,0.5775,1.0000,0.279393,1.1053,2.2897,
541,19.0214,9.2786,2.3966,-0.5564,-2.0205,774,0.3162,1.0000,0.279393,1.6627,2.4143,low_inlier
542,19.0495,8.2983,-0.2163,-0.9803,-2.6130,745,0.2875,1.0000,0.279393,3.0022,2.7518,low_inlier
543,19.0779,7.4152,-1.9314,-0.8830,-1.7151,767,0.5500,1.0000,0.279393,2.7532,1.4661,
544,19.1062,6.6862,-2.4457,-0.7291,-0.5143,785,0.8838,1.0000,0.279393,2.3425,-0.2197,
545,19.1342,6.1081,-2.5367,-0.5781,-0.0910,780,0.8525,1.0000,0.279393,1.8817,-0.6765,
546,19.1622,5.6323,-3.7776,-0.4758,-1.2409,780,0.9012,1.0000,0.279393,1.4591,1.2923,
547,19.1899,5.3885,-5.3531,-0.2439,-1.5755,786,0.9387,1.0000,0.279393,0.6757,2.1523,
548,19.2177,5.3435,-6.4846,-0.0449,-1.1316,785,0.9788,1.0000,0.279393,0.0599,1.7308,
549,19.2459,5.4609,-7.2295,0.1174,-0.7448,785,0.9875,1.0000,0.279393,-0.4407,1.3479,
550,19.2737,5.5878,-8.6201,0.1268,-1.3906,781,0.9700,1.0000,0.279393,-0.5211,2.3854,
551,19.3018,5.7239,-8.8285,0.1362,-0.2084,792,0.9925,1.0000,0.279393,-0.4609,0.5239,
552,19.3294,5.8757,-8.4153,0.1517,0.4132,783,0.9925,1.0000,0.279393,-0.4641,-0.4397,
553,19.3574,5.9663,-8.0106,0.0906,0.4047,782,0.9912,1.0000,0.279393,-0.2650,-0.5132,
554,19.3849,6.0162,-7.9031,0.0499,0.1076,787,0.9925,1.0000,0.279393,-0.1548,-0.0997,
555,19.4122,6.1401,-7.2806,0.1239,0.6225,783,0.9875,1.0000,0.279393,-0.3571,-0.8113,
556,19.4398,6.2274,-5.7968,0.0872,1.4837,783,0.9788,1.0000,0.279393,-0.1710,-2.2292,
557,19.4674,6.3780,-4.1070,0.1507,1.6898,784,0.9487,1.0000,0.279393,-0.3625,-2.4660,
558,19.4953,6.4221,-3.3525,0.0441,0.7545,786,0.9850,1.0000,0.279393,-0.0861,-1.1339,
559,19.5259,6.4139,-3.1290,-0.0082,0.2235,790,0.9875,1.0000,0.279393,0.0438,-0.3661,
560,19.5590,6.4207,-3.0726,0.0068,0.0564,789,0.9862,1.0000,0.279393,-0.0179,-0.0798,
561,19.5865,6.4639,-2.0362,0.0432,1.0364,730,0.5244,1.0000,0.279393,-0.0615,-1.5822,
562,19.6149,6.4291,-1.2086,-0.0348,0.8276,777,0.4487,1.0000,0.279393,0.1771,-1.3618,low_inlier
563,19.6430,6.3259,-1.3383,-0.1032,-0.1297,792,0.9587,1.0000,0.279393,0.3272,0.0591,
564,19.6707,6.2110,-1.8130,-0.1149,-0.4747,791,0.9888,1.0000,0.279393,0.3390,0.5897,
565,19.6985,6.1873,-1.0322,-0.0238,0.7808,793,0.9938,1.0000,0.279393,0.1376,-1.2720,
566,19.7264,6.0771,-0.7189,-0.1102,0.3133,793,0.9938,1.0000,0.279393,0.3840,-0.6533,
567,19.7539,5.8685,-0.2301,-0.2086,0.4889,794,0.9962,1.0000,0.279393,0.7191,-1.0715,
568,19.7818,5.7252,0.2756,-0.1433,0.5056,797,0.9975,1.0000,0.279393,0.5070,-1.0053,
569,19.8094,5.7267,0.7871,0.0015,0.5115,793,0.9950,1.0000,0.279393,0.0343,-0.8090,
570,19.8369,5.6363,1.7303,-0.0904,0.9433,786,0.9812,1.0000,0.279393,0.3679,-1.6243,
571,19.8874,5.5541,2.9199,-0.0822,1.1895,790,0.9737,1.0000,0.279393,0.3599,-2.0032,
572,19.9154,5.4576,3.1530,-0.0965,0.2331,794,0.9950,1.0000,0.279393,0.3331,-0.5067,
573,19.9429,5.4488,2.9542,-0.0088,-0.1988,795,0.9962,1.0000,0.279393,0.0134,0.3028,
574,19.9699,5.5329,3.6600,0.0841,0.7058,793,0.9938,1.0000,0.279393,-0.2205,-0.9999,
575,19.9975,5.5504,4.9413,0.0175,1.2813,794,0.9925,1.0000,0.279393,0.0411,-2.0071,
576,20.0252,5.5702,5.4011,0.0198,0.4598,793,0.9912,1.0000,0.279393,-0.0292,-0.7012,
577,20.0532,5.6445,6.2405,0.0744,0.8394,792,0.9900,1.0000,0.279393,-0.1785,-1.2256,
578,20.0834,5.7267,7.3914,0.0822,1.1509,794,0.9925,1.0000,0.279393,-0.1801,-1.7085,
579,20.1164,5.6311,7.5058,-0.0956,0.1144,795,0.9938,1.0000,0.279393,0.3212,-0.3172,
580,20.1501,5.4224,6.4181,-0.2087,-1.0877,792,0.9912,1.0000,0.279393,0.5984,1.4286,
581,20.1836,5.0667,5.2628,-0.3557,-1.1553,793,0.9938,1.0000,0.279393,1.0734,1.3272,
582,20.2167,4.8274,4.6079,-0.2393,-0.6549,794,0.9938,1.0000,0.279393,0.7314,0.6989,
583,20.2501,4.5248,3.7058,-0.3027,-0.9021,795,0.9950,1.0000,0.279393,0.9196,1.0009,
584,20.2834,3.4423,0.9875,-1.0824,-2.7183,784,0.9875,1.0000,0.279393,3.3277,2.7739,
585,20.3171,1.9291,-3.4608,-1.5133,-4.4483,790,0.8609,1.0000,0.279393,4.6025,4.9057,
586,20.3501,0.8763,-7.4531,-1.0528,-3.9923,780,0.7046,1.0000,0.279393,3.1331,4.8364,
587,20.3834,-0.4328,-10.5171,-1.3090,-3.0639,749,0.3713,1.0000,0.279393,4.0416,3.0002,low_inlier
588,20.4170,-1.8545,-12.5128,-1.4218,-1.9957,742,0.1988,1.0000,0.279393,4.4919,1.1461,low_inlier
589,20.4505,-3.3959,-15.4701,-1.5414,-2.9574,754,0.2238,1.0000,0.279393,4.8089,2.5013,low_inlier
590,20.4833,-4.7289,-19.4131,-1.3329,-3.9429,753,0.3613,1.0000,0.279393,4.0521,4.3604,low_inlier
591,20.5166,-6.4446,-23.9219,-1.7157,-4.5088,760,0.7688,1.0000,0.279393,5.2592,4.7143,
592,20.5499,-8.6630,-29.1264,-2.2185,-5.2045,741,0.9274,1.0000,0.279393,6.8484,5.1036,
593,20.5835,-11.2130,-35.8799,-2.5500,-6.7536,710,0.9011,1.0000,0.279393,7.8125,7.0895,
594,20.6167,-13.6085,-41.4215,-2.3955,-5.5415,715,0.7747,1.0000,0.279393,7.4008,5.3867,
595,20.6502,-15.9800,-43.1700,-2.3716,-1.7485,760,0.8938,1.0000,0.279393,7.6140,-0.5946,
596,20.6835,-18.2049,-41.8407,-2.2249,1.3293,718,0.8250,1.0000,0.279393,7.3710,-5.2673,
597,20.7186,-19.6804,-38.8383,-1.4755,3.0024,690,0.7247,1.0000,0.279393,5.0511,-6.8566,
598,20.7498,-19.3403,-34.5366,0.3401,4.3017,658,0.1925,1.0000,0.279393,-0.7809,-6.3391,low_inlier
599,20.7835,-16.8381,-30.7261,2.5022,3.8106,488,0.0838,1.0000,0.279393,-7.8824,-2.4901,low_inlier
600,20.8164,-13.4507,-25.0539,3.3874,5.6722,606,0.1593,1.0000,0.279393,-10.6316,-4.1854,low_inlier
601,20.8709,-14.6993,-31.2909,-1.2486,-6.2371,453,0.2859,1.0000,0.279393,3.6005,8.1183,low_inlier
602,20.9000,-11.4082,-25.7633,3.2911,5.5276,731,0.1960,1.0000,0.279393,-10.3281,-4.0929,low_inlier
603,20.9288,-9.5739,-23.0883,1.8343,2.6751,735,0.2208,1.0000,0.279393,-5.7875,-1.6377,low_inlier
604,20.9591,-8.9402,-24.3997,0.6337,-1.3114,752,0.3050,1.0000,0.279393,-2.1710,2.9796,low_inlier
605,20.9877,-9.0627,-29.0864,-0.1224,-4.6867,740,0.6325,1.0000,0.279393,0.0401,7.2588,
606,21.0164,-9.3242,-32.1957,-0.2616,-3.1093,739,0.8638,1.0000,0.279393,0.6158,4.5595,
607,21.0502,-9.2453,-31.6746,0.0789,0.5211,747,0.3100,1.0000,0.279393,-0.2177,-0.7144,low_inlier
608,21.0833,-8.1960,-31.5099,1.0493,0.1647,744,0.4798,1.0000,0.279393,-3.4157,1.2288,low_inlier
609,21.1167,-7.1647,-32.3765,1.0313,-0.8666,745,0.9169,1.0000,0.279393,-3.4358,2.8387,
610,21.1502,-6.1788,-34.9848,0.9859,-2.6083,726,0.8287,1.0000,0.279393,-3.4214,5.5365,
611,21.1834,-4.8830,-39.0792,1.2958,-4.0944,719,0.7650,1.0000,0.279393,-4.5480,8.3333,
612,21.2168,-4.0328,-42.1921,0.8502,-3.1129,718,0.6600,1.0000,0.279393,-3.0168,6.1439,
613,21.2501,-3.7349,-43.6950,0.2979,-1.5029,742,0.8363,1.0000,0.279393,-1.0887,2.8064,
614,21.2834,-3.9441,-43.4962,-0.2093,0.1987,729,0.8538,1.0000,0.279393,0.6990,-0.6123,
615,21.3165,-3.8339,-41.0411,0.1103,2.4552,684,0.6975,1.0000,0.279393,-0.1718,-3.7370,
616,21.3497,-4.1987,-38.3983,-0.3649,2.6428,653,0.5350,1.0000,0.279393,1.3950,-4.7093,
617,21.3831,-4.9560,-35.4793,-0.7572,2.9190,604,0.2437,1.0000,0.279393,2.6982,-5.7045,low_inlier
618,21.4163,-5.3459,-34.1171,-0.3899,1.3622,733,0.4350,1.0000,0.279393,1.3786,-2.7140,low_inlier
619,21.4498,-5.9199,-34.1725,-0.5740,-0.0554,763,0.5312,1.0000,0.279393,1.8712,-0.7272,
620,21.4830,-6.2094,-33.7519,-0.2895,0.4206,734,0.7113,1.0000,0.279393,0.9782,-1.0781,
621,21.5163,-5.7531,-31.3178,0.4563,2.4341,736,0.7562,1.0000,0.279393,-1.3040,-3.2122,
622,21.5499,-5.2436,-28.9301,0.5095,2.3877,745,0.5625,1.0000,0.279393,-1.4813,-3.0632,
623,21.5829,-4.4980,-25.6910,0.7456,3.2391,717,0.8213,1.0000,0.279393,-2.1874,-4.0781,
624,21.6162,-3.7267,-21.4052,0.7713,4.2858,730,0.7188,1.0000,0.279393,-2.1907,-5.7016,
625,21.6495,-2.7976,-16.2300,0.9292,5.1753,718,0.6950,1.0000,0.279393,-2.6383,-6.8880,
626,21.6827,-1.8601,-11.2390,0.9375,4.9909,710,0.6488,1.0000,0.279393,-2.6796,-6.5839,
627,21.7182,-1.2088,-6.7786,0.6513,4.4604,727,0.6950,1.0000,0.279393,-1.7853,-6.1490,
628,21.7498,-0.9747,-4.2122,0.2341,2.5664,738,0.5563,1.0000,0.279393,-0.5677,-3.7376,
629,21.7833,-0.5669,-2.5510,0.4078,1.6612,735,0.9137,1.0000,0.279393,-1.2049,-2.0553,
630,21.8164,0.3269,-0.4202,0.8938,2.1309,748,0.9000,1.0000,0.279393,-2.7565,-2.1102,
631,21.8689,1.2307,1.1296,0.9039,1.5498,774,0.8755,1.0000,0.279393,-2.8340,-1.1743,
632,21.8969,2.1815,2.1467,0.9508,1.0171,773,0.9663,1.0000,0.279393,-3.0283,-0.2629,
633,21.9247,3.2975,3.4609,1.1160,1.3142,778,0.9712,1.0000,0.279393,-3.5452,-0.4995,
634,21.9527,4.4995,4.5185,1.2020,1.0576,779,0.9587,1.0000,0.279393,-3.8458,0.0295,
635,21.9829,6.0325,5.2811,1.5330,0.7626,773,0.9525,1.0000,0.279393,-4.9501,0.9674,
636,22.0159,7.5437,5.9097,1.5111,0.6286,773,0.7887,1.0000,0.279393,-4.8888,1.1488,
637,22.0519,9.2100,7.0074,1.6664,1.0977,757,0.9237,1.0000,0.279393,-5.3599,0.6254,
638,22.0829,11.2966,9.1277,2.0866,2.1202,764,0.9299,1.0000,0.279393,-6.6544,-0.3996,
639,22.1167,13.2017,13.0671,1.9051,3.9394,751,0.9329,1.0000,0.279393,-5.9218,-3.5423,
640,22.1494,14.8630,15.8362,1.6613,2.7692,765,0.7679,1.0000,0.279393,-5.2150,-2.0326,
641,22.1826,16.5043,17.6072,1.6412,1.7710,743,0.9213,1.0000,0.279393,-5.2262,-0.4780,
642,22.2162,18.4798,19.1238,1.9755,1.5166,747,0.9236,1.0000,0.279393,-6.3378,0.4001,
643,22.2495,20.3710,20.5687,1.8913,1.4450,742,0.9123,1.0000,0.279393,-6.0680,0.3940,
644,22.2825,22.4486,22.2495,2.0776,1.6808,707,0.9062,1.0000,0.279393,-6.6588,0.2846,
645,22.3161,24.6179,24.8691,2.1693,2.6196,710,0.8912,1.0000,0.279393,-6.8861,-1.0742,
646,22.3495,26.2972,26.6004,1.6793,1.7313,738,0.8538,1.0000,0.279393,-5.3535,-0.3611,
647,22.3824,28.2631,27.7040,1.9659,1.1036,695,0.8050,1.0000,0.279393,-6.3380,1.0413,
648,22.4159,30.3984,29.0295,2.1354,1.3254,716,0.4762,1.0000,0.279393,-6.8748,0.9302,low_inlier
649,22.4494,33.4962,31.0477,3.0977,2.0183,679,0.4178,1.0000,0.279393,-9.9658,1.1979,low_inlier
650,22.4829,37.4089,32.7456,3.9127,1.6979,614,0.4179,1.0000,0.279393,-12.6530,2.8633,low_inlier
651,22.5159,42.2814,36.4269,4.8725,3.6813,534,0.3107,1.0000,0.279393,-15.6363,1.0805,low_inlier
652,22.5492,46.4527,40.0393,4.1713,3.6124,524,0.5649,1.0000,0.279393,-13.3509,0.1943,
653,22.5828,49.8024,42.0571,3.3497,2.0177,577,0.6479,1.0000,0.279393,-10.7890,1.5566,
654,22.6157,52.7244,42.5346,2.9220,0.4776,537,0.6085,1.0000,0.279393,-9.5098,3.3917,
655,22.6492,56.3242,44.3133,3.5998,1.7787,478,0.4475,1.0000,0.279393,-11.6245,2.2908,low_inlier
656,22.6852,59.7938,46.2765,3.4696,1.9631,509,0.6320,1.0000,0.279393,-11.1849,1.8134,
657,22.7176,62.6868,47.4070,2.8930,1.1305,511,0.6375,1.0000,0.279393,-9.3652,2.3152,
658,22.7492,65.5021,49.2194,2.8152,1.8125,484,0.6053,1.0000,0.279393,-9.0586,1.1231,
659,22.7829,68.4938,50.8753,2.9917,1.6559,462,0.5945,1.0000,0.279393,-9.6471,1.6221,
660,22.8160,71.4395,52.3250,2.9458,1.4497,490,0.5907,1.0000,0.279393,-9.5128,1.8838,
661,22.8694,74.1398,55.1476,2.7003,2.8226,650,0.7701,1.0000,0.279393,-8.6053,-0.6421,
662,22.8983,76.8764,58.4282,2.7366,3.2806,640,0.5995,1.0000,0.279393,-8.6890,-1.3168,
663,22.9272,80.1075,61.8295,3.2311,3.4013,616,0.6818,1.0000,0.279393,-10.2954,-0.8059,
664,22.9584,82.7331,64.8116,2.6256,2.9821,567,0.6918,1.0000,0.279393,-8.3492,-1.0010,
665,22.9890,85.2164,66.9889,2.4833,2.1773,625,0.7388,1.0000,0.279393,-7.9462,0.0734,
666,23.0178,88.1976,69.8968,2.9811,2.9079,628,0.6846,1.0000,0.279393,-9.5164,-0.3786,
667,23.0489,91.1906,74.4366,2.9930,4.5398,608,0.5902,1.0000,0.279393,-9.4301,-2.9495,
668,23.0823,94.0344,77.6727,2.8438,3.2361,560,0.3977,1.0000,0.279393,-9.0425,-1.0941,low_inlier
669,23.1157,97.2046,79.2416,3.1703,1.5689,575,0.4944,1.0000,0.279393,-10.2372,2.0135,low_inlier
670,23.1489,100.6888,81.7900,3.4841,2.5484,551,0.5720,1.0000,0.279393,-11.1875,0.9059,
671,23.1822,104.1933,83.5370,3.5045,1.7470,485,0.4412,1.0000,0.279393,-11.3156,2.2057,low_inlier
672,23.2153,107.9962,85.3199,3.8029,1.7829,527,0.4775,1.0000,0.279393,-12.2878,2.5726,low_inlier
673,23.2490,111.3074,86.8382,3.3112,1.5183,535,0.5813,1.0000,0.279393,-10.7015,2.2939,
674,23.2822,113.9635,87.5411,2.6561,0.7029,576,0.6025,1.0000,0.279393,-8.6238,2.6569,
675,23.3155,116.4276,88.5218,2.4641,0.9808,561,0.5875,1.0000,0.279393,-7.9754,1.9436,
676,23.3489,118.1363,90.2166,1.7087,1.6948,603,0.5970,1.0000,0.279393,-5.4523,-0.2615,
677,23.3822,119.1305,90.2176,0.9942,0.0009,610,0.6887,1.0000,0.279393,-3.2482,1.4103,
678,23.4154,119.8137,89.2761,0.6832,-0.9414,614,0.7388,1.0000,0.279393,-2.3044,2.4631,
679,23.4493,120.1676,88.1855,0.3539,-1.0906,619,0.7488,1.0000,0.279393,-1.2400,2.2321,
680,23.4827,120.3580,87.5665,0.1903,-0.6190,640,0.7925,1.0000,0.279393,-0.6693,1.2518,
681,23.5160,120.1397,86.4688,-0.2183,-1.0977,614,0.7625,1.0000,0.279393,0.6289,1.4309,
682,23.5493,119.8230,86.2959,-0.3167,-0.1729,535,0.6525,1.0000,0.279393,1.0215,-0.1756,
683,23.5824,119.2762,85.8860,-0.5468,-0.4099,538,0.6248,1.0000,0.279393,1.7549,-0.1263,
684,23.6157,118.3225,83.8458,-0.9537,-2.0402,581,0.7265,1.0000,0.279393,2.9592,1.8813,
685,23.6494,116.9472,82.0409,-1.3752,-1.8049,601,0.7544,1.0000,0.279393,4.3545,0.9096,
686,23.6825,114.9495,79.9525,-1.9977,-2.0884,644,0.7084,1.0000,0.279393,6.3665,0.4753,
687,23.7168,112.7371,76.1781,-2.2124,-3.7744,618,0.7644,1.0000,0.279393,6.9384,2.8443,
688,23.7491,110.2945,73.8330,-2.4425,-2.3451,639,0.7447,1.0000,0.279393,7.8000,0.2507,
689,23.7827,107.5779,73.0997,-2.7167,-0.7333,597,0.7509,1.0000,0.279393,8.8194,-2.6946,
690,23.8164,104.6674,72.4361,-2.9105,-0.6636,614,0.7551,1.0000,0.279393,9.4581,-3.0805,
691,23.8705,101.3460,72.3511,-3.3214,-0.0850,591,0.6417,1.0000,0.279393,10.8448,-4.5814,
692,23.9002,97.3222,71.0484,-4.0238,-1.3027,588,0.6360,1.0000,0.279393,13.0462,-3.6477,
693,23.9299,93.0453,67.9495,-4.2770,-3.0989,460,0.5259,1.0000,0.279393,13.7355,-1.1587,
694,23.9591,88.2375,63.5292,-4.8077,-4.4203,456,0.1904,1.0000,0.279393,15.3681,0.1833,low_inlier
695,23.9889,85.1558,61.6917,-3.0817,-1.8375,620,0.0014,1.0000,0.279393,9.9272,-1.4618,low_inlier
696,24.0190,80.2600,56.9514,-4.8959,-4.7403,415,0.3730,1.0000,0.279393,15.6314,0.5656,low_inlier
697,24.0491,75.2481,52.1191,-5.0118,-4.8323,506,0.2301,1.0000,0.279393,16.0033,0.5469,low_inlier
698,24.0822,69.7826,47.2147,-5.4656,-4.9044,271,0.1245,1.0000,0.279393,17.4802,0.0169,low_inlier
699,24.1154,67.5751,42.3691,-2.2075,-4.8456,767,0.0000,1.0000,0.279393,6.8401,4.5500,low_inlier
700,24.1486,62.3939,37.0229,-5.1811,-5.3461,748,0.0000,1.0000,0.279393,16.5169,1.1214,low_inlier
701,24.1820,56.3021,32.4901,-6.0919,-4.5328,296,0.0934,1.0000,0.279393,19.5549,-1.4617,low_inlier
702,24.2160,50.2436,26.7145,-6.0585,-5.7756,338,0.1629,1.0000,0.279393,19.3503,0.5567,low_inlier
703,24.2483,44.3993,20.9069,-5.8443,-5.8075,642,0.0346,1.0000,0.279393,18.6483,0.9113,low_inlier
704,24.2818,38.6763,15.3340,-5.7230,-5.5729,360,0.1230,1.0000,0.279393,18.2698,0.7116,low_inlier
705,24.3154,33.0452,10.4827,-5.6311,-4.8514,441,0.1130,1.0000,0.279393,18.0250,-0.3022,low_inlier
706,24.3486,27.0997,5.2554,-5.9455,-5.2273,347,0.1514,1.0000,0.279393,19.0234,-0.1525,low_inlier
707,24.3821,21.9608,0.2291,-5.1389,-5.0262,405,0.1548,1.0000,0.279393,16.4034,0.6740,low_inlier
708,24.4154,17.0602,-3.9340,-4.9006,-4.1632,359,0.1619,1.0000,0.279393,15.6913,-0.3564,low_inlier
709,24.4487,12.1442,-8.3189,-4.9160,-4.3849,349,0.2595,1.0000,0.279393,15.7244,-0.0266,low_inlier
710,24.4819,7.7165,-12.8243,-4.4278,-4.5054,391,0.1742,1.0000,0.279393,14.1201,0.8578,low_inlier
711,24.5155,3.2456,-17.2174,-4.4709,-4.3930,422,0.2171,1.0000,0.279393,14.2697,0.6183,low_inlier
712,24.5482,-1.0697,-21.5649,-4.3153,-4.3475,429,0.1872,1.0000,0.279393,13.7648,0.7671,low_inlier
713,24.5818,-5.3035,-24.9979,-4.2338,-3.4330,506,0.2058,1.0000,0.279393,13.5687,-0.5674,low_inlier
714,24.6151,-9.9838,-28.7557,-4.6803,-3.7578,413,0.2981,1.0000,0.279393,15.0026,-0.6864,low_inlier
715,24.6484,-14.6187,-33.2489,-4.6349,-4.4932,462,0.2010,1.0000,0.279393,14.7978,0.5444,low_inlier
716,24.6815,-19.0596,-37.0189,-4.4409,-3.7700,437,0.2708,1.0000,0.279393,14.2194,-0.3271,low_inlier
717,24.7154,-23.6801,-41.4206,-4.6206,-4.4017,328,0.2081,1.0000,0.279393,14.7580,0.4195,low_inlier
718,24.7489,-28.3617,-45.4094,-4.6816,-3.9889,350,0.1826,1.0000,0.279393,14.9890,-0.3218,low_inlier
719,24.7816,-32.6680,-47.6308,-4.3063,-2.2213,374,0.2934,1.0000,0.279393,13.8986,-2.5920,low_inlier
720,24.8156,-36.7503,-51.2524,-4.0823,-3.6216,413,0.3248,1.0000,0.279393,13.0594,-0.0533,low_inlier
721,24.8687,-40.4139,-53.2126,-3.6636,-1.9602,766,0.8810,1.0000,0.279393,11.8190,-2.0935,
722,24.8979,-44.3701,-55.0560,-3.9562,-1.8434,685,0.6913,1.0000,0.279393,12.7838,-2.6942,
723,24.9274,-48.8403,-58.8546,-4.4702,-3.7985,775,0.5157,1.0000,0.279393,14.3132,-0.3235,
724,24.9564,-52.9646,-62.5091,-4.1242,-3.6545,771,0.5594,1.0000,0.279393,13.1938,-0.0607,
725,24.9854,-56.7544,-66.1037,-3.7899,-3.5946,774,0.7222,1.0000,0.279393,12.1060,0.3192,
726,25.0158,-60.0663,-69.7621,-3.3119,-3.6584,748,0.8961,1.0000,0.279393,10.5395,1.0990,
727,25.0488,-62.8118,-72.1122,-2.7455,-2.3502,763,0.9024,1.0000,0.279393,8.7894,-0.1714,
728,25.0824,-65.4175,-72.9213,-2.6057,-0.8090,755,0.9449,1.0000,0.279393,8.4511,-2.4170,
729,25.1154,-67.6823,-73.3965,-2.2647,-0.4752,750,0.9436,1.0000,0.279393,7.3627,-2.4622,
730,25.1493,-69.6128,-74.1651,-1.9305,-0.7686,755,0.9097,1.0000,0.279393,6.2483,-1.5223,
731,25.1823,-71.2724,-73.7356,-1.6597,0.4295,756,0.8643,1.0000,0.279393,5.4553,-3.0378,
732,25.2154,-73.4673,-72.6129,-2.1948,1.1227,681,0.6441,1.0000,0.279393,7.2570,-4.8970,
733,25.2492,-76.0488,-72.3156,-2.5815,0.2974,710,0.5165,1.0000,0.279393,8.4571,-4.1373,
734,25.2824,-78.5543,-72.4808,-2.5055,-0.1652,723,0.5809,1.0000,0.279393,8.1732,-3.2957,
735,25.3151,-80.8934,-72.0332,-2.3391,0.4476,584,0.4973,1.0000,0.279393,7.6765,-4.0313,low_inlier
736,25.3488,-82.0030,-72.0179,-1.1095,0.0153,750,0.8661,1.0000,0.279393,3.6262,-1.5997,
737,25.3819,-82.5016,-71.1225,-0.4987,0.8954,762,0.9563,1.0000,0.279393,1.6979,-2.1281,
738,25.4150,-83.1982,-70.3304,-0.6966,0.7921,764,0.9450,1.0000,0.279393,2.3366,-2.2452,
739,25.4485,-84.3847,-73.8809,-1.1865,-3.5505,368,0.2211,1.0000,0.279393,3.6039,3.9459,low_inlier
740,25.4821,-83.1798,-71.4538,1.2049,2.4271,601,0.0278,1.0000,0.279393,-3.7502,-2.1381,low_inlier
741,25.5150,-82.9506,-71.1058,0.2292,0.3480,377,0.0651,1.0000,0.279393,-0.7220,-0.2265,low_inlier
742,25.5482,-89.9615,-91.3392,-7.0108,-20.2334,321,0.0188,1.0000,0.279393,21.3517,22.1327,low_inlier
743,25.5816,-98.4140,-110.9938,-8.4526,-19.6546,588,0.0000,1.0000,0.279393,26.1064,19.1677,low_inlier
744,25.6143,-110.3144,-134.4998,-11.9004,-23.5060,554,0.0187,1.0000,0.279393,37.0752,20.3798,low_inlier
745,25.6485,-118.3588,-146.1397,-8.0444,-11.6398,729,0.0025,1.0000,0.279393,25.3884,7.0366,low_inlier
746,25.6814,-118.7046,-145.8836,-0.3458,0.2561,329,0.0091,1.0000,0.279393,1.1493,-0.8971,low_inlier
747,25.7162,-118.6707,-145.3158,0.0339,0.5677,345,0.0090,1.0000,0.279393,-0.0671,-0.8522,low_inlier
748,25.7483,-119.7860,-146.3447,-1.1153,-1.0289,342,0.0052,1.0000,0.279393,3.5650,0.0479,low_inlier
749,25.7815,-120.0999,-146.4311,-0.3138,-0.0864,503,0.0164,1.0000,0.279393,1.0186,-0.3086,low_inlier
750,25.8154,-119.9335,-145.9066,0.1664,0.5245,454,0.0263,1.0000,0.279393,-0.5034,-0.5955,low_inlier
751,25.8691,-131.4480,-144.1185,-11.5146,1.7880,422,0.0103,1.0000,0.279393,37.7570,-19.1859,low_inlier
752,25.8990,-141.1969,-143.6033,-9.7489,0.5152,555,0.0014,1.0000,0.279393,31.8906,-14.6602,low_inlier
753,25.9291,-141.6117,-140.4114,-0.4148,3.1919,608,0.0026,1.0000,0.279393,1.6002,-5.6510,low_inlier
754,25.9593,-142.2302,-135.8931,-0.6185,4.5183,668,0.0000,1.0000,0.279393,2.3676,-8.0437,low_inlier
755,25.9894,-143.8466,-132.1782,-1.6164,3.7149,469,0.0014,1.0000,0.279393,5.5663,-8.1866,low_inlier
756,26.0199,-152.7759,-136.5528,-8.9293,-4.3745,588,0.0000,1.0000,0.279393,28.8372,-5.7417,low_inlier
757,26.0496,-162.0799,-139.7883,-9.3041,-3.2355,666,0.0027,1.0000,0.279393,30.1492,-8.0803,low_inlier
758,26.0821,-172.1781,-144.4946,-10.0981,-4.7063,596,0.0030,1.0000,0.279393,32.6305,-6.8753,low_inlier
759,26.1156,-182.8393,-150.4543,-10.6613,-5.9597,514,0.0497,1.0000,0.279393,34.3741,-5.6871,low_inlier
760,26.1484,-190.2507,-153.8786,-7.4114,-3.4243,676,0.0092,1.0000,0.279393,23.9510,-5.0933,low_inlier
761,26.1813,-198.2830,-157.1544,-8.0323,-3.2758,647,0.0176,1.0000,0.279393,25.9910,-6.2106,low_inlier
762,26.2149,-209.1098,-163.5245,-10.8268,-6.3701,369,0.0273,1.0000,0.279393,34.8834,-5.2713,low_inlier
763,26.2483,-218.4796,-169.8914,-9.3699,-6.3669,388,0.0245,1.0000,0.279393,30.1237,-3.2077,low_inlier
764,26.2813,-228.6101,-177.2737,-10.1304,-7.3823,367,0.0366,1.0000,0.279393,32.5306,-2.6774,low_inlier
765,26.3151,-240.3177,-185.6060,-11.7076,-8.3324,293,0.0358,1.0000,0.279393,37.6105,-3.4102,low_inlier
766,26.3480,-250.3199,-193.7192,-10.0022,-8.1131,348,0.0449,1.0000,0.279393,32.0557,-1.3363,low_inlier
767,26.3813,-259.0954,-199.7403,-8.7755,-6.0211,320,0.0383,1.0000,0.279393,28.2083,-2.9120,low_inlier
768,26.4151,-269.2121,-207.1152,-10.1167,-7.3749,380,0.0433,1.0000,0.279393,32.4863,-2.6696,low_inlier
769,26.4484,-278.9369,-215.4719,-9.7249,-8.3567,350,0.0441,1.0000,0.279393,31.1308,-0.5562,low_inlier
770,26.4811,-289.4117,-222.6162,-10.4748,-7.1444,404,0.0215,1.0000,0.279393,33.6739,-3.5437,low_inlier
771,26.5151,-300.3985,-230.9127,-10.9868,-8.2965,388,0.0187,1.0000,0.279393,35.2581,-2.4435,low_inlier
772,26.5483,-310.3931,-237.2085,-9.9947,-6.2958,340,0.0185,1.0000,0.279393,32.1705,-4.2077,low_inlier
773,26.5816,-320.9276,-242.8779,-10.5344,-5.6695,305,0.0287,1.0000,0.279393,33.9821,-5.9673,low_inlier
774,26.6152,-333.1882,-251.7433,-12.2606,-8.8654,316,0.0688,1.0000,0.279393,39.3764,-3.3502,low_inlier
775,26.6484,-343.8130,-259.5897,-10.6248,-7.8464,399,0.0485,1.0000,0.279393,34.1102,-2.6433,low_inlier
776,26.6816,-354.9200,-267.0816,-11.1070,-7.4919,424,0.0644,1.0000,0.279393,35.7129,-3.8904,low_inlier
777,26.7160,-368.2665,-279.7375,-13.3465,-12.6559,346,0.0297,1.0000,0.279393,42.6329,1.1193,low_inlier
778,26.7485,-379.7360,-291.3724,-11.4694,-11.6349,388,0.0175,1.0000,0.279393,36.5788,2.1655,low_inlier
779,26.7815,-390.8633,-301.1717,-11.1274,-9.7993,389,0.0391,1.0000,0.279393,35.6022,-0.2599,low_inlier
780,26.8154,-404.4606,-316.8360,-13.5973,-15.6643,339,0.0169,1.0000,0.279393,43.2213,5.5342,low_inlier
781,26.8683,-419.3093,-334.7158,-14.8487,-17.8799,350,0.0322,1.0000,0.279393,47.1399,7.2708,low_inlier
782,26.8981,-434.8233,-352.0851,-15.5140,-17.3693,368,0.0241,1.0000,0.279393,49.3525,5.5164,low_inlier
783,26.9277,-450.9303,-370.1129,-16.1069,-18.0278,305,0.0233,1.0000,0.279393,51.2393,5.7188,low_inlier
784,26.9574,-466.2580,-388.8310,-15.3277,-18.7181,245,0.0253,1.0000,0.279393,48.6404,7.9200,low_inlier
785,26.9869,-480.9048,-403.4033,-14.6468,-14.5722,355,0.0143,1.0000,0.279393,46.7343,2.3120,low_inlier
786,27.0169,-496.2381,-417.8089,-15.3333,-14.4056,374,0.0121,1.0000,0.279393,48.9897,1.0730,low_inlier
787,27.0475,-511.3973,-434.1922,-15.1592,-16.3833,448,0.0098,1.0000,0.279393,48.2691,4.4565,low_inlier
788,27.0814,-525.7195,-445.3000,-14.3222,-11.1078,318,0.0014,1.0000,0.279393,45.9395,-2.7212,low_inlier
789,27.1143,-542.4741,-456.1360,-16.7547,-10.8360,249,0.0101,1.0000,0.279393,53.9077,-6.6063,low_inlier
790,27.1474,-560.6631,-469.6365,-18.1890,-13.5005,207,0.0470,1.0000,0.279393,58.3892,-4.4175,low_inlier
791,27.1811,-576.4919,-477.7378,-15.8288,-8.1014,231,0.0000,1.0000,0.279393,51.0928,-9.6285,low_inlier
792,27.2142,-591.6903,-484.1698,-15.1984,-6.4320,294,0.0055,1.0000,0.279393,49.1612,-11.3807,low_inlier
793,27.2475,-607.2742,-493.7242,-15.5839,-9.5544,461,0.0145,1.0000,0.279393,50.1810,-6.9764,low_inlier
794,27.2805,-621.4811,-504.0206,-14.2069,-10.2964,499,0.0458,1.0000,0.279393,45.6254,-3.8444,low_inlier
795,27.3136,-636.6727,-516.1880,-15.1916,-12.1674,415,0.0321,1.0000,0.279393,48.6988,-2.2755,low_inlier
796,27.3473,-651.0714,-529.2364,-14.3987,-13.0484,446,0.0365,1.0000,0.279393,46.0405,0.2477,low_inlier
797,27.3809,-664.8508,-543.1540,-13.7793,-13.9176,463,0.0224,1.0000,0.279393,43.9502,2.5056,low_inlier
798,27.4143,-680.4127,-562.8437,-15.5619,-19.6897,447,0.0165,1.0000,0.279393,49.3309,9.1283,low_inlier
799,27.4473,-694.9736,-582.8120,-14.5609,-19.9683,373,0.0167,1.0000,0.279393,46.0391,10.9916,low_inlier
800,27.4811,-707.0259,-595.5958,-12.0524,-12.7838,287,0.0150,1.0000,0.279393,38.3950,3.1597,low_inlier
801,27.5142,-722.5597,-612.8149,-15.5338,-17.2191,264,0.0071,1.0000,0.279393,49.4288,5.2501,low_inlier
802,27.5473,-743.9413,-636.9986,-21.3816,-24.1837,317,0.0228,1.0000,0.279393,67.9996,7.9915,low_inlier
803,27.5809,-765.0900,-662.4424,-21.1487,-25.4438,310,0.0091,1.0000,0.279393,67.1418,10.3207,low_inlier
804,27.6142,-788.9065,-694.5950,-23.8165,-32.1526,298,0.0141,1.0000,0.279393,75.3428,17.1719,low_inlier
805,27.6474,-812.9019,-730.7143,-23.9954,-36.1192,308,0.0161,1.0000,0.279393,75.6228,23.2084,low_inlier
806,27.6807,-841.6181,-778.4561,-28.7162,-47.7419,207,0.0096,1.0000,0.279393,90.1537,34.9373,low_inlier
807,27.7143,-872.1964,-830.8238,-30.5783,-52.3677,262,0.0119,1.0000,0.279393,95.8821,39.6293,low_inlier
808,27.7476,-903.3603,-877.4786,-31.1639,-46.6547,245,0.0217,1.0000,0.279393,98.2341,29.7376,low_inlier
809,27.7809,-931.5395,-911.0998,-28.1792,-33.6212,285,0.0089,1.0000,0.279393,89.4836,13.3060,low_inlier
810,27.8143,-966.1919,-941.0492,-34.6524,-29.9494,326,0.0112,1.0000,0.279393,110.9143,-1.7088,low_inlier
811,27.8767,-1003.1638,-972.8943,-36.9719,-31.8451,281,0.0030,1.0000,0.279393,118.3470,-1.9961,low_inlier
812,27.9101,-1037.3879,-997.1955,-34.2241,-24.3013,311,0.0000,1.0000,0.279393,109.9487,-10.0579,low_inlier
813,27.9407,-1065.4815,-1015.0994,-28.0936,-17.9039,253,0.0000,1.0000,0.279393,90.4108,-11.4984,low_inlier
814,27.9715,-1096.8234,-1038.7109,-31.3419,-23.6114,299,0.0000,1.0000,0.279393,100.5850,-7.0593,low_inlier
815,28.0025,-1130.2622,-1062.8427,-33.4388,-24.1318,412,0.0000,1.0000,0.279393,107.3961,-9.2116,low_inlier
816,28.0356,-1157.4863,-1079.9947,-27.2241,-17.1521,205,0.0039,1.0000,0.279393,87.6278,-11.4560,low_inlier
817,28.0665,-1182.8241,-1097.6671,-25.3378,-17.6723,207,0.0061,1.0000,0.279393,81.4249,-7.9524,low_inlier
818,28.0982,-1212.9167,-1125.2450,-30.0926,-27.5779,232,0.0017,1.0000,0.279393,96.1990,1.0051,low_inlier
819,28.1285,-1235.7027,-1147.3006,-22.7859,-22.0556,288,0.0034,1.0000,0.279393,72.7511,2.6225,low_inlier
820,28.1591,-1253.2427,-1158.0104,-17.5401,-10.7098,300,0.0108,1.0000,0.279393,56.4834,-7.9218,low_inlier
821,28.1894,-1274.1169,-1178.6930,-20.8742,-20.6826,340,0.0105,1.0000,0.279393,66.6105,3.1597,low_inlier
822,28.2196,-1290.8414,-1193.8987,-16.7245,-15.2057,307,0.0065,1.0000,0.279393,53.4736,0.3664,low_inlier
823,28.2502,-1303.1154,-1201.0069,-12.2740,-7.1081,354,0.0170,1.0000,0.279393,39.5550,-6.1559,low_inlier
824,28.2806,-1320.6748,-1214.7789,-17.5595,-13.7720,300,0.0081,1.0000,0.279393,56.3117,-3.0930,low_inlier
825,28.3140,-1335.3107,-1224.3506,-14.6359,-9.5718,398,0.0059,1.0000,0.279393,47.0824,-5.6027,low_inlier
826,28.3473,-1345.0273,-1225.0983,-9.7166,-0.7476,372,0.0204,1.0000,0.279393,31.6879,-12.6115,low_inlier
827,28.3810,-1358.2248,-1233.7293,-13.1975,-8.6310,309,0.0336,1.0000,0.279393,42.4551,-5.0521,low_inlier
828,28.4141,-1368.8118,-1239.7321,-10.5870,-6.0028,375,0.0280,1.0000,0.279393,34.1284,-5.5135,low_inlier
829,28.4473,-1376.5468,-1238.8779,-7.7350,0.8541,368,0.0700,1.0000,0.279393,25.3370,-12.3381,low_inlier
830,28.4806,-1383.1250,-1241.1145,-6.5782,-2.2366,396,0.0686,1.0000,0.279393,21.3201,-5.7938,low_inlier
831,28.5138,-1384.7584,-1237.0934,-1.6334,4.0211,435,0.0274,1.0000,0.279393,5.6452,-8.6963,low_inlier
832,28.5473,-1383.8788,-1230.4951,0.8795,6.5983,478,0.0437,1.0000,0.279393,-2.3669,-9.2153,low_inlier
833,28.5809,-1382.9575,-1228.1012,0.9214,2.3940,458,0.0581,1.0000,0.279393,-2.8264,-2.4883,low_inlier
834,28.6141,-1381.1878,-1223.3533,1.7697,4.7479,546,0.1367,1.0000,0.279393,-5.4171,-5.0168,low_inlier
835,28.6473,-1380.0266,-1221.5056,1.1612,1.8476,598,0.1779,1.0000,0.279393,-3.6520,-1.2812,low_inlier
836,28.6806,-1377.3947,-1219.1577,2.6319,2.3480,515,0.1149,1.0000,0.279393,-8.4185,0.0136,low_inlier
837,28.7146,-1374.1334,-1215.6812,3.2613,3.4765,542,0.1268,1.0000,0.279393,-10.3883,-0.8823,low_inlier
838,28.7475,-1372.5923,-1216.0472,1.5411,-0.3660,472,0.2337,1.0000,0.279393,-5.0630,2.7687,low_inlier
839,28.7804,-1370.1785,-1214.4444,2.4138,1.6028,420,0.0842,1.0000,0.279393,-7.7632,0.8857,low_inlier
840,28.8139,-1366.2631,-1208.9140,3.9154,5.5305,366,0.0096,1.0000,0.279393,-12.3673,-3.2111,low_inlier
841,28.8718,-1356.5866,-1194.4762,9.6765,14.4377,252,0.0045,1.0000,0.279393,-30.5059,-9.1563,low_inlier
842,28.9023,-1341.2336,-1178.4772,15.3529,15.9990,241,0.0093,1.0000,0.279393,-48.9315,-3.5720,low_inlier
843,28.9325,-1317.9598,-1156.4015,23.2739,22.0758,367,0.0000,1.0000,0.279393,-74.3437,-1.9617,low_inlier
844,28.9632,-1286.8312,-1127.0561,31.1285,29.3454,285,0.0051,1.0000,0.279393,-99.4478,-2.3371,low_inlier
845,28.9937,-1257.9692,-1103.9110,28.8620,23.1450,283,0.0000,1.0000,0.279393,-92.5188,4.2776,low_inlier
846,29.0241,-1220.0615,-1066.6373,37.9078,37.2737,212,0.0036,1.0000,0.279393,-120.9876,-5.2843,low_inlier
847,29.0551,-1179.1604,-1025.2538,40.9011,41.3835,172,0.0023,1.0000,0.279393,-130.4516,-7.5516,low_inlier
848,29.0871,-1139.6422,-991.1844,39.5182,34.0694,222,0.0000,1.0000,0.279393,-126.4951,2.0841,low_inlier
849,29.1183,-1100.0473,-952.5902,39.5949,38.5941,144,0.0000,1.0000,0.279393,-126.3982,-4.9827,low_inlier
850,29.1493,-1085.1936,-937.2838,14.8537,15.3064,326,0.0000,1.0000,0.279393,-47.3538,-3.1825,low_inlier
851,29.1838,-1085.8287,-950.5690,-0.6351,-13.2851,315,0.0000,1.0000,0.279393,1.0547,20.1670,low_inlier
852,29.2150,-1042.4354,-903.4773,43.3933,47.0917,356,0.0000,1.0000,0.279393,-138.1557,-13.0652,low_inlier
853,29.2473,-977.3503,-836.4534,65.0851,67.0239,131,0.0058,1.0000,0.279393,-207.4951,-13.8740,low_inlier
854,29.2803,-907.0918,-765.5088,70.2585,70.9445,75,0.0026,1.0000,0.279393,-224.0963,-12.7455,low_inlier
855,29.3137,-838.5920,-691.0071,68.4998,74.5017,118,0.0000,1.0000,0.279393,-218.0773,-20.8841,low_inlier
856,29.3470,-785.9773,-640.0322,52.6147,50.9749,215,0.0022,1.0000,0.279393,-167.9851,-6.1295,low_inlier
857,29.3806,-741.3103,-581.8077,44.6669,58.2244,199,0.0026,1.0000,0.279393,-141.4620,-28.9119,low_inlier
858,29.4135,-701.1338,-533.1507,40.1766,48.6570,147,0.0030,1.0000,0.279393,-127.5261,-20.1153,low_inlier
859,29.4472,-658.8252,-496.0991,42.3085,37.0516,84,0.0042,1.0000,0.279393,-135.3826,1.3169,low_inlier
860,29.4796,-657.3895,-499.5114,1.4357,-3.4123,164,0.0019,1.0000,0.279393,-4.9527,7.4502,low_inlier
861,29.5140,-654.9744,-517.3768,2.4151,-17.8653,406,0.0000,1.0000,0.279393,-9.2624,31.7619,low_inlier
862,29.5473,-652.4028,-527.1710,2.5716,-9.7943,431,0.0000,1.0000,0.279393,-9.1538,19.1842,low_inlier
863,29.5804,-652.4096,-527.6313,-0.0069,-0.4602,212,0.0282,1.0000,0.279393,-0.0129,0.7201,low_inlier
864,29.6135,-651.8435,-526.0216,0.5661,1.6096,247,0.0017,1.0000,0.279393,-1.7261,-1.7488,low_inlier
865,29.6468,-652.0101,-527.2363,-0.1666,-1.2147,249,0.0120,1.0000,0.279393,0.4510,1.6898,low_inlier
866,29.6801,-652.1869,-534.4171,-0.1768,-7.1808,318,0.0019,1.0000,0.279393,0.0262,11.1369,low_inlier
867,29.7140,-652.5285,-540.8449,-0.3416,-6.4278,260,0.0000,1.0000,0.279393,0.6225,9.7087,low_inlier
868,29.7472,-651.6581,-578.5545,0.8705,-37.7096,373,0.0000,1.0000,0.279393,-5.7396,61.0392,low_inlier
869,29.7805,-651.5791,-634.5992,0.0789,-56.0448,255,0.0076,1.0000,0.279393,-4.5615,88.9928,low_inlier
870,29.8134,-653.8961,-675.7242,-2.3170,-41.1249,469,0.0000,1.0000,0.279393,4.4119,61.9296,low_inlier
871,29.8735,-655.2612,-700.2935,-1.3651,-24.5693,280,0.0018,1.0000,0.279393,2.5734,37.0257,low_inlier
872,29.9043,-658.2403,-710.2629,-2.9791,-9.9695,487,0.0000,1.0000,0.279393,8.9675,11.5803,low_inlier
873,29.9354,-659.2778,-717.8504,-1.0375,-7.5874,488,0.0000,1.0000,0.279393,2.8071,10.5596,low_inlier
874,29.9691,-660.4294,-720.4745,-1.1516,-2.6241,417,0.0000,1.0000,0.279393,3.5609,2.5264,low_inlier
875,30.0025,-661.0418,-748.0967,-0.6124,-27.6222,137,0.0051,1.0000,0.279393,-0.1202,42.9361,low_inlier
876,30.0336,-663.5058,-772.4170,-2.4640,-24.3203,522,0.0033,1.0000,0.279393,6.1827,35.0705,low_inlier
877,30.0634,-668.1786,-797.0806,-4.6727,-24.6636,421,0.0080,1.0000,0.279393,13.3726,32.4787,low_inlier
878,30.0945,-670.4293,-819.1969,-2.2507,-22.1162,279,0.0294,1.0000,0.279393,5.6552,31.8779,low_inlier
879,30.1251,-671.4624,-835.2478,-1.0331,-16.0509,456,0.0239,1.0000,0.279393,2.1429,23.9880,low_inlier
880,30.1560,-672.5777,-836.7300,-1.1153,-1.4822,353,0.0569,1.0000,0.279393,3.5300,0.7669,low_inlier
881,30.1854,-674.4984,-835.2462,-1.9206,1.4838,606,0.1230,1.0000,0.279393,6.3889,-5.0804,low_inlier
882,30.2148,-675.0994,-820.8309,-0.6011,14.4153,291,0.0147,1.0000,0.279393,3.0707,-23.7145,low_inlier
883,30.2470,-674.2626,-795.8575,0.8369,24.9734,426,0.0000,1.0000,0.279393,-0.8165,-38.4167,low_inlier
884,30.2803,-670.5919,-780.6969,3.6707,15.1606,294,0.0000,1.0000,0.279393,-10.8285,-18.8307,low_inlier
885,30.3133,-670.3359,-776.9551,0.2560,3.7418,469,0.0000,1.0000,0.279393,-0.5489,-5.5706,low_inlier
886,30.3471,-668.4861,-765.2271,1.8498,11.7280,442,0.0000,1.0000,0.279393,-5.1430,-15.9727,low_inlier
887,30.3799,-666.7572,-742.3822,1.7289,22.8449,357,0.0000,1.0000,0.279393,-3.8944,-33.7744,low_inlier
888,30.4135,-665.5112,-724.1014,1.2459,18.2809,308,0.0000,1.0000,0.279393,-2.6669,-27.2222,low_inlier
889,30.4469,-662.2147,-711.8570,3.2965,12.2443,352,0.0000,1.0000,0.279393,-9.8300,-14.7372,low_inlier
890,30.4803,-660.8880,-709.0486,1.3267,2.8084,178,0.0000,1.0000,0.279393,-4.1189,-2.5700,low_inlier
891,30.5133,-650.7680,-694.9395,10.1199,14.1091,342,0.0000,1.0000,0.279393,-31.9798,-8.0055,low_inlier
892,30.5466,-645.7489,-689.0259,5.0192,5.9137,347,0.0025,1.0000,0.279393,-15.9442,-2.2513,low_inlier
893,30.5802,-643.3131,-676.9197,2.4358,12.1062,340,0.0000,1.0000,0.279393,-7.0283,-15.7404,low_inlier
894,30.6135,-643.2541,-676.4763,0.0590,0.4433,179,0.0073,1.0000,0.279393,-0.1588,-0.6192,low_inlier
895,30.6468,-643.2649,-680.0667,-0.0108,-3.5904,176,0.0023,1.0000,0.279393,-0.2405,5.6786,low_inlier
896,30.6796,-641.9989,-679.5822,1.2660,0.4845,179,0.0060,1.0000,0.279393,-4.0989,1.0293,low_inlier
897,30.7131,-641.9059,-679.0390,0.0930,0.5433,228,0.0043,1.0000,0.279393,-0.2620,-0.7296,low_inlier
898,30.7474,-641.7945,-672.9072,0.1115,6.1318,414,0.0000,1.0000,0.279393,0.1066,-9.5660,low_inlier
899,30.7804,-639.6616,-660.6977,2.1329,12.2094,378,0.0000,1.0000,0.279393,-6.0308,-16.3342,low_inlier
900,30.8132,-631.9218,-625.2231,7.7398,35.4746,348,0.0000,1.0000,0.279393,-22.5628,-45.2686,low_inlier
901,30.8676,-623.3660,-582.6094,8.5558,42.6137,220,0.0333,1.0000,0.279393,-24.6806,-55.4318,low_inlier
902,30.8986,-618.2592,-549.2813,5.1069,33.3280,383,0.0148,1.0000,0.279393,-14.1257,-45.6029,low_inlier
903,30.9304,-614.8354,-525.2433,3.4237,24.0380,395,0.0364,1.0000,0.279393,-9.3399,-33.2601,low_inlier
904,30.9612,-611.2817,-508.3011,3.5537,16.9422,435,0.0231,1.0000,0.279393,-10.3096,-21.8223,low_inlier
905,30.9918,-607.2138,-495.8067,4.0679,12.4944,426,0.0295,1.0000,0.279393,-12.3310,-14.0384,low_inlier
906,31.0223,-604.8509,-490.8744,2.3629,4.9323,386,0.0196,1.0000,0.279393,-7.3411,-4.4669,low_inlier
907,31.0525,-604.3736,-498.4782,0.4774,-7.6038,401,0.0349,1.0000,0.279393,-2.1435,12.7366,low_inlier
908,31.0834,-605.5894,-518.5511,-1.2159,-20.0729,351,0.0085,1.0000,0.279393,2.4310,30.1069,low_inlier
909,31.1145,-611.4746,-556.0779,-5.8852,-37.5268,305,0.0150,1.0000,0.279393,16.3461,51.1566,low_inlier
910,31.1465,-618.3567,-598.5625,-6.8821,-42.4846,201,0.0316,1.0000,0.279393,19.2224,57.6035,low_inlier
911,31.1801,-624.7128,-644.9288,-6.3561,-46.3663,167,0.0370,1.0000,0.279393,17.2057,64.5063,low_inlier
912,31.2130,-631.1636,-691.0044,-6.4508,-46.0756,216,0.0195,1.0000,0.279393,17.5374,63.9109,low_inlier
913,31.2467,-633.6709,-717.2278,-2.5073,-26.2234,502,0.0083,1.0000,0.279393,6.1781,38.0271,low_inlier
914,31.2800,-634.5822,-734.0847,-0.9114,-16.8569,324,0.0061,1.0000,0.279393,1.6831,25.4391,low_inlier
915,31.3128,-631.4627,-734.6563,3.1195,-0.5716,73,0.0108,1.0000,0.279393,-10.2358,5.3361,low_inlier
916,31.3463,-626.8121,-732.4209,4.6506,2.2353,411,0.0079,1.0000,0.279393,-15.0225,3.0587,low_inlier
917,31.3796,-620.6097,-726.0426,6.2024,6.3784,710,0.0013,1.0000,0.279393,-19.7743,-1.3082,low_inlier
918,31.4130,-612.8094,-717.8988,7.8003,8.1438,689,0.0056,1.0000,0.279393,-24.8593,-1.8389,low_inlier
919,31.4465,-604.4848,-710.7380,8.3246,7.1608,694,0.0055,1.0000,0.279393,-26.6477,0.4644,low_inlier
920,31.4797,-596.2660,-700.3939,8.2188,10.3441,685,0.0000,1.0000,0.279393,-26.0576,-4.7342,low_inlier
921,31.5129,-587.4302,-686.4015,8.8358,13.9924,682,0.0113,1.0000,0.279393,-27.7934,-9.6438,low_inlier
922,31.5463,-577.2521,-670.0886,10.1782,16.3129,673,0.0043,1.0000,0.279393,-32.0008,-11.4178,low_inlier
923,31.5800,-567.5849,-654.0385,9.6672,16.0501,673,0.0028,1.0000,0.279393,-30.3516,-11.7266,low_inlier
924,31.6128,-557.9041,-635.1431,9.6808,18.8954,649,0.0186,1.0000,0.279393,-30.1775,-16.2197,low_inlier
925,31.6466,-547.7715,-616.8156,10.1326,18.3275,650,0.0000,1.0000,0.279393,-31.6972,-14.6774,low_inlier
926,31.6801,-536.5660,-595.8840,11.2055,20.9316,669,0.0042,1.0000,0.279393,-35.0024,-17.2838,low_inlier
927,31.7136,-528.0730,-576.2913,8.4930,19.5927,673,0.0041,1.0000,0.279393,-26.2434,-19.0120,low_inlier
928,31.7471,-520.8642,-558.5483,7.2088,17.7430,625,0.0000,1.0000,0.279393,-22.1897,-17.9022,low_inlier
929,31.7804,-514.3570,-540.8087,6.5071,17.7396,618,0.0029,1.0000,0.279393,-19.8975,-18.8932,low_inlier
930,31.8204,-508.0373,-522.5658,6.3198,18.2428,649,0.0014,1.0000,0.279393,-19.2466,-19.9572,low_inlier
931,31.8822,-498.8038,-502.9229,9.2335,19.6429,315,0.0504,1.0000,0.279393,-28.6586,-18.0403,low_inlier
932,31.9124,-488.8651,-483.3740,9.9387,19.5490,270,0.0516,1.0000,0.279393,-30.9698,-16.8899,low_inlier
933,31.9425,-479.5810,-463.5294,9.2842,19.8446,254,0.0599,1.0000,0.279393,-28.8088,-18.2881,low_inlier
934,31.9727,-471.0281,-446.6158,8.5529,16.9136,284,0.0465,1.0000,0.279393,-26.6447,-14.6783,low_inlier
935,32.0026,-462.0059,-429.0340,9.0222,17.5818,281,0.0674,1.0000,0.279393,-28.1266,-15.0715,low_inlier
936,32.0327,-454.0133,-415.5239,7.9926,13.5101,360,0.0377,1.0000,0.279393,-25.0754,-10.0764,low_inlier
937,32.0626,-447.3854,-404.3721,6.6279,11.1518,368,0.0797,1.0000,0.279393,-20.7978,-8.2742,low_inlier
938,32.0924,-441.8869,-394.6735,5.4986,9.6986,327,0.0771,1.0000,0.279393,-17.2198,-7.5731,low_inlier
939,32.1223,-435.7050,-383.8778,6.1818,10.7958,203,0.0430,1.0000,0.279393,-19.3679,-8.3429,low_inlier
940,32.1523,-429.8197,-373.3977,5.8853,10.4801,329,0.0157,1.0000,0.279393,-18.4234,-8.2634,low_inlier
941,32.1824,-424.6351,-366.4859,5.1847,6.9118,649,0.0261,1.0000,0.279393,-16.4083,-3.5993,low_inlier
942,32.2130,-417.6700,-355.1927,6.9650,11.2932,468,0.0289,1.0000,0.279393,-21.8886,-8.0196,low_inlier
943,32.2461,-409.2375,-342.6889,8.4326,12.5038,538,0.0095,1.0000,0.279393,-26.5901,-7.8558,low_inlier
944,32.2795,-401.5476,-335.6003,7.6898,7.0886,513,0.0223,1.0000,0.279393,-24.5794,-0.3224,low_inlier
945,32.3120,-393.0414,-324.6521,8.5063,10.9482,511,0.0113,1.0000,0.279393,-26.9504,-5.2841,low_inlier
946,32.3462,-386.4727,-315.6065,6.5687,9.0456,662,0.0082,1.0000,0.279393,-20.7663,-5.0179,low_inlier
947,32.3795,-379.8473,-309.1847,6.6254,6.4218,616,0.0072,1.0000,0.279393,-21.1529,-0.7765,low_inlier
948,32.4133,-372.5560,-303.2795,7.2913,5.9052,640,0.0097,1.0000,0.279393,-23.3682,0.9883,low_inlier
949,32.4463,-365.3654,-296.3500,7.1906,6.9295,542,0.0000,1.0000,0.279393,-22.9606,-0.7790,low_inlier
950,32.4794,-357.3152,-285.4729,8.0502,10.8770,610,0.0028,1.0000,0.279393,-25.4659,-5.8188,low_inlier
951,32.5129,-349.7666,-278.5728,7.5485,6.9001,611,0.0042,1.0000,0.279393,-24.1322,-0.2242,low_inlier
952,32.5462,-342.9778,-269.0869,6.7889,9.4859,557,0.0000,1.0000,0.279393,-21.4517,-5.4036,low_inlier
953,32.5794,-337.5237,-262.1792,5.4541,6.9077,475,0.0014,1.0000,0.279393,-17.2887,-3.2102,low_inlier
954,32.6128,-334.2970,-258.9319,3.2267,3.2474,379,0.0041,1.0000,0.279393,-10.2928,-0.5681,low_inlier
955,32.6462,-331.2763,-255.9743,3.0207,2.9576,321,0.0027,1.0000,0.279393,-9.6420,-0.4010,low_inlier
956,32.6795,-327.9017,-252.0356,3.3746,3.9387,412,0.0026,1.0000,0.279393,-10.7228,-1.4545,low_inlier
957,32.7130,-322.3828,-244.7145,5.5189,7.3212,669,0.0488,1.0000,0.279393,-17.4688,-3.7740,low_inlier
958,32.7473,-316.6922,-237.4310,5.6906,7.2835,650,0.0094,1.0000,0.279393,-18.0328,-3.4703,low_inlier
959,32.7794,-312.5747,-230.3548,4.1174,7.0762,375,0.0042,1.0000,0.279393,-12.9088,-5.3755,low_inlier
960,32.8126,-308.9822,-223.0109,3.5925,7.3439,434,0.0014,1.0000,0.279393,-11.1734,-6.5453,low_inlier
961,32.8690,-304.7091,-214.0415,4.2731,8.9694,633,0.0079,1.0000,0.279393,-13.2720,-8.1568,low_inlier
962,32.8994,-304.1705,-211.5028,0.5386,2.5387,522,0.0054,1.0000,0.279393,-1.5648,-3.2613,low_inlier
963,32.9298,-303.3877,-209.9080,0.7828,1.5948,455,0.0099,1.0000,0.279393,-2.4352,-1.4176,low_inlier
964,32.9605,-302.7635,-209.2768,0.6242,0.6312,389,0.0121,1.0000,0.279393,-1.9908,-0.1146,low_inlier
965,32.9908,-302.3797,-208.8486,0.3837,0.4283,360,0.0176,1.0000,0.279393,-1.2209,-0.1343,low_inlier
966,33.0213,-301.5667,-207.8616,0.8131,0.9870,300,0.0059,1.0000,0.279393,-2.5806,-0.4107,low_inlier
967,33.0543,-299.0463,-203.1763,2.5204,4.6853,471,0.0014,1.0000,0.279393,-7.8746,-3.8514,low_inlier
968,33.0851,-295.3602,-195.1529,3.6861,8.0235,362,0.0000,1.0000,0.279393,-11.4268,-7.4902,low_inlier
969,33.1174,-288.6489,-179.9434,6.7114,15.2095,544,0.0029,1.0000,0.279393,-20.7590,-14.5907,low_inlier
970,33.1482,-284.5323,-164.8594,4.1166,15.0840,487,0.0000,1.0000,0.279393,-12.2912,-18.0760,low_inlier
971,33.1792,-281.1610,-153.2297,3.3712,11.6297,586,0.0154,1.0000,0.279393,-10.1212,-13.6565,low_inlier
972,33.2125,-280.8068,-150.6547,0.3542,2.5750,275,0.0964,1.0000,0.279393,-0.9596,-3.5807,low_inlier
973,33.2456,-282.1181,-152.0117,-1.3112,-1.3571,328,0.1013,1.0000,0.279393,4.1798,0.2902,low_inlier
974,33.2789,-284.5363,-160.5088,-2.4183,-8.4971,288,0.1315,1.0000,0.279393,7.2484,10.0416,low_inlier
975,33.3122,-280.7118,-151.4783,3.8245,9.0305,153,0.0732,1.0000,0.279393,-11.8018,-8.8907,low_inlier
976,33.3454,-281.2874,-159.8507,-0.5756,-8.3724,269,0.0372,1.0000,0.279393,1.2375,12.4605,low_inlier
977,33.3793,-280.5695,-168.4367,0.7179,-8.5859,253,0.0380,1.0000,0.279393,-3.0046,14.6357,low_inlier
978,33.4123,-276.4980,-163.4193,4.0715,5.0174,382,0.0014,1.0000,0.279393,-12.9169,-2.1756,low_inlier
979,33.4454,-274.3339,-156.6098,2.1641,6.8094,145,0.0191,1.0000,0.279393,-6.5477,-7.7260,low_inlier
980,33.4790,-272.4842,-150.5736,1.8497,6.0362,211,0.0014,1.0000,0.279393,-5.5797,-6.9462,low_inlier
981,33.5120,-271.4461,-149.4873,1.0380,1.0864,312,0.0039,1.0000,0.279393,-3.3080,-0.2489,low_inlier
982,33.5458,-266.6438,-146.9396,4.8023,2.5477,480,0.0277,1.0000,0.279393,-15.4942,2.7788,low_inlier
983,33.5787,-261.3727,-142.7641,5.2712,4.1756,296,0.0433,1.0000,0.279393,-16.9010,0.8629,low_inlier
984,33.6122,-255.5141,-140.0454,5.8585,2.7186,286,0.0207,1.0000,0.279393,-18.9319,4.0075,low_inlier
985,33.6454,-255.0531,-140.3504,0.4611,-0.3049,462,0.0130,1.0000,0.279393,-1.5298,1.1383,low_inlier
986,33.6788,-254.5499,-140.0712,0.5032,0.2792,429,0.0117,1.0000,0.279393,-1.6226,0.2717,low_inlier
987,33.7123,-254.4580,-139.7136,0.0919,0.3576,366,0.0277,1.0000,0.279393,-0.2729,-0.4366,low_inlier
988,33.7467,-254.0545,-139.8293,0.4034,-0.1157,454,0.0093,1.0000,0.279393,-1.3269,0.7563,low_inlier
989,33.7789,-248.2955,-134.2188,5.7590,5.6104,299,0.0200,1.0000,0.279393,-18.3846,-0.7199,low_inlier
990,33.8121,-247.7675,-133.4333,0.5280,0.7855,266,0.0078,1.0000,0.279393,-1.6647,-0.4960,low_inlier
991,33.8704,-248.1658,-138.0355,-0.3983,-4.6021,464,0.1000,1.0000,0.279393,0.9478,6.7329,low_inlier
992,33.9010,-247.7354,-143.7751,0.4305,-5.7397,496,0.1425,1.0000,0.279393,-1.8471,9.7137,low_inlier
993,33.9314,-245.9716,-137.8874,1.7637,5.8878,400,0.2225,1.0000,0.279393,-5.3102,-6.8329,low_inlier
994,33.9620,-244.5579,-140.4846,1.4138,-2.5972,690,0.0013,1.0000,0.279393,-4.8184,6.1264,low_inlier
995,33.9923,-241.9673,-132.6162,2.5906,7.8684,191,0.1252,1.0000,0.279393,-7.8597,-8.7998,low_inlier
996,34.0230,-242.3047,-129.6806,-0.3375,2.9356,315,0.0450,1.0000,0.279393,1.3279,-5.1347,low_inlier
997,34.0533,-239.5117,-129.1033,2.7930,0.5773,604,0.0000,1.0000,0.279393,-9.0808,3.0504,low_inlier
998,34.0842,-238.3861,-138.0253,1.1257,-8.9220,229,0.0975,1.0000,0.279393,-4.3628,15.7477,low_inlier
999,34.1154,-246.1072,-134.2691,-7.7211,3.7562,527,0.0524,1.0000,0.279393,25.5144,-16.9207,low_inlier
1000,34.1468,-253.5430,-137.2806,-7.4358,-3.0115,691,0.0467,1.0000,0.279393,24.0624,-5.7826,low_inlier
1001,34.1784,-264.0183,-139.9283,-10.4753,-2.6477,113,0.0200,1.0000,0.279393,34.0209,-10.6756,low_inlier
1002,34.2117,-281.9011,-132.7811,-17.8828,7.1472,321,0.0262,1.0000,0.279393,58.9743,-36.7277,low_inlier
1003,34.2455,-300.9315,-121.4625,-19.0304,11.3185,344,0.0527,1.0000,0.279393,63.0440,-44.9724,low_inlier
1004,34.2786,-319.2949,-118.4405,-18.3634,3.0220,289,0.0633,1.0000,0.279393,60.2279,-30.8680,low_inlier
1005,34.3118,-335.0147,-112.5236,-15.7198,5.9169,659,0.0722,1.0000,0.279393,51.8132,-31.7051,low_inlier
1006,34.3455,-350.0607,-105.7007,-15.0459,6.8229,345,0.0483,1.0000,0.279393,49.6811,-32.1851,low_inlier
1007,34.3790,-365.0222,-105.7763,-14.9616,-0.0756,680,0.0038,1.0000,0.279393,48.8757,-21.1251,low_inlier
1008,34.4123,-377.0725,-106.0696,-12.0502,-0.2933,336,0.0076,1.0000,0.279393,39.3472,-16.6458,low_inlier
1009,34.4455,-387.7501,-109.9352,-10.6777,-3.8657,131,0.0097,1.0000,0.279393,34.5885,-9.0314,low_inlier
1010,34.4788,-397.4336,-118.0290,-9.6835,-8.0937,361,0.0194,1.0000,0.279393,31.0158,-0.9145,low_inlier
1011,34.5122,-405.5164,-125.6197,-8.0828,-7.5907,389,0.0476,1.0000,0.279393,25.8246,0.5608,low_inlier
1012,34.5454,-413.5134,-134.0442,-7.9970,-8.4246,385,0.0312,1.0000,0.279393,25.4805,2.0049,low_inlier
1013,34.5788,-420.2089,-143.4378,-6.6955,-9.3936,441,0.0290,1.0000,0.279393,21.1537,5.3898,low_inlier
1014,34.6118,-425.4887,-158.0888,-5.2798,-14.6510,425,0.0263,1.0000,0.279393,16.1248,15.7378,low_inlier
1015,34.6456,-426.7223,-171.3677,-1.2336,-13.2789,404,0.0175,1.0000,0.279393,3.0107,19.3072,low_inlier
1016,34.6786,-426.6334,-175.7545,0.0889,-4.3867,465,0.0000,1.0000,0.279393,-0.6273,7.0831,low_inlier
1017,34.7122,-426.2038,-175.6220,0.4295,0.1325,555,0.0076,1.0000,0.279393,-1.3932,0.3998,low_inlier
1018,34.7462,-425.4005,-175.5573,0.8034,0.0647,570,0.0115,1.0000,0.279393,-2.6197,1.0381,low_inlier
1019,34.7785,-425.9167,-176.4701,-0.5162,-0.9128,323,0.0000,1.0000,0.279393,1.6163,0.7146,low_inlier
1020,34.8119,-420.4472,-176.2656,5.4694,0.2044,430,0.0014,1.0000,0.279393,-17.8537,7.4422,low_inlier
1021,34.8681,-417.8496,-177.2938,2.5976,-1.0282,334,0.0151,1.0000,0.279393,-8.5658,5.3192,low_inlier
1022,34.8991,-403.5664,-176.6840,14.2832,0.6099,702,0.0000,1.0000,0.279393,-46.6185,19.3145,low_inlier
1023,34.9300,-387.9839,-176.0553,15.5825,0.6287,331,0.0104,1.0000,0.279393,-50.8619,21.1296,low_inlier
1024,34.9613,-379.7814,-176.7970,8.2024,-0.7417,502,0.0377,1.0000,0.279393,-26.8554,12.8235,low_inlier
1025,34.9937,-379.8342,-170.9841,-0.0527,5.8129,731,0.0039,1.0000,0.279393,0.6187,-9.2935,low_inlier
1026,35.0244,-379.4400,-171.4640,0.3942,-0.4800,326,0.2053,1.0000,0.279393,-1.3246,1.3208,low_inlier
1027,35.0554,-383.6550,-177.3562,-4.2150,-5.8921,270,0.0465,1.0000,0.279393,13.3187,3.3591,low_inlier
1028,35.0866,-383.2643,-176.4432,0.3908,0.9130,95,0.0188,1.0000,0.279393,-1.2065,-0.8930,low_inlier
1029,35.1174,-383.2512,-176.1790,0.0130,0.2642,32,0.0078,1.0000,0.279393,-0.0223,-0.4005,low_inlier
1030,35.1482,-379.5056,-168.6326,3.7456,7.5464,400,0.4925,1.0000,0.279393,-11.6581,-6.6490,low_inlier
1031,35.1792,-375.1998,-160.6139,4.3058,8.0187,358,0.4160,1.0000,0.279393,-13.4518,-6.6028,low_inlier
1032,35.2115,-369.1213,-152.7711,6.0786,7.8427,233,0.2153,1.0000,0.279393,-19.2573,-3.8064,low_inlier
1033,35.2455,-362.4712,-146.3705,6.6501,6.4006,147,0.0588,1.0000,0.279393,-21.2352,-0.7078,low_inlier
1034,35.2782,-363.3208,-140.7115,-0.8496,5.6590,138,0.1441,1.0000,0.279393,3.2102,-10.1809,low_inlier
1035,35.3115,-354.7410,-137.3156,8.5798,3.3959,191,0.1151,1.0000,0.279393,-27.7706,6.7975,low_inlier
1036,35.3449,-344.4788,-134.1883,10.2622,3.1274,483,0.0040,1.0000,0.279393,-33.2878,9.6123,low_inlier
1037,35.3784,-329.1815,-131.6995,15.2973,2.4888,422,0.0015,1.0000,0.279393,-49.7872,17.7747,low_inlier
1038,35.4114,-308.2452,-121.9970,20.9363,9.7025,363,0.0000,1.0000,0.279393,-67.6567,14.3417,low_inlier
1039,35.4448,-281.1405,-111.5012,27.1047,10.4957,148,0.0018,1.0000,0.279393,-87.7488,21.8426,low_inlier
1040,35.4782,-272.2330,-115.6820,8.9075,-4.1808,458,0.0014,1.0000,0.279393,-29.4232,19.2787,low_inlier
1041,35.5113,-261.5314,-117.7078,10.7016,-2.0258,413,0.0029,1.0000,0.279393,-35.1190,18.4085,low_inlier
1042,35.5447,-243.1373,-104.8566,18.3941,12.8512,436,0.0085,1.0000,0.279393,-59.1091,5.7383,low_inlier
1043,35.5782,-230.7686,-95.3806,12.3687,9.4759,494,0.0000,1.0000,0.279393,-39.6826,2.5353,low_inlier
1044,35.6116,-222.2503,-97.6245,8.5184,-2.2438,431,0.0066,1.0000,0.279393,-28.0029,15.6542,low_inlier
1045,35.6448,-210.7874,-85.3578,11.4629,12.2667,329,0.0124,1.0000,0.279393,-36.5088,-3.1767,low_inlier
1046,35.6782,-201.1757,-69.3135,9.6118,16.0443,441,0.0119,1.0000,0.279393,-30.1709,-11.7961,low_inlier
1047,35.7114,-193.1343,-51.7293,8.0414,17.5842,578,0.0065,1.0000,0.279393,-24.9219,-16.4681,low_inlier
1048,35.7451,-179.4256,-20.9096,13.7087,30.8197,496,0.0043,1.0000,0.279393,-42.4216,-29.4108,low_inlier
1049,35.7780,-163.3389,7.9452,16.0867,28.8548,323,0.0102,1.0000,0.279393,-50.3418,-22.9179,low_inlier
1050,35.8114,-143.0464,42.6305,20.2925,34.6853,268,0.0045,1.0000,0.279393,-63.6349,-26.1924,low_inlier
1051,35.8661,-142.5118,39.8586,0.5345,-2.7719,175,0.0103,1.0000,0.279393,-1.9593,5.1550,low_inlier
1052,35.8995,-126.9791,77.1686,15.5327,37.3100,319,0.0000,1.0000,0.279393,-47.8826,-37.1135,low_inlier
1053,35.9305,-119.7242,127.3540,7.2548,50.1854,293,0.0000,1.0000,0.279393,-19.8488,-69.2868,low_inlier
1054,35.9614,-104.8561,142.1283,14.8681,14.7743,202,0.0000,1.0000,0.279393,-47.4416,-2.3183,low_inlier
1055,35.9924,-97.5214,149.5440,7.3348,7.4157,447,0.0058,1.0000,0.279393,-23.3943,-1.3453,low_inlier
1056,36.0236,-102.6940,142.1719,-5.1727,-7.3721,362,0.0057,1.0000,0.279393,16.3337,4.3463,low_inlier
1057,36.0537,-118.4118,123.1464,-15.7177,-19.0255,284,0.0043,1.0000,0.279393,49.8911,7.8537,low_inlier
1058,36.0849,-123.7444,65.3151,-5.3326,-57.8313,382,0.0015,1.0000,0.279393,12.9816,84.1419,low_inlier
1059,36.1198,-130.5383,39.3334,-6.7939,-25.9817,358,0.0000,1.0000,0.279393,20.2015,31.5569,low_inlier
1060,36.1509,-162.8498,-0.3578,-32.3115,-39.6912,529,0.0000,1.0000,0.279393,102.5182,17.0646,low_inlier
1061,36.1822,-161.4717,-6.2920,1.3781,-5.9342,203,0.0151,1.0000,0.279393,-4.9582,11.3678,low_inlier
1062,36.2138,-164.1562,-10.9535,-2.6845,-4.6615,453,0.2527,1.0000,0.279393,8.4128,3.5807,low_inlier
1063,36.2448,-168.5658,-14.5552,-4.4095,-3.6017,337,0.0511,1.0000,0.279393,14.1299,-0.5495,low_inlier
1064,36.2778,-171.5890,-16.9838,-3.0232,-2.4287,325,0.0161,1.0000,0.279393,9.6908,-0.4413,low_inlier
1065,36.3116,-180.3234,-42.9325,-8.7344,-25.9486,222,0.0000,1.0000,0.279393,26.5438,28.7491,low_inlier
1066,36.3449,-185.6385,-58.1373,-5.3151,-15.2048,616,0.0145,1.0000,0.279393,16.1976,16.5658,low_inlier
1067,36.3782,-169.7677,-30.8849,15.8708,27.2524,152,0.0000,1.0000,0.279393,-49.7592,-20.6833,low_inlier
1068,36.4116,-164.0584,-24.1683,5.7093,6.7166,250,0.0044,1.0000,0.279393,-18.1374,-2.5447,low_inlier
1069,36.4454,-160.3136,-13.2772,3.7448,10.8911,249,0.0649,1.0000,0.279393,-11.3983,-11.9547,low_inlier
1070,36.4782,-161.9137,-20.8926,-1.6001,-7.6154,455,0.1634,1.0000,0.279393,4.6429,9.8051,low_inlier
1071,36.5113,-164.4180,-29.6037,-2.5043,-8.7111,413,0.0171,1.0000,0.279393,7.5131,10.2588,low_inlier
1072,36.5445,-172.8497,-50.1683,-8.4317,-20.5646,599,0.0000,1.0000,0.279393,25.9683,20.6405,low_inlier
1073,36.5779,-193.8957,-85.0483,-21.0460,-34.8800,493,0.0044,1.0000,0.279393,66.0819,25.4312,low_inlier
1074,36.6112,-223.9941,-112.2749,-30.0984,-27.2265,80,0.0000,1.0000,0.279393,96.2449,0.4396,low_inlier
1075,36.6443,-224.1869,-113.7861,-0.1928,-1.5113,247,0.0015,1.0000,0.279393,0.5139,2.1229,low_inlier
1076,36.6776,-223.7742,-114.9605,0.4128,-1.1744,447,0.0289,1.0000,0.279393,-1.4387,2.4485,low_inlier
1077,36.7111,-224.2223,-114.8986,-0.4482,0.0619,530,0.0100,1.0000,0.279393,1.4689,-0.7346,low_inlier
1078,36.7446,-224.5578,-115.7132,-0.3355,-0.8146,525,0.0135,1.0000,0.279393,1.0336,0.8154,low_inlier
1079,36.7778,-228.1498,-118.1817,-3.5920,-2.4686,315,0.0000,1.0000,0.279393,11.5460,-1.1856,low_inlier
1080,36.8121,-232.8734,-120.3126,-4.7235,-2.1308,373,0.0020,1.0000,0.279393,15.2688,-3.3280,low_inlier
1081,36.8724,-230.0345,-113.1164,2.8389,7.1962,189,0.0544,1.0000,0.279393,-8.7225,-7.3811,low_inlier
1082,36.9034,-236.3701,-105.2382,-6.3357,7.8783,662,0.0000,1.0000,0.279393,21.3045,-21.4905,low_inlier
1083,36.9335,-241.1955,-111.2953,-4.8254,-6.0572,475,0.1987,1.0000,0.279393,15.3000,2.7541,low_inlier
1084,36.9645,-244.5066,-116.3874,-3.3110,-5.0920,129,0.0245,1.0000,0.279393,10.4266,3.3738,low_inlier
1085,36.9951,-241.4359,-111.6218,3.0707,4.7656,332,0.0741,1.0000,0.279393,-9.6664,-3.1974,low_inlier
1086,37.0259,-240.4660,-119.7563,0.9699,-8.1345,370,0.1671,1.0000,0.279393,-3.7934,14.2776,low_inlier
1087,37.0566,-234.5974,-114.3589,5.8686,5.3974,225,0.0402,1.0000,0.279393,-18.7592,-0.2264,low_inlier
1088,37.0874,-239.4448,-117.2142,-4.8475,-2.8553,452,0.0346,1.0000,0.279393,15.6180,-2.3550,low_inlier
1089,37.1182,-243.5972,-117.7381,-4.1523,-0.5239,494,0.0427,1.0000,0.279393,13.5261,-5.0654,low_inlier
1090,37.1485,-245.8910,-125.8978,-2.2939,-8.1597,400,0.1267,1.0000,0.279393,6.8678,9.6832,low_inlier
1091,37.1790,-245.5252,-133.4776,0.3658,-7.5798,593,0.1020,1.0000,0.279393,-1.7771,12.5401,low_inlier
1092,37.2110,-244.8574,-142.4608,0.6678,-8.9833,396,0.2238,1.0000,0.279393,-2.8716,15.1947,low_inlier
1093,37.2444,-249.3463,-146.5927,-4.4889,-4.1319,747,0.0000,1.0000,0.279393,14.3485,0.1787,low_inlier
1094,37.2770,-247.8008,-150.4935,1.5455,-3.9008,731,0.0026,1.0000,0.279393,-5.3490,8.3808,low_inlier
1095,37.3109,-248.5683,-141.2065,-0.7675,9.2870,364,0.2576,1.0000,0.279393,3.2205,-15.8178,low_inlier
1096,37.3445,-248.4286,-130.6920,0.1397,10.5146,336,0.1963,1.0000,0.279393,0.3511,-16.4766,low_inlier
1097,37.3780,-247.2390,-126.6433,1.1896,4.0486,455,0.3169,1.0000,0.279393,-3.5758,-4.7315,low_inlier
1098,37.4115,-245.7579,-121.6965,1.4811,4.9469,504,0.0595,1.0000,0.279393,-4.4590,-5.7421,low_inlier
1099,37.4451,-249.5252,-124.2998,-3.7673,-2.6034,465,0.1900,1.0000,0.279393,12.1083,-1.2208,low_inlier
1100,37.4777,-247.9892,-131.2877,1.5360,-6.9879,306,0.2837,1.0000,0.279393,-5.5549,13.2631,low_inlier
1101,37.5113,-252.9743,-133.8694,-4.9852,-2.5816,429,0.5514,1.0000,0.279393,16.0890,-2.9846,
1102,37.5446,-252.6865,-143.6232,0.2878,-9.7538,484,0.1107,1.0000,0.279393,-1.6894,15.8772,low_inlier
1103,37.5778,-253.0776,-147.4667,-0.3911,-3.8435,617,0.2043,1.0000,0.279393,0.9827,5.5400,low_inlier
1104,37.6112,-252.6520,-147.3692,0.4257,0.0975,735,0.8872,1.0000,0.279393,-1.3832,0.4499,
1105,37.6446,-251.2905,-147.8288,1.3615,-0.4596,695,0.6357,1.0000,0.279393,-4.4835,2.6621,
1106,37.6777,-250.1181,-148.7169,1.1724,-0.8880,676,0.2855,1.0000,0.279393,-3.8985,3.0731,low_inlier
1107,37.7114,-249.9375,-146.4330,0.1806,2.2838,716,0.5272,1.0000,0.279393,-0.4146,-3.3655,
1108,37.7453,-251.7600,-148.3594,-1.8225,-1.9263,729,0.5863,1.0000,0.279393,5.8064,0.4671,
1109,37.7777,-251.8850,-145.2406,-0.1250,3.1187,682,0.5419,1.0000,0.279393,0.6478,-5.1234,
1110,37.8110,-248.9293,-141.2734,2.9557,3.9672,717,0.3722,1.0000,0.279393,-9.3519,-2.0946,low_inlier
1111,37.8649,-244.4652,-137.2630,4.4641,4.0104,488,0.1174,1.0000,0.279393,-14.2768,-0.0213,low_inlier
1112,37.8965,-244.3399,-142.9564,0.1253,-5.6934,405,0.0615,1.0000,0.279393,-0.8467,9.2071,low_inlier
1113,37.9280,-239.2286,-136.4588,5.1112,6.4975,329,0.1020,1.0000,0.279393,-16.2002,-3.0466,low_inlier
1114,37.9589,-242.3121,-139.2665,-3.0835,-2.8077,376,0.0186,1.0000,0.279393,9.8586,0.0742,low_inlier
1115,37.9901,-243.5978,-141.9135,-1.2856,-2.6470,287,0.0454,1.0000,0.279393,3.9971,2.3723,low_inlier
1116,38.0219,-242.2561,-138.0261,1.3417,3.8875,255,0.0192,1.0000,0.279393,-4.0849,-4.2599,low_inlier
1117,38.0524,-242.5239,-139.5287,-0.2678,-1.5027,273,0.0561,1.0000,0.279393,0.7596,2.0028,low_inlier
1118,38.0844,-238.9773,-129.8680,3.5466,9.6607,615,0.0071,1.0000,0.279393,-10.8453,-10.2848,low_inlier
1119,38.1161,-242.0096,-132.9354,-3.0323,-3.0674,207,0.1695,1.0000,0.279393,9.6715,0.5587,low_inlier
1120,38.1478,-241.6300,-126.3437,0.3796,6.5916,472,0.1116,1.0000,0.279393,-0.7341,-9.9146,low_inlier
1121,38.1794,-241.5776,-123.9724,0.0524,2.3713,377,0.0573,1.0000,0.279393,0.0107,-3.6862,low_inlier
1122,38.2108,-240.7879,-126.3468,0.7897,-2.3744,539,0.4216,1.0000,0.279393,-2.7625,4.8869,low_inlier
1123,38.2446,-240.8803,-124.8730,-0.0925,1.4738,379,0.3204,1.0000,0.279393,0.4153,-2.4687,low_inlier
1124,38.2774,-237.7391,-116.9605,3.1412,7.9125,659,0.0720,1.0000,0.279393,-9.6553,-8.0879,low_inlier
1125,38.3112,-237.0974,-110.7355,0.6416,6.2250,641,0.0000,1.0000,0.279393,-1.6183,-8.9610,low_inlier
1126,38.3441,-236.8514,-101.3594,0.2461,9.3761,360,0.0767,1.0000,0.279393,-0.0840,-14.5200,low_inlier
1127,38.3775,-237.0886,-92.8722,-0.2372,8.4872,630,0.0278,1.0000,0.279393,1.4268,-13.7966,low_inlier
1128,38.4111,-238.3470,-87.0735,-1.2585,5.7987,356,0.0297,1.0000,0.279393,4.5569,-10.9831,low_inlier
1129,38.4444,-238.8692,-80.5670,-0.5222,6.5065,629,0.0026,1.0000,0.279393,2.2057,-11.0600,low_inlier
1130,38.4777,-237.9248,-81.1842,0.9444,-0.6172,183,0.0038,1.0000,0.279393,-3.1329,2.3198,low_inlier
1131,38.5111,-238.8603,-77.0386,-0.9355,4.1456,356,0.0280,1.0000,0.279393,3.3748,-7.9029,low_inlier
1132,38.5442,-239.9559,-77.6567,-1.0956,-0.6181,278,0.0263,1.0000,0.279393,3.5319,-0.5754,low_inlier
1133,38.5785,-240.1635,-84.7186,-0.2076,-7.0619,446,0.0401,1.0000,0.279393,0.1359,10.9047,low_inlier
1134,38.6111,-241.2201,-92.3591,-1.0566,-7.6405,518,0.0793,1.0000,0.279393,2.8653,10.6166,low_inlier
1135,38.6441,-243.5912,-96.9417,-2.3711,-4.5826,411,0.1212,1.0000,0.279393,7.3950,3.9006,low_inlier
1136,38.6778,-246.4227,-103.6568,-2.8315,-6.7151,310,0.0541,1.0000,0.279393,8.7352,6.6288,low_inlier
1137,38.7106,-243.3983,-103.9193,3.0244,-0.2625,231,0.1711,1.0000,0.279393,-9.9012,4.7108,low_inlier
1138,38.7441,-240.6268,-103.2754,2.7714,0.6438,261,0.1739,1.0000,0.279393,-9.0052,2.9143,low_inlier
1139,38.7775,-236.9137,-100.1779,3.7131,3.0976,275,0.1563,1.0000,0.279393,-11.8934,0.3601,low_inlier
1140,38.8106,-239.2017,-104.2560,-2.2880,-4.0781,346,0.1306,1.0000,0.279393,7.1621,3.2186,low_inlier
1141,38.8651,-240.6231,-104.2303,-1.4213,0.0257,755,0.2381,1.0000,0.279393,4.6457,-2.0591,low_inlier
1142,38.8961,-241.4152,-108.8582,-0.7921,-4.6280,707,0.7300,1.0000,0.279393,2.2325,6.2147,
1143,38.9271,-241.5603,-116.2805,-0.1451,-7.4223,745,0.7021,1.0000,0.279393,-0.0958,11.5648,
1144,38.9576,-240.8869,-124.6973,0.6734,-8.4168,691,0.3204,1.0000,0.279393,-2.8463,14.3043,low_inlier
1145,38.9886,-241.0819,-131.1468,-0.1950,-6.4495,537,0.0943,1.0000,0.279393,0.1418,9.9512,low_inlier
1146,39.0195,-240.9280,-133.2286,0.1539,-2.0819,390,0.0667,1.0000,0.279393,-0.6626,3.5201,low_inlier
1147,39.0494,-240.3917,-130.8715,0.5363,2.3572,449,0.0675,1.0000,0.279393,-1.5712,-2.9767,low_inlier
1148,39.0801,-239.5203,-128.2453,0.8714,2.6261,603,0.1000,1.0000,0.279393,-2.6454,-2.9274,low_inlier
1149,39.1107,-238.2703,-128.4832,1.2500,-0.2379,687,0.4512,1.0000,0.279393,-4.1021,2.1522,low_inlier
1150,39.1436,-237.4133,-134.3331,0.8570,-5.8499,692,0.7920,1.0000,0.279393,-3.2492,10.4942,
1151,39.1769,-236.3129,-137.3993,1.1004,-3.0662,678,0.3101,1.0000,0.279393,-3.8306,6.4252,low_inlier
1152,39.2102,-235.7796,-136.2945,0.5333,1.1048,740,0.6550,1.0000,0.279393,-1.6574,-0.9949,
1153,39.2437,-235.7796,-134.1852,-0.0000,2.1093,712,0.8187,1.0000,0.279393,0.1620,-3.3451,
1154,39.2769,-235.7569,-131.1481,0.0228,3.0371,710,0.8736,1.0000,0.279393,0.1588,-4.7842,
1155,39.3102,-235.8383,-128.2577,-0.0814,2.8905,724,0.7547,1.0000,0.279393,0.4880,-4.6996,
1156,39.3435,-235.3621,-124.7197,0.4762,3.5380,687,0.8609,1.0000,0.279393,-1.2842,-4.9346,
1157,39.3767,-234.4104,-116.8129,0.9516,7.9067,672,0.8365,1.0000,0.279393,-2.5019,-11.1879,
1158,39.4103,-233.7948,-109.0921,0.6156,7.7208,715,0.3097,1.0000,0.279393,-1.4183,-11.3702,low_inlier
1159,39.4434,-233.1831,-102.0860,0.6118,7.0061,717,0.2733,1.0000,0.279393,-1.4607,-10.2423,low_inlier
1160,39.4767,-233.0081,-95.4191,0.1750,6.6669,633,0.1913,1.0000,0.279393,-0.0598,-10.3245,low_inlier
1161,39.5101,-232.8089,-93.6411,0.1992,1.7780,690,0.1884,1.0000,0.279393,-0.5144,-2.5368,low_inlier
1162,39.5439,-233.2223,-97.8624,-0.4134,-4.2213,694,0.5419,1.0000,0.279393,1.0264,6.1075,
1163,39.5768,-233.8594,-106.6650,-0.6371,-8.8026,717,0.8985,1.0000,0.279393,1.4056,13.0553,
1164,39.6104,-234.0271,-113.6789,-0.1677,-7.0139,743,0.8123,1.0000,0.279393,0.0093,10.8851,
1165,39.6436,-234.8451,-120.5712,-0.8180,-6.8923,763,0.6220,1.0000,0.279393,2.1433,9.7689,
1166,39.6767,-236.6879,-127.9505,-1.8428,-7.3793,719,0.6358,1.0000,0.279393,5.4540,9.0861,
1167,39.7102,-238.7643,-132.9272,-2.0764,-4.9766,698,0.6506,1.0000,0.279393,6.4018,4.9439,
1168,39.7444,-240.8609,-137.5241,-2.0966,-4.5969,670,0.4000,1.0000,0.279393,6.4969,4.3131,low_inlier
1169,39.7768,-242.7933,-142.9142,-1.9324,-5.3901,709,0.4800,1.0000,0.279393,5.8994,5.8042,low_inlier
1170,39.8101,-244.0906,-147.0034,-1.2973,-4.0892,735,0.7449,1.0000,0.279393,3.9245,4.6429,
1171,39.8644,-245.5794,-147.0673,-1.4887,-0.0639,675,0.3137,1.0000,0.279393,4.8589,-2.0126,low_inlier
1172,39.8955,-246.5407,-146.1827,-0.9614,0.8846,723,0.6050,1.0000,0.279393,3.2089,-2.7680,
1173,39.9261,-246.8324,-139.7568,-0.2917,6.4259,716,0.6910,1.0000,0.279393,1.4464,-10.6050,
1174,39.9567,-246.7109,-131.7665,0.1215,7.9903,692,0.6688,1.0000,0.279393,0.2165,-12.4991,
1175,39.9875,-245.8498,-123.4702,0.8610,8.2963,680,0.6258,1.0000,0.279393,-2.1761,-11.9343,
1176,40.0184,-243.6116,-113.4421,2.2383,10.0282,341,0.3992,1.0000,0.279393,-6.5427,-12.7253,low_inlier
1177,40.0489,-246.9312,-120.0952,-3.3196,-6.6531,410,0.3325,1.0000,0.279393,10.3348,5.8373,low_inlier
1178,40.0801,-244.3439,-113.2844,2.5873,6.8108,692,0.7462,1.0000,0.279393,-7.9300,-7.1273,
1179,40.1112,-242.3932,-109.3950,1.9507,3.8894,668,0.6792,1.0000,0.279393,-6.0746,-3.3982,
1180,40.1435,-240.8836,-110.9825,1.5097,-1.5875,641,0.4005,1.0000,0.279393,-5.0542,4.6613,low_inlier
1181,40.1770,-238.8052,-111.3309,2.0783,-0.3484,524,0.1412,1.0000,0.279393,-6.8170,3.5037,low_inlier
1182,40.2100,-235.2288,-108.9908,3.5764,2.3400,530,0.1274,1.0000,0.279393,-11.5050,1.3674,low_inlier
1183,40.2437,-231.5790,-105.8821,3.6498,3.1088,500,0.1694,1.0000,0.279393,-11.6857,0.2524,low_inlier
1184,40.2764,-226.1747,-99.7358,5.4043,6.1463,312,0.2187,1.0000,0.279393,-17.1846,-2.0734,low_inlier
1185,40.3099,-226.5923,-109.4206,-0.4176,-9.6848,321,0.1709,1.0000,0.279393,0.6207,14.7660,low_inlier
1186,40.3434,-224.0290,-104.7600,2.5633,4.6605,472,0.2552,1.0000,0.279393,-8.0167,-3.7513,low_inlier
1187,40.3766,-223.4612,-111.6688,0.5677,-6.9087,700,0.0126,1.0000,0.279393,-2.3854,11.7626,low_inlier
1188,40.4099,-227.6387,-114.4455,-4.1775,-2.7767,366,0.2010,1.0000,0.279393,13.4351,-1.5283,low_inlier
1189,40.4436,-225.8549,-120.4807,1.7838,-6.0353,430,0.3680,1.0000,0.279393,-6.2913,12.1041,low_inlier
1190,40.4764,-228.7676,-121.1039,-2.9126,-0.6231,402,0.3630,1.0000,0.279393,9.4681,-3.1476,low_inlier
1191,40.5099,-225.9298,-121.2780,2.8378,-0.1741,446,0.1425,1.0000,0.279393,-9.2848,4.3057,low_inlier
1192,40.5433,-223.9217,-119.1639,2.0081,2.1141,711,0.5475,1.0000,0.279393,-6.3983,-0.5013,
1193,40.5765,-222.7933,-119.7926,1.1284,-0.6287,675,0.5188,1.0000,0.279393,-3.7350,2.5993,
1194,40.6097,-223.0502,-123.2768,-0.2569,-3.4842,606,0.6175,1.0000,0.279393,0.5718,5.1607,
1195,40.6434,-224.1828,-129.6330,-1.1326,-6.3562,643,0.3425,1.0000,0.279393,3.2124,8.4719,low_inlier
1196,40.6765,-225.5535,-131.7922,-1.3707,-2.1592,695,0.4412,1.0000,0.279393,4.3124,1.4779,low_inlier
1197,40.7097,-226.9010,-131.9853,-1.3475,-0.1931,701,0.8025,1.0000,0.279393,4.3876,-1.6071,
1198,40.7445,-227.4939,-133.1209,-0.5929,-1.1356,737,0.7725,1.0000,0.279393,1.8498,0.9591,
1199,40.7790,-227.3264,-130.6996,0.1674,2.4213,747,0.4800,1.0000,0.279393,-0.3611,-3.6022,low_inlier
1200,40.8099,-228.1916,-128.5989,-0.8652,2.1007,720,0.8350,1.0000,0.279393,2.9879,-4.5600,
1201,40.8634,-229.3605,-128.5405,-1.1689,0.0584,770,0.7975,1.0000,0.279393,3.8234,-1.7524,
1202,40.8937,-231.2914,-129.2129,-1.9309,-0.6725,783,0.9800,1.0000,0.279393,6.2568,-1.6753,
1203,40.9240,-234.2570,-132.3243,-2.9657,-3.1114,785,0.9738,1.0000,0.279393,9.4503,0.7231,
1204,40.9544,-236.5834,-136.0142,-2.3264,-3.6899,771,0.8725,1.0000,0.279393,7.3173,2.5484,
1205,40.9849,-238.3208,-139.0560,-1.7374,-3.0418,783,0.8100,1.0000,0.279393,5.4427,2.3570,
1206,41.0155,-239.5774,-140.0548,-1.2566,-0.9988,783,0.7975,1.0000,0.279393,4.0286,-0.2003,
1207,41.0461,-240.5631,-139.6845,-0.9858,0.3703,778,0.7688,1.0000,0.279393,3.2491,-1.9870,
1208,41.0764,-240.8500,-139.9872,-0.2869,-0.3027,751,0.4025,1.0000,0.279393,0.9139,0.0728,low_inlier
1209,41.1095,-240.2196,-140.7229,0.6304,-0.7357,769,0.8287,1.0000,0.279393,-2.1160,2.0618,
1210,41.1431,-239.2173,-142.9672,1.0023,-2.2442,777,0.9474,1.0000,0.279393,-3.4470,4.9823,
1211,41.1765,-237.7726,-145.3298,1.4447,-2.3627,702,0.5775,1.0000,0.279393,-4.9016,5.7984,
1212,41.2096,-235.9810,-145.3664,1.7916,-0.0366,746,0.6262,1.0000,0.279393,-5.8560,2.6019,
1213,41.2437,-234.1591,-144.3067,1.8220,1.0597,772,0.9574,1.0000,0.279393,-5.8713,0.9066,
1214,41.2765,-232.8171,-142.7895,1.3419,1.5172,775,0.9749,1.0000,0.279393,-4.2678,-0.5007,
1215,41.3102,-232.1268,-143.6043,0.6904,-0.8149,781,0.9187,1.0000,0.279393,-2.3181,2.2726,
1216,41.3435,-231.7151,-146.0029,0.4117,-2.3985,779,0.8762,1.0000,0.279393,-1.5293,4.3884,
1217,41.3763,-231.7531,-146.5465,-0.0381,-0.5436,792,0.9825,1.0000,0.279393,0.0826,0.8081,
1218,41.4097,-232.3305,-146.3527,-0.5773,0.1938,785,0.9862,1.0000,0.279393,1.9011,-1.1271,
1219,41.4433,-233.0327,-145.7298,-0.7022,0.6229,777,0.9712,1.0000,0.279393,2.3420,-1.9850,
1220,41.4763,-233.6097,-145.5507,-0.5770,0.1791,784,0.9825,1.0000,0.279393,1.8989,-1.1033,
1221,41.5094,-234.3799,-145.4149,-0.7703,0.1358,790,0.9825,1.0000,0.279393,2.5271,-1.3092,
1222,41.5430,-235.2776,-146.4930,-0.8977,-1.0781,791,0.9888,1.0000,0.279393,2.8500,0.4351,
1223,41.5765,-235.7603,-147.0657,-0.4827,-0.5727,794,0.9950,1.0000,0.279393,1.5329,0.2229,
1224,41.6096,-236.0749,-146.5496,-0.3146,0.5161,790,0.9925,1.0000,0.279393,1.0676,-1.2652,
1225,41.6434,-236.5130,-146.5646,-0.4381,-0.0149,792,0.9925,1.0000,0.279393,1.4302,-0.5984,
1226,41.6762,-236.9513,-146.9714,-0.4383,-0.4068,793,0.9938,1.0000,0.279393,1.4008,0.0227,
1227,41.7094,-237.2178,-146.7529,-0.2665,0.2184,793,0.9938,1.0000,0.279393,0.8874,-0.7248,
1228,41.7441,-237.3105,-145.7802,-0.0926,0.9727,784,0.9888,1.0000,0.279393,0.3774,-1.6741,
1229,41.7766,-237.3120,-144.8650,-0.0015,0.9153,785,0.9850,1.0000,0.279393,0.0753,-1.4537,
1230,41.8096,-237.1580,-143.5136,0.1540,1.3514,770,0.9625,1.0000,0.279393,-0.3992,-1.9246,
1231,41.8631,-237.1345,-141.1710,0.0235,2.3425,745,0.9300,1.0000,0.279393,0.1030,-3.6816,
1232,41.8934,-237.1479,-140.1995,-0.0134,0.9715,779,0.8287,1.0000,0.279393,0.1183,-1.5597,
1233,41.9234,-237.9331,-142.0171,-0.7852,-1.8175,796,0.8788,1.0000,0.279393,2.4258,1.7675,
1234,41.9536,-239.5564,-145.4449,-1.6233,-3.4278,740,0.9163,1.0000,0.279393,5.0404,3.1311,
1235,41.9839,-241.2959,-149.0898,-1.7395,-3.6449,748,0.9363,1.0000,0.279393,5.4034,3.3103,
1236,42.0144,-242.6457,-152.3455,-1.3498,-3.2557,758,0.9550,1.0000,0.279393,4.1599,3.2465,
1237,42.0447,-243.7810,-154.3358,-1.1353,-1.9903,758,0.9675,1.0000,0.279393,3.5565,1.5443,
1238,42.0763,-244.6213,-155.1498,-0.8403,-0.8141,783,0.9325,1.0000,0.279393,2.6829,0.0978,
1239,42.1095,-245.1160,-156.2903,-0.4946,-1.1404,755,0.9563,1.0000,0.279393,1.5284,1.1063,
1240,42.1427,-246.5919,-159.8344,-1.4759,-3.5442,714,0.8761,1.0000,0.279393,4.5499,3.5249,
1241,42.1762,-249.7507,-166.3262,-3.1588,-6.4918,726,0.7206,1.0000,0.279393,9.8217,5.8099,
1242,42.2094,-250.0897,-168.8275,-0.3390,-2.5013,729,0.6521,1.0000,0.279393,0.9155,3.4854,
1243,42.2428,-250.3279,-173.7781,-0.2383,-4.9506,746,0.8525,1.0000,0.279393,0.3983,7.5127,
1244,42.2760,-251.9780,-180.5811,-1.6501,-6.8030,728,0.6934,1.0000,0.279393,4.8686,8.4458,
1245,42.3097,-254.2428,-185.1765,-2.2648,-4.5954,685,0.7400,1.0000,0.279393,7.0467,4.0717,
1246,42.3428,-256.4644,-187.2412,-2.2215,-2.0648,722,0.8875,1.0000,0.279393,7.0995,0.1200,
1247,42.3759,-257.4437,-184.5003,-0.9793,2.7409,731,0.8137,1.0000,0.279393,3.4100,-5.7374,
1248,42.4094,-257.9533,-179.4304,-0.5096,5.0699,634,0.7171,1.0000,0.279393,2.0541,-8.7638,
1249,42.4432,-258.5324,-176.2011,-0.5791,3.2293,671,0.7125,1.0000,0.279393,2.1401,-5.9437,
1250,42.4764,-258.8066,-175.1465,-0.2742,1.0546,745,0.9025,1.0000,0.279393,0.9767,-2.0618,
1251,42.5096,-258.5948,-174.6666,0.2118,0.4800,758,0.9762,1.0000,0.279393,-0.6551,-0.4605,
1252,42.5426,-258.2144,-174.4643,0.3804,0.2023,741,0.9025,1.0000,0.279393,-1.2273,0.2194,
1253,42.5759,-257.9219,-174.3435,0.2925,0.1208,725,0.6550,1.0000,0.279393,-0.9462,0.2238,
1254,42.6098,-257.9522,-172.4669,-0.0302,1.8766,710,0.6637,1.0000,0.279393,0.2429,-3.0190,
1255,42.6426,-258.2626,-169.5146,-0.3104,2.9523,660,0.6921,1.0000,0.279393,1.2409,-5.1228,
1256,42.6758,-258.9918,-165.0129,-0.7292,4.5017,689,0.7685,1.0000,0.279393,2.7281,-8.1747,
1257,42.8912,-256.9290,-169.5079,2.0628,-4.4950,705,0.8198,1.0000,0.573754,3.4803,-7.1733,
1258,42.9231,-254.6097,-173.4649,2.3193,-3.9570,728,0.8500,1.0000,0.573754,3.8719,-6.2930,
1259,42.9546,-253.4141,-176.0304,1.1956,-2.5655,717,0.4668,1.0000,0.573754,2.0157,-4.0933,low_inlier
1260,42.9863,-253.4499,-176.4410,-0.0358,-0.4105,733,0.9025,1.0000,0.573754,-0.0421,-0.6648,
1261,43.0442,-253.4312,-176.0811,0.0188,0.3599,799,0.9988,1.0000,0.573754,0.0167,0.5822,
1262,43.0747,-254.9663,-177.1344,-1.5351,-1.0533,788,0.9738,1.0000,0.573754,-2.4253,-1.7677,
1263,43.1054,-257.4563,-178.3653,-2.4901,-1.2309,749,0.9387,1.0000,0.573754,-3.9519,-2.0959,
1264,43.1362,-259.1760,-178.3239,-1.7197,0.0414,798,0.9975,1.0000,0.573754,-2.7626,-0.0072,
1265,43.1667,-260.0343,-178.0447,-0.8583,0.2792,728,0.9100,1.0000,0.573754,-1.3885,0.4142,
1266,43.1977,-261.3772,-178.3643,-1.3429,-0.3196,727,0.9075,1.0000,0.573754,-2.1442,-0.5742,
1267,43.2284,-262.2937,-178.6257,-0.9166,-0.2614,722,0.9087,1.0000,0.573754,-1.4618,-0.4617,
1268,43.2591,-262.7880,-179.4980,-0.4942,-0.8724,739,0.9163,1.0000,0.573754,-0.7609,-1.4307,
1269,43.2898,-263.4426,-180.8046,-0.6546,-1.3065,737,0.9150,1.0000,0.573754,-1.0021,-2.1390,
1270,43.3208,-263.8109,-181.2650,-0.3682,-0.4604,768,0.9600,1.0000,0.573754,-0.5740,-0.7597,
1271,43.3514,-263.9073,-180.9260,-0.0964,0.3390,783,0.9862,1.0000,0.573754,-0.1675,0.5435,
1272,43.3818,-264.3907,-181.2154,-0.4835,-0.2894,786,0.9862,1.0000,0.573754,-0.7654,-0.4883,
1273,43.4127,-265.2032,-182.0515,-0.8125,-0.8361,765,0.9775,1.0000,0.573754,-1.2733,-1.3858,
1274,43.4435,-265.5144,-182.0442,-0.3112,0.0073,784,0.9875,1.0000,0.573754,-0.4999,-0.0017,
1275,43.4737,-265.9022,-181.8996,-0.3878,0.1446,783,0.9838,1.0000,0.573754,-0.6281,0.2169,
1276,43.5035,-266.6345,-181.4815,-0.7323,0.4181,779,0.9775,1.0000,0.573754,-1.1915,0.6440,
1277,43.5342,-267.0139,-181.3823,-0.3793,0.0991,789,0.9875,1.0000,0.573754,-0.6127,0.1438,
1278,43.5647,-267.0601,-180.9966,-0.0462,0.3858,780,0.9862,1.0000,0.573754,-0.0886,0.6212,
1279,43.5949,-267.5572,-180.6407,-0.4971,0.3559,785,0.9825,1.0000,0.573754,-0.8115,0.5536,
1280,43.6256,-268.1238,-180.7877,-0.5666,-0.1470,762,0.9812,1.0000,0.573754,-0.9041,-0.2619,
1281,43.6563,-268.1164,-179.7092,0.0073,1.0785,767,0.9738,1.0000,0.573754,-0.0286,1.7427,
1282,44.2877,-264.8662,-180.0613,3.2502,-0.3521,777,0.8450,1.0000,0.608199,0.3692,5.3085,
1283,44.3194,-266.0066,-179.7369,-1.1403,0.3243,719,0.9062,1.0000,0.608199,-0.4531,-1.8768,
1284,44.3508,-265.9530,-179.5992,0.0536,0.1377,781,0.9650,1.0000,0.608199,-0.2252,0.0773,
1285,44.3824,-264.1507,-178.8526,1.8023,0.7466,753,0.9587,1.0000,0.608199,-1.3127,2.8766,
1286,44.4134,-263.3509,-177.3476,0.7998,1.5050,767,0.8850,1.0000,0.608199,-2.4735,1.1928,
1287,44.4445,-263.9100,-176.5130,-0.5591,0.8346,756,0.9537,1.0000,0.608199,-1.3107,-0.9684,
1288,44.4756,-263.0919,-174.6104,0.8181,1.9027,746,0.8788,1.0000,0.608199,-3.1154,1.1943,
1289,44.5068,-262.8807,-172.2309,0.2112,2.3795,732,0.9150,1.0000,0.608199,-3.8466,0.1737,
1290,44.5379,-262.8586,-170.3436,0.0221,1.8873,775,0.9475,1.0000,0.608199,-3.0422,-0.0987,
1291,44.5964,-262.2983,-169.5857,0.5603,0.7579,799,0.9988,1.0000,0.608199,-1.2552,0.8568,
1292,44.6275,-261.6975,-169.1637,0.6008,0.4220,799,0.9988,1.0000,0.608199,-0.7165,0.9465,
1293,44.6584,-262.0458,-168.7517,-0.3483,0.4121,799,0.9988,1.0000,0.608199,-0.6427,-0.5956,
1294,44.6894,-262.4410,-168.5256,-0.3951,0.2261,799,0.9988,1.0000,0.608199,-0.3401,-0.6584,
1295,44.7202,-262.5785,-168.4943,-0.1375,0.0313,799,0.9988,1.0000,0.608199,-0.0420,-0.2257,
1296,44.7513,-262.2668,-168.2328,0.3116,0.2615,795,0.9988,1.0000,0.608199,-0.4403,0.4879,
1297,44.7833,-261.1981,-168.1982,1.0688,0.0346,794,0.9950,1.0000,0.608199,-0.1209,1.7349,
1298,44.8146,-260.7978,-168.1301,0.4002,0.0682,800,1.0000,1.0000,0.608199,-0.1342,0.6457,
1299,44.8452,-260.9792,-168.0661,-0.1813,0.0639,776,0.9950,1.0000,0.608199,-0.0919,-0.2993,
1300,44.8756,-260.1037,-168.6553,0.8754,-0.5892,767,0.9988,1.0000,0.608199,0.8960,1.4651,
1301,44.9066,-259.7020,-169.1292,0.4017,-0.4738,799,0.9962,1.0000,0.608199,0.7390,0.6868,
1302,44.9374,-260.0692,-169.3970,-0.3673,-0.2678,739,0.9712,1.0000,0.608199,0.4539,-0.5779,
1303,44.9685,-260.3502,-169.7174,-0.2809,-0.3205,799,0.9988,1.0000,0.608199,0.5334,-0.4338,
1304,44.9994,-260.4597,-169.8999,-0.1095,-0.1825,799,0.9988,1.0000,0.608199,0.3007,-0.1650,
1305,45.0303,-260.3385,-169.3983,0.1212,0.5016,799,0.9988,1.0000,0.608199,-0.8156,0.1612,
1306,45.0612,-260.3472,-168.4752,-0.0087,0.9231,796,0.9988,1.0000,0.608199,-1.4868,-0.0800,
1307,45.0921,-259.6311,-167.7421,0.7161,0.7331,785,0.9688,1.0000,0.608199,-1.2247,1.1119,
1308,45.1229,-258.7033,-167.0840,0.9278,0.6582,725,0.8838,1.0000,0.608199,-1.1169,1.4613,
1309,45.1544,-258.5109,-166.0058,0.1924,1.0781,750,0.8925,1.0000,0.608199,-1.7488,0.2359,
1310,45.1859,-258.8962,-164.9344,-0.3853,1.0714,734,0.9225,1.0000,0.608199,-1.7028,-0.7027,
1311,45.2173,-258.5441,-164.3498,0.3521,0.5846,770,0.9300,1.0000,0.608199,-0.9633,0.5306,
1312,45.2504,-257.3207,-164.2537,1.2234,0.0962,797,0.9938,1.0000,0.608199,-0.2295,1.9818,
1313,45.2813,-257.3871,-164.0242,-0.0663,0.2294,798,0.9975,1.0000,0.608199,-0.3656,-0.1242,
1314,45.3121,-257.5692,-163.9086,-0.1821,0.1156,767,0.9712,1.0000,0.608199,-0.1752,-0.3043,
1315,45.3425,-255.7210,-164.2395,1.8482,-0.3309,787,0.9775,1.0000,0.608199,0.4205,3.0280,
1316,45.3735,-252.8646,-164.4138,2.8564,-0.1743,747,0.9375,1.0000,0.608199,0.1068,4.6557,
1317,45.4043,-248.3834,-164.5530,4.4812,-0.1391,755,0.8838,1.0000,0.608199,-0.0489,7.2944,
1318,45.4358,-240.4163,-165.0368,7.9672,-0.4838,683,0.7575,1.0000,0.608199,0.2940,12.9857,
1319,45.4673,-232.9046,-165.9609,7.5117,-0.9241,681,0.5131,1.0000,0.608199,1.0311,12.2767,
1320,45.4988,-225.4201,-167.4715,7.4845,-1.5106,675,0.5394,1.0000,0.608199,1.9778,12.2743,
1321,45.5540,-218.4906,-169.1868,6.9295,-1.7153,756,0.5225,1.0000,0.608199,2.3413,11.3867,
1322,45.5854,-215.2654,-171.1933,3.2251,-2.0065,743,0.6395,1.0000,0.608199,3.0364,5.3857,
1323,45.6169,-214.1981,-173.1229,1.0674,-1.9296,748,0.9350,1.0000,0.608199,3.0438,1.8727,
1324,45.6480,-213.4814,-174.6900,0.7167,-1.5672,757,0.9450,1.0000,0.608199,2.4813,1.2768,
1325,45.6794,-214.0840,-176.2543,-0.6027,-1.5643,758,0.9313,1.0000,0.608199,2.5570,-0.8682,
1326,45.7104,-214.4550,-177.2614,-0.3709,-1.0071,779,0.9050,1.0000,0.608199,1.6452,-0.5312,
1327,45.7411,-212.6914,-177.8087,1.7636,-0.5473,777,0.9500,1.0000,0.608199,0.7744,2.9059,
1328,45.7721,-212.8462,-179.2716,-0.1549,-1.4629,766,0.8137,1.0000,0.608199,2.3665,-0.1475,
1329,45.8045,-216.1773,-179.3919,-3.3310,-0.1203,711,0.8638,1.0000,0.608199,0.3968,-5.4063,
1330,45.8357,-221.3829,-178.1844,-5.2056,1.2075,717,0.8488,1.0000,0.608199,-1.6282,-8.5482,
1331,45.8672,-227.2559,-175.4768,-5.8730,2.7076,735,0.8750,1.0000,0.608199,-4.0045,-9.7401,
1332,45.8990,-231.8589,-171.0247,-4.6029,4.4521,742,0.8575,1.0000,0.608199,-6.8926,-7.7998,
1333,45.9303,-235.0110,-167.3712,-3.1521,3.6536,748,0.9348,1.0000,0.608199,-5.6945,-5.3845,
1334,45.9615,-241.1681,-166.7661,-6.1571,0.6051,746,0.9199,1.0000,0.608199,-0.5997,-10.0520,
1335,45.9928,-244.3388,-169.1700,-3.1707,-2.4039,734,0.4363,1.0000,0.608199,4.0664,-4.9828,low_inlier
1336,46.0244,-245.1197,-173.3348,-0.7809,-4.1647,727,0.8087,1.0000,0.608199,6.7578,-0.9725,
1337,46.0558,-246.1062,-175.7815,-0.9865,-2.4467,728,0.8788,1.0000,0.608199,4.0023,-1.4293,
1338,46.0872,-251.6771,-176.9728,-5.5709,-1.1913,733,0.6887,1.0000,0.608199,2.2589,-8.9709,
1339,46.1205,-250.8882,-167.9763,0.7889,8.9965,462,0.4994,1.0000,0.608199,-14.5431,0.6410,low_inlier
1340,46.1524,-258.1584,-169.5024,-7.2702,-1.5261,568,0.4428,1.0000,0.608199,2.9019,-11.7095,low_inlier
1341,46.1841,-260.2163,-170.0578,-2.0579,-0.5554,749,0.8037,1.0000,0.608199,1.0203,-3.3056,
1342,46.2160,-260.6334,-169.8215,-0.4171,0.2363,754,0.9413,1.0000,0.608199,-0.3553,-0.6949,
1343,46.2488,-262.2052,-166.2683,-1.5718,3.5532,720,0.8810,1.0000,0.608199,-5.6291,-2.8084,
1344,46.2808,-261.9084,-164.4817,0.2968,1.7866,712,0.2290,1.0000,0.608199,-2.8966,0.3551,low_inlier
1345,46.3122,-257.3059,-167.6534,4.6025,-3.1717,495,0.2115,1.0000,0.608199,4.8297,7.7078,low_inlier
1346,46.3444,-259.4206,-163.6239,-2.1148,4.0295,412,0.0838,1.0000,0.608199,-6.3634,-3.7249,low_inlier
1347,46.3763,-264.4015,-162.4958,-4.9809,1.1282,342,0.0540,1.0000,0.608199,-1.5141,-8.1772,low_inlier
1348,46.4079,-271.5955,-161.2439,-7.1940,1.2519,465,0.1365,1.0000,0.608199,-1.5787,-11.7836,low_inlier
1349,46.4399,-276.9438,-166.6619,-5.3483,-5.4180,352,0.3513,1.0000,0.608199,9.0554,-8.3079,low_inlier
1350,46.4718,-282.4738,-168.8512,-5.5300,-2.1893,729,0.0013,1.0000,0.608199,3.8644,-8.8333,low_inlier
1351,46.5274,-286.5995,-172.4912,-4.1258,-3.6400,574,0.0488,1.0000,0.608199,6.1161,-6.4473,low_inlier
1352,46.5590,-287.9160,-179.1115,-1.3165,-6.6203,315,0.0352,1.0000,0.608199,10.7468,-1.6682,low_inlier
1353,46.5910,-288.1516,-179.9818,-0.2356,-0.8704,794,0.0000,1.0000,0.608199,1.4167,-0.3209,low_inlier
1354,46.6224,-295.7247,-181.1759,-7.5730,-1.1940,161,0.0627,1.0000,0.608199,2.3853,-12.2254,low_inlier
1355,46.6539,-301.5535,-180.3401,-5.8289,0.8357,510,0.0954,1.0000,0.608199,-0.9913,-9.5348,low_inlier
1356,46.6850,-306.3427,-177.0847,-4.7892,3.2554,464,0.2685,1.0000,0.608199,-4.9532,-8.0172,low_inlier
1357,46.7163,-309.2725,-181.5309,-2.9297,-4.4461,797,0.0013,1.0000,0.608199,7.3421,-4.4456,low_inlier
1358,46.7490,-305.2913,-184.4356,3.9812,-2.9048,573,0.6857,1.0000,0.608199,4.4375,6.6788,
1359,46.7797,-304.0668,-184.9043,1.2245,-0.4687,720,0.8748,1.0000,0.608199,0.6805,2.0239,
1360,46.8113,-304.7443,-184.8940,-0.6776,0.0104,739,0.9250,1.0000,0.608199,0.0246,-1.1022,
1361,46.8418,-306.6497,-185.5364,-1.9053,-0.6424,724,0.9038,1.0000,0.608199,1.1512,-3.0514,
1362,46.8726,-309.6385,-186.8279,-2.9888,-1.2915,725,0.8175,1.0000,0.608199,2.2631,-4.7665,
1363,46.9036,-313.8226,-187.0477,-4.1841,-0.2198,731,0.7550,1.0000,0.608199,0.6091,-6.7859,
1364,46.9351,-317.8912,-184.9249,-4.0686,2.1228,740,0.3579,1.0000,0.608199,-3.1723,-6.7651,low_inlier
1365,46.9679,-319.7901,-181.3678,-1.8989,3.5571,691,0.6809,1.0000,0.608199,-5.6155,-3.3403,
1366,46.9992,-320.2829,-178.2146,-0.4929,3.1531,741,0.9249,1.0000,0.608199,-5.0502,-1.0260,
1367,47.0315,-319.6676,-175.8340,0.6153,2.3807,753,0.9213,1.0000,0.608199,-3.8732,0.8306,
1368,47.0630,-318.8227,-173.6375,0.8449,2.1965,763,0.9237,1.0000,0.608199,-3.5905,1.2168,
1369,47.0930,-319.4776,-172.5246,-0.6549,1.1128,765,0.9263,1.0000,0.608199,-1.7531,-1.1438,
1370,47.1241,-321.2603,-171.4797,-1.7827,1.0449,762,0.9675,1.0000,0.608199,-1.5749,-2.9725,
1371,47.1544,-322.6742,-171.0598,-1.4139,0.4200,740,0.9250,1.0000,0.608199,-0.5905,-2.3284,
1372,47.1854,-323.3834,-171.9855,-0.7092,-0.9257,760,0.9613,1.0000,0.608199,1.5348,-1.0868,
1373,47.2159,-324.0562,-172.4220,-0.6728,-0.4365,758,0.9413,1.0000,0.608199,0.7443,-1.0626,
1374,47.2470,-324.6635,-172.6748,-0.6072,-0.2528,750,0.9450,1.0000,0.608199,0.4443,-0.9691,
1375,47.2777,-325.0761,-172.6479,-0.4126,0.0270,778,0.9762,1.0000,0.608199,-0.0183,-0.6727,
1376,47.3073,-325.5446,-171.6051,-0.4685,1.0427,760,0.9650,1.0000,0.608199,-1.6515,-0.8360,
1377,47.3378,-325.8427,-170.6751,-0.2980,0.9301,768,0.9712,1.0000,0.608199,-1.4803,-0.5508,
1378,47.3687,-326.3355,-169.7178,-0.4928,0.9573,771,0.9762,1.0000,0.608199,-1.5123,-0.8694,
1379,47.4000,-327.3132,-168.5229,-0.9776,1.1949,749,0.9413,1.0000,0.608199,-1.8656,-1.6744,
1380,47.4360,-328.6075,-168.0202,-1.2944,0.5027,758,0.9513,1.0000,0.608199,-0.7311,-2.1399,
1381,47.4898,-329.5789,-167.5964,-0.9714,0.4237,798,0.9988,1.0000,0.608199,-0.6235,-1.6093,
1382,47.5208,-330.2675,-167.0249,-0.6886,0.5715,791,0.9912,1.0000,0.608199,-0.8789,-1.1601,
1383,47.5518,-330.2871,-166.5133,-0.0196,0.5116,794,0.9988,1.0000,0.608199,-0.8231,-0.0683,
1384,47.5823,-330.2007,-166.0371,0.0863,0.4762,799,0.9988,1.0000,0.608199,-0.7725,0.1064,
1385,47.6123,-329.7112,-165.8957,0.4895,0.1414,798,0.9988,1.0000,0.608199,-0.2577,0.7857,
1386,47.6424,-328.9222,-165.6030,0.7890,0.2926,800,1.0000,1.0000,0.608199,-0.5196,1.2618,
1387,47.6724,-328.8950,-165.2335,0.0271,0.3695,798,0.9975,1.0000,0.608199,-0.5970,0.0177,
1388,47.7023,-329.0971,-165.1027,-0.2021,0.1308,796,0.9988,1.0000,0.608199,-0.1985,-0.3378,
1389,47.7323,-329.0735,-164.2550,0.0236,0.8477,799,0.9988,1.0000,0.608199,-1.3673,-0.0220,
1390,47.7626,-328.1695,-161.8884,0.9040,2.3665,783,0.9649,1.0000,0.608199,-3.8680,1.3008,
1391,47.7935,-326.1135,-156.7851,2.0560,5.1033,738,0.5677,1.0000,0.608199,-8.3477,2.9784,
1392,47.8247,-324.2517,-151.6104,1.8618,5.1747,735,0.8128,1.0000,0.608199,-8.4509,2.6576,
1393,47.8557,-319.8098,-145.5453,4.4419,6.0650,678,0.5523,1.0000,0.608199,-10.0426,6.7882,
1394,47.8874,-326.5326,-149.8054,-6.7228,-4.2601,391,0.4695,1.0000,0.608199,7.2734,-10.6247,low_inlier
1395,47.9181,-332.6270,-153.5155,-6.0944,-3.7101,469,0.5763,1.0000,0.608199,6.3491,-9.6424,
1396,47.9499,-337.9538,-158.4714,-5.3268,-4.9559,412,0.5169,1.0000,0.608199,8.3094,-8.3058,
1397,47.9834,-342.4059,-163.4426,-4.4521,-4.9712,779,0.1889,1.0000,0.608199,8.2808,-6.8828,low_inlier
1398,48.0158,-337.2843,-160.2002,5.1216,3.2424,589,0.5144,1.0000,0.608199,-5.5362,8.0944,
1399,48.0478,-331.1628,-157.3323,6.1215,2.8679,640,0.6088,1.0000,0.608199,-4.9937,9.7465,
1400,48.0784,-328.6477,-155.5454,2.5150,1.7869,593,0.4088,1.0000,0.608199,-3.0323,3.9610,low_inlier
1401,48.1104,-327.4564,-155.8188,1.1913,-0.2734,768,0.9337,1.0000,0.608199,0.3679,1.9561,
1402,48.1415,-323.6090,-155.5032,3.8474,0.3156,681,0.8550,1.0000,0.608199,-0.7430,6.2318,
1403,48.1729,-320.1016,-155.0281,3.5074,0.4751,744,0.8087,1.0000,0.608199,-0.9792,5.6677,
1404,48.2039,-314.2516,-155.3327,5.8500,-0.3046,597,0.5282,1.0000,0.608199,0.1343,9.5313,
1405,48.2344,-304.9334,-154.2907,9.3182,1.0420,532,0.6033,1.0000,0.608199,-2.2466,15.0731,
1406,48.2663,-295.6369,-152.1685,9.2966,2.1222,381,0.4243,1.0000,0.608199,-3.9858,14.9610,low_inlier
1407,48.3007,-299.8586,-147.8453,-4.2217,4.3232,331,0.2054,1.0000,0.608199,-6.7083,-7.1709,low_inlier
1408,48.3334,-299.9942,-151.8140,-0.1356,-3.9688,246,0.1167,1.0000,0.608199,6.4027,0.0625,low_inlier
1409,48.3664,-296.6600,-145.2863,3.3341,6.5277,463,0.2383,1.0000,0.608199,-10.7206,4.9545,low_inlier
1410,48.3989,-303.7628,-147.4427,-7.1028,-2.1564,252,0.1110,1.0000,0.608199,3.9072,-11.3923,low_inlier
1411,48.4541,-299.7364,-150.1578,4.0264,-2.7151,580,0.3150,1.0000,0.608199,4.1292,6.7388,low_inlier
1412,48.4861,-304.0547,-143.4180,-4.3183,6.7398,735,0.6023,1.0000,0.608199,-10.5959,-7.5002,
1413,48.5181,-304.6861,-149.0780,-0.6313,-5.6600,420,0.4018,1.0000,0.608199,9.1578,-0.6228,low_inlier
1414,48.5496,-297.8777,-145.8732,6.8084,3.2048,359,0.2208,1.0000,0.608199,-5.5784,10.8391,low_inlier
1415,48.5810,-300.0116,-141.1398,-2.1339,4.7334,721,0.7121,1.0000,0.608199,-7.4963,-3.8062,
1416,48.6128,-306.3391,-136.7116,-6.3276,4.4282,451,0.1794,1.0000,0.608199,-6.7491,-10.6016,low_inlier
1417,48.6444,-314.9906,-135.6855,-8.6515,1.0261,480,0.2813,1.0000,0.608199,-1.1261,-14.1367,low_inlier
1418,48.6765,-313.6481,-132.7399,1.3424,2.9456,694,0.5800,1.0000,0.608199,-4.8277,1.9722,
1419,48.7080,-312.9842,-129.5313,0.6640,3.2086,734,0.5282,1.0000,0.608199,-5.2102,0.8506,
1420,48.7392,-311.2590,-126.2653,1.7251,3.2659,737,0.8263,1.0000,0.608199,-5.3671,2.5715,
1421,48.7704,-310.7617,-123.9741,0.4974,2.2913,739,0.7400,1.0000,0.608199,-3.7220,0.6452,
1422,48.8016,-311.5446,-122.7186,-0.7829,1.2555,750,0.8900,1.0000,0.608199,-1.9751,-1.3622,
1423,48.8329,-312.1306,-121.7178,-0.5861,1.0008,752,0.8838,1.0000,0.608199,-1.5768,-1.0240,
1424,48.8641,-313.0943,-120.3621,-0.9636,1.3556,742,0.9200,1.0000,0.608199,-2.1255,-1.6631,
1425,48.8941,-314.5846,-119.1951,-1.4904,1.1670,728,0.8263,1.0000,0.608199,-1.7895,-2.5059,
1426,48.9254,-316.3007,-117.9572,-1.7161,1.2379,740,0.7450,1.0000,0.608199,-1.8898,-2.8779,
1427,48.9567,-317.0362,-116.3628,-0.7355,1.5945,740,0.9173,1.0000,0.608199,-2.5242,-1.3093,
1428,48.9879,-316.9815,-115.5336,0.0548,0.8291,769,0.9712,1.0000,0.608199,-1.3392,0.0299,
1429,49.0189,-316.7472,-114.7265,0.2343,0.8071,778,0.9725,1.0000,0.608199,-1.3146,0.3233,
1430,49.0498,-316.9680,-113.8164,-0.2208,0.9101,785,0.9500,1.0000,0.608199,-1.4529,-0.4238,
1431,49.0808,-317.8483,-112.7233,-0.8803,1.0931,781,0.9363,1.0000,0.608199,-1.7075,-1.5089,
1432,49.1121,-318.5885,-111.8423,-0.7402,0.8810,756,0.9000,1.0000,0.608199,-1.3744,-1.2661,
1433,49.1434,-320.2918,-111.2178,-1.7032,0.6245,768,0.9012,1.0000,0.608199,-0.9023,-2.8133,
1434,49.1746,-321.6159,-110.9179,-1.3241,0.3000,759,0.9425,1.0000,0.608199,-0.4026,-2.1739,
1435,49.2054,-324.5000,-112.0500,-2.8841,-1.1321,607,0.6787,1.0000,0.608199,1.9998,-4.6076,
1436,49.2372,-328.2275,-114.0227,-3.7275,-1.9726,523,0.6245,1.0000,0.608199,3.4055,-5.9188,
1437,49.2688,-329.9006,-116.1883,-1.6731,-2.1656,735,0.9012,1.0000,0.608199,3.5911,-2.5653,
1438,49.2999,-331.2037,-117.5745,-1.3031,-1.3863,758,0.9475,1.0000,0.608199,2.3130,-2.0195,
1439,49.3318,-332.3641,-118.4269,-1.1603,-0.8524,758,0.9500,1.0000,0.608199,1.4441,-1.8255,
1440,49.3629,-333.1138,-118.8249,-0.7497,-0.3980,755,0.9725,1.0000,0.608199,0.6869,-1.1904,
1441,49.4177,-333.8103,-118.6683,-0.6965,0.1566,795,0.9938,1.0000,0.608199,-0.2098,-1.1433,
1442,49.4485,-335.2252,-118.7533,-1.4150,-0.0850,794,0.9938,1.0000,0.608199,0.2232,-2.2941,
1443,49.4792,-335.1497,-119.1861,0.0755,-0.4328,799,0.9988,1.0000,0.608199,0.6927,0.1536,
1444,49.5098,-335.3110,-119.3640,-0.1612,-0.1779,795,0.9988,1.0000,0.608199,0.2965,-0.2494,
1445,49.5401,-336.3768,-119.6323,-1.0658,-0.2683,799,0.9988,1.0000,0.608199,0.4972,-1.7134,
1446,49.5707,-337.0424,-119.8382,-0.6656,-0.2059,799,1.0000,1.0000,0.608199,0.3723,-1.0674,
1447,49.6015,-337.2229,-120.8608,-0.1805,-1.0226,797,0.9988,1.0000,0.608199,1.6586,-0.2205,
1448,49.6324,-337.4246,-122.2763,-0.2017,-1.4155,796,0.9988,1.0000,0.608199,2.2929,-0.2270,
1449,49.6634,-337.4187,-124.6188,0.0060,-2.3425,771,0.9563,1.0000,0.608199,3.7739,0.1767,
1450,49.6944,-336.5058,-129.4576,0.9129,-4.8387,743,0.8137,1.0000,0.608199,7.7405,1.8289,
1451,49.7255,-335.7866,-133.8133,0.7192,-4.3557,729,0.6462,1.0000,0.608199,6.9740,1.4797,
1452,49.7561,-338.0485,-137.5453,-2.2619,-3.7321,681,0.3287,1.0000,0.608199,6.1509,-3.4109,low_inlier
1453,49.7881,-342.2605,-142.2028,-4.2120,-4.6575,662,0.2725,1.0000,0.608199,7.7608,-6.5150,low_inlier
1454,49.8195,-348.2456,-146.8056,-5.9851,-4.6027,508,0.1837,1.0000,0.608199,7.7806,-9.4011,low_inlier
1455,49.8514,-354.8651,-150.8048,-6.6195,-3.9992,600,0.5582,1.0000,0.608199,6.8468,-10.4755,
1456,49.8838,-362.2351,-151.8246,-7.3699,-1.0198,685,0.6345,1.0000,0.608199,2.0922,-11.9077,
1457,49.9174,-369.7654,-149.9511,-7.5304,1.8734,680,0.3546,1.0000,0.608199,-2.5595,-12.3747,low_inlier
1458,49.9496,-373.2036,-144.3758,-3.4382,5.5753,700,0.3681,1.0000,0.608199,-8.7733,-5.9865,low_inlier
1459,49.9818,-373.9996,-136.5471,-0.7960,7.8287,733,0.7522,1.0000,0.608199,-12.5650,-1.8520,
1460,50.0134,-372.4582,-129.4633,1.5414,7.0839,705,0.6837,1.0000,0.608199,-11.5074,2.0007,
1461,50.0450,-371.3718,-123.2163,1.0864,6.2470,736,0.5594,1.0000,0.608199,-10.1313,1.3207,
1462,50.0762,-372.5048,-118.8238,-1.1331,4.3924,718,0.7222,1.0000,0.608199,-7.0080,-2.1550,
1463,50.1080,-373.0391,-116.3463,-0.5342,2.4775,697,0.6763,1.0000,0.608199,-3.9592,-1.0450,
1464,50.1392,-372.9634,-115.3007,0.0756,1.0456,703,0.4250,1.0000,0.608199,-1.6893,0.0484,low_inlier
1465,50.1710,-373.8091,-115.4484,-0.8456,-0.1477,693,0.4963,1.0000,0.608199,0.2895,-1.3641,low_inlier
1466,50.2024,-376.5298,-115.3253,-2.7208,0.1231,663,0.5875,1.0000,0.608199,-0.0326,-4.4316,
1467,50.2339,-381.8492,-115.3223,-5.3194,0.0029,692,0.7125,1.0000,0.608199,0.3195,-8.6473,
1468,50.2654,-386.6456,-115.0024,-4.7964,0.3200,711,0.6100,1.0000,0.608199,-0.2233,-7.8197,
1469,50.2960,-390.6407,-114.4756,-3.9951,0.5268,698,0.8638,1.0000,0.608199,-0.6053,-6.5319,
1470,50.3277,-397.5827,-114.5085,-6.9420,-0.0329,639,0.7957,1.0000,0.608199,0.4761,-11.2824,
1471,50.3831,-404.9603,-115.0467,-7.3776,-0.5383,646,0.5888,1.0000,0.608199,1.3168,-11.9544,
1472,50.4149,-409.0078,-115.2142,-4.0476,-0.1675,769,0.5868,1.0000,0.608199,0.5165,-6.5677,
1473,50.4464,-410.4957,-116.1936,-1.4879,-0.9794,776,0.7601,1.0000,0.608199,1.6686,-2.3488,
1474,50.4776,-409.5019,-117.9078,0.9938,-1.7143,789,0.9012,1.0000,0.608199,2.7014,1.7377,
1475,50.5084,-406.2353,-119.5781,3.2666,-1.6702,776,0.9700,1.0000,0.608199,2.4920,5.4292,
1476,50.5393,-401.5804,-121.1295,4.6549,-1.5514,780,0.9750,1.0000,0.608199,2.2159,7.6774,
1477,50.5702,-396.5694,-121.6978,5.0110,-0.5684,784,0.7850,1.0000,0.608199,0.6104,8.1863,
1478,50.6029,-393.6718,-122.6053,2.8976,-0.9075,795,0.9187,1.0000,0.608199,1.2855,4.7749,
1479,50.6342,-391.1610,-123.2187,2.5108,-0.6134,796,0.9850,1.0000,0.608199,0.8352,4.1252,
1480,50.6655,-387.9389,-122.8907,3.2222,0.3280,793,0.9762,1.0000,0.608199,-0.7248,5.2145,
1481,50.6964,-382.5703,-122.8406,5.3686,0.0501,782,0.9124,1.0000,0.608199,-0.4078,8.7234,
1482,50.7282,-375.1069,-122.9154,7.4634,-0.0748,585,0.6262,1.0000,0.608199,-0.3343,12.1377,
1483,50.7601,-369.7629,-122.4183,5.3439,0.4971,676,0.6166,1.0000,0.608199,-1.1266,8.6515,
1484,50.7920,-366.7713,-123.0410,2.9916,-0.6227,757,0.7926,1.0000,0.608199,0.8209,4.9075,
1485,50.8234,-363.5638,-125.3246,3.2075,-2.2837,762,0.9287,1.0000,0.608199,3.4839,5.3769,
1486,50.8548,-358.4529,-127.8946,5.1109,-2.5699,758,0.9450,1.0000,0.608199,3.8292,8.4913,
1487,50.8865,-352.1999,-129.7186,6.2530,-1.8241,721,0.8360,1.0000,0.608199,2.5579,10.2948,
1488,50.9182,-348.0062,-131.1843,4.1938,-1.4656,691,0.8225,1.0000,0.608199,2.1058,6.9218,
1489,50.9497,-343.7595,-131.4695,4.2466,-0.2853,738,0.9225,1.0000,0.608199,0.2008,6.9236,
1490,50.9833,-341.3383,-130.5645,2.4212,0.9051,747,0.8235,1.0000,0.608199,-1.6058,3.8714,
1491,51.0150,-338.8502,-129.4695,2.4881,1.0950,788,0.9050,1.0000,0.608199,-1.9158,3.9665,
1492,51.0462,-334.9693,-128.8218,3.8809,0.6477,769,0.8538,1.0000,0.608199,-1.2800,6.2625,
1493,51.0779,-330.6251,-129.0011,4.3442,-0.1792,692,0.7312,1.0000,0.608199,0.0240,7.0747,
1494,51.1094,-326.9273,-129.3840,3.6978,-0.3830,730,0.7325,1.0000,0.608199,0.3917,6.0383,
1495,51.1411,-326.1297,-130.5667,0.7977,-1.1827,798,0.6225,1.0000,0.608199,1.8569,1.3810,
1496,51.9863,-325.2499,-127.5252,0.8798,3.0415,353,0.0437,1.0000,0.572977,-1.4771,-5.3597,low_inlier
1497,54.2106,-322.8337,-126.0549,2.4162,1.4703,746,0.7431,1.0000,0.572977,-4.2042,-2.6379,
1498,56.4075,-322.6935,-135.1447,0.1402,-9.0898,326,0.0013,1.0000,0.572977,-0.4407,15.9526,low_inlier
1499,58.5533,-337.5593,-140.5620,-14.8657,-5.4174,424,0.0098,1.0000,0.572977,25.9448,9.8599,low_inlier
1500,59.1681,-336.2312,-144.4660,1.3281,-3.9040,293,0.0017,1.0000,1.083308,2.8608,1.3673,low_inlier
1501,61.3549,-332.8729,-131.3629,3.3583,13.1031,207,0.0028,1.0000,1.083308,-10.1353,1.5181,low_inlier
1502,63.5254,-478.9200,-224.1600,-146.0471,-92.7971,88,0.0000,1.0000,1.083308,80.1245,-106.2851,low_inlier
