frame,t_s,X_mm,Y_mm,dX_mm,dY_mm,tracked_points,inlier_ratio,roi_visible,mm_per_px,du_px,dv_px,flags
0,0.0887,0.0000,0.0000,0.0000,0.0000,0,0.0000,1.0000,,0.0000,0.0000,no_calib
1,0.1603,0.0000,0.0000,0.0000,0.0000,0,0.0000,1.0000,,0.0000,0.0000,no_calib
2,0.1855,0.0000,0.0000,0.0000,0.0000,0,0.0000,1.0000,,0.0000,0.0000,no_calib
3,0.2104,0.0000,0.0000,0.0000,0.0000,0,0.0000,1.0000,,0.0000,0.0000,no_calib
4,0.2336,0.0000,0.0000,0.0000,0.0000,0,0.0000,1.0000,,0.0000,0.0000,no_calib
5,0.2574,0.0000,0.0000,0.0000,0.0000,0,0.0000,1.0000,,0.0000,0.0000,no_calib
6,0.2813,0.0000,0.0000,0.0000,0.0000,0,0.0000,1.0000,,0.0000,0.0000,no_calib
7,0.3051,0.0000,0.0000,0.0000,0.0000,0,0.0000,1.0000,,0.0000,0.0000,no_calib
8,0.3290,0.0000,0.0000,0.0000,0.0000,0,0.0000,1.0000,,0.0000,0.0000,no_calib
9,0.3587,0.0000,0.0000,0.0000,0.0000,0,0.0000,1.0000,,0.0000,0.0000,no_calib
10,0.3942,0.0000,0.0000,0.0000,0.0000,0,0.0000,1.0000,,0.0000,0.0000,no_calib
11,0.4262,0.0000,0.0000,0.0000,0.0000,0,0.0000,1.0000,,0.0000,0.0000,no_calib
12,0.4610,0.0000,0.0000,0.0000,0.0000,0,0.0000,1.0000,,0.0000,0.0000,no_calib
13,0.4938,0.0000,0.0000,0.0000,0.0000,0,0.0000,1.0000,,0.0000,0.0000,no_calib
14,0.5266,0.0000,0.0000,0.0000,0.0000,0,0.0000,1.0000,,0.0000,0.0000,no_calib
15,0.5609,0.0000,0.0000,0.0000,0.0000,0,0.0000,1.0000,,0.0000,0.0000,no_calib
16,0.5939,0.0000,0.0000,0.0000,0.0000,0,0.0000,1.0000,,0.0000,0.0000,no_calib
17,0.6267,0.0000,0.0000,0.0000,0.0000,0,0.0000,1.0000,,0.0000,0.0000,no_calib
18,0.6611,0.0000,0.0000,0.0000,0.0000,0,0.0000,1.0000,,0.0000,0.0000,no_calib
19,0.6947,0.0000,0.0000,0.0000,0.0000,0,0.0000,1.0000,,0.0000,0.0000,no_calib
20,0.7274,0.0000,0.0000,0.0000,0.0000,0,0.0000,1.0000,,0.0000,0.0000,no_calib
21,0.7602,0.0000,0.0000,0.0000,0.0000,0,0.0000,1.0000,,0.0000,0.0000,no_calib
22,0.7934,0.0000,0.0000,0.0000,0.0000,0,0.0000,1.0000,,0.0000,0.0000,no_calib
23,0.8265,0.0000,0.0000,0.0000,0.0000,0,0.0000,1.0000,,0.0000,0.0000,no_calib
24,0.8603,0.0000,0.0000,0.0000,0.0000,0,0.0000,1.0000,,0.0000,0.0000,no_calib
25,0.8937,0.0000,0.0000,0.0000,0.0000,0,0.0000,1.0000,,0.0000,0.0000,no_calib
26,0.9263,0.0000,0.0000,0.0000,0.0000,0,0.0000,1.0000,,0.0000,0.0000,no_calib
27,0.9601,0.0000,0.0000,0.0000,0.0000,0,0.0000,1.0000,,0.0000,0.0000,no_calib
28,0.9931,0.0000,0.0000,0.0000,0.0000,0,0.0000,1.0000,,0.0000,0.0000,no_calib
29,1.0263,0.0000,0.0000,0.0000,0.0000,0,0.0000,1.0000,,0.0000,0.0000,no_calib
30,1.0600,0.0000,0.0000,0.0000,0.0000,0,0.0000,1.0000,,0.0000,0.0000,no_calib
31,1.1201,0.0000,0.0000,0.0000,0.0000,0,0.0000,1.0000,,0.0000,0.0000,no_calib
32,1.1459,0.0000,0.0000,0.0000,0.0000,0,0.0000,1.0000,,0.0000,0.0000,no_calib
33,1.1714,0.0000,0.0000,0.0000,0.0000,0,0.0000,1.0000,,0.0000,0.0000,no_calib
34,1.1957,0.0000,0.0000,0.0000,0.0000,0,0.0000,1.0000,,0.0000,0.0000,no_calib
35,1.2276,0.0000,0.0000,0.0000,0.0000,0,0.0000,1.0000,,0.0000,0.0000,no_calib
36,1.2604,0.0000,0.0000,0.0000,0.0000,0,0.0000,1.0000,,0.0000,0.0000,no_calib
37,1.2933,0.0000,0.0000,0.0000,0.0000,0,0.0000,1.0000,,0.0000,0.0000,no_calib
38,1.3272,0.0000,0.0000,0.0000,0.0000,0,0.0000,1.0000,,0.0000,0.0000,no_calib
39,1.3589,0.0000,0.0000,0.0000,0.0000,0,0.0000,1.0000,,0.0000,0.0000,no_calib
40,1.3930,0.0000,0.0000,0.0000,0.0000,0,0.0000,1.0000,,0.0000,0.0000,no_calib
41,1.4255,0.0000,0.0000,0.0000,0.0000,0,0.0000,1.0000,,0.0000,0.0000,no_calib
42,1.4588,0.0000,0.0000,0.0000,0.0000,0,0.0000,1.0000,,0.0000,0.0000,no_calib
43,1.4917,0.0000,0.0000,0.0000,0.0000,0,0.0000,1.0000,,0.0000,0.0000,no_calib
44,1.5252,0.0000,0.0000,0.0000,0.0000,0,0.0000,1.0000,,0.0000,0.0000,no_calib
45,1.5581,0.0000,0.0000,0.0000,0.0000,0,0.0000,1.0000,,0.0000,0.0000,no_calib
46,1.5912,0.0000,0.0000,0.0000,0.0000,0,0.0000,1.0000,,0.0000,0.0000,no_calib
47,1.6252,0.0000,0.0000,0.0000,0.0000,0,0.0000,1.0000,,0.0000,0.0000,no_calib
48,1.6582,0.0000,0.0000,0.0000,0.0000,0,0.0000,1.0000,,0.0000,0.0000,no_calib
49,1.6927,0.0000,0.0000,0.0000,0.0000,0,0.0000,1.0000,,0.0000,0.0000,no_calib
50,1.7253,0.0000,0.0000,0.0000,0.0000,0,0.0000,1.0000,,0.0000,0.0000,no_calib
51,1.7592,0.0000,0.0000,0.0000,0.0000,0,0.0000,1.0000,,0.0000,0.0000,no_calib
52,1.7915,0.0000,0.0000,0.0000,0.0000,0,0.0000,1.0000,,0.0000,0.0000,no_calib
53,1.8245,0.0000,0.0000,0.0000,0.0000,0,0.0000,1.0000,,0.0000,0.0000,no_calib
54,1.8577,0.0000,0.0000,0.0000,0.0000,0,0.0000,1.0000,,0.0000,0.0000,no_calib
55,1.8910,0.0000,0.0000,0.0000,0.0000,0,0.0000,1.0000,,0.0000,0.0000,no_calib
56,1.9247,0.0000,0.0000,0.0000,0.0000,0,0.0000,1.0000,,0.0000,0.0000,no_calib
57,1.9577,0.0000,0.0000,0.0000,0.0000,0,0.0000,1.0000,,0.0000,0.0000,no_calib
58,1.9916,0.0000,0.0000,0.0000,0.0000,0,0.0000,1.0000,,0.0000,0.0000,no_calib
59,2.0244,0.0000,0.0000,0.0000,0.0000,0,0.0000,1.0000,,0.0000,0.0000,no_calib
60,2.0594,0.0000,0.0000,0.0000,0.0000,0,0.0000,1.0000,,0.0000,0.0000,no_calib
61,2.1144,0.0000,0.0000,0.0000,0.0000,0,0.0000,1.0000,,0.0000,0.0000,no_calib
62,2.1389,0.0000,0.0000,0.0000,0.0000,0,0.0000,1.0000,,0.0000,0.0000,no_calib
63,2.1638,0.0000,0.0000,0.0000,0.0000,0,0.0000,1.0000,,0.0000,0.0000,no_calib
64,2.1931,0.0000,0.0000,0.0000,0.0000,0,0.0000,1.0000,,0.0000,0.0000,no_calib
65,2.2266,0.0000,0.0000,0.0000,0.0000,0,0.0000,1.0000,,0.0000,0.0000,no_calib
66,2.2598,0.0000,0.0000,0.0000,0.0000,0,0.0000,1.0000,,0.0000,0.0000,no_calib
67,2.2932,0.0000,0.0000,0.0000,0.0000,0,0.0000,1.0000,,0.0000,0.0000,no_calib
68,2.3267,0.0000,0.0000,0.0000,0.0000,0,0.0000,1.0000,,0.0000,0.0000,no_calib
69,2.3594,0.0000,0.0000,0.0000,0.0000,0,0.0000,1.0000,,0.0000,0.0000,no_calib
70,2.3929,0.0000,0.0000,0.0000,0.0000,0,0.0000,1.0000,,0.0000,0.0000,no_calib
71,2.4265,0.0000,0.0000,0.0000,0.0000,0,0.0000,1.0000,,0.0000,0.0000,no_calib
72,2.4596,0.0000,0.0000,0.0000,0.0000,0,0.0000,1.0000,,0.0000,0.0000,no_calib
73,2.4924,0.0000,0.0000,0.0000,0.0000,0,0.0000,1.0000,,0.0000,0.0000,no_calib
74,2.5270,0.0000,0.0000,0.0000,0.0000,0,0.0000,1.0000,,0.0000,0.0000,no_calib
75,2.5593,0.0000,0.0000,0.0000,0.0000,0,0.0000,1.0000,,0.0000,0.0000,no_calib
76,2.5934,0.0000,0.0000,0.0000,0.0000,0,0.0000,1.0000,,0.0000,0.0000,no_calib
77,2.6269,0.0000,0.0000,0.0000,0.0000,0,0.0000,1.0000,,0.0000,0.0000,no_calib
78,2.6593,0.0000,0.0000,0.0000,0.0000,0,0.0000,1.0000,,0.0000,0.0000,no_calib
79,2.6935,0.0000,0.0000,0.0000,0.0000,0,0.0000,1.0000,,0.0000,0.0000,no_calib
80,2.7260,0.0000,0.0000,0.0000,0.0000,0,0.0000,1.0000,,0.0000,0.0000,no_calib
81,2.7593,0.0000,0.0000,0.0000,0.0000,0,0.0000,1.0000,,0.0000,0.0000,no_calib
82,2.7927,0.0000,0.0000,0.0000,0.0000,0,0.0000,1.0000,,0.0000,0.0000,no_calib
83,2.8262,0.0000,0.0000,0.0000,0.0000,0,0.0000,1.0000,,0.0000,0.0000,no_calib
84,2.8590,0.0000,0.0000,0.0000,0.0000,0,0.0000,1.0000,,0.0000,0.0000,no_calib
85,2.8928,0.0000,0.0000,0.0000,0.0000,0,0.0000,1.0000,,0.0000,0.0000,no_calib
86,2.9262,0.0000,0.0000,0.0000,0.0000,0,0.0000,1.0000,,0.0000,0.0000,no_calib
87,2.9597,0.0000,0.0000,0.0000,0.0000,0,0.0000,1.0000,,0.0000,0.0000,no_calib
88,2.9927,0.0000,0.0000,0.0000,0.0000,0,0.0000,1.0000,,0.0000,0.0000,no_calib
89,3.0264,0.0000,0.0000,0.0000,0.0000,0,0.0000,1.0000,,0.0000,0.0000,no_calib
90,3.0612,0.0000,0.0000,0.0000,0.0000,0,0.0000,1.0000,,0.0000,0.0000,no_calib
91,3.1136,0.0000,0.0000,0.0000,0.0000,0,0.0000,1.0000,,0.0000,0.0000,no_calib
92,3.1383,0.0000,0.0000,0.0000,0.0000,0,0.0000,1.0000,,0.0000,0.0000,no_calib
93,3.1626,0.0000,0.0000,0.0000,0.0000,0,0.0000,1.0000,,0.0000,0.0000,no_calib
94,3.1922,0.0000,0.0000,0.0000,0.0000,0,0.0000,1.0000,,0.0000,0.0000,no_calib
95,3.2264,0.0000,0.0000,0.0000,0.0000,0,0.0000,1.0000,,0.0000,0.0000,no_calib
96,3.2594,0.0000,0.0000,0.0000,0.0000,0,0.0000,1.0000,,0.0000,0.0000,no_calib
97,3.2924,0.0000,0.0000,0.0000,0.0000,0,0.0000,1.0000,,0.0000,0.0000,no_calib
98,3.3260,0.0000,0.0000,0.0000,0.0000,0,0.0000,1.0000,,0.0000,0.0000,no_calib
99,3.3596,0.0000,0.0000,0.0000,0.0000,0,0.0000,1.0000,,0.0000,0.0000,no_calib
100,3.3927,0.0000,0.0000,0.0000,0.0000,0,0.0000,1.0000,,0.0000,0.0000,no_calib
101,3.4263,0.0000,0.0000,0.0000,0.0000,0,0.0000,1.0000,,0.0000,0.0000,no_calib
102,3.4600,0.0000,0.0000,0.0000,0.0000,0,0.0000,1.0000,,0.0000,0.0000,no_calib
103,3.4923,0.0000,0.0000,0.0000,0.0000,0,0.0000,1.0000,,0.0000,0.0000,no_calib
104,3.5263,0.0000,0.0000,0.0000,0.0000,0,0.0000,1.0000,,0.0000,0.0000,no_calib
105,3.5595,0.0000,0.0000,0.0000,0.0000,0,0.0000,1.0000,,0.0000,0.0000,no_calib
106,3.5924,0.0000,0.0000,0.0000,0.0000,0,0.0000,1.0000,,0.0000,0.0000,no_calib
107,3.6256,0.0000,0.0000,0.0000,0.0000,0,0.0000,1.0000,,0.0000,0.0000,no_calib
108,3.6593,0.0000,0.0000,0.0000,0.0000,0,0.0000,1.0000,,0.0000,0.0000,no_calib
109,3.6932,0.0000,0.0000,0.0000,0.0000,0,0.0000,1.0000,,0.0000,0.0000,no_calib
110,3.7263,0.0000,0.0000,0.0000,0.0000,0,0.0000,1.0000,,0.0000,0.0000,no_calib
111,3.7595,0.0000,0.0000,0.0000,0.0000,0,0.0000,1.0000,,0.0000,0.0000,no_calib
112,3.7932,0.0000,0.0000,0.0000,0.0000,0,0.0000,1.0000,,0.0000,0.0000,no_calib
113,3.8257,0.0000,0.0000,0.0000,0.0000,0,0.0000,1.0000,,0.0000,0.0000,no_calib
114,3.8592,0.0000,0.0000,0.0000,0.0000,0,0.0000,1.0000,,0.0000,0.0000,no_calib
115,3.8930,0.0000,0.0000,0.0000,0.0000,0,0.0000,1.0000,,0.0000,0.0000,no_calib
116,3.9257,0.0000,0.0000,0.0000,0.0000,0,0.0000,1.0000,,0.0000,0.0000,no_calib
117,3.9592,0.0000,0.0000,0.0000,0.0000,0,0.0000,1.0000,,0.0000,0.0000,no_calib
118,3.9920,0.0000,0.0000,0.0000,0.0000,0,0.0000,1.0000,,0.0000,0.0000,no_calib
119,4.0261,0.0000,0.0000,0.0000,0.0000,0,0.0000,1.0000,,0.0000,0.0000,no_calib
120,4.0594,0.0000,0.0000,0.0000,0.0000,0,0.0000,1.0000,,0.0000,0.0000,no_calib
121,4.1083,0.0000,0.0000,0.0000,0.0000,0,0.0000,1.0000,,0.0000,0.0000,no_calib
122,4.1332,0.0000,0.0000,0.0000,0.0000,0,0.0000,1.0000,,0.0000,0.0000,no_calib
123,4.1590,0.0000,0.0000,0.0000,0.0000,0,0.0000,1.0000,,0.0000,0.0000,no_calib
124,4.1926,0.0000,0.0000,0.0000,0.0000,0,0.0000,1.0000,,0.0000,0.0000,no_calib
125,4.2261,0.0000,0.0000,0.0000,0.0000,0,0.0000,1.0000,,0.0000,0.0000,no_calib
126,4.2590,0.0000,0.0000,0.0000,0.0000,0,0.0000,1.0000,,0.0000,0.0000,no_calib
127,4.2928,0.0000,0.0000,0.0000,0.0000,0,0.0000,1.0000,,0.0000,0.0000,no_calib
128,4.3254,0.0000,0.0000,0.0000,0.0000,0,0.0000,1.0000,,0.0000,0.0000,no_calib
129,4.3594,0.0000,0.0000,0.0000,0.0000,0,0.0000,1.0000,,0.0000,0.0000,no_calib
130,4.3927,0.0000,0.0000,0.0000,0.0000,0,0.0000,1.0000,,0.0000,0.0000,no_calib
131,4.4254,0.0000,0.0000,0.0000,0.0000,0,0.0000,1.0000,,0.0000,0.0000,no_calib
132,4.4586,0.0000,0.0000,0.0000,0.0000,0,0.0000,1.0000,,0.0000,0.0000,no_calib
133,4.4930,0.0000,0.0000,0.0000,0.0000,0,0.0000,1.0000,,0.0000,0.0000,no_calib
134,4.5259,0.0000,0.0000,0.0000,0.0000,0,0.0000,1.0000,,0.0000,0.0000,no_calib
135,4.5591,0.0000,0.0000,0.0000,0.0000,0,0.0000,1.0000,,0.0000,0.0000,no_calib
136,4.5924,0.0000,0.0000,0.0000,0.0000,0,0.0000,1.0000,,0.0000,0.0000,no_calib
137,4.6254,0.0000,0.0000,0.0000,0.0000,0,0.0000,1.0000,,0.0000,0.0000,no_calib
138,4.6587,0.0000,0.0000,0.0000,0.0000,0,0.0000,1.0000,,0.0000,0.0000,no_calib
139,4.6922,0.0000,0.0000,0.0000,0.0000,0,0.0000,1.0000,,0.0000,0.0000,no_calib
140,4.7262,0.0000,0.0000,0.0000,0.0000,0,0.0000,1.0000,,0.0000,0.0000,no_calib
141,4.7586,0.0000,0.0000,0.0000,0.0000,0,0.0000,1.0000,,0.0000,0.0000,no_calib
142,4.7930,0.0000,0.0000,0.0000,0.0000,0,0.0000,1.0000,,0.0000,0.0000,no_calib
143,4.8259,0.0000,0.0000,0.0000,0.0000,0,0.0000,1.0000,,0.0000,0.0000,no_calib
144,4.8591,0.0000,0.0000,0.0000,0.0000,0,0.0000,1.0000,,0.0000,0.0000,no_calib
145,4.8915,0.0000,0.0000,0.0000,0.0000,0,0.0000,1.0000,,0.0000,0.0000,no_calib
146,4.9251,0.0000,0.0000,0.0000,0.0000,0,0.0000,1.0000,,0.0000,0.0000,no_calib
147,4.9582,0.0000,0.0000,0.0000,0.0000,0,0.0000,1.0000,,0.0000,0.0000,no_calib
148,7.1410,0.0000,0.0000,0.0000,0.0000,0,0.0000,1.0000,,0.0000,0.0000,no_calib
149,7.1673,0.0000,0.0000,0.0000,0.0000,0,0.0000,1.0000,,0.0000,0.0000,no_calib
150,7.1927,0.0000,0.0000,0.0000,0.0000,0,0.0000,1.0000,,0.0000,0.0000,no_calib
151,7.2468,0.0000,0.0000,0.0000,0.0000,0,0.0000,1.0000,,0.0000,0.0000,no_calib
152,7.2719,0.0000,0.0000,0.0000,0.0000,0,0.0000,1.0000,,0.0000,0.0000,no_calib
153,7.2970,0.0000,0.0000,0.0000,0.0000,0,0.0000,1.0000,,0.0000,0.0000,no_calib
154,7.3222,0.0000,0.0000,0.0000,0.0000,0,0.0000,1.0000,,0.0000,0.0000,no_calib
155,7.3472,0.0000,0.0000,0.0000,0.0000,0,0.0000,1.0000,,0.0000,0.0000,no_calib
156,7.3720,0.0000,0.0000,0.0000,0.0000,0,0.0000,1.0000,,0.0000,0.0000,no_calib
157,7.3975,0.0000,0.0000,0.0000,0.0000,0,0.0000,1.0000,,0.0000,0.0000,no_calib
158,7.4225,0.0000,0.0000,0.0000,0.0000,0,0.0000,1.0000,,0.0000,0.0000,no_calib
159,7.4477,0.0000,0.0000,0.0000,0.0000,0,0.0000,1.0000,,0.0000,0.0000,no_calib
160,7.4729,0.0000,0.0000,0.0000,0.0000,0,0.0000,1.0000,,0.0000,0.0000,no_calib
161,7.4979,0.0000,0.0000,0.0000,0.0000,0,0.0000,1.0000,,0.0000,0.0000,no_calib
162,7.5229,0.0000,0.0000,0.0000,0.0000,0,0.0000,1.0000,,0.0000,0.0000,no_calib
163,7.5482,0.0000,0.0000,0.0000,0.0000,0,0.0000,1.0000,,0.0000,0.0000,no_calib
164,7.5734,0.0000,0.0000,0.0000,0.0000,0,0.0000,1.0000,,0.0000,0.0000,no_calib
165,7.5983,0.0000,0.0000,0.0000,0.0000,0,0.0000,1.0000,,0.0000,0.0000,no_calib
166,7.6232,0.0000,0.0000,0.0000,0.0000,0,0.0000,1.0000,,0.0000,0.0000,no_calib
167,7.6478,0.0000,0.0000,0.0000,0.0000,0,0.0000,1.0000,,0.0000,0.0000,no_calib
168,7.6730,0.0000,0.0000,0.0000,0.0000,0,0.0000,1.0000,,0.0000,0.0000,no_calib
169,7.6985,0.0000,0.0000,0.0000,0.0000,0,0.0000,1.0000,,0.0000,0.0000,no_calib
170,7.7238,0.0000,0.0000,0.0000,0.0000,0,0.0000,1.0000,,0.0000,0.0000,no_calib
171,7.7489,0.0000,0.0000,0.0000,0.0000,0,0.0000,1.0000,,0.0000,0.0000,no_calib
172,7.7741,0.0000,0.0000,0.0000,0.0000,0,0.0000,1.0000,,0.0000,0.0000,no_calib
173,7.7992,0.0000,0.0000,0.0000,0.0000,0,0.0000,1.0000,,0.0000,0.0000,no_calib
174,7.8243,0.0000,0.0000,0.0000,0.0000,0,0.0000,1.0000,,0.0000,0.0000,no_calib
175,7.8496,0.0000,0.0000,0.0000,0.0000,0,0.0000,1.0000,,0.0000,0.0000,no_calib
176,7.8747,0.0000,0.0000,0.0000,0.0000,0,0.0000,1.0000,,0.0000,0.0000,no_calib
177,8.7049,1.1168,1.7727,1.1168,1.7727,440,0.3200,1.0000,0.761612,-2.3123,1.5036,low_inlier
178,8.7333,1.3302,1.4724,0.2134,-0.3003,555,0.6975,1.0000,0.761612,0.3969,0.2717,
179,8.7611,2.0371,1.5860,0.7069,0.1136,556,0.6975,1.0000,0.761612,-0.1400,0.9271,
180,8.7897,1.8723,1.8689,-0.1648,0.2829,561,0.7025,1.0000,0.761612,-0.3735,-0.2085,
181,8.8463,2.1917,1.6898,0.3194,-0.1792,577,0.7212,1.0000,0.761612,0.2393,0.4132,
182,8.8739,3.0067,1.7055,0.8150,0.0158,579,0.7262,1.0000,0.761612,-0.0102,1.0661,
183,8.9018,3.1909,1.4675,0.1842,-0.2381,572,0.7150,1.0000,0.761612,0.3148,0.2350,
184,8.9291,3.4186,1.2808,0.2277,-0.1867,575,0.7188,1.0000,0.761612,0.2479,0.2931,
185,8.9566,3.6822,1.2727,0.2636,-0.0081,586,0.7325,1.0000,0.761612,0.0141,0.3444,
186,8.9840,3.3440,1.2407,-0.3381,-0.0320,581,0.7275,1.0000,0.761612,0.0376,-0.4429,
187,9.0113,2.7599,1.2590,-0.5842,0.0183,596,0.7450,1.0000,0.761612,-0.0315,-0.7634,
188,9.0389,2.8013,1.3942,0.0415,0.1353,574,0.7175,1.0000,0.761612,-0.1770,0.0575,
189,9.0661,2.6149,1.4402,-0.1865,0.0460,567,0.7087,1.0000,0.761612,-0.0628,-0.2427,
190,9.0933,2.5452,1.3301,-0.0697,-0.1101,568,0.7113,1.0000,0.761612,0.1436,-0.0938,
191,9.1203,2.6369,1.1156,0.0917,-0.2145,584,0.7300,1.0000,0.761612,0.2828,0.1146,
192,9.1476,2.4822,1.0938,-0.1546,-0.0218,579,0.7238,1.0000,0.761612,0.0266,-0.2027,
193,9.1757,1.6072,1.1300,-0.8750,0.0362,591,0.7400,1.0000,0.761612,-0.0588,-1.1432,
194,9.2034,1.4355,0.9425,-0.1717,-0.1875,577,0.7262,1.0000,0.761612,0.2439,-0.2291,
195,9.2307,1.5406,0.4784,0.1051,-0.4641,585,0.7325,1.0000,0.761612,0.6105,0.1260,
196,9.2584,1.5194,0.1580,-0.0212,-0.3203,598,0.7475,1.0000,0.761612,0.4202,-0.0356,
197,9.2860,1.2398,0.0766,-0.2796,-0.0815,571,0.7137,1.0000,0.761612,0.1033,-0.3675,
198,9.3133,1.2656,-0.3180,0.0258,-0.3945,584,0.7300,1.0000,0.761612,0.5182,0.0240,
199,9.3407,1.2998,-0.6924,0.0342,-0.3745,592,0.7400,1.0000,0.761612,0.4919,0.0355,
200,9.3685,1.2344,-1.4313,-0.0653,-0.7389,568,0.7100,1.0000,0.761612,0.9689,-0.1035,
201,9.3963,1.2915,-3.1908,0.0571,-1.7595,450,0.5625,1.0000,0.761612,2.3101,0.0315,
202,9.4242,3.9064,-5.6794,2.6149,-2.4886,497,0.5741,1.0000,0.761612,3.3000,3.3580,
203,9.4522,8.5375,-8.8559,4.6311,-3.1765,535,0.6834,1.0000,0.761612,4.2290,5.9774,
204,9.4807,11.3519,-11.5187,2.8144,-2.6628,568,0.7100,1.0000,0.761612,3.5313,3.6146,
205,9.5090,10.5061,-12.1377,-0.8458,-0.6190,481,0.5925,1.0000,0.761612,0.8016,-1.1211,
206,9.5373,7.7618,-11.7966,-2.7442,0.3411,518,0.6150,1.0000,0.761612,-0.4831,-3.5798,
207,9.5656,5.8211,-10.8642,-1.9407,0.9324,544,0.6900,1.0000,0.761612,-1.2489,-2.5147,
208,9.5941,4.7844,-9.2981,-1.0367,1.5660,493,0.6675,1.0000,0.761612,-2.0688,-1.3172,
209,9.6224,3.7445,-7.3902,-1.0398,1.9079,478,0.6088,1.0000,0.761612,-2.5176,-1.3129,
210,9.6505,1.2875,-5.2101,-2.4570,2.1801,510,0.6483,1.0000,0.761612,-2.8931,-3.1592,
211,9.7026,-0.0871,-2.6888,-1.3745,2.5213,479,0.5900,1.0000,0.761612,-3.3270,-1.7354,
212,9.7308,-1.7305,-0.5800,-1.6435,2.1088,511,0.6338,1.0000,0.761612,-2.7891,-2.0972,
213,9.7591,-3.7418,1.0917,-2.0113,1.6717,503,0.6449,1.0000,0.761612,-2.2201,-2.5889,
214,9.7876,-3.8069,1.0529,-0.0651,-0.0388,446,0.4731,1.0000,0.761612,0.0501,-0.0861,low_inlier
215,9.8159,-3.2659,0.2635,0.5411,-0.7894,565,0.6637,1.0000,0.761612,1.0431,0.6881,
216,9.8440,-3.2117,-0.4876,0.0542,-0.7511,592,0.7425,1.0000,0.761612,0.9865,0.0524,
217,9.8727,-3.3204,-1.0137,-0.1087,-0.5261,590,0.7388,1.0000,0.761612,0.6892,-0.1550,
218,9.9011,-3.4730,-2.1112,-0.1526,-1.0974,588,0.7400,1.0000,0.761612,1.4384,-0.2264,
219,9.9290,-3.2342,-3.3508,0.2388,-1.2396,592,0.7475,1.0000,0.761612,1.6301,0.2819,
220,9.9571,-3.0954,-4.1384,0.1387,-0.7876,586,0.7350,1.0000,0.761612,1.0356,0.1621,
221,9.9852,-3.9537,-4.4059,-0.8583,-0.2675,543,0.6875,1.0000,0.761612,0.3400,-1.1288,
222,10.0136,-5.0336,-4.5119,-1.0799,-0.1060,568,0.7125,1.0000,0.761612,0.1252,-1.4146,
223,10.0416,-5.0247,-4.6246,0.0089,-0.1127,593,0.7425,1.0000,0.761612,0.1481,0.0089,
224,10.0690,-6.2067,-4.2333,-1.1820,0.3913,559,0.7037,1.0000,0.761612,-0.5288,-1.5359,
225,10.0972,-7.7910,-3.9298,-1.5842,0.3035,574,0.7175,1.0000,0.761612,-0.4188,-2.0640,
226,10.1253,-7.0496,-3.6690,0.7414,0.2608,512,0.6450,1.0000,0.761612,-0.3327,0.9757,
227,10.1534,-7.3138,-3.4984,-0.2641,0.1707,469,0.5700,1.0000,0.761612,-0.2274,-0.3412,
228,10.1814,-8.8367,-3.1004,-1.5229,0.3979,589,0.7551,1.0000,0.761612,-0.5419,-1.9815,
229,10.2101,-9.5799,-2.7107,-0.7432,0.3897,564,0.7148,1.0000,0.761612,-0.5211,-0.9622,
230,10.2384,-9.5783,-2.8302,0.0016,-0.1195,595,0.7450,1.0000,0.761612,0.1569,-0.0008,
231,10.2660,-9.4447,-2.9173,0.1335,-0.0871,580,0.7288,1.0000,0.761612,0.1160,0.1724,
232,10.2937,-9.8339,-2.7368,-0.3892,0.1805,569,0.7150,1.0000,0.761612,-0.2419,-0.5045,
233,10.3213,-10.8427,-2.5667,-1.0087,0.1702,577,0.7509,1.0000,0.761612,-0.2363,-1.3148,
234,10.3493,-12.2539,-2.1724,-1.4112,0.3942,571,0.7063,1.0000,0.761612,-0.5356,-1.8356,
235,10.3773,-13.2959,-1.8736,-1.0420,0.2988,554,0.7025,1.0000,0.761612,-0.4056,-1.3551,
236,10.4056,-12.9114,-1.6706,0.3845,0.2030,571,0.7175,1.0000,0.761612,-0.2615,0.5077,
237,10.4334,-12.5975,-1.6844,0.3140,-0.0138,577,0.7212,1.0000,0.761612,0.0222,0.4102,
238,10.4609,-13.4936,-1.3117,-0.8961,0.3728,568,0.7137,1.0000,0.761612,-0.5008,-1.1626,
239,10.4889,-14.6781,-0.8848,-1.1845,0.4268,565,0.7312,1.0000,0.761612,-0.5755,-1.5383,
240,10.5172,-16.2019,-0.5886,-1.5238,0.2963,578,0.7338,1.0000,0.761612,-0.4085,-1.9851,
241,12.1684,-16.5340,-1.3044,-0.3321,-0.7159,409,0.2941,1.0000,0.376665,-0.8628,-0.8683,low_inlier
242,12.1973,-16.4588,-1.5315,0.0752,-0.2270,578,0.7225,1.0000,0.376665,0.1827,-0.2814,
243,12.2251,-16.3570,-2.2495,0.1018,-0.7181,595,0.7438,1.0000,0.376665,0.2343,-0.8855,
244,12.2532,-16.0821,-2.1996,0.2749,0.0500,601,0.7562,1.0000,0.376665,0.6965,0.0522,
245,12.2821,-16.0123,-2.2144,0.0699,-0.0149,605,0.7562,1.0000,0.376665,0.1761,-0.0206,
246,12.3092,-16.0191,-2.5804,-0.0069,-0.3660,577,0.7212,1.0000,0.376665,-0.0292,-0.4493,
247,12.3367,-15.8704,-2.7901,0.1487,-0.2097,574,0.7188,1.0000,0.376665,0.3692,-0.2626,
248,12.3643,-15.6339,-2.2719,0.2366,0.5182,584,0.7312,1.0000,0.376665,0.6149,0.6287,
249,12.3922,-15.4508,-1.8722,0.1831,0.3997,583,0.7288,1.0000,0.376665,0.4758,0.4849,
250,12.4197,-15.3871,-2.0534,0.0637,-0.1811,585,0.7312,1.0000,0.376665,0.1552,-0.2246,
251,12.4471,-15.4971,-2.4430,-0.1100,-0.3896,601,0.7512,1.0000,0.376665,-0.2907,-0.4750,
252,12.4745,-15.4763,-2.4019,0.0208,0.0411,596,0.7450,1.0000,0.376665,0.0540,0.0498,
253,12.5025,-15.3671,-2.4116,0.1092,-0.0097,596,0.7450,1.0000,0.376665,0.2757,-0.0156,
254,12.5298,-15.4581,-2.6800,-0.0910,-0.2685,590,0.7375,1.0000,0.376665,-0.2388,-0.3268,
255,12.5570,-15.5589,-2.5422,-0.1008,0.1378,569,0.7225,1.0000,0.376665,-0.2505,0.1727,
256,12.5848,-15.4193,-2.2685,0.1396,0.2737,587,0.7338,1.0000,0.376665,0.3618,0.3315,
257,12.6121,-15.3632,-2.3468,0.0562,-0.0783,598,0.7475,1.0000,0.376665,0.1395,-0.0981,
258,12.6394,-15.3176,-2.2117,0.0456,0.1351,583,0.7288,1.0000,0.376665,0.1196,0.1644,
259,12.6666,-15.3570,-2.0210,-0.0394,0.1907,574,0.7175,1.0000,0.376665,-0.0935,0.2356,
260,12.6936,-15.2905,-2.2941,0.0665,-0.2731,591,0.7388,1.0000,0.376665,0.1593,-0.3377,
261,12.7205,-15.1867,-2.1283,0.1038,0.1658,584,0.7300,1.0000,0.376665,0.2679,0.2002,
262,12.7477,-15.2366,-2.1350,-0.0499,-0.0066,604,0.7550,1.0000,0.376665,-0.1264,-0.0065,
263,12.7745,-15.2862,-2.3792,-0.0496,-0.2443,589,0.7362,1.0000,0.376665,-0.1334,-0.2984,
264,12.8017,-15.2147,-2.1068,0.0716,0.2724,592,0.7400,1.0000,0.376665,0.1897,0.3323,
265,12.8297,-15.1003,-1.7081,0.1144,0.3988,600,0.7500,1.0000,0.376665,0.3020,0.4860,
266,12.8572,-15.0721,-1.9173,0.0282,-0.2093,588,0.7350,1.0000,0.376665,0.0645,-0.2580,
267,12.8843,-15.0587,-1.7247,0.0134,0.1926,582,0.7275,1.0000,0.376665,0.0401,0.2362,
268,12.9113,-15.0453,-1.8000,0.0134,-0.0753,606,0.7575,1.0000,0.376665,0.0314,-0.0929,
269,12.9381,-14.9265,-2.1558,0.1189,-0.3558,598,0.7475,1.0000,0.376665,0.2890,-0.4411,
270,12.9656,-14.9343,-1.6862,-0.0078,0.4696,576,0.7275,1.0000,0.376665,-0.0046,0.5771,
271,13.0203,-15.0397,-1.8280,-0.1054,-0.1417,578,0.7238,1.0000,0.376665,-0.2710,-0.1706,
272,13.0478,-15.2345,-2.8770,-0.1948,-1.0490,589,0.7362,1.0000,0.376665,-0.5265,-1.2821,
273,13.0753,-15.3850,-3.7738,-0.1505,-0.8968,588,0.7350,1.0000,0.376665,-0.4094,-1.0966,
274,13.1029,-15.5989,-4.4326,-0.2139,-0.6588,579,0.7247,1.0000,0.376665,-0.5621,-0.8021,
275,13.1304,-15.8362,-4.9290,-0.2373,-0.4964,585,0.7312,1.0000,0.376665,-0.6160,-0.6018,
276,13.1581,-16.0075,-5.1753,-0.1713,-0.2463,577,0.7212,1.0000,0.376665,-0.4410,-0.2968,
277,13.1863,-15.9490,-5.1035,0.0585,0.0718,593,0.7412,1.0000,0.376665,0.1502,0.0862,
278,13.2134,-15.8308,-4.6151,0.1182,0.4884,588,0.7350,1.0000,0.376665,0.3145,0.5960,
279,13.2409,-15.8943,-3.9383,-0.0635,0.6768,585,0.7312,1.0000,0.376665,-0.1387,0.8335,
280,13.2685,-15.8123,-3.5831,0.0820,0.3552,574,0.7175,1.0000,0.376665,0.2189,0.4335,
281,13.2961,-15.5929,-3.0837,0.2194,0.4994,589,0.7388,1.0000,0.376665,0.5709,0.6062,
282,13.3238,-15.6829,-2.9273,-0.0900,0.1564,573,0.7163,1.0000,0.376665,-0.2225,0.1951,
283,13.3510,-15.9673,-2.8674,-0.2844,0.0599,590,0.7388,1.0000,0.376665,-0.7171,0.0831,
284,13.3787,-16.1420,-3.1364,-0.1748,-0.2689,577,0.7212,1.0000,0.376665,-0.4505,-0.3245,
285,13.4062,-16.2248,-3.9018,-0.0828,-0.7654,593,0.7431,1.0000,0.376665,-0.2341,-0.9375,
286,13.4338,-16.3909,-4.1476,-0.1661,-0.2458,576,0.7200,1.0000,0.376665,-0.4278,-0.2964,
287,13.4615,-16.4040,-4.0882,-0.0131,0.0594,595,0.7438,1.0000,0.376665,-0.0312,0.0734,
288,13.4883,-16.3150,-3.7835,0.0891,0.3047,588,0.7350,1.0000,0.376665,0.2350,0.3713,
289,13.5163,-16.2168,-3.5345,0.0981,0.2490,588,0.7350,1.0000,0.376665,0.2561,0.3026,
290,13.5439,-16.0728,-3.4691,0.1441,0.0654,595,0.7438,1.0000,0.376665,0.3663,0.0755,
291,13.5713,-16.1738,-3.7759,-0.1010,-0.3067,572,0.7150,1.0000,0.376665,-0.2652,-0.3734,
292,13.5989,-16.2481,-4.4829,-0.0743,-0.7070,591,0.7397,1.0000,0.376665,-0.2106,-0.8661,
293,13.6264,-16.2422,-5.3652,0.0059,-0.8823,598,0.7475,1.0000,0.376665,-0.0136,-1.0841,
294,13.6539,-16.5095,-5.7083,-0.2673,-0.3431,575,0.7238,1.0000,0.376665,-0.6869,-0.4125,
295,13.6815,-16.6743,-6.0615,-0.1648,-0.3532,589,0.7362,1.0000,0.376665,-0.4282,-0.4283,
296,13.7091,-16.6877,-6.2652,-0.0134,-0.2037,598,0.7475,1.0000,0.376665,-0.0405,-0.2498,
297,13.7364,-16.7344,-6.3368,-0.0467,-0.0715,597,0.7462,1.0000,0.376665,-0.1204,-0.0863,
298,13.7636,-16.7165,-6.5738,0.0179,-0.2370,590,0.7384,1.0000,0.376665,0.0377,-0.2918,
299,13.7908,-16.6633,-6.9518,0.0533,-0.3780,591,0.7388,1.0000,0.376665,0.1224,-0.4661,
300,13.8182,-16.5086,-6.7475,0.1547,0.2043,589,0.7388,1.0000,0.376665,0.3976,0.2458,
301,13.8700,-16.1339,-5.6969,0.3747,1.0505,597,0.7550,1.0000,0.376665,0.9813,1.2779,
302,13.8982,-16.0440,-5.4211,0.0899,0.2758,592,0.7488,1.0000,0.376665,0.2362,0.3358,
303,13.9259,-16.1859,-5.9056,-0.1420,-0.4845,585,0.7312,1.0000,0.376665,-0.3746,-0.5905,
304,13.9536,-16.1831,-6.1440,0.0028,-0.2383,576,0.7200,1.0000,0.376665,-0.0006,-0.2929,
305,13.9809,-16.2454,-5.7500,-0.0623,0.3940,591,0.7388,1.0000,0.376665,-0.1448,0.4861,
306,14.0084,-16.3728,-5.6144,-0.1274,0.1356,584,0.7300,1.0000,0.376665,-0.3177,0.1708,
307,14.0359,-16.3519,-5.6414,0.0209,-0.0270,595,0.7438,1.0000,0.376665,0.0521,-0.0338,
308,14.0628,-16.3077,-5.6207,0.0442,0.0206,606,0.7575,1.0000,0.376665,0.1123,0.0239,
309,14.0898,-16.3751,-5.3222,-0.0673,0.2985,590,0.7375,1.0000,0.376665,-0.1606,0.3690,
310,14.1175,-16.3360,-5.1986,0.0390,0.1236,604,0.7550,1.0000,0.376665,0.1026,0.1506,
311,14.1446,-16.2691,-5.4282,0.0670,-0.2296,587,0.7388,1.0000,0.376665,0.1619,-0.2843,
312,14.1721,-16.2301,-5.3382,0.0389,0.0900,590,0.7375,1.0000,0.376665,0.1013,0.1093,
313,14.1995,-16.1278,-5.0349,0.1023,0.3033,603,0.7538,1.0000,0.376665,0.2685,0.3691,
314,14.2266,-16.0286,-5.3380,0.0992,-0.3031,587,0.7388,1.0000,0.376665,0.2410,-0.3757,
315,14.2536,-16.0966,-5.6109,-0.0680,-0.2728,584,0.7312,1.0000,0.376665,-0.1808,-0.3329,
316,14.2807,-16.1621,-5.1213,-0.0655,0.4896,597,0.7462,1.0000,0.376665,-0.1497,0.6036,
317,14.3077,-16.1968,-5.0425,-0.0347,0.0787,605,0.7562,1.0000,0.376665,-0.0853,0.0979,
318,14.3343,-16.1853,-5.4044,0.0115,-0.3619,599,0.7488,1.0000,0.376665,0.0175,-0.4449,
319,14.3610,-16.2720,-5.2852,-0.0867,0.1191,579,0.7238,1.0000,0.376665,-0.2155,0.1493,
320,14.3876,-16.3235,-5.0622,-0.0514,0.2231,581,0.7262,1.0000,0.376665,-0.1228,0.2757,
321,14.4143,-16.2138,-4.9946,0.1097,0.0676,592,0.7400,1.0000,0.376665,0.2795,0.0793,
322,14.4411,-16.2414,-4.5640,-0.0276,0.4306,595,0.7438,1.0000,0.376665,-0.0560,0.5298,
323,14.4680,-16.3704,-4.6402,-0.1290,-0.0761,590,0.7375,1.0000,0.376665,-0.3287,-0.0892,
324,14.4948,-16.4418,-5.5872,-0.0714,-0.9470,609,0.7612,1.0000,0.376665,-0.2111,-1.1609,
325,14.5221,-16.4527,-5.4178,-0.0109,0.1694,581,0.7400,1.0000,0.376665,-0.0220,0.2085,
326,14.5492,-16.4023,-4.8688,0.0504,0.5490,603,0.7575,1.0000,0.376665,0.1451,0.6727,
327,14.5764,-16.5077,-5.1944,-0.1055,-0.3256,592,0.7412,1.0000,0.376665,-0.2771,-0.3964,
328,14.6036,-16.6228,-5.4506,-0.1151,-0.2562,593,0.7425,1.0000,0.376665,-0.2992,-0.3109,
329,14.6307,-16.5836,-5.0149,0.0392,0.4357,596,0.7450,1.0000,0.376665,0.1131,0.5339,
330,14.6576,-16.6590,-5.1015,-0.0754,-0.0866,594,0.7425,1.0000,0.376665,-0.1934,-0.1038,
331,14.7079,-16.8587,-5.5564,-0.1997,-0.4549,577,0.7212,1.0000,0.376665,-0.5195,-0.5521,
332,14.7353,-16.9520,-5.9421,-0.0933,-0.3857,564,0.7050,1.0000,0.376665,-0.2483,-0.4707,
333,14.7625,-16.8520,-6.4765,0.1000,-0.5344,586,0.7325,1.0000,0.376665,0.2356,-0.6598,
334,14.7897,-16.3696,-5.5911,0.4824,0.8854,575,0.7188,1.0000,0.376665,1.2482,1.0715,
335,14.8174,-15.9569,-5.3642,0.4126,0.2269,568,0.7100,1.0000,0.376665,1.0506,0.2650,
336,14.8450,-15.6942,-6.1321,0.2628,-0.7679,476,0.5713,1.0000,0.376665,0.6396,-0.9521,
337,14.8729,-15.2291,-5.3555,0.4651,0.7767,574,0.7163,1.0000,0.376665,1.2010,0.9385,
338,14.9008,-14.9333,-3.7334,0.2958,1.6220,595,0.7538,1.0000,0.376665,0.8001,1.9826,
339,14.9283,-14.8097,-2.6121,0.1236,1.1213,602,0.7388,1.0000,0.376665,0.3488,1.3733,
340,14.9558,-14.7798,-1.4798,0.0299,1.1324,600,0.7512,1.0000,0.376665,0.1121,1.3900,
341,14.9867,-14.9692,-1.0937,-0.1894,0.3860,565,0.7087,1.0000,0.376665,-0.4664,0.4806,
342,15.0202,-15.7159,-1.6485,-0.7467,-0.5548,569,0.7137,1.0000,0.376665,-1.9058,-0.6565,
343,15.0532,-16.5932,-2.9172,-0.8774,-1.2687,537,0.7275,1.0000,0.376665,-2.2592,-1.5291,
344,15.0866,-17.3120,-3.1517,-0.7188,-0.2346,568,0.7113,1.0000,0.376665,-1.8248,-0.2641,
345,15.1202,-18.0300,-3.1863,-0.7180,-0.0345,539,0.7288,1.0000,0.376665,-1.8163,-0.0184,
346,15.1536,-18.6180,-3.6923,-0.5881,-0.5061,536,0.6737,1.0000,0.376665,-1.5031,-0.6020,
347,15.1870,-18.8254,-3.1100,-0.2074,0.5823,545,0.7025,1.0000,0.376665,-0.5055,0.7223,
348,15.2206,-18.5255,-2.4643,0.2998,0.6457,580,0.7350,1.0000,0.376665,0.7789,0.7832,
349,15.2531,-18.1269,-2.5485,0.3987,-0.0842,552,0.6859,1.0000,0.376665,1.0052,-0.1167,
350,15.2865,-17.7423,-2.9787,0.3845,-0.4302,581,0.6921,1.0000,0.376665,0.9583,-0.5414,
351,15.3202,-17.2377,-3.0781,0.5046,-0.0994,567,0.7087,1.0000,0.376665,1.2726,-0.1390,
352,15.3532,-16.3998,-3.4948,0.8379,-0.4167,518,0.6813,1.0000,0.376665,2.1049,-0.5399,
353,15.3866,-15.7682,-3.5897,0.6317,-0.0949,579,0.7325,1.0000,0.376665,1.5941,-0.1377,
354,15.4199,-15.2628,-3.7757,0.5053,-0.1860,581,0.7284,1.0000,0.376665,1.2716,-0.2454,
355,15.4537,-14.9164,-4.5209,0.3464,-0.7452,595,0.7375,1.0000,0.376665,0.8519,-0.9271,
356,15.4866,-15.0080,-6.2156,-0.0916,-1.6946,588,0.7350,1.0000,0.376665,-0.2862,-2.0787,
357,15.5200,-14.9105,-6.7029,0.0974,-0.4873,607,0.7612,1.0000,0.376665,0.2307,-0.6019,
358,15.5531,-14.9373,-5.9675,-0.0268,0.7354,594,0.7525,1.0000,0.376665,-0.0440,0.9043,
359,15.5864,-15.0890,-5.4235,-0.1517,0.5440,597,0.7462,1.0000,0.376665,-0.3659,0.6733,
360,15.6198,-15.2614,-5.8076,-0.1724,-0.3842,595,0.7438,1.0000,0.376665,-0.4484,-0.4661,
361,15.6714,-15.3423,-5.9814,-0.0809,-0.1738,584,0.7312,1.0000,0.376665,-0.2100,-0.2107,
362,15.6987,-15.3864,-4.7102,-0.0441,1.2713,601,0.7525,1.0000,0.376665,-0.0705,1.5631,
363,15.7262,-15.3557,-4.0285,0.0307,0.6817,590,0.7375,1.0000,0.376665,0.0995,0.8363,
364,15.7535,-15.3544,-3.3201,0.0013,0.7084,587,0.7350,1.0000,0.376665,0.0261,0.8702,
365,15.7869,-15.0998,-3.4101,0.2547,-0.0900,591,0.7412,1.0000,0.376665,0.6409,-0.1191,
366,15.8197,-14.9667,-3.8798,0.1330,-0.4697,593,0.7412,1.0000,0.376665,0.3212,-0.5815,
367,15.8533,-14.6630,-3.4074,0.3037,0.4725,611,0.7638,1.0000,0.376665,0.7832,0.5703,
368,15.8870,-14.4892,-2.3076,0.1738,1.0998,610,0.7625,1.0000,0.376665,0.4750,1.3452,
369,15.9199,-13.9348,-1.0523,0.5543,1.2553,576,0.7288,1.0000,0.376665,1.4420,1.5235,
370,15.9534,-13.0307,0.2371,0.9041,1.2894,560,0.7175,1.0000,0.376665,2.3275,1.5536,
371,15.9868,-12.0867,0.7128,0.9440,0.4757,571,0.7512,1.0000,0.376665,2.4021,0.5528,
372,16.0202,-11.3851,1.9104,0.7016,1.1976,568,0.7175,1.0000,0.376665,1.8124,1.4477,
373,16.0535,-10.9913,2.0886,0.3938,0.1782,553,0.6975,1.0000,0.376665,1.0015,0.2057,
374,16.0868,-10.2261,1.3481,0.7652,-0.7405,551,0.7388,1.0000,0.376665,1.9107,-0.9353,
375,16.1200,-9.0275,2.4174,1.1986,1.0693,453,0.5283,1.0000,0.376665,3.0649,1.2734,
376,16.1532,-7.3960,3.6968,1.6315,1.2794,498,0.3523,1.0000,0.376665,4.1662,1.5170,low_inlier
377,16.1860,-7.3873,2.4017,0.0087,-1.2951,540,0.6771,1.0000,0.376665,-0.0197,-1.5912,
378,16.2197,-7.3173,0.9659,0.0700,-1.4359,534,0.6608,1.0000,0.376665,0.1307,-1.7662,
379,16.2529,-7.2053,1.1711,0.1120,0.2052,549,0.6967,1.0000,0.376665,0.2899,0.2483,
380,16.2861,-7.3450,0.5879,-0.1398,-0.5831,557,0.7055,1.0000,0.376665,-0.3722,-0.7117,
381,16.3199,-7.4177,-0.0321,-0.0727,-0.6201,547,0.6867,1.0000,0.376665,-0.2037,-0.7593,
382,16.3532,-7.3318,0.1503,0.0859,0.1825,549,0.6921,1.0000,0.376665,0.2231,0.2213,
383,16.3866,-7.4149,0.4126,-0.0831,0.2623,536,0.6771,1.0000,0.376665,-0.2017,0.3250,
384,16.4199,-7.4325,0.1466,-0.0176,-0.2660,512,0.6320,1.0000,0.376665,-0.0530,-0.3262,
385,16.4529,-7.4812,0.8239,-0.0488,0.6773,550,0.7018,1.0000,0.376665,-0.1015,0.8337,
386,16.4867,-7.5452,1.2576,-0.0640,0.4338,538,0.6830,1.0000,0.376665,-0.1478,0.5350,
387,16.5197,-7.8465,0.7253,-0.3013,-0.5323,547,0.6704,1.0000,0.376665,-0.7790,-0.6438,
388,16.5529,-8.2050,0.3771,-0.3585,-0.3482,551,0.6817,1.0000,0.376665,-0.9176,-0.4158,
389,16.5865,-8.5762,-0.1732,-0.3712,-0.5502,552,0.6934,1.0000,0.376665,-0.9562,-0.6635,
390,16.6196,-8.7851,-1.3130,-0.2089,-1.1398,573,0.7193,1.0000,0.376665,-0.5649,-1.3931,
391,16.6708,-8.9844,-2.3602,-0.1993,-1.0473,591,0.7500,1.0000,0.376665,-0.5377,-1.2798,
392,16.6988,-9.0582,-3.1632,-0.0738,-0.8029,586,0.7356,1.0000,0.376665,-0.2124,-0.9839,
393,16.7262,-9.0413,-4.0800,0.0169,-0.9168,586,0.7338,1.0000,0.376665,0.0130,-1.1268,
394,16.7537,-8.9566,-4.6274,0.0847,-0.5474,575,0.7200,1.0000,0.376665,0.1966,-0.6753,
395,16.7858,-8.7055,-5.0553,0.2511,-0.4278,573,0.7247,1.0000,0.376665,0.6210,-0.5340,
396,16.8194,-8.3076,-5.1157,0.3978,-0.0604,590,0.7397,1.0000,0.376665,1.0039,-0.0875,
397,16.8526,-8.0229,-5.3260,0.2847,-0.2103,575,0.7188,1.0000,0.376665,0.7130,-0.2679,
398,16.8861,-8.0683,-6.2727,-0.0453,-0.9467,560,0.7000,1.0000,0.376665,-0.1452,-1.1614,
399,16.9193,-7.8223,-5.9773,0.2460,0.2954,567,0.7212,1.0000,0.376665,0.6315,0.3546,
400,16.9529,-7.5395,-4.7845,0.2827,1.1929,584,0.7338,1.0000,0.376665,0.7533,1.4559,
401,16.9862,-7.5178,-5.1583,0.0217,-0.3738,565,0.7113,1.0000,0.376665,0.0428,-0.4599,
402,17.0192,-7.4033,-5.5288,0.1145,-0.3705,590,0.7400,1.0000,0.376665,0.2776,-0.4590,
403,17.0528,-7.2644,-4.7385,0.1389,0.7903,595,0.7462,1.0000,0.376665,0.3766,0.9662,
404,17.0858,-7.3031,-5.2325,-0.0387,-0.4941,592,0.7400,1.0000,0.376665,-0.1137,-0.6056,
405,17.1198,-7.5372,-5.6149,-0.2341,-0.3824,590,0.7400,1.0000,0.376665,-0.6043,-0.4619,
406,17.1527,-7.5292,-5.9039,0.0080,-0.2889,576,0.7262,1.0000,0.376665,0.0109,-0.3552,
407,17.1861,-7.2235,-4.7236,0.3058,1.1803,578,0.7050,1.0000,0.376665,0.8111,1.4396,
408,17.2194,-6.9990,-4.6491,0.2245,0.0744,568,0.7100,1.0000,0.376665,0.5699,0.0839,
409,17.2525,-7.1463,-5.3177,-0.1472,-0.6686,588,0.7362,1.0000,0.376665,-0.3938,-0.8163,
410,17.2862,-7.4385,-5.4221,-0.2923,-0.1044,592,0.7412,1.0000,0.376665,-0.7423,-0.1185,
411,17.3192,-7.4942,-4.7447,-0.0556,0.6775,578,0.7225,1.0000,0.376665,-0.1188,0.8341,
412,17.3526,-7.4957,-4.1802,-0.0016,0.5644,586,0.7325,1.0000,0.376665,0.0143,0.6934,
413,17.3863,-7.5438,-4.4280,-0.0481,-0.2478,580,0.7250,1.0000,0.376665,-0.1297,-0.3028,
414,17.4193,-7.1419,-4.2448,0.4020,0.1832,576,0.7238,1.0000,0.376665,1.0222,0.2116,
415,17.4524,-6.4235,-3.5241,0.7183,0.7206,584,0.7538,1.0000,0.376665,1.8394,0.8612,
416,17.4858,-5.8280,-4.1501,0.5955,-0.6260,568,0.7262,1.0000,0.376665,1.4855,-0.7889,
417,17.5193,-5.1931,-5.3465,0.6349,-1.1964,549,0.7030,1.0000,0.376665,1.5667,-1.4910,
418,17.5526,-4.5478,-5.5729,0.6453,-0.2263,567,0.7234,1.0000,0.376665,1.6241,-0.2996,
419,17.5862,-4.1357,-6.4316,0.4121,-0.8588,584,0.7262,1.0000,0.376665,1.0142,-1.0687,
420,17.6194,-3.9689,-8.4815,0.1667,-2.0499,468,0.6178,1.0000,0.376665,0.3554,-2.5237,
421,17.6710,-3.2182,-9.8822,0.7507,-1.4007,542,0.6538,1.0000,0.376665,1.8529,-1.7458,
422,17.6992,-2.5063,-9.8518,0.7119,0.0303,573,0.7312,1.0000,0.376665,1.8008,0.0134,
423,17.7269,-2.2015,-9.6153,0.3048,0.2366,564,0.7100,1.0000,0.376665,0.7783,0.2804,
424,17.7548,-2.2173,-9.9796,-0.0158,-0.3643,599,0.7488,1.0000,0.376665,-0.0517,-0.4470,
425,17.7861,-2.1025,-9.7146,0.1148,0.2650,592,0.7412,1.0000,0.376665,0.2989,0.3217,
426,17.8193,-1.7542,-9.2488,0.3483,0.4657,590,0.7388,1.0000,0.376665,0.8956,0.5605,
427,17.8528,-1.5076,-7.9277,0.2466,1.3211,557,0.6934,1.0000,0.376665,0.6661,1.6146,
428,17.8859,-0.6921,-6.3723,0.8155,1.5554,463,0.5200,1.0000,0.376665,2.1121,1.8834,
429,17.9192,-0.1720,-4.4965,0.5201,1.8757,521,0.6604,1.0000,0.376665,1.3755,2.2868,
430,17.9523,-0.1697,-2.8723,0.0023,1.6242,594,0.7359,1.0000,0.376665,0.0582,1.9951,
431,17.9858,-0.7114,-2.6620,-0.5417,0.2104,584,0.7325,1.0000,0.376665,-1.3628,0.2766,
432,18.0191,-1.0561,-2.2810,-0.3446,0.3810,583,0.7388,1.0000,0.376665,-0.8591,0.4795,
433,18.0527,-1.1477,-1.1148,-0.0916,1.1662,588,0.7438,1.0000,0.376665,-0.1939,1.4357,
434,18.0856,-1.1299,-1.6854,0.0178,-0.5706,603,0.7662,1.0000,0.376665,0.0265,-0.7016,
435,18.1193,-1.2799,-1.9417,-0.1500,-0.2563,564,0.7050,1.0000,0.376665,-0.3876,-0.3099,
436,18.1521,-1.5116,-1.2921,-0.2317,0.6497,578,0.7300,1.0000,0.376665,-0.5649,0.8058,
437,18.1858,-1.6286,-1.7050,-0.1170,-0.4130,564,0.7100,1.0000,0.376665,-0.3091,-0.5034,
438,18.2193,-1.9340,-2.4073,-0.3054,-0.7022,592,0.7075,1.0000,0.376665,-0.7948,-0.8524,
439,18.2521,-2.1895,-2.4669,-0.2555,-0.0596,602,0.7538,1.0000,0.376665,-0.6479,-0.0647,
440,18.2858,-2.3162,-3.0727,-0.1267,-0.6058,594,0.7450,1.0000,0.376665,-0.3399,-0.7399,
441,18.3189,-2.2359,-3.5155,0.0804,-0.4429,582,0.7488,1.0000,0.376665,0.1889,-0.5467,
442,18.3522,-2.1054,-4.1212,0.1305,-0.6057,602,0.7588,1.0000,0.376665,0.3103,-0.7484,
443,18.3855,-2.0460,-4.1501,0.0595,-0.0289,602,0.7525,1.0000,0.376665,0.1494,-0.0375,
444,18.4187,-2.0554,-4.4723,-0.0095,-0.3222,598,0.7488,1.0000,0.376665,-0.0344,-0.3955,
445,18.4527,-2.0288,-4.5684,0.0266,-0.0961,595,0.7438,1.0000,0.376665,0.0642,-0.1189,
446,18.4855,-1.6956,-4.8404,0.3332,-0.2720,587,0.7450,1.0000,0.376665,0.8336,-0.3453,
447,18.5188,-1.3863,-4.5084,0.3094,0.3320,559,0.7288,1.0000,0.376665,0.7929,0.3974,
448,18.5523,-0.8040,-3.1918,0.5822,1.3166,535,0.6742,1.0000,0.376665,1.5146,1.5979,
449,18.5854,-0.2947,-1.9725,0.5093,1.2193,528,0.6613,1.0000,0.376665,1.3271,1.4808,
450,18.6192,0.6793,-0.4595,0.9740,1.5129,486,0.5962,1.0000,0.376665,2.5114,1.8259,
451,18.6708,1.8714,1.0777,1.1921,1.5372,553,0.6700,1.0000,0.376665,3.0637,1.8484,
452,18.6987,1.8628,-0.1505,-0.0086,-1.2281,611,0.7650,1.0000,0.376665,-0.0613,-1.5084,
453,18.7264,1.2974,-1.7329,-0.5655,-1.5824,558,0.7000,1.0000,0.376665,-1.4807,-1.9249,
454,18.7542,0.9766,-4.6338,-0.3208,-2.9010,497,0.6162,1.0000,0.376665,-0.9046,-3.5529,
455,18.7858,0.4227,-9.3503,-0.5539,-4.7164,477,0.3992,1.0000,0.376665,-1.5525,-5.7752,low_inlier
456,18.8187,-0.0077,-13.8183,-0.4305,-4.4681,528,0.4093,1.0000,0.376665,-1.2325,-5.4743,low_inlier
457,18.8520,-0.3715,-14.9206,-0.3637,-1.1023,576,0.7325,1.0000,0.376665,-0.9552,-1.3419,
458,18.8856,-1.4162,-17.7298,-1.0447,-2.8092,514,0.6125,1.0000,0.376665,-2.7320,-3.4158,
459,18.9189,-2.0364,-21.7774,-0.6202,-4.0476,524,0.5169,1.0000,0.376665,-1.6986,-4.9514,
460,18.9524,-1.6302,-18.4710,0.4062,3.3064,479,0.5569,1.0000,0.376665,1.1337,4.0480,
461,18.9853,-1.4904,-14.6555,0.1398,3.8154,488,0.4919,1.0000,0.376665,0.4766,4.6823,low_inlier
462,19.0187,-1.1041,-9.8612,0.3863,4.7943,463,0.4262,1.0000,0.376665,1.1313,5.8765,low_inlier
463,19.0522,-1.1739,-6.4841,-0.0698,3.3771,525,0.3692,1.0000,0.376665,-0.0674,4.1509,low_inlier
464,19.0855,-1.1066,-6.6564,0.0673,-0.1723,599,0.7550,1.0000,0.376665,0.1646,-0.2139,
465,19.1190,-1.1010,-6.7312,0.0056,-0.0748,568,0.7312,1.0000,0.376665,0.0117,-0.0921,
466,19.1524,-1.3911,-9.2783,-0.2901,-2.5471,557,0.6725,1.0000,0.376665,-0.8157,-3.1192,
467,19.1852,-1.5262,-9.7750,-0.1351,-0.4968,571,0.7100,1.0000,0.376665,-0.3576,-0.6057,
468,19.2189,-1.6688,-9.4715,-0.1426,0.3035,577,0.7238,1.0000,0.376665,-0.3508,0.3776,
469,19.2523,-1.6617,-9.2494,0.0071,0.2221,584,0.7312,1.0000,0.376665,0.0252,0.2726,
470,19.2853,-1.5655,-9.1821,0.0962,0.0673,588,0.7362,1.0000,0.376665,0.2453,0.0794,
471,19.3185,-1.3072,-8.8532,0.2584,0.3290,595,0.7438,1.0000,0.376665,0.6638,0.3954,
472,19.3524,-1.2020,-8.8332,0.1051,0.0200,587,0.7338,1.0000,0.376665,0.2665,0.0211,
473,19.3852,-1.1285,-7.9366,0.0736,0.8966,619,0.7738,1.0000,0.376665,0.2150,1.0989,
474,19.4192,-1.1242,-8.2063,0.0043,-0.2697,584,0.7475,1.0000,0.376665,0.0021,-0.3315,
475,19.4528,-1.0471,-8.9571,0.0771,-0.7508,558,0.7362,1.0000,0.376665,0.1707,-0.9249,
476,19.4856,-0.9483,-9.6245,0.0987,-0.6674,526,0.6571,1.0000,0.376665,0.2281,-0.8232,
477,19.5188,-0.7274,-9.1632,0.2210,0.4613,510,0.6275,1.0000,0.376665,0.5735,0.5593,
478,19.5522,-0.6131,-8.9108,0.1143,0.2524,567,0.7375,1.0000,0.376665,0.2971,0.3062,
479,19.5853,-0.6843,-8.9056,-0.0712,0.0053,543,0.6787,1.0000,0.376665,-0.1799,0.0089,
480,19.6191,-0.6991,-8.4134,-0.0148,0.4922,538,0.6750,1.0000,0.376665,-0.0215,0.6051,
481,19.6713,-0.7862,-7.7127,-0.0871,0.7007,539,0.6587,1.0000,0.376665,-0.1977,0.8636,
482,19.6997,-1.0361,-7.4292,-0.2498,0.2835,502,0.6262,1.0000,0.376665,-0.6225,0.3566,
483,19.7277,-1.0499,-7.0809,-0.0139,0.3483,514,0.6412,1.0000,0.376665,-0.0238,0.4283,
484,19.7554,-0.7108,-6.2865,0.3391,0.7944,493,0.6103,1.0000,0.376665,0.8830,0.9646,
485,19.7854,-0.0486,-5.7607,0.6622,0.5257,469,0.5632,1.0000,0.376665,1.6913,0.6237,
486,19.8187,0.1894,-5.7880,0.2379,-0.0272,582,0.7588,1.0000,0.376665,0.6007,-0.0414,
487,19.8519,0.6980,-5.6077,0.5086,0.1803,574,0.7188,1.0000,0.376665,1.2917,0.2044,
488,19.8855,1.5833,-5.1915,0.8853,0.4162,535,0.6763,1.0000,0.376665,2.2518,0.4816,
489,19.9183,3.2350,-3.7201,1.6518,1.4714,446,0.5464,1.0000,0.376665,4.2236,1.7522,
490,19.9516,4.6728,-2.6380,1.4378,1.0820,495,0.6195,1.0000,0.376665,3.6702,1.2811,
491,19.9853,6.5435,-2.4369,1.8707,0.2011,487,0.5915,1.0000,0.376665,4.7362,0.1844,
492,20.0188,9.5576,-2.1506,3.0140,0.2863,461,0.4024,1.0000,0.376665,7.6296,0.2508,low_inlier
493,20.0510,11.5766,-1.0110,2.0190,1.1396,510,0.6728,1.0000,0.376665,5.1414,1.3323,
494,20.0853,13.2414,-0.5509,1.6648,0.4602,518,0.6688,1.0000,0.376665,4.2240,0.5095,
495,20.1189,14.2528,0.2785,1.0114,0.8294,516,0.6620,1.0000,0.376665,2.5839,0.9850,
496,20.1522,15.3359,2.7448,1.0831,2.4663,461,0.4661,1.0000,0.376665,2.8181,2.9933,low_inlier
497,20.1854,17.6139,4.8811,2.2779,2.1364,470,0.2993,1.0000,0.376665,5.8282,2.5481,low_inlier
498,20.2189,18.9599,5.0073,1.3461,0.1262,508,0.6429,1.0000,0.376665,3.4074,0.1099,
499,20.2517,19.8565,6.5929,0.8965,1.5856,493,0.6275,1.0000,0.376665,2.3178,1.9178,
500,20.2849,20.7724,7.8331,0.9160,1.2402,519,0.6726,1.0000,0.376665,2.3558,1.4928,
501,20.3183,21.7092,8.4665,0.9368,0.6334,495,0.6356,1.0000,0.376665,2.3890,0.7467,
502,20.3519,23.5180,10.7785,1.8087,2.3120,441,0.3090,1.0000,0.376665,4.6476,2.7796,low_inlier
503,20.3847,24.8188,12.0344,1.3008,1.2559,497,0.6035,1.0000,0.376665,3.3293,1.4993,
504,20.4187,25.4303,11.7660,0.6115,-0.2685,527,0.6935,1.0000,0.376665,1.5375,-0.3503,
505,20.4514,26.1869,12.1001,0.7566,0.3342,530,0.6885,1.0000,0.376665,1.9237,0.3852,
506,20.4851,27.6453,13.0253,1.4584,0.9251,424,0.3621,1.0000,0.376665,3.7172,1.0876,low_inlier
507,20.5187,29.3457,13.4945,1.7004,0.4692,458,0.4742,1.0000,0.376665,4.3142,0.5194,low_inlier
508,20.5519,30.0540,13.8151,0.7083,0.3207,550,0.7154,1.0000,0.376665,1.8012,0.3702,
509,20.5849,31.2163,14.0134,1.1623,0.1983,469,0.5678,1.0000,0.376665,2.9449,0.2047,
510,20.6184,33.7898,14.5325,2.5735,0.5191,473,0.2730,1.0000,0.376665,6.5234,0.5515,low_inlier
511,20.6704,35.5273,13.2518,1.7375,-1.2807,544,0.6450,1.0000,0.376665,4.3515,-1.6314,
512,20.6989,36.8604,11.7613,1.3331,-1.4905,616,0.7338,1.0000,0.376665,3.3224,-1.8756,
513,20.7270,38.3495,11.4121,1.4891,-0.3492,568,0.7300,1.0000,0.376665,3.7536,-0.4788,
514,20.7553,40.2876,11.5084,1.9381,0.0962,612,0.7625,1.0000,0.376665,4.9033,0.0533,
515,20.7851,41.2725,11.1736,0.9849,-0.3347,584,0.7512,1.0000,0.376665,2.4793,-0.4441,
516,20.8187,42.6105,11.4590,1.3380,0.2854,531,0.6959,1.0000,0.376665,3.3921,0.3058,
517,20.8514,44.4651,12.0626,1.8546,0.6036,488,0.3308,1.0000,0.376665,4.7086,0.6794,low_inlier
518,20.8848,45.6185,12.1197,1.1533,0.0571,553,0.6971,1.0000,0.376665,2.9178,0.0316,
519,20.9184,46.9820,11.2013,1.3636,-0.9184,547,0.6733,1.0000,0.376665,3.4178,-1.1739,
520,20.9514,48.3213,10.8034,1.3393,-0.3980,594,0.7469,1.0000,0.376665,3.3732,-0.5337,
521,20.9847,49.7442,11.1723,1.4229,0.3689,597,0.7516,1.0000,0.376665,3.6094,0.4055,
522,21.0183,50.8223,11.1620,1.0781,-0.0103,600,0.7657,1.0000,0.376665,2.7254,-0.0487,
523,21.0511,51.9739,11.6650,1.1516,0.5030,602,0.7591,1.0000,0.376665,2.9279,0.5793,
524,21.0848,52.9384,12.1257,0.9645,0.4608,552,0.7085,1.0000,0.376665,2.4535,0.5337,
525,21.1183,53.7328,11.8632,0.7943,-0.2625,613,0.7776,1.0000,0.376665,1.9998,-0.3490,
526,21.1517,54.1913,12.9992,0.4586,1.1359,529,0.7037,1.0000,0.376665,1.1960,1.3801,
527,21.1846,54.5024,14.7553,0.3111,1.7561,570,0.7256,1.0000,0.376665,0.8431,2.1468,
528,21.2183,54.8366,15.8842,0.3342,1.1290,560,0.7030,1.0000,0.376665,0.8813,1.3757,
529,21.2512,55.1882,16.0104,0.3517,0.1261,563,0.7227,1.0000,0.376665,0.8932,0.1431,
530,21.2847,55.5424,15.3715,0.3542,-0.6389,588,0.7406,1.0000,0.376665,0.8749,-0.7966,
531,21.3182,56.0580,15.8014,0.5156,0.4299,586,0.7556,1.0000,0.376665,1.3174,0.5108,
532,21.3511,55.7349,17.3834,-0.3231,1.5821,575,0.7315,1.0000,0.376665,-0.7659,1.9543,
533,21.3845,55.0975,17.5393,-0.6373,0.1558,621,0.7832,1.0000,0.376665,-1.6064,0.2128,
534,21.4182,54.5584,17.2332,-0.5391,-0.3061,616,0.7909,1.0000,0.376665,-1.3730,-0.3580,
535,21.4518,54.2934,17.6621,-0.2650,0.4289,596,0.7594,1.0000,0.376665,-0.6561,0.5358,
536,21.4848,53.9901,18.1370,-0.3033,0.4748,605,0.7793,1.0000,0.376665,-0.7516,0.5935,
537,21.5183,53.7070,18.5560,-0.2831,0.4191,604,0.7691,1.0000,0.376665,-0.7022,0.5243,
538,21.5510,53.7194,19.5316,0.0124,0.9756,587,0.7657,1.0000,0.376665,0.0629,1.1980,
539,21.5846,53.6453,20.5608,-0.0742,1.0293,602,0.7783,1.0000,0.376665,-0.1544,1.2668,
540,21.6179,53.2577,21.4611,-0.3875,0.9003,615,0.7779,1.0000,0.376665,-0.9507,1.1189,
541,21.6693,52.8150,22.1700,-0.4427,0.7089,610,0.7788,1.0000,0.376665,-1.0964,0.8857,
542,21.6973,52.4802,23.9323,-0.3348,1.7623,522,0.6742,1.0000,0.376665,-0.7897,2.1760,
543,21.7254,51.6382,26.2906,-0.8420,2.3583,508,0.6378,1.0000,0.376665,-2.0527,2.9251,
544,21.7536,50.4444,28.2411,-1.1938,1.9506,621,0.7842,1.0000,0.376665,-2.9553,2.4361,
545,21.7843,48.7368,30.5568,-1.7077,2.3157,551,0.6997,1.0000,0.376665,-4.2428,2.9018,
546,21.8174,47.1199,35.5607,-1.6168,5.0039,520,0.3563,1.0000,0.376665,-3.9264,6.2010,low_inlier
547,21.8512,46.2211,40.6518,-0.8988,5.0910,492,0.3037,1.0000,0.376665,-2.1081,6.2840,low_inlier
548,21.8844,45.6975,44.4065,-0.5237,3.7548,503,0.5959,1.0000,0.376665,-1.2028,4.6300,
549,21.9177,45.1257,48.2432,-0.5717,3.8367,484,0.5653,1.0000,0.376665,-1.3217,4.7322,
550,21.9510,44.4350,53.7693,-0.6907,5.5261,494,0.3193,1.0000,0.376665,-1.5681,6.8115,low_inlier
551,21.9843,44.0832,59.1734,-0.3518,5.4041,448,0.3140,1.0000,0.376665,-0.7151,6.6503,low_inlier
552,22.0179,43.3527,63.5693,-0.7305,4.3959,497,0.3965,1.0000,0.376665,-1.7051,5.4245,low_inlier
553,22.0513,42.4292,67.6399,-0.9235,4.0706,500,0.5870,1.0000,0.376665,-2.2035,5.0313,
554,22.0847,41.5893,72.3781,-0.8399,4.7382,490,0.5736,1.0000,0.376665,-1.9707,5.8486,
555,22.1180,40.8930,76.8124,-0.6962,4.4342,516,0.4256,1.0000,0.376665,-1.6172,5.4704,low_inlier
556,22.1512,40.4240,81.4655,-0.4691,4.6531,470,0.4904,1.0000,0.376665,-1.0359,5.7317,low_inlier
557,22.1842,40.0704,87.1813,-0.3535,5.7158,516,0.4553,1.0000,0.376665,-0.7094,7.0332,low_inlier
558,22.2178,39.9790,93.2134,-0.0915,6.0321,524,0.4968,1.0000,0.376665,-0.0367,7.4131,low_inlier
559,22.2509,39.9362,98.8094,-0.0428,5.5960,493,0.5378,1.0000,0.376665,0.0723,6.8756,
560,22.2843,39.7992,102.7734,-0.1370,3.9640,562,0.6145,1.0000,0.376665,-0.2184,4.8740,
561,22.3176,39.5960,104.7662,-0.2032,1.9928,600,0.7538,1.0000,0.376665,-0.4494,2.4548,
562,22.3512,39.2882,106.1714,-0.3078,1.4052,573,0.7425,1.0000,0.376665,-0.7328,1.7365,
563,22.3843,38.7621,108.4715,-0.5261,2.3001,565,0.6946,1.0000,0.376665,-1.2559,2.8431,
564,22.4176,38.5423,110.9194,-0.2198,2.4479,538,0.5775,1.0000,0.376665,-0.4768,3.0144,
565,22.4508,38.4240,114.2289,-0.1184,3.3095,508,0.5100,1.0000,0.376665,-0.1924,4.0695,
566,22.4843,38.1611,117.9394,-0.2629,3.7105,514,0.5238,1.0000,0.376665,-0.5449,4.5669,
567,22.5175,37.7164,120.1104,-0.4447,2.1710,526,0.5787,1.0000,0.376665,-1.0543,2.6818,
568,22.5513,37.4847,121.6685,-0.2317,1.5581,615,0.7350,1.0000,0.376665,-0.5355,1.9218,
569,22.5841,37.1370,123.3170,-0.3477,1.6485,580,0.7175,1.0000,0.376665,-0.8258,2.0367,
570,22.6176,36.9534,125.3617,-0.1836,2.0447,613,0.6650,1.0000,0.376665,-0.3981,2.5179,
571,22.6694,36.7057,126.9748,-0.2477,1.6131,494,0.6262,1.0000,0.376665,-0.5742,1.9899,
572,22.6976,36.2953,129.5080,-0.4104,2.5332,587,0.7325,1.0000,0.376665,-0.9559,3.1255,
573,22.7261,35.8273,130.6764,-0.4680,1.1684,624,0.7812,1.0000,0.376665,-1.1456,1.4510,
574,22.7542,34.8249,130.5091,-1.0024,-0.1673,582,0.6921,1.0000,0.376665,-2.5399,-0.1720,
575,22.7845,33.1117,130.9271,-1.7131,0.4180,497,0.5850,1.0000,0.376665,-4.3179,0.5709,
576,22.8174,31.0126,130.5955,-2.0991,-0.3316,480,0.4175,1.0000,0.376665,-5.3179,-0.3371,low_inlier
577,22.8507,28.8324,129.1359,-2.1802,-1.4595,369,0.1907,1.0000,0.376665,-5.5592,-1.7199,low_inlier
578,22.8838,25.1306,128.9237,-3.7019,-0.2123,268,0.0979,1.0000,0.376665,-9.3663,-0.1368,low_inlier
579,22.9172,22.1322,130.1051,-2.9984,1.1815,420,0.2550,1.0000,0.376665,-7.5427,1.5517,low_inlier
580,22.9507,19.4677,130.4125,-2.6645,0.3074,351,0.1477,1.0000,0.376665,-6.7268,0.4668,low_inlier
581,22.9843,15.3456,130.6623,-4.1221,0.2497,380,0.0489,1.0000,0.376665,-10.4138,0.4448,low_inlier
582,23.0173,11.0486,131.6731,-4.2970,1.0109,321,0.0877,1.0000,0.376665,-10.8315,1.3856,low_inlier
583,23.0507,8.5076,131.9874,-2.5410,0.3143,431,0.3175,1.0000,0.376665,-6.4142,0.4712,low_inlier
584,23.0840,6.0869,132.2963,-2.4207,0.3089,461,0.5038,1.0000,0.376665,-6.1102,0.4605,
585,23.1178,3.9441,133.5988,-2.1428,1.3025,443,0.3429,1.0000,0.376665,-5.3757,1.6717,low_inlier
586,23.1506,1.1327,136.2696,-2.8115,2.6709,318,0.0927,1.0000,0.376665,-7.0220,3.3751,low_inlier
587,23.1843,-2.0815,136.8763,-3.2142,0.6067,425,0.1658,1.0000,0.376665,-8.1069,0.8528,low_inlier
588,23.2178,-5.3260,137.4835,-3.2445,0.6072,296,0.1094,1.0000,0.376665,-8.1834,0.8546,low_inlier
589,23.2510,-9.3841,137.8031,-4.0581,0.3196,349,0.0580,1.0000,0.376665,-10.2499,0.5284,low_inlier
590,23.2846,-13.7258,136.6327,-4.3417,-1.1704,260,0.0959,1.0000,0.376665,-11.0149,-1.2924,low_inlier
591,23.3175,-15.9320,137.1314,-2.2062,0.4987,335,0.4211,1.0000,0.376665,-5.5620,0.6865,low_inlier
592,23.3507,-17.5951,137.2954,-1.6630,0.1640,537,0.6758,1.0000,0.376665,-4.1993,0.2571,
593,23.3841,-19.3614,136.1969,-1.7663,-1.0985,513,0.6075,1.0000,0.376665,-4.5012,-1.2903,
594,23.4176,-21.1421,135.0279,-1.7807,-1.1690,371,0.2444,1.0000,0.376665,-4.5399,-1.3764,low_inlier
595,23.4509,-23.4033,133.6122,-2.2612,-1.4157,503,0.3267,1.0000,0.376665,-5.7628,-1.6634,low_inlier
596,23.4848,-25.3900,131.7134,-1.9867,-1.8988,331,0.1855,1.0000,0.376665,-5.0842,-2.2660,low_inlier
597,23.5177,-28.1395,130.3542,-2.7496,-1.3591,392,0.1269,1.0000,0.376665,-6.9956,-1.5775,low_inlier
598,23.5509,-29.9827,128.2949,-1.8432,-2.0593,352,0.2416,1.0000,0.376665,-4.7266,-2.4680,low_inlier
599,23.5842,-30.7940,126.9975,-0.8113,-1.2974,596,0.6200,1.0000,0.376665,-2.0930,-1.5666,
600,23.6176,-31.5584,127.2002,-0.7644,0.2027,583,0.7225,1.0000,0.376665,-1.9260,0.2746,
601,23.6697,-32.2900,125.9776,-0.7316,-1.2226,463,0.5700,1.0000,0.376665,-1.8891,-1.4773,
602,23.6983,-32.8699,124.9676,-0.5799,-1.0100,517,0.6462,1.0000,0.376665,-1.4988,-1.2213,
603,23.7266,-33.2434,124.7929,-0.3735,-0.1748,570,0.6859,1.0000,0.376665,-0.9500,-0.2022,
604,23.7546,-33.5159,124.3555,-0.2726,-0.4374,494,0.5732,1.0000,0.376665,-0.7032,-0.5282,
605,23.7837,-33.7558,123.0386,-0.2399,-1.3170,579,0.7238,1.0000,0.376665,-0.6489,-1.6097,
606,23.8173,-34.2513,120.6013,-0.4955,-2.4372,428,0.5069,1.0000,0.376665,-1.3315,-2.9774,
607,23.8502,-34.1482,118.0580,0.1031,-2.5433,428,0.5312,1.0000,0.376665,0.1787,-3.1277,
608,23.8836,-33.6031,117.8866,0.5451,-0.1714,526,0.6591,1.0000,0.376665,1.3725,-0.2288,
609,23.9172,-33.4753,117.2122,0.1279,-0.6745,578,0.7234,1.0000,0.376665,0.3015,-0.8328,
610,23.9502,-33.3667,113.8332,0.1086,-3.3790,426,0.5188,1.0000,0.376665,0.1656,-4.1544,
611,23.9835,-33.3982,111.5375,-0.0315,-2.2957,442,0.5319,1.0000,0.376665,-0.1537,-2.8190,
612,24.0167,-33.7157,110.1814,-0.3175,-1.3561,568,0.7146,1.0000,0.376665,-0.8466,-1.6552,
613,24.0503,-34.4178,106.5947,-0.7021,-3.5866,426,0.4587,1.0000,0.376665,-1.8908,-4.3824,low_inlier
614,24.0836,-35.0087,103.8227,-0.5909,-2.7721,436,0.3725,1.0000,0.376665,-1.5834,-3.3855,low_inlier
615,24.1170,-35.4367,103.6126,-0.4280,-0.2101,553,0.7000,1.0000,0.376665,-1.0890,-0.2437,
616,24.1506,-35.5522,103.0251,-0.1155,-0.5875,524,0.6675,1.0000,0.376665,-0.3109,-0.7179,
617,24.1837,-35.4733,103.5920,0.0789,0.5669,534,0.6687,1.0000,0.376665,0.2177,0.6937,
618,24.2169,-35.9921,102.4647,-0.5188,-1.1273,411,0.5062,1.0000,0.376665,-1.3480,-1.3674,
619,24.2501,-35.6675,101.0977,0.3246,-1.3670,409,0.5119,1.0000,0.376665,0.7766,-1.6901,
620,24.2837,-35.0138,101.8493,0.6537,0.7516,542,0.6775,1.0000,0.376665,1.6771,0.9014,
621,24.3173,-34.1833,103.9457,0.8306,2.0964,443,0.5350,1.0000,0.376665,2.1675,2.5475,
622,24.3502,-33.8203,104.6210,0.3630,0.6753,535,0.6800,1.0000,0.376665,0.9396,0.8174,
623,24.3836,-33.4881,105.4849,0.3321,0.8639,565,0.6925,1.0000,0.376665,0.8676,1.0501,
624,24.4174,-33.1069,107.0856,0.3812,1.6007,467,0.5513,1.0000,0.376665,1.0154,1.9536,
625,24.4501,-32.6507,108.6775,0.4563,1.5919,438,0.5463,1.0000,0.376665,1.2050,1.9403,
626,24.4836,-32.4500,109.5332,0.2007,0.8557,426,0.5325,1.0000,0.376665,0.5350,1.0444,
627,24.5167,-32.3902,109.5585,0.0597,0.0253,528,0.6675,1.0000,0.376665,0.1518,0.0291,
628,24.5502,-32.5316,109.6081,-0.1413,0.0496,557,0.6996,1.0000,0.376665,-0.3558,0.0657,
629,24.5834,-32.5230,108.7472,0.0086,-0.8609,573,0.7175,1.0000,0.376665,-0.0060,-1.0579,
630,24.6168,-32.3032,108.1179,0.2198,-0.6292,556,0.6963,1.0000,0.376665,0.5355,-0.7803,
631,24.6686,-32.6740,109.5962,-0.3709,1.4783,555,0.6837,1.0000,0.376665,-0.8900,1.8284,
632,24.6969,-34.5862,109.9574,-1.9122,0.3612,474,0.5807,1.0000,0.376665,-4.8230,0.5077,
633,24.7252,-36.4521,107.1063,-1.8659,-2.8511,443,0.5550,1.0000,0.376665,-4.8095,-3.4399,
634,24.7536,-37.4742,104.8794,-1.0221,-2.2269,436,0.5457,1.0000,0.376665,-2.6561,-2.7013,
635,24.7831,-37.8834,103.4709,-0.4091,-1.4085,546,0.6687,1.0000,0.376665,-1.0799,-1.7165,
636,24.8169,-37.2847,100.0657,0.5987,-3.4052,369,0.2531,1.0000,0.376665,1.4037,-4.2031,low_inlier
637,24.8501,-37.4094,91.7363,-0.1247,-8.3294,523,0.4612,1.0000,0.376665,-0.5840,-10.2278,low_inlier
638,24.8833,-39.3585,80.4192,-1.9491,-11.3171,370,0.2186,1.0000,0.376665,-5.2930,-13.8369,low_inlier
639,24.9168,-40.8752,73.0194,-1.5168,-7.3998,477,0.3538,1.0000,0.376665,-4.0736,-9.0392,low_inlier
640,24.9497,-41.1029,70.9812,-0.2276,-2.0382,554,0.6571,1.0000,0.376665,-0.6413,-2.4962,
641,24.9832,-40.5339,71.8361,0.5690,0.8549,558,0.6987,1.0000,0.376665,1.4662,1.0311,
642,25.0168,-39.3682,73.3164,1.1656,1.4803,536,0.6650,1.0000,0.376665,2.9949,1.7794,
643,25.0502,-36.8608,75.6572,2.5074,2.3408,403,0.5209,1.0000,0.376665,6.4150,2.7915,
644,25.0835,-35.2853,77.6121,1.5756,1.9549,487,0.5957,1.0000,0.376665,4.0466,2.3487,
645,25.1167,-34.4506,76.5496,0.8347,-1.0625,527,0.6587,1.0000,0.376665,2.0761,-1.3331,
646,25.1499,-33.3281,73.2088,1.1224,-3.3409,431,0.5447,1.0000,0.376665,2.7300,-4.1416,
647,25.1831,-32.7336,72.2315,0.5946,-0.9773,449,0.5363,1.0000,0.376665,1.4717,-1.2205,
648,25.2167,-32.6697,71.2261,0.0639,-1.0054,510,0.5725,1.0000,0.376665,0.1290,-1.2372,
649,25.2502,-32.8042,69.2975,-0.1345,-1.9286,502,0.6250,1.0000,0.376665,-0.4022,-2.3646,
650,25.2831,-32.0232,68.3404,0.7810,-0.9571,452,0.5850,1.0000,0.376665,1.9437,-1.2019,
651,25.3166,-31.0869,68.4409,0.9363,0.1005,464,0.6508,1.0000,0.376665,2.3705,0.0921,
652,25.3499,-30.7611,68.9424,0.3258,0.5015,425,0.5200,1.0000,0.376665,0.8398,0.6051,
653,25.3833,-30.4161,69.1031,0.3450,0.1607,428,0.5300,1.0000,0.376665,0.8775,0.1859,
654,25.4164,-29.7795,68.1281,0.6366,-0.9750,551,0.6112,1.0000,0.376665,1.5780,-1.2191,
655,25.4499,-28.6645,68.5593,1.1149,0.4313,454,0.5657,1.0000,0.376665,2.8328,0.4924,
656,25.4832,-27.3769,67.7699,1.2876,-0.7895,443,0.5393,1.0000,0.376665,3.2300,-1.0129,
657,25.5167,-26.6486,64.1857,0.7284,-3.5841,445,0.4931,1.0000,0.376665,1.7260,-4.4272,low_inlier
658,25.5503,-26.4572,57.8588,0.1913,-6.3270,421,0.4812,1.0000,0.376665,0.2795,-7.7786,low_inlier
659,25.5834,-28.7330,48.4312,-2.2757,-9.4276,330,0.3367,1.0000,0.376665,-6.0579,-11.5048,low_inlier
660,25.6162,-31.1190,37.3256,-2.3860,-11.1056,368,0.4028,1.0000,0.376665,-6.3910,-13.5625,low_inlier
661,25.6689,-33.4922,27.3512,-2.3732,-9.9744,377,0.3717,1.0000,0.376665,-6.3221,-12.1732,low_inlier
662,25.6979,-35.3576,20.9194,-1.8654,-6.4318,514,0.3032,1.0000,0.376665,-4.9239,-7.8385,low_inlier
663,25.7270,-35.8922,15.2859,-0.5346,-5.6336,464,0.5428,1.0000,0.376665,-1.5333,-6.9025,
664,25.7558,-36.3696,11.1550,-0.4774,-4.1309,482,0.4812,1.0000,0.376665,-1.3402,-5.0585,low_inlier
665,25.7849,-35.6011,13.4536,0.7685,2.2986,432,0.2691,1.0000,0.376665,2.0171,2.7979,low_inlier
666,25.8168,-35.0841,18.5563,0.5170,5.1027,435,0.4250,1.0000,0.376665,1.4719,6.2509,low_inlier
667,25.8497,-33.8926,21.8079,1.1915,3.2516,510,0.5737,1.0000,0.376665,3.1173,3.9545,
668,25.8828,-33.6913,22.1401,0.2012,0.3322,366,0.1715,1.0000,0.376665,0.5195,0.4014,low_inlier
669,25.9162,-32.2770,26.9105,1.4144,4.7704,359,0.2246,1.0000,0.376665,3.7299,5.8127,low_inlier
670,25.9495,-30.0458,32.9436,2.2312,6.0332,479,0.5750,1.0000,0.376665,5.8358,7.3366,
671,25.9828,-28.3310,37.2729,1.7148,4.3292,561,0.6775,1.0000,0.376665,4.4752,5.2607,
672,26.0163,-27.5222,38.8238,0.8088,1.5509,558,0.6950,1.0000,0.376665,2.0951,1.8781,
673,26.0496,-27.4191,36.9086,0.1031,-1.9152,547,0.6775,1.0000,0.376665,0.1989,-2.3561,
674,26.0833,-27.4602,33.5019,-0.0411,-3.4067,543,0.6850,1.0000,0.376665,-0.2139,-4.1835,
675,26.1169,-27.2153,32.0913,0.2449,-1.4106,541,0.6525,1.0000,0.376665,0.5737,-1.7410,
676,26.1496,-27.0808,31.5992,0.1345,-0.4921,545,0.7037,1.0000,0.376665,0.3242,-0.6090,
677,26.1827,-27.0133,30.9277,0.0675,-0.6715,517,0.6687,1.0000,0.376665,0.1490,-0.8271,
678,26.2163,-27.0264,30.2770,-0.0131,-0.6507,495,0.6525,1.0000,0.376665,-0.0542,-0.7990,
679,26.2498,-27.0703,30.6594,-0.0438,0.3824,554,0.7025,1.0000,0.376665,-0.0984,0.4713,
680,26.2829,-26.7917,31.4183,0.2786,0.7590,576,0.7288,1.0000,0.376665,0.7288,0.9230,
681,26.3161,-26.7277,31.4972,0.0640,0.0788,544,0.7050,1.0000,0.376665,0.1644,0.0947,
682,26.3496,-26.9030,30.6839,-0.1754,-0.8133,587,0.7362,1.0000,0.376665,-0.4696,-0.9932,
683,26.3830,-26.9332,29.6984,-0.0301,-0.9855,590,0.7438,1.0000,0.376665,-0.1080,-1.2097,
684,26.4170,-26.9807,30.2866,-0.0475,0.5883,538,0.6850,1.0000,0.376665,-0.1011,0.7242,
685,26.4493,-26.8670,30.7265,0.1137,0.4399,528,0.6587,1.0000,0.376665,0.3017,0.5366,
686,26.4829,-26.5883,29.5568,0.2786,-1.1698,560,0.7100,1.0000,0.376665,0.6667,-1.4463,
687,26.5162,-26.1087,28.1376,0.4796,-1.4192,570,0.7150,1.0000,0.376665,1.1668,-1.7594,
688,26.5494,-25.0102,27.6135,1.0985,-0.5241,506,0.6283,1.0000,0.376665,2.7606,-0.6806,
689,26.5830,-23.5636,26.3148,1.4466,-1.2987,546,0.6775,1.0000,0.376665,3.6155,-1.6438,
690,26.6163,-23.0067,26.1404,0.5569,-0.1743,578,0.7312,1.0000,0.376665,1.4024,-0.2328,
691,26.6681,-22.2866,26.3207,0.7201,0.1802,542,0.6775,1.0000,0.376665,1.8264,0.1973,
692,26.6966,-21.0618,25.9222,1.2248,-0.3985,476,0.6307,1.0000,0.376665,3.0837,-0.5305,
693,26.7252,-19.1030,27.6866,1.9588,1.7643,434,0.5480,1.0000,0.376665,5.0094,2.1018,
694,26.7539,-17.3297,29.5968,1.7734,1.9103,488,0.6106,1.0000,0.376665,4.5452,2.2873,
695,26.7830,-15.6939,29.2539,1.6357,-0.3429,451,0.5779,1.0000,0.376665,4.1246,-0.4760,
696,26.8161,-14.1940,29.5658,1.5000,0.3118,462,0.5827,1.0000,0.376665,3.8025,0.3329,
697,26.8492,-13.1465,28.9544,1.0475,-0.6114,477,0.5910,1.0000,0.376665,2.6287,-0.7861,
698,26.8826,-13.0264,27.6409,0.1201,-1.3135,540,0.6750,1.0000,0.376665,0.2612,-1.6176,
699,26.9161,-13.0180,27.0138,0.0083,-0.6270,534,0.6750,1.0000,0.376665,0.0009,-0.7706,
700,26.9493,-12.7564,26.6424,0.2617,-0.3714,513,0.6562,1.0000,0.376665,0.6496,-0.4651,
701,26.9828,-12.0106,25.6773,0.7458,-0.9651,494,0.6262,1.0000,0.376665,1.8544,-1.2105,
702,27.0161,-11.4627,24.4423,0.5479,-1.2350,527,0.5875,1.0000,0.376665,1.3455,-1.5354,
703,27.0496,-11.6404,23.9746,-0.1777,-0.4677,523,0.6575,1.0000,0.376665,-0.4644,-0.5686,
704,27.0828,-11.5077,23.6133,0.1327,-0.3613,528,0.6750,1.0000,0.376665,0.3237,-0.4483,
705,27.1162,-11.4609,23.2113,0.0468,-0.4020,526,0.6700,1.0000,0.376665,0.1053,-0.4954,
706,27.1495,-11.4923,21.1388,-0.0314,-2.0725,512,0.6550,1.0000,0.376665,-0.1463,-2.5448,
707,27.1826,-10.8828,19.0240,0.6096,-2.1148,511,0.6138,1.0000,0.376665,1.4729,-2.6183,
708,27.2162,-9.7441,19.0941,1.1387,0.0701,512,0.6538,1.0000,0.376665,2.8812,0.0480,
709,27.2490,-8.8568,18.0504,0.8873,-1.0437,509,0.6366,1.0000,0.376665,2.2098,-1.3119,
710,27.2829,-8.1200,15.6686,0.7367,-2.3818,472,0.5952,1.0000,0.376665,1.7858,-2.9505,
711,27.3162,-7.4824,14.7244,0.6376,-0.9443,505,0.6370,1.0000,0.376665,1.5817,-1.1813,
712,27.3494,-6.1295,13.9699,1.3529,-0.7545,463,0.5882,1.0000,0.376665,3.3962,-0.9721,
713,27.3824,-4.3940,11.2235,1.7355,-2.7464,467,0.5825,1.0000,0.376665,4.2994,-3.4318,
714,27.4162,-2.4573,10.6197,1.9367,-0.6038,449,0.3556,1.0000,0.376665,4.8770,-0.8066,low_inlier
715,27.4494,-1.2775,11.6455,1.1797,1.0259,488,0.5927,1.0000,0.376665,3.0159,1.2207,
716,27.4821,-1.0010,10.4694,0.2766,-1.1762,516,0.6541,1.0000,0.376665,0.6613,-1.4541,
717,27.5158,-0.8514,8.3907,0.1496,-2.0786,524,0.6466,1.0000,0.376665,0.3111,-2.5584,
718,27.5492,-0.9205,8.1359,-0.0691,-0.2548,540,0.6875,1.0000,0.376665,-0.1830,-0.3107,
719,27.5822,-0.8676,8.2103,0.0529,0.0744,552,0.7013,1.0000,0.376665,0.1362,0.0897,
720,27.6158,-0.8943,7.6524,-0.0267,-0.5580,520,0.6650,1.0000,0.376665,-0.0856,-0.6845,
721,27.6682,-0.9523,7.5441,-0.0580,-0.1082,557,0.7150,1.0000,0.376665,-0.1501,-0.1310,
722,27.6966,-1.5503,7.6700,-0.5979,0.1259,573,0.7262,1.0000,0.376665,-1.5077,0.1747,
723,27.7249,-1.9964,6.7169,-0.4461,-0.9531,560,0.7137,1.0000,0.376665,-1.1586,-1.1559,
724,27.7535,-2.7977,6.6119,-0.8014,-0.1051,510,0.6550,1.0000,0.376665,-2.0295,-0.1022,
725,27.7828,-3.5459,6.5498,-0.7481,-0.0620,586,0.7312,1.0000,0.376665,-1.8936,-0.0512,
726,27.8158,-3.4123,6.0086,0.1335,-0.5412,558,0.7225,1.0000,0.376665,0.3202,-0.6693,
727,27.8492,-2.9785,5.2267,0.4339,-0.7819,513,0.6350,1.0000,0.376665,1.0717,-0.9750,
728,27.8829,-3.1575,5.4186,-0.1790,0.1919,583,0.7288,1.0000,0.376665,-0.4464,0.2417,
729,27.9157,-2.8853,5.3113,0.2722,-0.1073,546,0.7325,1.0000,0.376665,0.6846,-0.1409,
730,27.9491,-2.3261,4.6151,0.5593,-0.6962,513,0.6338,1.0000,0.376665,1.3915,-0.8740,
731,27.9828,-2.3683,3.8847,-0.0423,-0.7304,586,0.7388,1.0000,0.376665,-0.1304,-0.8958,
732,28.0157,-1.9840,3.3384,0.3844,-0.5462,569,0.7262,1.0000,0.376665,0.9542,-0.6839,
733,28.0491,-1.8722,3.6711,0.1118,0.3326,592,0.7412,1.0000,0.376665,0.2933,0.4049,
734,28.0823,-1.3877,3.6883,0.4845,0.0173,571,0.7075,1.0000,0.376665,1.2255,0.0050,
735,28.1156,-1.1587,3.0179,0.2290,-0.6704,609,0.7462,1.0000,0.376665,0.5574,-0.8312,
736,28.1492,-1.0388,2.2295,0.1199,-0.7885,579,0.7525,1.0000,0.376665,0.2776,-0.9726,
737,28.1823,-0.8529,2.0608,0.1859,-0.1686,568,0.7350,1.0000,0.376665,0.4646,-0.2134,
738,28.2158,-1.1443,2.4366,-0.2914,0.3757,577,0.7362,1.0000,0.376665,-0.7246,0.4713,
739,28.2491,-1.2907,2.1443,-0.1463,-0.2923,537,0.7100,1.0000,0.376665,-0.3794,-0.3542,
740,28.2826,-1.3115,1.9868,-0.0209,-0.1575,582,0.7338,1.0000,0.376665,-0.0578,-0.1927,
741,28.3156,-1.3145,2.4013,-0.0029,0.4145,590,0.7400,1.0000,0.376665,0.0059,0.5093,
742,28.3489,-1.2677,1.8506,0.0468,-0.5507,589,0.7500,1.0000,0.376665,0.1005,-0.6780,
743,28.3825,-1.5655,0.8231,-0.2978,-1.0275,602,0.7575,1.0000,0.376665,-0.7861,-1.2522,
744,28.4155,-1.7593,0.1949,-0.1938,-0.6283,579,0.7438,1.0000,0.376665,-0.5102,-0.7653,
745,28.4488,-1.5354,-0.1069,0.2238,-0.3018,547,0.7250,1.0000,0.376665,0.5562,-0.3782,
746,28.4825,-0.9740,-0.6133,0.5615,-0.5063,524,0.6875,1.0000,0.376665,1.4032,-0.6408,
747,28.5155,-0.6205,-1.0978,0.3535,-0.4845,592,0.7425,1.0000,0.376665,0.8781,-0.6071,
748,28.5490,-0.0156,-0.8341,0.6049,0.2638,581,0.7338,1.0000,0.376665,1.5378,0.3038,
749,28.5818,0.3142,-1.0804,0.3298,-0.2463,593,0.7212,1.0000,0.376665,0.8259,-0.3136,
750,28.6152,0.3365,-0.8025,0.0223,0.2779,602,0.7538,1.0000,0.376665,0.0653,0.3406,
751,28.6667,0.7323,-0.4230,0.3958,0.3795,592,0.7525,1.0000,0.376665,1.0130,0.4529,
752,28.6953,0.8700,-0.4032,0.1377,0.0198,593,0.7525,1.0000,0.376665,0.3489,0.0197,
753,28.7239,1.0094,0.1141,0.1394,0.5173,510,0.6725,1.0000,0.376665,0.3692,0.6308,
754,28.7522,0.9368,0.8640,-0.0726,0.7500,583,0.7225,1.0000,0.376665,-0.1594,0.9237,
755,28.7824,0.5493,0.9558,-0.3875,0.0918,576,0.7238,1.0000,0.376665,-0.9769,0.1257,
756,28.8155,0.0002,0.6301,-0.5491,-0.3257,602,0.7538,1.0000,0.376665,-1.3987,-0.3817,
757,28.8487,-0.2205,1.1220,-0.2207,0.4919,606,0.7575,1.0000,0.376665,-0.5422,0.6116,
758,28.8821,-0.2380,1.5655,-0.0175,0.4435,599,0.7512,1.0000,0.376665,-0.0300,0.5454,
759,28.9151,-0.4626,1.1871,-0.2245,-0.3784,602,0.7525,1.0000,0.376665,-0.5799,-0.4573,
760,28.9489,-0.6117,1.0416,-0.1492,-0.1455,588,0.7350,1.0000,0.376665,-0.3818,-0.1738,
761,28.9823,-0.3950,1.4712,0.2168,0.4296,611,0.7650,1.0000,0.376665,0.5620,0.5204,
762,29.0157,-0.3115,2.0282,0.0834,0.5570,599,0.7488,1.0000,0.376665,0.2289,0.6814,
763,29.0485,-0.3840,1.8498,-0.0725,-0.1784,595,0.7450,1.0000,0.376665,-0.1890,-0.2167,
764,29.0822,-0.1574,1.9604,0.2266,0.1106,597,0.7512,1.0000,0.376665,0.5765,0.1283,
765,29.1158,0.0352,2.2839,0.1926,0.3236,598,0.7488,1.0000,0.376665,0.4973,0.3910,
766,29.1490,-0.1729,1.8273,-0.2081,-0.4566,587,0.7450,1.0000,0.376665,-0.5408,-0.5540,
767,29.1819,-0.2783,0.8165,-0.1053,-1.0109,599,0.7550,1.0000,0.376665,-0.2990,-1.2383,
768,29.2153,-0.3948,1.4710,-0.1165,0.6546,545,0.7000,1.0000,0.376665,-0.2734,0.8080,
769,29.2487,-0.3257,1.9023,0.0691,0.4313,608,0.7600,1.0000,0.376665,0.1886,0.5275,
770,29.2819,-0.3383,1.3077,-0.0126,-0.5947,612,0.7650,1.0000,0.376665,-0.0511,-0.7301,
771,29.3152,-0.4395,1.3076,-0.1012,-0.0000,551,0.7350,1.0000,0.376665,-0.2559,0.0033,
772,29.3484,-0.5420,2.1409,-0.1025,0.8333,611,0.7638,1.0000,0.376665,-0.2324,1.0271,
773,29.3818,-0.4076,2.0486,0.1344,-0.0924,613,0.7675,1.0000,0.376665,0.3368,-0.1180,
774,29.4153,-0.3738,1.5182,0.0339,-0.5303,603,0.7538,1.0000,0.376665,0.0685,-0.6526,
775,29.4487,-0.4327,1.7036,-0.0590,0.1853,601,0.7525,1.0000,0.376665,-0.1431,0.2296,
776,29.4821,-0.1355,1.9418,0.2972,0.2382,589,0.7512,1.0000,0.376665,0.7592,0.2827,
777,29.5157,0.0945,1.8460,0.2300,-0.0958,615,0.7688,1.0000,0.376665,0.5784,-0.1254,
778,29.5484,0.1797,1.7762,0.0852,-0.0698,598,0.7475,1.0000,0.376665,0.2132,-0.0886,
779,29.5819,0.4209,2.3046,0.2411,0.5283,605,0.7588,1.0000,0.376665,0.6267,0.6409,
780,29.6149,0.4508,2.5143,0.0299,0.2097,596,0.7450,1.0000,0.376665,0.0824,0.2566,
781,29.6666,0.3946,2.5123,-0.0562,-0.0020,582,0.7650,1.0000,0.376665,-0.1421,-0.0006,
782,29.6948,0.3779,3.0268,-0.0167,0.5146,594,0.7438,1.0000,0.376665,-0.0257,0.6327,
783,29.7229,0.4359,3.2988,0.0581,0.2720,590,0.7375,1.0000,0.376665,0.1556,0.3321,
784,29.7508,0.3906,3.7392,-0.0453,0.4404,586,0.7325,1.0000,0.376665,-0.1004,0.5425,
785,29.7816,0.3810,3.9216,-0.0096,0.1825,600,0.7500,1.0000,0.376665,-0.0183,0.2245,
786,29.8149,0.2706,4.4932,-0.1104,0.5715,600,0.7500,1.0000,0.376665,-0.2606,0.7058,
787,29.8481,0.4087,5.1676,0.1381,0.6744,600,0.7500,1.0000,0.376665,0.3708,0.8239,
788,29.8816,0.4701,5.0856,0.0614,-0.0820,574,0.7538,1.0000,0.376665,0.1526,-0.1028,
789,29.9148,0.4302,4.2559,-0.0399,-0.8297,603,0.7538,1.0000,0.376665,-0.1277,-1.0179,
790,29.9482,0.2942,4.2548,-0.1360,-0.0011,592,0.7400,1.0000,0.376665,-0.3438,0.0032,
791,29.9818,0.3438,4.4946,0.0496,0.2398,599,0.7488,1.0000,0.376665,0.1332,0.2929,
792,30.0153,0.3067,3.9186,-0.0371,-0.5760,592,0.7400,1.0000,0.376665,-0.1123,-0.7063,
793,30.0483,0.2226,3.4297,-0.0841,-0.4889,596,0.7450,1.0000,0.376665,-0.2284,-0.5977,
794,30.0817,0.2092,3.8723,-0.0135,0.4425,588,0.7350,1.0000,0.376665,-0.0198,0.5441,
795,30.1151,0.2520,4.1813,0.0428,0.3090,587,0.7338,1.0000,0.376665,0.1182,0.3782,
796,30.1481,0.1820,3.4854,-0.0700,-0.6959,556,0.7450,1.0000,0.376665,-0.1993,-0.8525,
797,30.1814,0.1069,2.9816,-0.0751,-0.5039,601,0.7512,1.0000,0.376665,-0.2062,-0.6164,
798,30.2147,0.0885,2.9939,-0.0184,0.0124,638,0.7975,1.0000,0.376665,-0.0461,0.0158,
799,30.2481,0.1900,2.8507,0.1015,-0.1432,593,0.7412,1.0000,0.376665,0.2520,-0.1793,
800,30.2818,0.2242,2.4305,0.0342,-0.4202,608,0.7600,1.0000,0.376665,0.0729,-0.5174,
801,30.3148,0.1898,2.1295,-0.0344,-0.3010,584,0.7300,1.0000,0.376665,-0.0967,-0.3686,
802,30.3481,0.1929,2.1451,0.0031,0.0156,653,0.8163,1.0000,0.376665,0.0084,0.0190,
803,30.3814,0.3087,2.0612,0.1158,-0.0839,614,0.7675,1.0000,0.376665,0.2900,-0.1070,
804,30.4148,0.2029,1.9334,-0.1058,-0.1278,592,0.7400,1.0000,0.376665,-0.2715,-0.1534,
805,30.4484,0.1594,1.7501,-0.0435,-0.1832,600,0.7500,1.0000,0.376665,-0.1159,-0.2236,
806,30.4815,0.2356,2.4132,0.0761,0.6631,594,0.7512,1.0000,0.376665,0.2139,0.8120,
807,30.5147,0.1651,2.4675,-0.0705,0.0543,562,0.7312,1.0000,0.376665,-0.1765,0.0690,
808,30.5480,0.1913,2.0948,0.0263,-0.3727,563,0.7288,1.0000,0.376665,0.0544,-0.4587,
809,30.5813,0.4870,3.1271,0.2957,1.0323,596,0.7588,1.0000,0.376665,0.7809,1.2581,
810,30.6147,0.5613,4.1261,0.0743,0.9991,614,0.7725,1.0000,0.376665,0.2201,1.2248,
811,30.6660,0.5055,4.0985,-0.0558,-0.0277,598,0.7475,1.0000,0.376665,-0.1421,-0.0321,
812,30.6938,0.3981,4.0661,-0.1074,-0.0323,597,0.7475,1.0000,0.376665,-0.2726,-0.0361,
813,30.7215,0.2505,4.5015,-0.1476,0.4354,592,0.7400,1.0000,0.376665,-0.3592,0.5398,
814,30.7498,-0.0160,4.2018,-0.2665,-0.2997,571,0.7238,1.0000,0.376665,-0.6834,-0.3592,
815,30.7819,-0.1089,3.8182,-0.0929,-0.3836,581,0.7262,1.0000,0.376665,-0.2473,-0.4681,
816,30.8148,-0.0281,3.9919,0.0808,0.1737,602,0.7525,1.0000,0.376665,0.2099,0.2106,
817,30.8484,-0.1442,3.7295,-0.1161,-0.2624,585,0.7312,1.0000,0.376665,-0.3019,-0.3184,
818,30.8818,-0.2037,3.6942,-0.0595,-0.0353,599,0.7488,1.0000,0.376665,-0.1515,-0.0414,
819,30.9146,-0.1563,3.8822,0.0474,0.1880,593,0.7412,1.0000,0.376665,0.1258,0.2293,
820,30.9483,-0.1620,3.5546,-0.0057,-0.3276,570,0.7125,1.0000,0.376665,-0.0251,-0.4022,
821,30.9813,-0.1496,2.7258,0.0125,-0.8288,607,0.7588,1.0000,0.376665,0.0048,-1.0186,
822,31.0148,-0.0229,2.3297,0.1267,-0.3961,597,0.7475,1.0000,0.376665,0.3075,-0.4908,
823,31.0484,0.0082,1.5804,0.0311,-0.7493,544,0.7000,1.0000,0.376665,0.0545,-0.9215,
824,31.0813,-0.0236,0.7569,-0.0318,-0.8235,580,0.7362,1.0000,0.376665,-0.1070,-1.0105,
825,31.1146,-0.0229,0.6224,0.0006,-0.1345,610,0.7625,1.0000,0.376665,-0.0027,-0.1653,
826,31.1480,0.0365,0.1520,0.0594,-0.4703,597,0.7512,1.0000,0.376665,0.1349,-0.5798,
827,31.1812,0.0284,-0.0946,-0.0081,-0.2466,598,0.7488,1.0000,0.376665,-0.0284,-0.3027,
828,31.2147,0.0873,-0.0136,0.0589,0.0810,607,0.7588,1.0000,0.376665,0.1516,0.0975,
829,31.2482,0.2007,0.4349,0.1134,0.4485,600,0.7500,1.0000,0.376665,0.3013,0.5472,
830,31.2818,0.4050,0.5041,0.2042,0.0692,599,0.7500,1.0000,0.376665,0.5186,0.0781,
831,31.3146,0.5017,0.2628,0.0967,-0.2414,603,0.7550,1.0000,0.376665,0.2368,-0.2997,
832,31.3482,0.4499,-0.0104,-0.0518,-0.2732,596,0.7450,1.0000,0.376665,-0.1398,-0.3338,
833,31.3811,0.3592,-0.0353,-0.0907,-0.0249,590,0.7388,1.0000,0.376665,-0.2301,-0.0275,
834,31.4145,0.3940,0.0211,0.0348,0.0564,570,0.7662,1.0000,0.376665,0.0898,0.0682,
835,31.4478,0.2311,-0.3412,-0.1629,-0.3623,504,0.6538,1.0000,0.376665,-0.4235,-0.4397,
836,31.4810,-0.0069,-0.5854,-0.2380,-0.2442,595,0.7538,1.0000,0.376665,-0.6095,-0.2920,
837,31.5146,-0.0586,-0.4813,-0.0518,0.1041,596,0.7450,1.0000,0.376665,-0.1275,0.1296,
838,31.5480,-0.0947,-0.7229,-0.0360,-0.2416,578,0.7238,1.0000,0.376665,-0.0989,-0.2956,
839,31.5809,-0.0823,-0.8970,0.0123,-0.1741,592,0.7425,1.0000,0.376665,0.0256,-0.2143,
840,31.6146,-0.1850,-1.0076,-0.1027,-0.1107,586,0.7338,1.0000,0.376665,-0.2631,-0.1325,
841,31.6666,0.0280,-0.6242,0.2130,0.3834,586,0.7325,1.0000,0.376665,0.5509,0.4638,
842,31.6953,0.1348,0.1799,0.1068,0.8042,599,0.7488,1.0000,0.376665,0.2961,0.9843,
843,31.7238,0.3235,1.2224,0.1886,1.0425,557,0.7113,1.0000,0.376665,0.5106,1.2743,
844,31.7527,0.8646,2.4830,0.5411,1.2605,465,0.5825,1.0000,0.376665,1.4088,1.5303,
845,31.7816,1.5731,4.6539,0.7085,2.1709,464,0.5807,1.0000,0.376665,1.8614,2.6431,
846,31.8146,2.8365,7.6342,1.2634,2.9803,356,0.1606,1.0000,0.376665,3.2903,3.6188,low_inlier
847,31.8476,4.0637,12.4676,1.2272,4.8334,357,0.1139,1.0000,0.376665,3.2587,5.8964,low_inlier
848,31.8813,5.4381,20.2033,1.3744,7.7357,398,0.0516,1.0000,0.376665,3.7244,9.4567,low_inlier
849,31.9143,6.5420,27.9715,1.1039,7.7682,346,0.0657,1.0000,0.376665,3.0418,9.5056,low_inlier
850,31.9480,7.1993,34.0903,0.6573,6.1188,330,0.0913,1.0000,0.376665,1.8594,7.4945,low_inlier
851,31.9814,8.3210,41.5588,1.1217,7.4685,318,0.0587,1.0000,0.376665,3.0769,9.1369,low_inlier
852,32.0142,9.3753,48.2504,1.0543,6.6916,392,0.0987,1.0000,0.376665,2.8815,8.1848,low_inlier
853,32.0477,9.7934,53.4080,0.4181,5.1576,436,0.1879,1.0000,0.376665,1.2236,6.3217,low_inlier
854,32.0813,10.4299,57.8728,0.6364,4.4647,366,0.1579,1.0000,0.376665,1.7531,5.4633,low_inlier
855,32.1146,12.9885,65.7849,2.5586,7.9122,296,0.0440,1.0000,0.376665,6.7243,9.6338,low_inlier
856,32.1477,16.0707,74.1003,3.0823,8.3153,335,0.0379,1.0000,0.376665,8.0612,10.1115,low_inlier
857,32.1814,18.2049,77.4819,2.1342,3.3816,327,0.0773,1.0000,0.376665,5.5051,4.0826,low_inlier
858,32.2143,18.9293,80.2059,0.7243,2.7241,430,0.2500,1.0000,0.376665,1.9192,3.3221,low_inlier
859,32.2475,19.8553,85.7062,0.9260,5.5002,360,0.1021,1.0000,0.376665,2.5187,6.7256,low_inlier
860,32.2810,21.4153,91.3139,1.5601,5.6078,423,0.0996,1.0000,0.376665,4.1253,6.8365,low_inlier
861,32.3143,23.0866,95.4445,1.6712,4.1306,464,0.1531,1.0000,0.376665,4.3587,5.0181,low_inlier
862,32.3474,23.8260,97.9622,0.7395,2.5176,471,0.2225,1.0000,0.376665,1.9508,3.0680,low_inlier
863,32.3807,23.7464,99.0659,-0.0797,1.1037,566,0.6896,1.0000,0.376665,-0.1658,1.3585,
864,32.4143,23.4893,101.1861,-0.2571,2.1202,557,0.6913,1.0000,0.376665,-0.5815,2.6131,
865,32.4480,23.0197,102.5239,-0.4696,1.3378,559,0.6162,1.0000,0.376665,-1.1440,1.6591,
866,32.4810,22.6763,100.9025,-0.3434,-1.6214,458,0.2785,1.0000,0.376665,-0.9205,-1.9803,low_inlier
867,32.5141,22.1771,99.4395,-0.4993,-1.4630,295,0.0727,1.0000,0.376665,-1.3096,-1.7804,low_inlier
868,32.5473,20.3150,97.5707,-1.8621,-1.8688,314,0.0247,1.0000,0.376665,-4.7682,-2.2333,low_inlier
869,32.5809,17.4954,97.1395,-2.8196,-0.4313,248,0.0249,1.0000,0.376665,-7.1427,-0.4354,low_inlier
870,32.6144,13.3288,93.4631,-4.1666,-3.6764,351,0.0279,1.0000,0.376665,-10.6531,-4.3766,low_inlier
871,32.6676,5.6337,92.5483,-7.6951,-0.9148,419,0.0076,1.0000,0.376665,-19.4851,-0.8661,low_inlier
872,32.6974,1.9377,92.7176,-3.6960,0.1693,196,0.0252,1.0000,0.376665,-9.3392,0.3317,low_inlier
873,32.7273,-0.3280,88.1135,-2.2656,-4.6041,274,0.1328,1.0000,0.376665,-5.8768,-5.5799,low_inlier
874,32.7570,-3.4757,84.1908,-3.1478,-3.9227,269,0.0593,1.0000,0.376665,-8.0851,-4.7133,low_inlier
875,32.7867,-8.4355,81.2030,-4.9597,-2.9878,358,0.0388,1.0000,0.376665,-12.6361,-3.5043,low_inlier
876,32.8163,-12.1333,79.2942,-3.6978,-1.9088,408,0.1189,1.0000,0.376665,-9.4108,-2.2209,low_inlier
877,32.8480,-15.3947,78.8883,-3.2614,-0.4060,437,0.4950,1.0000,0.376665,-8.2589,-0.3895,low_inlier
878,32.8810,-19.1048,79.1036,-3.7101,0.2153,361,0.4246,1.0000,0.376665,-9.3734,0.3887,low_inlier
879,32.9144,-26.4700,78.8796,-7.3652,-0.2240,686,0.0508,1.0000,0.376665,-18.6288,-0.0285,low_inlier
880,32.9478,-35.4189,73.7189,-8.9489,-5.1607,556,0.0365,1.0000,0.376665,-22.7921,-6.0399,low_inlier
881,32.9807,-42.9519,68.1811,-7.5329,-5.5378,291,0.1491,1.0000,0.376665,-19.2243,-6.5505,low_inlier
882,33.0142,-51.0991,64.1713,-8.1472,-4.0098,669,0.2420,1.0000,0.376665,-20.7280,-4.6530,low_inlier
883,33.0478,-58.4932,58.5932,-7.3941,-5.5781,682,0.1968,1.0000,0.376665,-18.8746,-6.6047,low_inlier
884,33.0807,-59.1329,51.1493,-0.6397,-7.4439,383,0.0687,1.0000,0.376665,-1.8575,-9.1229,low_inlier
885,33.1155,-54.4316,50.8295,4.7013,-0.3197,392,0.0198,1.0000,0.376665,11.8760,-0.5502,low_inlier
886,33.1480,-53.7173,51.9840,0.7143,1.1545,474,0.0216,1.0000,0.376665,1.8432,1.3943,low_inlier
887,33.1809,-52.1821,51.8411,1.5352,-0.1429,396,0.1051,1.0000,0.376665,3.8769,-0.2269,low_inlier
888,33.2143,-46.8432,53.8814,5.3389,2.0403,723,0.0408,1.0000,0.376665,13.5643,2.3275,low_inlier
889,33.2473,-45.1352,56.1050,1.7080,2.2236,350,0.3175,1.0000,0.376665,4.3901,2.6743,low_inlier
890,33.2805,-45.0404,59.3448,0.0947,3.2398,556,0.3850,1.0000,0.376665,0.3441,3.9766,low_inlier
891,33.3143,-42.3225,64.5665,2.7179,5.2217,718,0.1650,1.0000,0.376665,7.0402,6.3235,low_inlier
892,33.3476,-33.5103,71.4671,8.8123,6.9006,633,0.0457,1.0000,0.376665,22.5027,8.1818,low_inlier
893,33.3807,-23.9167,75.1421,9.5936,3.6750,672,0.0803,1.0000,0.376665,24.3741,4.1933,low_inlier
894,33.4141,-15.1560,78.4665,8.7607,3.3244,645,0.1750,1.0000,0.376665,22.2571,3.7904,low_inlier
895,33.4474,-5.2577,84.0237,9.8983,5.5573,649,0.1974,1.0000,0.376665,25.2052,6.4952,low_inlier
896,33.4806,5.8404,86.7996,11.0981,2.7759,638,0.1017,1.0000,0.376665,28.1491,3.0384,low_inlier
897,33.5139,19.2834,79.3351,13.4430,-7.4645,710,0.1187,1.0000,0.376665,33.7471,-9.6197,low_inlier
898,33.5474,35.0723,70.2706,15.7889,-9.0645,296,0.0392,1.0000,0.376665,39.6267,-11.6636,low_inlier
899,33.5808,51.1487,58.5975,16.0764,-11.6731,261,0.0668,1.0000,0.376665,40.2695,-14.8777,low_inlier
900,33.6141,65.1314,36.3499,13.9826,-22.2476,322,0.1354,1.0000,0.376665,34.6345,-27.7976,low_inlier
901,33.6683,77.6143,15.5409,12.4830,-20.8090,534,0.0754,1.0000,0.376665,30.8893,-25.9802,low_inlier
902,33.6988,88.4680,-0.2454,10.8537,-15.7862,374,0.1314,1.0000,0.376665,26.9321,-19.7556,low_inlier
903,33.7295,95.5978,-23.4412,7.1298,-23.1958,652,0.0102,1.0000,0.376665,17.2778,-28.7329,low_inlier
904,33.7603,99.5200,-54.5596,3.9223,-31.1184,315,0.1396,1.0000,0.376665,8.9126,-38.3578,low_inlier
905,33.7918,108.7135,-75.1385,9.1935,-20.5789,277,0.0992,1.0000,0.376665,22.5800,-25.5874,low_inlier
906,33.8228,115.8608,-95.5297,7.1473,-20.3912,665,0.0206,1.0000,0.376665,17.4127,-25.2883,low_inlier
907,33.8541,119.6287,-124.4126,3.7679,-28.8829,501,0.0157,1.0000,0.376665,8.5944,-35.6065,low_inlier
908,33.8851,121.1568,-138.1538,1.5281,-13.7412,298,0.0228,1.0000,0.376665,3.4201,-16.9312,low_inlier
909,33.9163,123.8809,-138.4918,2.7241,-0.3380,613,0.1016,1.0000,0.376665,6.8763,-0.5064,low_inlier
910,33.9478,122.0589,-143.2207,-1.8220,-4.7289,540,0.0525,1.0000,0.376665,-4.7591,-5.7481,low_inlier
911,33.9809,115.2210,-147.6379,-6.8379,-4.4172,463,0.0588,1.0000,0.376665,-17.4308,-5.1972,low_inlier
912,34.0138,108.5417,-146.1460,-6.6793,1.4919,344,0.1441,1.0000,0.376665,-16.8393,2.0563,low_inlier
913,34.0474,101.9812,-145.2954,-6.5605,0.8506,399,0.2695,1.0000,0.376665,-16.5596,1.2646,low_inlier
914,34.0807,95.6643,-142.3336,-6.3168,2.9619,711,0.0088,1.0000,0.376665,-15.8754,3.8499,low_inlier
915,34.1141,94.6230,-134.5802,-1.0413,7.7534,298,0.0857,1.0000,0.376665,-2.3825,9.5593,low_inlier
916,34.1471,80.3251,-127.9755,-14.2979,6.6046,240,0.0953,1.0000,0.376665,-35.9365,8.5920,low_inlier
917,34.1805,67.7940,-121.2930,-12.5311,6.6825,641,0.0051,1.0000,0.376665,-31.4670,8.6285,low_inlier
918,34.2140,55.4921,-121.4191,-12.3019,-0.1261,704,0.0652,1.0000,0.376665,-31.1070,0.2570,low_inlier
919,34.2473,46.5223,-120.2116,-8.9697,1.2075,426,0.0000,1.0000,0.376665,-22.6393,1.7837,low_inlier
920,34.2800,36.5084,-113.5208,-10.0140,6.6907,296,0.0835,1.0000,0.376665,-25.1025,8.5543,low_inlier
921,34.3137,30.0012,-105.1456,-6.5072,8.3753,320,0.0893,1.0000,0.376665,-16.1820,10.5062,low_inlier
922,34.3472,23.6678,-96.4904,-6.3334,8.6552,296,0.1688,1.0000,0.376665,-15.7334,10.8443,low_inlier
923,34.3801,16.5634,-86.0761,-7.1044,10.4142,277,0.1569,1.0000,0.376665,-17.6260,13.0309,low_inlier
924,34.4138,11.7342,-72.1022,-4.8293,13.9739,324,0.1122,1.0000,0.376665,-11.7589,17.3275,low_inlier
925,34.4468,10.0943,-60.5558,-1.6398,11.5464,654,0.0038,1.0000,0.376665,-3.7735,14.2388,low_inlier
926,34.4808,8.9701,-46.3988,-1.1242,14.1570,598,0.0130,1.0000,0.376665,-2.3855,17.4284,low_inlier
927,34.5133,10.2654,-28.5596,1.2952,17.8392,373,0.0347,1.0000,0.376665,3.8504,21.8707,low_inlier
928,34.5473,12.4213,-10.3964,2.1559,18.1632,534,0.0445,1.0000,0.376665,6.0369,22.2398,low_inlier
929,34.5807,13.9438,1.0029,1.5225,11.3994,588,0.0065,1.0000,0.376665,4.2172,13.9523,low_inlier
930,34.6137,14.3097,16.1785,0.3659,15.1756,392,0.1296,1.0000,0.376665,1.4149,18.6297,low_inlier
931,34.6674,17.0772,28.3458,2.7675,12.1672,359,0.2551,1.0000,0.376665,7.3896,14.8538,low_inlier
932,34.6976,20.2139,37.1931,3.1367,8.8473,447,0.5342,1.0000,0.376665,8.2161,10.7632,
933,34.7271,23.1139,42.8455,2.9000,5.6524,467,0.5431,1.0000,0.376665,7.5145,6.8465,
934,34.7565,28.0739,47.2137,4.9600,4.3681,449,0.5585,1.0000,0.376665,12.6813,5.1998,
935,34.7859,32.9816,50.7644,4.9077,3.5507,430,0.4008,1.0000,0.376665,12.5228,4.1975,low_inlier
936,34.8158,38.3369,52.1507,5.3553,1.3863,410,0.3465,1.0000,0.376665,13.5845,1.5237,low_inlier
937,34.8471,44.2105,47.7403,5.8737,-4.4104,332,0.3456,1.0000,0.376665,14.7081,-5.6144,low_inlier
938,34.8807,50.0697,44.1824,5.8591,-3.5579,331,0.3273,1.0000,0.376665,14.6989,-4.5667,low_inlier
939,34.9139,56.1408,43.6041,6.0711,-0.5783,392,0.4859,1.0000,0.376665,15.3309,-0.9137,low_inlier
940,34.9471,62.1477,40.1259,6.0069,-3.4782,378,0.4476,1.0000,0.376665,15.0750,-4.4738,low_inlier
941,34.9806,68.2847,35.8101,6.1370,-4.3158,444,0.3146,1.0000,0.376665,15.3771,-5.5071,low_inlier
942,35.0139,76.4821,32.9657,8.1974,-2.8444,630,0.0892,1.0000,0.376665,20.6339,-3.7686,low_inlier
943,35.0470,85.6717,30.4303,9.1896,-2.5355,301,0.1017,1.0000,0.376665,23.1523,-3.4223,low_inlier
944,35.0805,93.2689,28.3351,7.5971,-2.0952,409,0.2278,1.0000,0.376665,19.1403,-2.8281,low_inlier
945,35.1139,100.5382,20.5277,7.2693,-7.8074,325,0.1164,1.0000,0.376665,18.1271,-9.8342,low_inlier
946,35.1466,108.6712,12.8535,8.1330,-7.6742,390,0.1279,1.0000,0.376665,20.3151,-9.6994,low_inlier
947,35.1798,116.9391,6.3207,8.2680,-6.5328,376,0.1722,1.0000,0.376665,20.6932,-8.3018,low_inlier
948,35.2129,123.8707,-7.7897,6.9315,-14.1104,395,0.0140,1.0000,0.376665,17.0698,-17.5656,low_inlier
949,35.2463,129.0268,-20.0402,5.1561,-12.2506,263,0.0150,1.0000,0.376665,12.6410,-15.2215,low_inlier
950,35.2799,133.1686,-25.5600,4.1418,-5.5198,376,0.2263,1.0000,0.376665,10.2937,-6.9193,low_inlier
951,35.3131,136.8902,-32.6837,3.7215,-7.1237,650,0.0628,1.0000,0.376665,9.1793,-8.8755,low_inlier
952,35.3464,137.5168,-41.9682,0.6266,-9.2845,360,0.0853,1.0000,0.376665,1.2847,-11.4263,low_inlier
953,35.3799,134.7171,-43.9365,-2.7996,-1.9682,617,0.4987,1.0000,0.376665,-7.1418,-2.3241,low_inlier
954,35.4135,130.9500,-42.7791,-3.7671,1.1574,633,0.4030,1.0000,0.376665,-9.4871,1.5479,low_inlier
955,35.4463,126.4940,-42.4167,-4.4560,0.3624,476,0.2688,1.0000,0.376665,-11.2544,0.5944,low_inlier
956,35.4801,120.1053,-43.6569,-6.3888,-1.2401,491,0.2099,1.0000,0.376665,-16.1927,-1.3095,low_inlier
957,35.5131,113.9679,-46.1711,-6.1374,-2.5142,505,0.4036,1.0000,0.376665,-15.5984,-2.8831,low_inlier
958,35.5469,109.2340,-42.1361,-4.7339,4.0350,377,0.1714,1.0000,0.376665,-11.8384,5.1152,low_inlier
959,35.5797,102.6650,-36.3918,-6.5690,5.7442,438,0.1790,1.0000,0.376665,-16.4230,7.2763,low_inlier
960,35.6134,94.6924,-34.2920,-7.9726,2.0999,335,0.1195,1.0000,0.376665,-20.0894,2.8464,low_inlier
961,35.6680,88.6559,-34.7116,-6.0366,-0.4196,719,0.0000,1.0000,0.376665,-15.2758,-0.3134,low_inlier
962,35.6983,82.7461,-34.4591,-5.9098,0.2525,320,0.2449,1.0000,0.376665,-14.9335,0.5081,low_inlier
963,35.7281,77.6072,-33.3506,-5.1389,1.1084,723,0.1284,1.0000,0.376665,-12.9570,1.5337,low_inlier
964,35.7579,72.3494,-31.1813,-5.2578,2.1693,363,0.2886,1.0000,0.376665,-13.2233,2.8408,low_inlier
965,35.7879,65.8909,-27.6063,-6.4585,3.5750,711,0.0144,1.0000,0.376665,-16.2137,4.6078,low_inlier
966,35.8181,59.0576,-24.9349,-6.8333,2.6715,622,0.0000,1.0000,0.376665,-17.1904,3.5105,low_inlier
967,35.8480,54.4413,-21.8581,-4.6163,3.0768,709,0.0000,1.0000,0.376665,-11.5723,3.9341,low_inlier
968,35.8801,47.5179,-15.4871,-6.9234,6.3710,476,0.1118,1.0000,0.376665,-17.2990,8.0581,low_inlier
969,35.9133,39.6885,-9.1844,-7.8293,6.3027,237,0.1293,1.0000,0.376665,-19.5916,8.0045,low_inlier
970,35.9465,32.4954,-6.8047,-7.1932,2.3797,526,0.0017,1.0000,0.376665,-18.1098,3.1641,low_inlier
971,35.9803,21.3528,-1.1630,-11.1426,5.6416,528,0.0909,1.0000,0.376665,-27.9899,7.3034,low_inlier
972,36.0133,13.5091,3.1330,-7.8436,4.2960,581,0.0270,1.0000,0.376665,-19.6925,5.5399,low_inlier
973,36.0466,7.6811,2.9360,-5.8280,-0.1970,292,0.0963,1.0000,0.376665,-14.7414,-0.0468,low_inlier
974,36.0800,3.3938,-4.4844,-4.2873,-7.4204,458,0.0846,1.0000,0.376665,-11.0791,-8.9718,low_inlier
975,36.1138,0.8442,-10.3613,-2.5496,-5.8770,531,0.1278,1.0000,0.376665,-6.6358,-7.1340,low_inlier
976,36.1467,-0.5829,-16.0804,-1.4271,-5.7191,572,0.1863,1.0000,0.376665,-3.7928,-6.9776,low_inlier
977,36.1800,-1.8700,-23.5671,-1.2870,-7.4867,599,0.1367,1.0000,0.376665,-3.4956,-9.1538,low_inlier
978,36.2129,-3.2651,-32.8263,-1.3951,-9.2592,601,0.1129,1.0000,0.376665,-3.8261,-11.3274,low_inlier
979,36.2461,-3.8165,-41.5808,-0.5514,-8.7545,494,0.1770,1.0000,0.376665,-1.6766,-10.7358,low_inlier
980,36.2794,-4.3477,-48.0331,-0.5311,-6.4522,603,0.1529,1.0000,0.376665,-1.5510,-7.9083,low_inlier
981,36.3126,-4.9242,-53.1594,-0.5765,-5.1264,670,0.1837,1.0000,0.376665,-1.6230,-6.2781,low_inlier
982,36.3460,-4.4162,-60.0755,0.5079,-6.9161,550,0.2466,1.0000,0.376665,1.0611,-8.5129,low_inlier
983,36.3794,-3.9444,-67.6286,0.4718,-7.5531,546,0.1182,1.0000,0.376665,0.9492,-9.2942,low_inlier
984,36.4127,-3.2780,-73.0982,0.6664,-5.4696,439,0.1030,1.0000,0.376665,1.5084,-6.7412,low_inlier
985,36.4458,-2.7506,-76.4008,0.5274,-3.3026,622,0.2362,1.0000,0.376665,1.2268,-4.0746,low_inlier
986,36.4797,-3.0685,-79.9596,-0.3179,-3.5588,659,0.2675,1.0000,0.376665,-0.9185,-4.3611,low_inlier
987,36.5123,-1.4803,-83.7743,1.5882,-3.8147,537,0.2353,1.0000,0.376665,3.8924,-4.7392,low_inlier
988,36.5463,1.6602,-86.9039,3.1405,-3.1296,552,0.0816,1.0000,0.376665,7.8393,-3.9496,low_inlier
989,36.5796,6.0070,-89.2992,4.3468,-2.3953,392,0.1202,1.0000,0.376665,10.9127,-3.0880,low_inlier
990,36.6129,11.9725,-92.7017,5.9655,-3.4025,360,0.0978,1.0000,0.376665,14.9729,-4.3795,low_inlier
991,36.6670,19.2001,-92.1449,7.2276,0.5568,319,0.1110,1.0000,0.376665,18.2916,0.4420,low_inlier
992,36.6968,28.0362,-89.0596,8.8360,3.0853,749,0.2304,1.0000,0.376665,22.4398,3.4942,low_inlier
993,36.7264,38.6035,-85.0250,10.5673,4.0346,171,0.1817,1.0000,0.376665,26.8476,4.6024,low_inlier
994,36.7561,50.9992,-78.3093,12.3958,6.7158,154,0.0784,1.0000,0.376665,31.5570,7.8347,low_inlier
995,36.7859,60.7212,-69.3914,9.7220,8.9179,262,0.3293,1.0000,0.376665,24.8679,10.6295,low_inlier
996,36.8161,66.8814,-60.1237,6.1602,9.2676,330,0.1895,1.0000,0.376665,15.8740,11.1783,low_inlier
997,36.8466,71.9498,-42.8745,5.0683,17.2492,296,0.1279,1.0000,0.376665,13.3708,21.0196,low_inlier
998,36.8802,78.0248,-40.0855,6.0751,2.7891,174,0.2247,1.0000,0.376665,15.4497,3.2228,low_inlier
999,36.9126,79.6574,-32.5875,1.6325,7.4980,564,0.0066,1.0000,0.376665,4.3695,9.1560,low_inlier
1000,36.9465,76.6653,-32.3955,-2.9921,0.1920,658,0.0013,1.0000,0.376665,-7.5588,0.3361,low_inlier
1001,36.9797,68.2481,-15.3116,-8.4172,17.0838,235,0.0442,1.0000,0.376665,-20.7299,21.2680,low_inlier
1002,37.0130,58.1599,-1.6269,-10.0882,13.6847,264,0.0840,1.0000,0.376665,-25.0645,17.1484,low_inlier
1003,37.0459,48.8678,2.3139,-9.2921,3.9408,734,0.0245,1.0000,0.376665,-23.3662,5.1521,low_inlier
1004,37.0796,40.3235,4.7185,-8.5443,2.4045,359,0.1761,1.0000,0.376665,-21.5250,3.2399,low_inlier
1005,37.1130,34.3024,7.7306,-6.0211,3.0122,358,0.2082,1.0000,0.376665,-15.1261,3.9018,low_inlier
1006,37.1462,30.4368,9.1229,-3.8657,1.3923,565,0.3654,1.0000,0.376665,-9.7286,1.8398,low_inlier
1007,37.1797,27.6499,7.5339,-2.7868,-1.5891,516,0.4712,1.0000,0.376665,-7.0973,-1.8587,low_inlier
1008,37.2119,25.7728,6.9084,-1.8772,-0.6254,488,0.4731,1.0000,0.376665,-4.7662,-0.7055,low_inlier
1009,37.2459,25.0175,5.7351,-0.7553,-1.1733,516,0.5144,1.0000,0.376665,-1.9474,-1.4160,
1010,37.2791,25.3365,2.8729,0.3191,-2.8622,428,0.4706,1.0000,0.376665,0.7143,-3.5267,low_inlier
1011,37.3123,25.2235,1.0849,-0.1130,-1.7880,438,0.4675,1.0000,0.376665,-0.3435,-2.1927,low_inlier
1012,37.3459,24.6661,0.7027,-0.5574,-0.3822,546,0.5750,1.0000,0.376665,-1.4216,-0.4508,
1013,37.3791,24.8765,1.4747,0.2104,0.7721,545,0.6062,1.0000,0.376665,0.5568,0.9414,
1014,37.4126,25.7470,1.1133,0.8706,-0.3614,431,0.5312,1.0000,0.376665,2.1894,-0.4731,
1015,37.4458,25.6935,1.6921,-0.0535,0.5788,638,0.6500,1.0000,0.376665,-0.1165,0.7128,
1016,37.4796,25.8199,3.1240,0.1263,1.4319,616,0.5537,1.0000,0.376665,0.3655,1.7548,
1017,37.5126,26.4676,3.2808,0.6477,0.1568,595,0.5550,1.0000,0.376665,1.6427,0.1709,
1018,37.5458,26.5281,3.1643,0.0605,-0.1165,569,0.6650,1.0000,0.376665,0.1492,-0.1451,
1019,37.5788,24.9491,3.0657,-1.5790,-0.0986,484,0.4862,1.0000,0.376665,-3.9955,-0.0683,low_inlier
1020,37.6128,24.6369,1.3666,-0.3121,-1.6991,479,0.5232,1.0000,0.376665,-0.8440,-2.0768,
1021,37.6656,23.7701,0.0053,-0.8668,-1.3613,576,0.6905,1.0000,0.376665,-2.2355,-1.6432,
1022,37.6946,18.1462,-3.6511,-5.6239,-3.6565,284,0.0567,1.0000,0.376665,-14.3369,-4.3034,low_inlier
1023,37.7245,9.0265,-11.3908,-9.1197,-7.7396,746,0.0319,1.0000,0.376665,-23.3072,-9.2022,low_inlier
1024,37.7540,3.2236,-13.2400,-5.8029,-1.8493,338,0.2817,1.0000,0.376665,-14.7312,-2.0774,low_inlier
1025,37.7839,1.0703,-11.6052,-2.1533,1.6348,407,0.1967,1.0000,0.376665,-5.3915,2.0803,low_inlier
1026,37.8136,-6.0413,-13.6537,-7.1116,-2.0485,754,0.1934,1.0000,0.376665,-18.0464,-2.2783,low_inlier
1027,37.8461,-14.4325,-17.9099,-8.3912,-4.2562,628,0.1222,1.0000,0.376665,-21.3528,-4.9475,low_inlier
1028,37.8789,-16.7565,-19.0528,-2.3239,-1.1429,249,0.0909,1.0000,0.376665,-5.9125,-1.3261,low_inlier
1029,37.9122,-17.1882,-17.9902,-0.4318,1.0626,543,0.2497,1.0000,0.376665,-1.0573,1.3198,low_inlier
1030,37.9454,-19.8820,-18.0110,-2.6938,-0.0207,374,0.4678,1.0000,0.376665,-6.8115,0.0647,low_inlier
1031,37.9789,-18.9332,-17.5813,0.9489,0.4297,558,0.3058,1.0000,0.376665,2.4129,0.4961,low_inlier
1032,38.0125,-16.3126,-14.8897,2.6205,2.6915,327,0.1895,1.0000,0.376665,6.7124,3.2186,low_inlier
1033,38.0456,-13.9856,-11.2607,2.3270,3.6290,338,0.4418,1.0000,0.376665,6.0005,4.3801,low_inlier
1034,38.0789,-11.4440,-8.0170,2.5416,3.2437,342,0.4461,1.0000,0.376665,6.5307,3.8995,low_inlier
1035,38.1121,-6.9664,-5.4686,4.4775,2.5484,317,0.2542,1.0000,0.376665,11.4028,2.9806,low_inlier
1036,38.1457,-0.7562,-3.5570,6.2103,1.9116,264,0.1731,1.0000,0.376665,15.7632,2.1403,low_inlier
1037,38.1789,1.5762,-1.9844,2.3324,1.5726,356,0.4423,1.0000,0.376665,5.9477,1.8537,low_inlier
1038,38.2125,2.3467,-3.3040,0.7705,-1.3195,421,0.4443,1.0000,0.376665,1.9055,-1.6468,low_inlier
1039,38.2453,4.6743,-4.3283,2.3276,-1.0243,420,0.5182,1.0000,0.376665,5.8518,-1.3362,
1040,38.2789,4.9550,-4.1948,0.2807,0.1335,487,0.6103,1.0000,0.376665,0.7141,0.1546,
1041,38.3121,3.0881,-6.6626,-1.8669,-2.4678,454,0.5546,1.0000,0.376665,-4.7998,-2.9690,
1042,38.3453,1.7222,-8.6750,-1.3659,-2.0124,428,0.4906,1.0000,0.376665,-3.5185,-2.4264,low_inlier
1043,38.3788,0.7845,-9.9481,-0.9376,-1.2731,442,0.5507,1.0000,0.376665,-2.4117,-1.5325,
1044,38.4124,-0.7053,-13.3393,-1.4898,-3.3912,414,0.5169,1.0000,0.376665,-3.8762,-4.1159,
1045,38.4459,-2.9941,-14.1729,-2.2888,-0.8337,406,0.5051,1.0000,0.376665,-5.8137,-0.9475,
1046,38.4789,-3.8896,-13.5904,-0.8955,0.5825,381,0.4597,1.0000,0.376665,-2.2454,0.7455,low_inlier
1047,38.5117,-3.1813,-13.7827,0.7084,-0.1923,458,0.5519,1.0000,0.376665,1.7847,-0.2599,
1048,38.5452,-2.8860,-15.3404,0.2953,-1.5577,454,0.5257,1.0000,0.376665,0.6964,-1.9234,
1049,38.5787,-2.1698,-15.4940,0.7162,-0.1536,410,0.5069,1.0000,0.376665,1.8058,-0.2126,
1050,38.6117,-0.7031,-14.9671,1.4667,0.5269,416,0.5106,1.0000,0.376665,3.7252,0.5981,
1051,38.6647,0.6128,-14.4926,1.3159,0.4746,505,0.6336,1.0000,0.376665,3.3423,0.5389,
1052,38.6938,1.5433,-14.3473,0.9305,0.1453,523,0.6600,1.0000,0.376665,2.3573,0.1473,
1053,38.7226,1.6041,-12.3148,0.0608,2.0325,550,0.6937,1.0000,0.376665,0.2192,2.4947,
1054,38.7515,2.7739,-9.4478,1.1698,2.8670,526,0.5668,1.0000,0.376665,3.0500,3.4827,
1055,38.7807,4.7563,-6.4769,1.9824,2.9709,443,0.1954,1.0000,0.376665,5.1080,3.5832,low_inlier
1056,38.8120,6.6173,-3.1190,1.8611,3.3578,476,0.1294,1.0000,0.376665,4.8138,4.0625,low_inlier
1057,38.8457,7.9672,-1.1954,1.3499,1.9237,536,0.6186,1.0000,0.376665,3.4750,2.3179,
1058,38.8788,8.5732,-2.3582,0.6059,-1.1628,542,0.6500,1.0000,0.376665,1.4945,-1.4487,
1059,38.9120,7.8065,-5.4048,-0.7666,-3.0466,506,0.6238,1.0000,0.376665,-2.0366,-3.7168,
1060,38.9452,5.6493,-9.8273,-2.1572,-4.4225,523,0.3784,1.0000,0.376665,-5.5968,-5.3604,low_inlier
1061,38.9784,1.4021,-14.0267,-4.2472,-4.1993,495,0.3540,1.0000,0.376665,-10.8738,-5.0164,low_inlier
1062,39.0120,-4.2320,-16.4156,-5.6341,-2.3890,453,0.5537,1.0000,0.376665,-14.3218,-2.7460,
1063,39.0457,-10.5443,-18.5417,-6.3123,-2.1261,404,0.4142,1.0000,0.376665,-16.0282,-2.4004,low_inlier
1064,39.0787,-17.4453,-18.4262,-6.9009,0.1155,249,0.0851,1.0000,0.376665,-17.4440,0.3730,low_inlier
1065,39.1118,-23.1537,-17.4095,-5.7085,1.0167,358,0.1131,1.0000,0.376665,-14.4000,1.4400,low_inlier
1066,39.1456,-26.8366,-14.0457,-3.6828,3.3638,372,0.4439,1.0000,0.376665,-9.2028,4.2555,low_inlier
1067,39.1787,-28.1389,-14.9084,-1.3023,-0.8627,445,0.3465,1.0000,0.376665,-3.3206,-1.0161,low_inlier
1068,39.2118,-27.7952,-17.3006,0.3437,-2.3921,445,0.5019,1.0000,0.376665,0.7917,-2.9500,
1069,39.2454,-27.5590,-16.6693,0.2363,0.6313,461,0.6000,1.0000,0.376665,0.6177,0.7676,
1070,39.2783,-27.6613,-17.2858,-0.1023,-0.6165,468,0.6058,1.0000,0.376665,-0.2787,-0.7539,
1071,39.3117,-27.1881,-19.4317,0.4733,-2.1460,404,0.5275,1.0000,0.376665,1.1273,-2.6520,
1072,39.3450,-27.7541,-19.9377,-0.5660,-0.5060,419,0.5144,1.0000,0.376665,-1.4474,-0.6026,
1073,39.3784,-30.2918,-19.1931,-2.5377,0.7446,411,0.2966,1.0000,0.376665,-6.3920,0.9996,low_inlier
1074,39.4117,-33.4256,-19.6906,-3.1338,-0.4974,386,0.4749,1.0000,0.376665,-7.9392,-0.5061,low_inlier
1075,39.4452,-35.4881,-22.4308,-2.0625,-2.7403,375,0.4586,1.0000,0.376665,-5.3032,-3.2972,low_inlier
1076,39.4784,-36.7936,-28.3387,-1.3055,-5.9078,366,0.3927,1.0000,0.376665,-3.4912,-7.2136,low_inlier
1077,39.5117,-35.3803,-40.2387,1.4133,-11.9000,238,0.2855,1.0000,0.376665,3.1893,-14.6655,low_inlier
1078,39.5451,-30.8560,-55.2666,4.5242,-15.0279,284,0.1572,1.0000,0.376665,10.9538,-18.6121,low_inlier
1079,39.5787,-23.9535,-71.7711,6.9025,-16.5045,299,0.0891,1.0000,0.376665,16.9192,-20.5056,low_inlier
1080,39.6119,-18.6212,-88.9990,5.3323,-17.2279,303,0.2335,1.0000,0.376665,12.9258,-21.3416,low_inlier
1081,39.6676,-16.1909,-106.2433,2.4303,-17.2442,729,0.1499,1.0000,0.376665,5.5881,-21.2645,low_inlier
1082,39.6983,-16.7290,-116.2935,-0.5381,-10.0503,320,0.2513,1.0000,0.376665,-1.6848,-12.3280,low_inlier
1083,39.7290,-17.1613,-125.9019,-0.4323,-9.6084,362,0.4584,1.0000,0.376665,-1.4031,-11.7887,low_inlier
1084,39.7596,-18.0926,-131.9323,-0.9312,-6.0303,484,0.4260,1.0000,0.376665,-2.5490,-7.3766,low_inlier
1085,39.7893,-20.7554,-131.6999,-2.6629,0.2324,513,0.5369,1.0000,0.376665,-6.7250,0.3746,
1086,39.8190,-23.2432,-134.7631,-2.4878,-3.0633,513,0.4724,1.0000,0.376665,-6.3887,-3.6797,low_inlier
1087,39.8493,-19.9104,-136.2002,3.3328,-1.4371,496,0.4197,1.0000,0.376665,8.3800,-1.8769,low_inlier
1088,39.8791,-12.1258,-129.6126,7.7846,6.5876,735,0.1616,1.0000,0.376665,19.8945,7.8317,low_inlier
1089,39.9118,1.6776,-110.1522,13.8034,19.4604,732,0.0303,1.0000,0.376665,35.5271,23.4434,low_inlier
1090,39.9449,13.9468,-93.7066,12.2692,16.4456,493,0.0377,1.0000,0.376665,31.5510,19.7913,low_inlier
1091,39.9781,23.9553,-75.7585,10.0084,17.9482,437,0.0339,1.0000,0.376665,25.8835,21.7128,low_inlier
1092,40.0117,32.5625,-59.1715,8.6072,16.5869,650,0.0091,1.0000,0.376665,22.2969,20.0876,low_inlier
1093,40.0450,36.4020,-45.6175,3.8395,13.5540,561,0.0104,1.0000,0.376665,10.1448,16.5215,low_inlier
1094,40.0782,38.7382,-36.0363,2.3362,9.5812,396,0.0848,1.0000,0.376665,6.2157,11.6915,low_inlier
1095,40.1116,40.7698,-25.8456,2.0316,10.1907,506,0.1836,1.0000,0.376665,5.4654,12.4505,low_inlier
1096,40.1450,42.0224,-16.4401,1.2527,9.4055,375,0.1975,1.0000,0.376665,3.4706,11.5120,low_inlier
1097,40.1787,40.0775,-13.5560,-1.9450,2.8841,604,0.4209,1.0000,0.376665,-4.8244,3.6080,low_inlier
1098,40.2118,36.7197,-17.3741,-3.3577,-3.8181,518,0.1754,1.0000,0.376665,-8.6125,-4.5778,low_inlier
1099,40.2445,34.1593,-24.3747,-2.5605,-7.0006,384,0.1515,1.0000,0.376665,-6.6995,-8.5139,low_inlier
1100,40.2786,35.5754,-28.9156,1.4161,-4.5409,529,0.4486,1.0000,0.376665,3.4338,-5.6255,low_inlier
1101,40.3118,35.1320,-34.7812,-0.4434,-5.8656,478,0.2300,1.0000,0.376665,-1.3103,-7.1906,low_inlier
1102,40.3450,35.3489,-36.8833,0.2169,-2.1021,537,0.0732,1.0000,0.376665,0.4807,-2.5895,low_inlier
1103,40.3788,40.0109,-32.8468,4.6619,4.0366,367,0.0334,1.0000,0.376665,11.9170,4.8025,low_inlier
1104,40.4141,39.9369,-31.0120,-0.0739,1.8348,267,0.0230,1.0000,0.376665,-0.1277,2.2563,low_inlier
1105,40.4450,39.5255,-28.0176,-0.4115,2.9944,321,0.0305,1.0000,0.376665,-0.9437,3.6922,low_inlier
1106,40.4789,40.6190,-17.7395,1.0935,10.2781,281,0.2890,1.0000,0.376665,3.0964,12.5892,low_inlier
1107,40.5119,39.8032,-18.2076,-0.8158,-0.4682,91,0.0151,1.0000,0.376665,-2.0777,-0.5478,low_inlier
1108,40.5454,34.0056,-15.9240,-5.7976,2.2836,386,0.0359,1.0000,0.376665,-14.5843,2.9994,low_inlier
1109,40.5790,29.0978,-16.6727,-4.9078,-0.7487,411,0.0767,1.0000,0.376665,-12.4327,-0.7554,low_inlier
1110,40.6118,22.7730,-9.7938,-6.3247,6.8788,692,0.0192,1.0000,0.376665,-15.7690,8.6619,low_inlier
1111,40.6680,9.6475,-0.8474,-13.1256,8.9465,654,0.0238,1.0000,0.376665,-32.8968,11.4295,low_inlier
1112,40.6984,-1.5442,0.1272,-11.1916,0.9746,143,0.0299,1.0000,0.376665,-28.2644,1.5720,low_inlier
1113,40.7286,-9.2987,7.8317,-7.7546,7.7044,358,0.3384,1.0000,0.376665,-19.3574,9.7239,low_inlier
1114,40.7590,-15.1034,14.0786,-5.8047,6.2469,354,0.3593,1.0000,0.376665,-14.4745,7.8682,low_inlier
1115,40.7891,-19.8699,12.5900,-4.7664,-1.4886,709,0.0000,1.0000,0.376665,-12.0991,-1.6691,low_inlier
1116,40.8194,-24.2642,5.6312,-4.3943,-6.9588,322,0.1176,1.0000,0.376665,-11.3347,-8.4012,low_inlier
1117,40.8492,-27.7997,5.9547,-3.5355,0.3235,360,0.2769,1.0000,0.376665,-8.9284,0.5158,low_inlier
1118,40.8789,-29.0688,6.7007,-1.2692,0.7460,525,0.3350,1.0000,0.376665,-3.1848,0.9589,low_inlier
1119,40.9118,-29.9750,3.3696,-0.9061,-3.3310,342,0.4200,1.0000,0.376665,-2.3985,-4.0616,low_inlier
1120,40.9457,-29.3211,3.0016,0.6539,-0.3680,465,0.3337,1.0000,0.376665,1.6414,-0.4740,low_inlier
1121,40.9778,-26.8509,3.0882,2.4702,0.0866,394,0.1938,1.0000,0.376665,6.2482,0.0236,low_inlier
1122,41.0110,-22.8870,2.4776,3.9639,-0.6106,353,0.1454,1.0000,0.376665,10.0023,-0.8828,low_inlier
1123,41.0446,-18.0134,0.4999,4.8736,-1.9777,694,0.0355,1.0000,0.376665,12.2581,-2.5926,low_inlier
1124,41.0780,-12.4706,-1.9940,5.5428,-2.4938,639,0.0745,1.0000,0.376665,13.9334,-3.2491,low_inlier
1125,41.1112,-4.6427,-7.2333,7.8279,-5.2394,318,0.0659,1.0000,0.376665,19.6223,-6.6983,low_inlier
1126,41.1447,2.2789,-13.0512,6.9216,-5.8179,413,0.1704,1.0000,0.376665,17.3123,-7.3786,low_inlier
1127,41.1779,4.2483,-15.5493,1.9694,-2.4981,464,0.5389,1.0000,0.376665,4.8985,-3.1347,
1128,41.2111,6.1760,-15.5341,1.9277,0.0152,484,0.6058,1.0000,0.376665,4.8744,-0.0459,
1129,41.2444,9.4529,-15.4170,3.2769,0.1172,479,0.6058,1.0000,0.376665,8.2887,0.0342,
1130,41.2776,10.1260,-17.3130,0.6731,-1.8961,522,0.6483,1.0000,0.376665,1.6407,-2.3517,
1131,41.3109,8.7307,-21.8365,-1.3953,-4.5235,528,0.3504,1.0000,0.376665,-3.6738,-5.5101,low_inlier
1132,41.3449,7.8098,-22.9804,-0.9209,-1.1439,513,0.6421,1.0000,0.376665,-2.3652,-1.3743,
1133,41.3779,6.9849,-22.7827,-0.8249,0.1977,520,0.6621,1.0000,0.376665,-2.0792,0.2704,
1134,41.4114,5.5150,-24.5330,-1.4700,-1.7503,502,0.6253,1.0000,0.376665,-3.7731,-2.1009,
1135,41.4448,4.3202,-24.6504,-1.1948,-0.1173,506,0.6190,1.0000,0.376665,-3.0246,-0.1041,
1136,41.4781,3.8302,-21.7410,-0.4900,2.9093,484,0.5985,1.0000,0.376665,-1.1450,3.5903,
1137,41.5114,3.1833,-20.3558,-0.6469,1.3852,455,0.4819,1.0000,0.376665,-1.5908,1.7233,low_inlier
1138,41.5443,2.2140,-18.5284,-0.9693,1.8274,491,0.5882,1.0000,0.376665,-2.3917,2.2772,
1139,41.5778,1.2060,-14.9318,-1.0080,3.5967,497,0.5521,1.0000,0.376665,-2.4324,4.4520,
1140,41.6110,0.9877,-11.2014,-0.2184,3.7304,463,0.5820,1.0000,0.376665,-0.4317,4.5898,
1141,41.6665,0.7297,-7.5150,-0.2580,3.6863,581,0.7272,1.0000,0.376665,-0.5334,4.5370,
1142,41.6958,-0.0768,-3.6746,-0.8065,3.8404,590,0.7281,1.0000,0.376665,-1.9150,4.7446,
1143,41.7249,-0.0141,-1.4544,0.0627,2.2202,574,0.7143,1.0000,0.376665,0.2302,2.7253,
1144,41.7539,0.5840,-0.3633,0.5980,1.0911,570,0.6901,1.0000,0.376665,1.5472,1.3203,
1145,41.7829,0.1537,-0.4249,-0.4303,-0.0616,584,0.7300,1.0000,0.376665,-1.0899,-0.0613,
1146,41.8113,-0.4011,-2.5476,-0.5547,-2.1227,590,0.7412,1.0000,0.376665,-1.4711,-2.5890,
1147,41.8441,0.9221,-3.3853,1.3232,-0.8376,540,0.4542,1.0000,0.376665,3.3185,-1.0733,low_inlier
1148,41.8773,1.6480,-2.3776,0.7259,1.0077,533,0.5807,1.0000,0.376665,1.8677,1.2136,
1149,41.9109,-0.2107,-0.8617,-1.8587,1.5159,575,0.7196,1.0000,0.376665,-4.6504,1.9244,
1150,41.9440,-2.1578,-0.9062,-1.9471,-0.0445,553,0.6917,1.0000,0.376665,-4.9243,0.0105,
1151,41.9773,-1.9143,-2.2296,0.2434,-1.3234,581,0.7288,1.0000,0.376665,0.5728,-1.6338,
1152,42.0107,-0.2564,-2.3741,1.6579,-0.1445,572,0.7155,1.0000,0.376665,4.1871,-0.2330,
1153,42.0440,1.6179,-3.9613,1.8743,-1.5872,567,0.7100,1.0000,0.376665,4.6876,-2.0125,
1154,42.0777,3.2445,-6.5311,1.6266,-2.5698,577,0.7225,1.0000,0.376665,4.0297,-3.2113,
1155,42.1108,4.0504,-8.3856,0.8058,-1.8545,570,0.7134,1.0000,0.376665,1.9775,-2.3051,
1156,42.1439,5.0840,-8.6783,1.0336,-0.2927,581,0.7284,1.0000,0.376665,2.6038,-0.3941,
1157,42.1774,5.8467,-11.3816,0.7627,-2.7033,591,0.7419,1.0000,0.376665,1.8412,-3.3463,
1158,42.2106,5.6939,-15.9289,-0.1528,-4.5472,583,0.7368,1.0000,0.376665,-0.5330,-5.5808,
1159,42.2439,6.2873,-18.7008,0.5933,-2.7719,591,0.7368,1.0000,0.376665,1.4107,-3.4250,
1160,42.2774,6.3871,-20.9860,0.0998,-2.2852,586,0.7334,1.0000,0.376665,0.1786,-2.8106,
1161,42.3107,5.5614,-26.4855,-0.8257,-5.4995,591,0.5225,1.0000,0.376665,-2.2650,-6.7281,
1162,42.3439,4.3093,-39.8092,-1.2521,-13.3237,380,0.2023,1.0000,0.376665,-3.5956,-16.3252,low_inlier
1163,42.3773,-1.1668,-57.3989,-5.4762,-17.5896,472,0.3523,1.0000,0.376665,-14.4131,-21.4241,low_inlier
1164,42.4103,-3.3974,-60.8604,-2.2305,-3.4615,491,0.2836,1.0000,0.376665,-5.7511,-4.1776,low_inlier
1165,42.4439,-1.7091,-59.1938,1.6883,1.6666,465,0.2078,1.0000,0.376665,4.3222,1.9907,low_inlier
1166,42.4772,1.0857,-58.0089,2.7948,1.1850,374,0.1694,1.0000,0.376665,7.1043,1.3621,low_inlier
1167,42.5106,7.2597,-51.8619,6.1740,6.1470,315,0.1715,1.0000,0.376665,15.8081,7.3444,low_inlier
1168,42.5438,17.0727,-47.9221,9.8130,3.9397,326,0.0478,1.0000,0.376665,24.9374,4.5111,low_inlier
1169,42.5771,26.4736,-50.6240,9.4009,-2.7019,388,0.1533,1.0000,0.376665,23.6812,-3.6338,low_inlier
1170,42.6105,32.4911,-60.4981,6.0175,-9.8741,328,0.0657,1.0000,0.376665,14.8955,-12.3310,low_inlier
1171,42.6665,38.2632,-71.3879,5.7722,-10.8899,260,0.0684,1.0000,0.376665,14.2424,-13.5706,low_inlier
1172,42.6966,46.7378,-75.1996,8.4745,-3.8117,427,0.2702,1.0000,0.376665,21.3033,-4.9661,low_inlier
1173,42.7266,55.0976,-72.5370,8.3598,2.6626,371,0.3466,1.0000,0.376665,21.2221,2.9909,low_inlier
1174,42.7569,60.5661,-67.1234,5.4685,5.4136,412,0.1333,1.0000,0.376665,14.0008,6.4671,low_inlier
1175,42.7868,62.9221,-61.7105,2.3560,5.4128,433,0.0453,1.0000,0.376665,6.1312,6.5703,low_inlier
1176,42.8169,65.1751,-52.6620,2.2530,9.0485,449,0.1267,1.0000,0.376665,5.9883,11.0399,low_inlier
1177,42.8468,69.9764,-44.8350,4.8013,7.8271,427,0.1334,1.0000,0.376665,12.3916,9.4542,low_inlier
1178,42.8773,73.3300,-45.3174,3.3537,-0.4825,422,0.1554,1.0000,0.376665,8.4636,-0.7050,low_inlier
1179,42.9103,74.9798,-45.4986,1.6497,-0.1812,530,0.1252,1.0000,0.376665,4.1652,-0.2778,low_inlier
1180,42.9437,75.1416,-52.6280,0.1618,-7.1293,560,0.0839,1.0000,0.376665,0.1790,-8.7632,low_inlier
1181,42.9770,74.4295,-56.6368,-0.7121,-4.0089,450,0.2836,1.0000,0.376665,-1.9297,-4.9007,low_inlier
1182,43.0108,72.6373,-50.1231,-1.7921,6.5137,400,0.1930,1.0000,0.376665,-4.3209,8.0616,low_inlier
1183,43.0439,67.3565,-42.5401,-5.2808,7.5831,342,0.0969,1.0000,0.376665,-13.1069,9.4920,low_inlier
1184,43.0774,61.1214,-52.1345,-6.2351,-9.5944,583,0.0190,1.0000,0.376665,-16.0738,-11.5772,low_inlier
1185,43.1109,58.0140,-70.6867,-3.1075,-18.5522,441,0.0026,1.0000,0.376665,-8.4553,-22.6859,low_inlier
1186,43.1438,63.7700,-85.3080,5.7560,-14.6213,242,0.0345,1.0000,0.376665,14.0811,-18.1538,low_inlier
1187,43.1773,65.1807,-94.9479,1.4107,-9.6399,368,0.2569,1.0000,0.376665,3.2557,-11.8891,low_inlier
1188,43.2105,58.6914,-97.4666,-6.4893,-2.5187,330,0.1622,1.0000,0.376665,-16.4881,-2.8767,low_inlier
1189,43.2439,52.2046,-94.5988,-6.4869,2.8678,316,0.3477,1.0000,0.376665,-16.3082,3.7400,low_inlier
1190,43.2775,51.5120,-87.8969,-0.6926,6.7020,476,0.5307,1.0000,0.376665,-1.5348,8.2560,
1191,43.3105,49.4426,-83.4296,-2.0694,4.4672,517,0.2719,1.0000,0.376665,-5.0880,5.5569,low_inlier
1192,43.3439,46.6954,-84.0819,-2.7472,-0.6523,518,0.6369,1.0000,0.376665,-6.9669,-0.7093,
1193,43.3773,47.1309,-80.6742,0.4355,3.4077,513,0.1940,1.0000,0.376665,1.2111,4.1715,low_inlier
1194,43.4107,47.8577,-71.5228,0.7268,9.1514,519,0.5827,1.0000,0.376665,2.1328,11.2174,
1195,43.4438,45.2547,-64.9698,-2.6030,6.5530,493,0.5514,1.0000,0.376665,-6.3697,8.1370,
1196,43.4771,42.1429,-61.0275,-3.1118,3.9423,464,0.2108,1.0000,0.376665,-7.7403,4.9470,low_inlier
1197,43.5104,40.2859,-54.3903,-1.8570,6.6372,442,0.1429,1.0000,0.376665,-4.4808,8.2155,low_inlier
1198,43.5440,33.9144,-55.3966,-6.3716,-1.0063,347,0.0866,1.0000,0.376665,-16.1417,-1.0229,low_inlier
1199,43.5772,25.0667,-71.0090,-8.8477,-15.6123,268,0.1234,1.0000,0.376665,-22.8734,-18.8823,low_inlier
1200,43.6104,25.7527,-83.9556,0.6860,-12.9466,727,0.0051,1.0000,0.376665,1.3167,-15.9269,low_inlier
1201,43.6684,29.9065,-97.6808,4.1538,-13.7252,257,0.0657,1.0000,0.376665,10.0593,-16.9994,low_inlier
1202,43.6986,29.5537,-116.1030,-0.3528,-18.4222,340,0.1846,1.0000,0.376665,-1.4865,-22.6184,low_inlier
1203,43.7294,28.0057,-129.6591,-1.5480,-13.5561,717,0.2560,1.0000,0.376665,-4.3513,-16.6008,low_inlier
1204,43.7601,29.9363,-141.1969,1.9306,-11.5378,323,0.2864,1.0000,0.376665,4.5089,-14.2379,low_inlier
1205,43.7905,32.4563,-154.8503,2.5200,-13.6534,282,0.2834,1.0000,0.376665,5.9308,-16.8565,low_inlier
1206,43.8212,33.2378,-164.8413,0.7816,-9.9909,669,0.1267,1.0000,0.376665,1.6536,-12.2993,low_inlier
1207,43.8518,35.6619,-168.8050,2.4241,-3.9637,476,0.3518,1.0000,0.376665,6.0009,-4.9503,low_inlier
1208,43.8822,37.1776,-168.2319,1.5157,0.5730,447,0.5585,1.0000,0.376665,3.8508,0.6532,
1209,43.9118,38.1609,-166.4105,0.9833,1.8215,456,0.5895,1.0000,0.376665,2.5448,2.2046,
1210,43.9437,39.0158,-165.4472,0.8548,0.9632,447,0.5757,1.0000,0.376665,2.1924,1.1546,
1211,43.9771,39.5905,-162.8770,0.5747,2.5702,461,0.5845,1.0000,0.376665,1.5360,3.1381,
1212,44.0100,40.3831,-152.9395,0.7926,9.9376,416,0.3982,1.0000,0.376665,2.3246,12.1810,low_inlier
1213,44.0437,41.8563,-135.7094,1.4732,17.2300,204,0.1805,1.0000,0.376665,4.2807,21.1164,low_inlier
1214,44.0768,41.9262,-127.8387,0.0698,7.8707,615,0.0013,1.0000,0.376665,0.4305,9.6662,low_inlier
1215,44.1106,41.4910,-109.9090,-0.4352,17.9297,737,0.0382,1.0000,0.376665,-0.5218,22.0398,low_inlier
1216,44.1439,40.7415,-91.0250,-0.7495,18.8840,762,0.1822,1.0000,0.376665,-1.2856,23.2226,low_inlier
1217,44.1769,39.8383,-72.9992,-0.9032,18.0258,321,0.0520,1.0000,0.376665,-1.7018,22.1735,low_inlier
1218,44.2105,38.6179,-64.7766,-1.2204,8.2226,489,0.2023,1.0000,0.376665,-2.8201,10.1417,low_inlier
1219,44.2436,37.0190,-62.0090,-1.5990,2.7676,524,0.6683,1.0000,0.376665,-3.9534,3.4533,
1220,44.2770,35.2472,-57.1570,-1.7718,4.8521,522,0.6604,1.0000,0.376665,-4.3230,6.0197,
1221,44.3104,33.6023,-52.5788,-1.6449,4.5782,527,0.6394,1.0000,0.376665,-4.0110,5.6790,
1222,44.3433,31.7858,-51.1400,-1.8165,1.4388,505,0.6271,1.0000,0.376665,-4.5463,1.8283,
1223,44.3768,29.3914,-50.2141,-2.3944,0.9258,505,0.6394,1.0000,0.376665,-6.0240,1.2175,
1224,44.4104,27.6407,-47.5888,-1.7507,2.6253,509,0.6423,1.0000,0.376665,-4.3415,3.2836,
1225,44.4439,25.3964,-45.4475,-2.2443,2.1413,499,0.6285,1.0000,0.376665,-5.6052,2.7056,
1226,44.4772,22.0344,-46.0228,-3.3620,-0.5753,508,0.6390,1.0000,0.376665,-8.5187,-0.5941,
1227,44.5105,18.4360,-44.3191,-3.5984,1.7038,519,0.6186,1.0000,0.376665,-9.0430,2.2134,
1228,44.5438,15.0454,-39.9959,-3.3906,4.3231,462,0.5846,1.0000,0.376665,-8.4329,5.4241,
1229,44.5766,12.4763,-38.2192,-2.5691,1.7767,446,0.5409,1.0000,0.376665,-6.4382,2.2685,
1230,44.6104,10.4641,-38.8727,-2.0122,-0.6535,458,0.5252,1.0000,0.376665,-5.1086,-0.7354,
1231,44.6661,8.8774,-37.2417,-1.5866,1.6310,568,0.6985,1.0000,0.376665,-3.9588,2.0567,
1232,44.6955,8.4061,-35.1683,-0.4714,2.0734,566,0.7102,1.0000,0.376665,-1.1249,2.5627,
1233,44.7248,8.5166,-35.4000,0.1105,-0.2316,569,0.7226,1.0000,0.376665,0.2719,-0.2882,
1234,44.7593,8.8399,-31.9509,0.3233,3.4490,579,0.7256,1.0000,0.376665,0.9286,4.2260,
1235,44.7921,8.8368,-28.3494,-0.0030,3.6015,577,0.7274,1.0000,0.376665,0.1086,4.4243,
1236,44.8215,8.8226,-26.1219,-0.0142,2.2275,564,0.7084,1.0000,0.376665,0.0360,2.7368,
1237,44.8511,8.8605,-23.9580,0.0378,2.1639,568,0.7146,1.0000,0.376665,0.1654,2.6569,
1238,44.8806,8.5117,-20.7914,-0.3488,3.1667,564,0.7084,1.0000,0.376665,-0.7796,3.9017,
1239,44.9098,8.4812,-20.3351,-0.0305,0.4563,541,0.6725,1.0000,0.376665,-0.0623,0.5616,
1240,44.9435,8.9205,-20.5337,0.4393,-0.1986,551,0.6943,1.0000,0.376665,1.1043,-0.2587,
1241,44.9764,8.9336,-19.0850,0.0131,1.4486,552,0.7010,1.0000,0.376665,0.0798,1.7791,
1242,45.0100,8.9730,-17.8962,0.0394,1.1888,562,0.7141,1.0000,0.376665,0.1379,1.4590,
1243,45.0437,9.1699,-17.2776,0.1969,0.6186,551,0.7044,1.0000,0.376665,0.5177,0.7533,
1244,45.0768,9.2833,-16.1285,0.1134,1.1492,551,0.7105,1.0000,0.376665,0.3239,1.4079,
1245,45.1099,9.2852,-14.4204,0.0020,1.7080,560,0.7089,1.0000,0.376665,0.0601,2.0981,
1246,45.1435,8.9473,-12.4732,-0.3380,1.9472,543,0.6859,1.0000,0.376665,-0.7917,2.4034,
1247,45.1768,8.4456,-12.6519,-0.5017,-0.1787,531,0.6792,1.0000,0.376665,-1.2741,-0.2027,
1248,45.2097,7.0574,-11.9027,-1.3882,0.7492,553,0.7031,1.0000,0.376665,-3.4857,0.9668,
1249,45.2434,4.9695,-11.3273,-2.0879,0.5753,530,0.6667,1.0000,0.376665,-5.2603,0.7767,
1250,45.2765,4.2122,-11.9675,-0.7573,-0.6402,512,0.6524,1.0000,0.376665,-1.9352,-0.7610,
1251,45.3099,3.8924,-9.7409,-0.3198,2.2267,520,0.6474,1.0000,0.376665,-0.7368,2.7460,
1252,45.3430,4.0250,-6.1212,0.1326,3.6197,518,0.6479,1.0000,0.376665,0.4520,4.4420,
1253,45.3763,3.8643,-4.7201,-0.1607,1.4011,518,0.6546,1.0000,0.376665,-0.3610,1.7265,
1254,45.4101,3.5288,-3.9836,-0.3356,0.7365,528,0.6733,1.0000,0.376665,-0.8246,0.9159,
1255,45.4428,3.1797,-4.1329,-0.3491,-0.1493,496,0.6404,1.0000,0.376665,-0.8874,-0.1717,
1256,45.4768,2.9862,-3.4551,-0.1935,0.6779,522,0.6884,1.0000,0.376665,-0.4673,0.8392,
1257,45.5096,2.9997,-2.8449,0.0135,0.6102,531,0.6876,1.0000,0.376665,0.0538,0.7491,
1258,45.5435,3.3284,-1.1086,0.3287,1.7363,521,0.6587,1.0000,0.376665,0.8870,2.1219,
1259,45.5766,3.4085,0.9962,0.0802,2.1047,505,0.6456,1.0000,0.376665,0.2706,2.5828,
1260,45.6098,3.1294,2.3323,-0.2791,1.3361,495,0.6366,1.0000,0.376665,-0.6625,1.6506,
1261,45.6647,3.0583,4.0011,-0.0712,1.6689,570,0.7143,1.0000,0.376665,-0.1262,2.0525,
1262,45.6939,3.0917,4.9921,0.0335,0.9909,568,0.7249,1.0000,0.376665,0.1166,1.2162,
1263,45.7230,3.0422,5.3292,-0.0495,0.3371,564,0.7148,1.0000,0.376665,-0.1143,0.4158,
1264,45.7518,2.8534,5.1131,-0.1888,-0.2161,563,0.7152,1.0000,0.376665,-0.4843,-0.2592,
1265,45.7809,3.1194,5.7944,0.2660,0.6813,573,0.7211,1.0000,0.376665,0.6945,0.8281,
1266,45.8100,3.5660,7.9389,0.4466,2.1445,576,0.7297,1.0000,0.376665,1.1984,2.6194,
1267,45.8429,3.6177,8.2469,0.0517,0.3080,561,0.7107,1.0000,0.376665,0.1406,0.3766,
1268,45.8761,3.1883,7.4754,-0.4294,-0.7715,578,0.7324,1.0000,0.376665,-1.1106,-0.9333,
1269,45.9096,2.6016,6.4029,-0.5867,-1.0726,561,0.7082,1.0000,0.376665,-1.5179,-1.2979,
1270,45.9429,2.0290,5.9260,-0.5726,-0.4769,574,0.7242,1.0000,0.376665,-1.4632,-0.5666,
1271,45.9766,1.4748,5.5823,-0.5541,-0.3437,569,0.7226,1.0000,0.376665,-1.4121,-0.4037,
1272,46.0093,0.7567,4.9337,-0.7182,-0.6486,559,0.7065,1.0000,0.376665,-1.8367,-0.7727,
1273,46.0427,-0.3851,2.9329,-1.1418,-2.0008,546,0.6868,1.0000,0.376665,-2.9514,-2.4196,
1274,46.0760,-1.5918,1.6071,-1.2067,-1.3258,534,0.6709,1.0000,0.376665,-3.0936,-1.5882,
1275,46.1102,-2.8094,-0.1054,-1.2176,-1.7126,545,0.6838,1.0000,0.376665,-3.1337,-2.0630,
1276,46.1431,-3.4221,-2.7845,-0.6127,-2.6790,545,0.6855,1.0000,0.376665,-1.6356,-3.2704,
1277,46.1764,-3.7095,-3.1618,-0.2874,-0.3773,550,0.6939,1.0000,0.376665,-0.7387,-0.4539,
1278,46.2093,-3.4969,-2.2390,0.2126,0.9228,561,0.7130,1.0000,0.376665,0.5672,1.1265,
1279,46.2428,-3.0812,-1.6729,0.4157,0.5661,551,0.6984,1.0000,0.376665,1.0692,0.6815,
1280,46.2761,-2.8594,-1.5076,0.2218,0.1653,538,0.6876,1.0000,0.376665,0.5662,0.1956,
1281,46.3092,-2.9065,-1.6490,-0.0471,-0.1413,541,0.6842,1.0000,0.376665,-0.1236,-0.1721,
1282,46.3429,-2.9755,-1.9994,-0.0690,-0.3504,557,0.7077,1.0000,0.376665,-0.1857,-0.4282,
1283,46.3765,-2.6143,-1.3279,0.3612,0.6715,556,0.7030,1.0000,0.376665,0.9348,0.8128,
1284,46.4100,-2.0268,-0.3175,0.5875,1.0104,569,0.7146,1.0000,0.376665,1.5180,1.2215,
1285,46.4426,-1.1941,0.0144,0.8327,0.3319,562,0.7048,1.0000,0.376665,2.1159,0.3798,
1286,46.4760,0.2220,-1.2148,1.4161,-1.2293,559,0.4268,1.0000,0.376665,3.5407,-1.5575,low_inlier
1287,46.5098,3.5876,-3.7344,3.3656,-2.5196,423,0.1965,1.0000,0.376665,8.4280,-3.2078,low_inlier
1288,46.5429,6.9115,-12.0021,3.3239,-8.2676,520,0.4607,1.0000,0.376665,8.1370,-10.2674,low_inlier
1289,46.5759,9.5305,-29.9200,2.6190,-17.9179,384,0.1990,1.0000,0.376665,6.0436,-22.0985,low_inlier
1290,46.6093,11.8619,-53.2032,2.3314,-23.2831,742,0.0138,1.0000,0.376665,5.1432,-28.6796,low_inlier
1291,46.6684,17.3609,-76.2237,5.4989,-23.0205,438,0.0015,1.0000,0.376665,13.1602,-28.4630,low_inlier
1292,46.6998,29.6045,-93.9979,12.2436,-17.7742,538,0.0448,1.0000,0.376665,30.3821,-22.2442,low_inlier
1293,46.7311,46.3481,-107.5434,16.7436,-13.5455,436,0.0063,1.0000,0.376665,41.8959,-17.2002,low_inlier
1294,46.7622,63.4067,-113.5466,17.0587,-6.0032,512,0.0051,1.0000,0.376665,42.9359,-7.9456,low_inlier
1295,46.7930,81.1165,-114.9747,17.7097,-1.4281,405,0.0382,1.0000,0.376665,44.7296,-2.3472,low_inlier
1296,46.8239,96.4778,-118.7069,15.3614,-3.7322,353,0.0073,1.0000,0.376665,38.7179,-5.0991,low_inlier
1297,46.8547,106.4460,-129.9841,9.9682,-11.2772,414,0.0106,1.0000,0.376665,24.8388,-14.1869,low_inlier
1298,46.8860,114.2173,-138.0282,7.7713,-8.0440,595,0.0059,1.0000,0.376665,19.3886,-10.1417,low_inlier
1299,46.9172,122.2048,-144.3432,7.9875,-6.3150,377,0.0469,1.0000,0.376665,19.9911,-8.0249,low_inlier
1300,46.9481,126.7990,-155.6173,4.5942,-11.2742,359,0.0053,1.0000,0.376665,11.2519,-14.0032,low_inlier
1301,46.9796,134.0556,-169.0782,7.2566,-13.4608,412,0.0110,1.0000,0.376665,17.9125,-16.7785,low_inlier
1302,47.0112,141.5501,-163.5565,7.4944,5.5217,392,0.0056,1.0000,0.376665,19.1264,6.5320,low_inlier
1303,47.0430,145.3916,-151.0639,3.8416,12.4926,540,0.0098,1.0000,0.376665,10.1158,15.2176,low_inlier
1304,47.0757,145.3807,-144.2148,-0.0109,6.8490,321,0.0032,1.0000,0.376665,0.1934,8.4139,low_inlier
1305,47.1095,141.2952,-138.5550,-4.0856,5.6598,318,0.0015,1.0000,0.376665,-10.1469,7.0894,low_inlier
1306,47.1428,136.4303,-134.9478,-4.8648,3.6072,524,0.0015,1.0000,0.376665,-12.1834,4.5940,low_inlier
1307,47.1757,136.0913,-138.2015,-0.3390,-3.2537,185,0.0016,1.0000,0.376665,-0.9622,-3.9856,low_inlier
1308,47.2088,132.3769,-130.9587,-3.7144,7.2428,551,0.0000,1.0000,0.376665,-9.1574,9.0215,low_inlier
1309,47.2421,129.5871,-117.5729,-2.7898,13.3859,443,0.0016,1.0000,0.376665,-6.6215,16.5369,low_inlier
1310,47.2757,129.0244,-111.1841,-0.5627,6.3888,466,0.0032,1.0000,0.376665,-1.2166,7.8670,low_inlier
1311,47.3093,128.8321,-106.5807,-0.1923,4.6034,555,0.0041,1.0000,0.376665,-0.3376,5.6613,low_inlier
1312,47.3425,128.5627,-101.9094,-0.2694,4.6713,524,0.0041,1.0000,0.376665,-0.5305,5.7473,low_inlier
1313,47.3757,127.8747,-100.1793,-0.6880,1.7301,562,0.0068,1.0000,0.376665,-1.6836,2.1483,low_inlier
1314,47.4095,127.2124,-98.5367,-0.6623,1.6426,585,0.0072,1.0000,0.376665,-1.6215,2.0399,low_inlier
1315,47.4424,126.3773,-98.2265,-0.8351,0.3102,394,0.0194,1.0000,0.376665,-2.1014,0.4090,low_inlier
1316,47.4758,126.2466,-98.3817,-0.1306,-0.1552,191,0.0579,1.0000,0.376665,-0.3353,-0.1862,low_inlier
1317,47.5093,120.1265,-102.6281,-6.1202,-4.2464,179,0.0046,1.0000,0.376665,-15.6107,-5.0114,low_inlier
1318,47.5426,118.8140,-102.6010,-1.3125,0.0271,406,0.0029,1.0000,0.376665,-3.3176,0.0773,low_inlier
1319,47.5763,118.0128,-102.7612,-0.8012,-0.1602,358,0.0140,1.0000,0.376665,-2.0308,-0.1700,low_inlier
1320,47.6089,114.9659,-112.3697,-3.0469,-9.6085,89,0.0041,1.0000,0.376665,-8.0134,-11.7013,low_inlier
1321,47.6676,107.3243,-130.4197,-7.6416,-18.0500,398,0.0283,1.0000,0.376665,-19.9028,-21.9172,low_inlier
1322,47.6992,99.7201,-151.2401,-7.6042,-20.8203,298,0.0750,1.0000,0.376665,-19.8975,-25.3215,low_inlier
1323,47.7302,93.8488,-176.6037,-5.8713,-25.3637,630,0.0599,1.0000,0.376665,-15.6629,-30.9607,low_inlier
1324,47.7616,88.3047,-219.0987,-5.5441,-42.4949,537,0.0103,1.0000,0.376665,-15.3884,-52.0160,low_inlier
1325,47.7931,81.3866,-271.7169,-6.9181,-52.6183,537,0.0049,1.0000,0.376665,-19.1890,-64.4058,low_inlier
1326,47.8245,81.3352,-311.8441,-0.0514,-40.1272,465,0.0144,1.0000,0.376665,-1.4247,-49.2914,low_inlier
1327,47.8562,86.3069,-358.8073,4.9718,-46.9631,612,0.0450,1.0000,0.376665,11.0548,-57.8569,low_inlier
1328,47.8879,87.4391,-416.7484,1.1321,-57.9412,404,0.0043,1.0000,0.376665,0.9928,-71.2141,low_inlier
1329,47.9207,87.5339,-468.3413,0.0948,-51.5928,392,0.0042,1.0000,0.376665,-1.4250,-63.3808,low_inlier
1330,47.9530,89.6651,-503.1114,2.1312,-34.7702,525,0.0028,1.0000,0.376665,4.2665,-42.7838,low_inlier
1331,47.9852,93.9996,-507.6645,4.3344,-4.5531,436,0.0000,1.0000,0.376665,10.8119,-5.7383,low_inlier
1332,48.0172,97.4252,-529.1923,3.4257,-21.5278,304,0.0000,1.0000,0.376665,7.9665,-26.5599,low_inlier
1333,48.0484,122.8667,-549.4447,25.4414,-20.2524,205,0.0000,1.0000,0.376665,63.6703,-25.7303,low_inlier
1334,48.0801,148.1687,-551.7343,25.3021,-2.2895,386,0.0046,1.0000,0.376665,63.8975,-3.6597,low_inlier
1335,48.1118,177.5338,-535.3258,29.3651,16.4084,232,0.0000,1.0000,0.376665,74.7735,19.1733,low_inlier
1336,48.1439,195.2603,-497.2097,17.7265,38.1161,195,0.0000,1.0000,0.376665,46.0480,46.2291,low_inlier
1337,48.1762,230.9462,-434.7542,35.6859,62.4555,184,0.0000,1.0000,0.376665,92.2401,75.5268,low_inlier
1338,48.2086,246.0239,-380.2079,15.0777,54.5463,268,0.0018,1.0000,0.376665,39.8812,66.5009,low_inlier
1339,48.2420,258.5136,-313.3602,12.4897,66.8477,230,0.0058,1.0000,0.376665,33.7347,81.6989,low_inlier
1340,48.2755,261.0682,-243.9084,2.5546,69.4518,324,0.0064,1.0000,0.376665,8.6997,85.2305,low_inlier
1341,48.3089,241.8413,-219.5472,-19.2268,24.3612,120,0.0000,1.0000,0.376665,-47.8253,30.5695,low_inlier
1342,48.3426,236.3319,-208.2414,-5.5094,11.3058,171,0.0000,1.0000,0.376665,-13.5646,14.0728,low_inlier
1343,48.3751,231.0829,-184.3324,-5.2491,23.9090,240,0.0037,1.0000,0.376665,-12.4998,29.5460,low_inlier
1344,48.4091,192.4544,-151.8799,-38.6284,32.4525,409,0.0000,1.0000,0.376665,-96.6175,41.1587,low_inlier
1345,48.4421,155.3266,-128.2381,-37.1278,23.6418,216,0.0229,1.0000,0.376665,-93.1078,30.2852,low_inlier
1346,48.4754,125.3563,-122.5735,-29.9703,5.6646,462,0.0000,1.0000,0.376665,-75.5913,7.9620,low_inlier
1347,48.5089,102.6061,-152.8187,-22.7502,-30.2452,535,0.0261,1.0000,0.376665,-58.4954,-36.3921,low_inlier
1348,48.5420,77.6387,-194.3272,-24.9674,-41.5085,313,0.0024,1.0000,0.376665,-64.4647,-50.1539,low_inlier
1349,48.5755,62.5666,-266.0012,-15.0721,-71.6740,401,0.0033,1.0000,0.376665,-40.4196,-87.5412,low_inlier
1350,48.6089,62.8508,-328.4009,0.2842,-62.3997,452,0.0015,1.0000,0.376665,-1.2950,-76.6626,low_inlier
1351,48.6706,72.9613,-388.8247,10.1106,-60.4237,144,0.0293,1.0000,0.376665,23.6130,-74.5643,low_inlier
1352,48.7026,88.0408,-426.6197,15.0795,-37.7951,443,0.0034,1.0000,0.376665,36.9061,-46.9331,low_inlier
1353,48.7347,112.1393,-467.0036,24.0985,-40.3839,246,0.0212,1.0000,0.376665,59.6254,-50.4152,low_inlier
1354,48.7665,138.8897,-482.3973,26.7503,-15.3937,523,0.0000,1.0000,0.376665,67.1364,-19.8056,low_inlier
1355,48.7983,169.5608,-483.0677,30.6711,-0.6704,265,0.0306,1.0000,0.376665,77.5244,-1.8505,low_inlier
1356,48.8298,202.0866,-481.3560,32.5258,1.7117,472,0.0000,1.0000,0.376665,82.2905,1.0136,low_inlier
1357,48.8612,236.6660,-472.9621,34.5794,8.3939,384,0.0000,1.0000,0.376665,87.6983,9.1535,low_inlier
1358,48.8932,280.3081,-460.2957,43.6421,12.6665,252,0.0057,1.0000,0.376665,110.7494,14.0985,low_inlier
1359,48.9252,312.3088,-453.9818,32.0007,6.3139,364,0.0000,1.0000,0.376665,81.1114,6.6847,low_inlier
1360,48.9569,331.2492,-452.5918,18.9403,1.3900,390,0.0036,1.0000,0.376665,47.9319,1.0734,low_inlier
1361,48.9889,351.2737,-454.7428,20.0245,-2.1510,257,0.0149,1.0000,0.376665,50.5588,-3.3128,low_inlier
1362,49.0204,373.3544,-439.8619,22.0807,14.8809,396,0.0021,1.0000,0.376665,56.3070,17.5407,low_inlier
1363,49.0524,388.5848,-420.0649,15.2304,19.7971,289,0.0109,1.0000,0.376665,39.1459,23.8092,low_inlier
1364,49.0840,402.2041,-403.6379,13.6193,16.4269,426,0.0245,1.0000,0.376665,34.9638,19.7232,low_inlier
1365,49.1156,419.4748,-386.6954,17.2707,16.9425,412,0.0016,1.0000,0.376665,44.2125,20.2343,low_inlier
1366,49.1476,434.2421,-371.9800,14.7673,14.7154,303,0.0000,1.0000,0.376665,37.8111,17.5822,low_inlier
1367,49.1797,447.2053,-360.1009,12.9632,11.8791,255,0.0000,1.0000,0.376665,33.1583,14.1585,low_inlier
1368,49.2117,461.5288,-345.9595,14.3235,14.1414,336,0.0000,1.0000,0.376665,36.6704,16.8920,low_inlier
1369,49.2433,465.1098,-324.2982,3.5811,21.6614,300,0.0000,1.0000,0.376665,9.7529,26.4894,low_inlier
1370,49.2753,462.8873,-318.8156,-2.2226,5.4826,329,0.0014,1.0000,0.376665,-5.4424,6.8093,low_inlier
1371,49.3088,451.2006,-311.8727,-11.6867,6.9429,343,0.0016,1.0000,0.376665,-29.3235,8.9201,low_inlier
1372,49.3417,439.8541,-303.8989,-11.3465,7.9738,370,0.0000,1.0000,0.376665,-28.4301,10.1751,low_inlier
1373,49.3752,434.1333,-306.8880,-5.7208,-2.9891,409,0.0000,1.0000,0.376665,-14.5605,-3.4803,low_inlier
1374,49.4081,419.9281,-302.7213,-14.2051,4.1667,151,0.0000,1.0000,0.376665,-35.7805,5.5940,low_inlier
1375,49.4417,417.2001,-302.9141,-2.7281,-0.1927,226,0.0000,1.0000,0.376665,-6.9036,-0.1454,low_inlier
1376,49.4752,415.0986,-302.8986,-2.1015,0.0154,137,0.0000,1.0000,0.376665,-5.3127,0.0893,low_inlier
1377,49.5083,415.5784,-302.5712,0.4798,0.3274,201,0.0256,1.0000,0.376665,1.2236,0.3862,low_inlier
1378,49.5418,414.9781,-300.8673,-0.6002,1.7039,226,0.0000,1.0000,0.376665,-1.4626,2.1132,low_inlier
1379,49.5750,405.0667,-300.2198,-9.9115,0.6475,308,0.0000,1.0000,0.376665,-25.0383,1.1273,low_inlier
1380,49.6082,404.4191,-300.1849,-0.6476,0.0349,424,0.0160,1.0000,0.376665,-1.6362,0.0645,low_inlier
1381,49.6650,392.6008,-300.9221,-11.8183,-0.7372,402,0.1024,1.0000,0.376665,-29.9041,-0.5099,low_inlier
1382,49.6958,375.9264,-294.8999,-16.6743,6.0222,450,0.0000,1.0000,0.376665,-41.9636,7.9561,low_inlier
1383,49.7264,364.1638,-295.7701,-11.7627,-0.8703,462,0.0015,1.0000,0.376665,-29.7677,-0.6752,low_inlier
1384,49.7572,350.0268,-290.0632,-14.1370,5.7070,468,0.0000,1.0000,0.376665,-35.5585,7.4839,low_inlier
1385,49.7881,332.4900,-282.2203,-17.5368,7.8429,509,0.1043,1.0000,0.376665,-44.0853,10.2215,low_inlier
1386,49.8188,317.3524,-275.1151,-15.1376,7.1052,469,0.0017,1.0000,0.376665,-38.0432,9.2350,low_inlier
1387,49.8494,303.3174,-265.5780,-14.0350,9.5371,416,0.0000,1.0000,0.376665,-35.1771,12.1855,low_inlier
1388,49.8804,292.1917,-259.6022,-11.1258,5.9758,360,0.0074,1.0000,0.376665,-27.9366,7.7134,low_inlier
1389,49.9111,285.6968,-259.6056,-6.4948,-0.0034,332,0.0129,1.0000,0.376665,-16.4211,0.2132,low_inlier
1390,49.9420,284.2312,-264.2457,-1.4656,-4.6401,493,0.0268,1.0000,0.376665,-3.8552,-5.6509,low_inlier
1391,49.9746,287.4414,-268.0760,3.2102,-3.8303,396,0.0061,1.0000,0.376665,7.9927,-4.8127,low_inlier
1392,50.0079,297.5606,-274.6397,10.1192,-6.5637,291,0.0000,1.0000,0.376665,25.3727,-8.4018,low_inlier
1393,50.0414,312.3505,-300.0462,14.7899,-25.4066,288,0.0000,1.0000,0.376665,36.5736,-31.7051,low_inlier
1394,50.0747,325.0763,-328.4075,12.7258,-28.3613,529,0.0016,1.0000,0.376665,31.2596,-35.2657,low_inlier
1395,50.1082,346.9932,-370.2826,21.9168,-41.8751,289,0.0065,1.0000,0.376665,54.0613,-52.1741,low_inlier
1396,50.1411,374.6752,-427.6546,27.6821,-57.3720,342,0.0293,1.0000,0.376665,68.1376,-71.4038,low_inlier
1397,50.1747,405.4829,-505.0560,30.8077,-77.4014,216,0.0077,1.0000,0.376665,75.3939,-96.1129,low_inlier
1398,50.2084,426.8057,-573.4577,21.3228,-68.4017,388,0.0118,1.0000,0.376665,51.7034,-84.7400,low_inlier
1399,50.2417,443.9112,-635.8989,17.1055,-62.4412,528,0.0266,1.0000,0.376665,41.2333,-77.2768,low_inlier
1400,50.2748,462.0118,-665.1447,18.1005,-29.2458,408,0.0031,1.0000,0.376665,44.8200,-36.5322,low_inlier
1401,50.3077,482.3291,-665.5156,20.3173,-0.3708,235,0.0000,1.0000,0.376665,51.3565,-1.1358,low_inlier
1402,50.3419,504.8344,-664.9883,22.5053,0.5272,166,0.0024,1.0000,0.376665,56.9174,-0.1058,low_inlier
1403,50.3755,533.0640,-653.7114,28.2296,11.2770,231,0.0083,1.0000,0.376665,71.7371,12.9077,low_inlier
1404,50.4083,559.2187,-639.5438,26.1547,14.1676,350,0.0000,1.0000,0.376665,66.5842,16.5280,low_inlier
1405,50.4416,590.9971,-612.6476,31.7784,26.8962,323,0.0000,1.0000,0.376665,81.2135,31.9758,low_inlier
1406,50.4748,632.4113,-577.8022,41.4142,34.8454,220,0.0053,1.0000,0.376665,105.8322,41.4182,low_inlier
1407,50.5086,659.8202,-549.0308,27.4089,28.7714,445,0.0000,1.0000,0.376665,70.2265,34.4257,low_inlier
1408,50.5414,680.1278,-522.0989,20.3076,26.9319,389,0.0021,1.0000,0.376665,52.2128,32.4037,low_inlier
1409,50.5748,704.9309,-493.9665,24.8031,28.1324,234,0.0000,1.0000,0.376665,63.6177,33.7280,low_inlier
1410,50.6081,734.8084,-470.7284,29.8775,23.2380,232,0.0063,1.0000,0.376665,76.2893,27.5457,low_inlier
1411,50.6694,745.5953,-464.5793,10.7869,6.1491,221,0.0000,1.0000,0.376665,27.4709,7.1925,low_inlier
1412,50.7018,748.1251,-469.0190,2.5298,-4.4396,107,0.0022,1.0000,0.376665,6.2529,-5.5384,low_inlier
1413,50.7338,776.5715,-452.9338,28.4464,16.0852,258,0.0000,1.0000,0.376665,72.4402,18.8070,low_inlier
1414,50.7656,779.7496,-444.8734,3.1781,8.0603,171,0.0000,1.0000,0.376665,8.2953,9.7951,low_inlier
1415,50.7974,780.5884,-443.8323,0.8389,1.0411,213,0.0056,1.0000,0.376665,2.1545,1.2509,low_inlier
1416,50.8290,782.1085,-443.1855,1.5200,0.6467,243,0.0074,1.0000,0.376665,3.8640,0.7436,low_inlier
1417,50.8602,782.2042,-443.3284,0.0958,-0.1429,268,0.0145,1.0000,0.376665,0.2376,-0.1787,low_inlier
1418,50.8914,782.8312,-442.5652,0.6269,0.7631,295,0.0078,1.0000,0.376665,1.6097,0.9165,low_inlier
1419,50.9226,783.3614,-441.0551,0.5303,1.5101,436,0.0031,1.0000,0.376665,1.3895,1.8373,low_inlier
1420,50.9538,783.3539,-440.3219,-0.0076,0.7332,311,0.0153,1.0000,0.376665,0.0045,0.9009,low_inlier
1421,50.9849,784.0144,-432.3888,0.6605,7.9332,412,0.0034,1.0000,0.376665,1.9260,9.7231,low_inlier
1422,51.0161,785.3505,-429.3251,1.3361,3.0636,462,0.0019,1.0000,0.376665,3.4769,3.7187,low_inlier
1423,51.0471,788.3126,-418.1983,2.9621,11.1269,278,0.0039,1.0000,0.376665,7.8482,13.5693,low_inlier
1424,51.0781,790.2922,-394.9614,1.9795,23.2369,449,0.0000,1.0000,0.376665,5.7547,28.4784,low_inlier
1425,51.1096,793.3306,-380.4069,3.0385,14.5545,182,0.0000,1.0000,0.376665,8.1518,17.7774,low_inlier
1426,51.1412,794.0087,-369.6138,0.6781,10.7931,340,0.0000,1.0000,0.376665,2.0626,13.2357,low_inlier
1427,51.1743,794.1312,-352.8833,0.1225,16.7304,295,0.0017,1.0000,0.376665,0.8496,20.5479,low_inlier
1428,51.2078,794.3363,-343.5830,0.2051,9.3004,437,0.0032,1.0000,0.376665,0.8186,11.4179,low_inlier
1429,51.2409,795.5647,-339.6548,1.2284,3.9282,369,0.0043,1.0000,0.376665,3.2325,4.7844,low_inlier
1430,51.2744,795.6339,-338.4842,0.0692,1.1706,403,0.0122,1.0000,0.376665,0.2126,1.4357,low_inlier
1431,51.3079,795.2732,-337.8400,-0.3606,0.6442,455,0.0071,1.0000,0.376665,-0.8910,0.8034,low_inlier
1432,51.3414,795.3405,-338.0505,0.0672,-0.2105,352,0.0299,1.0000,0.376665,0.1631,-0.2609,low_inlier
1433,51.3748,789.1510,-334.0869,-6.1895,3.9635,274,0.0037,1.0000,0.376665,-15.5211,5.0761,low_inlier
1434,51.4078,778.1583,-329.4386,-10.9926,4.6483,277,0.0000,1.0000,0.376665,-27.6428,6.0781,low_inlier
1435,51.4411,759.6126,-331.5339,-18.5457,-2.0953,47,0.0000,1.0000,0.376665,-46.9568,-1.9530,low_inlier
1436,51.4748,756.3507,-331.7533,-3.2620,-0.2194,233,0.0042,1.0000,0.376665,-8.2543,-0.1603,low_inlier
1437,51.5078,748.3886,-326.0973,-7.9621,5.6561,262,0.0000,1.0000,0.376665,-19.9482,7.2146,low_inlier
1438,51.5413,748.3730,-325.5130,-0.0155,0.5843,295,0.0033,1.0000,0.376665,-0.0204,0.7183,low_inlier
1439,51.5749,747.3480,-325.1691,-1.0251,0.3438,397,0.0058,1.0000,0.376665,-2.5806,0.4567,low_inlier
1440,51.6080,746.6174,-327.9132,-0.7305,-2.7441,272,0.0000,1.0000,0.376665,-1.9355,-3.3464,low_inlier
1441,51.6691,746.2734,-328.6269,-0.3441,-0.7136,381,0.0132,1.0000,0.376665,-0.8930,-0.8651,low_inlier
1442,51.7006,744.7304,-329.5912,-1.5430,-0.9643,243,0.0022,1.0000,0.376665,-3.9322,-1.1329,low_inlier
1443,51.7317,745.1909,-337.1892,0.4605,-7.5981,358,0.0000,1.0000,0.376665,0.9192,-9.3491,low_inlier
1444,51.7633,746.8257,-347.6097,1.6348,-10.4205,357,0.0000,1.0000,0.376665,3.7970,-12.8555,low_inlier
1445,51.7947,747.4575,-346.9602,0.6318,0.6495,295,0.0122,1.0000,0.376665,1.6184,0.7767,low_inlier
1446,51.8260,749.4476,-346.6063,1.9901,0.3539,258,0.0018,1.0000,0.376665,5.0431,0.3681,low_inlier
1447,51.8573,749.7414,-348.0646,0.2938,-1.4583,424,0.0052,1.0000,0.376665,0.6958,-1.8012,low_inlier
1448,51.8886,749.9072,-348.2542,0.1657,-0.1896,351,0.0535,1.0000,0.376665,0.4129,-0.2384,low_inlier
1449,51.9201,751.5995,-348.4638,1.6923,-0.2096,234,0.0000,1.0000,0.376665,4.2718,-0.3141,low_inlier
1450,51.9512,752.2491,-343.7689,0.6496,4.6949,211,0.0032,1.0000,0.376665,1.7940,5.7455,low_inlier
1451,51.9819,752.1509,-341.6486,-0.0982,2.1202,194,0.0000,1.0000,0.376665,-0.1798,2.6078,low_inlier
1452,52.0130,752.7325,-342.9170,0.5816,-1.2684,252,0.0100,1.0000,0.376665,1.4295,-1.5776,low_inlier
1453,52.0438,754.0595,-350.2143,1.3270,-7.2972,487,0.0029,1.0000,0.376665,3.1197,-9.0085,low_inlier
1454,52.0760,754.5187,-387.2007,0.4592,-36.9865,400,0.0000,1.0000,0.376665,-0.0324,-45.4503,low_inlier
1455,52.1081,756.4794,-421.2298,1.9607,-34.0290,273,0.0000,1.0000,0.376665,3.8592,-41.8676,low_inlier
1456,52.1407,758.4242,-428.4041,1.9447,-7.1743,200,0.0000,1.0000,0.376665,4.6854,-8.8782,low_inlier
1457,52.1739,772.4046,-457.2530,13.9804,-28.8489,243,0.0000,1.0000,0.376665,34.4160,-35.9067,low_inlier
1458,52.2071,775.5768,-463.9216,3.1722,-6.6687,244,0.0042,1.0000,0.376665,7.8050,-8.2981,low_inlier
1459,52.2409,777.2425,-466.5927,1.6657,-2.6711,318,0.0019,1.0000,0.376665,4.1252,-3.3370,low_inlier
1460,52.2738,782.7492,-472.2363,5.5067,-5.6436,499,0.0000,1.0000,0.376665,13.7406,-7.1171,low_inlier
1461,52.3073,788.0571,-475.1281,5.3079,-2.8918,347,0.0067,1.0000,0.376665,13.3267,-3.7301,low_inlier
1462,52.3407,788.5636,-475.7897,0.5065,-0.6615,266,0.0080,1.0000,0.376665,1.2593,-0.8296,low_inlier
1463,52.3739,792.0424,-476.0693,3.4788,-0.2796,217,0.0038,1.0000,0.376665,8.7865,-0.4600,low_inlier
1464,52.4075,792.9827,-475.5186,0.9403,0.5507,366,0.0072,1.0000,0.376665,2.3952,0.6450,low_inlier
1465,52.4407,794.9397,-475.3267,1.9570,0.1919,262,0.0017,1.0000,0.376665,4.9541,0.1702,low_inlier
1466,52.4738,796.4138,-474.3052,1.4741,1.0215,458,0.0046,1.0000,0.376665,3.7599,1.2055,low_inlier
1467,52.5072,798.9630,-471.5068,2.5491,2.7984,311,0.0066,1.0000,0.376665,6.5353,3.3522,low_inlier
1468,52.5408,801.2858,-471.1881,2.3229,0.3187,278,0.0017,1.0000,0.376665,5.8832,0.3138,low_inlier
1469,52.5739,805.4984,-468.2807,4.2125,2.9074,372,0.0086,1.0000,0.376665,10.7444,3.4305,low_inlier
1470,52.6071,813.4436,-467.1750,7.9453,1.1057,368,0.0018,1.0000,0.376665,20.1238,1.0923,low_inlier
1471,52.6690,820.7004,-462.1239,7.2567,5.0511,272,0.0000,1.0000,0.376665,18.5102,5.9619,low_inlier
1472,52.7005,826.8458,-458.7139,6.1454,3.4100,188,0.0000,1.0000,0.376665,15.6475,3.9831,low_inlier
1473,52.7322,830.2450,-456.2669,3.3993,2.4470,164,0.0000,1.0000,0.376665,8.6734,2.8921,low_inlier
1474,52.7636,829.7163,-455.0384,-0.5287,1.2285,271,0.0039,1.0000,0.376665,-1.2971,1.5269,low_inlier
1475,52.7950,829.5273,-454.0745,-0.1890,0.9639,207,0.0036,1.0000,0.376665,-0.4468,1.1904,low_inlier
1476,52.8268,830.1093,-454.7477,0.5820,-0.6732,272,0.0017,1.0000,0.376665,1.4496,-0.8465,low_inlier
1477,52.8581,831.2544,-451.2159,1.1452,3.5318,456,0.0015,1.0000,0.376665,3.0094,4.3002,low_inlier
1478,52.8902,831.2375,-450.9587,-0.0169,0.2572,411,0.0138,1.0000,0.376665,-0.0344,0.3165,low_inlier
1479,52.9223,831.1410,-442.7645,-0.0965,8.1942,397,0.0028,1.0000,0.376665,0.0204,10.0692,low_inlier
1480,52.9546,831.4912,-434.4223,0.3501,8.3422,556,0.0028,1.0000,0.376665,1.1544,10.2360,low_inlier
1481,52.9867,832.1895,-429.5792,0.6984,4.8430,556,0.0055,1.0000,0.376665,1.9220,5.9259,low_inlier
1482,53.0188,832.3632,-427.8489,0.1736,1.7303,363,0.0041,1.0000,0.376665,0.4949,2.1198,low_inlier
1483,53.0505,833.6939,-425.5695,1.3307,2.2794,369,0.0056,1.0000,0.376665,3.4381,2.7555,low_inlier
1484,53.0823,834.7594,-425.9224,1.0654,-0.3529,347,0.0056,1.0000,0.376665,2.6824,-0.4692,low_inlier
1485,53.1138,837.1992,-427.2428,2.4399,-1.3204,395,0.0014,1.0000,0.376665,6.1262,-1.7037,low_inlier
1486,53.1456,836.8575,-427.9456,-0.3417,-0.7028,463,0.0133,1.0000,0.376665,-0.8867,-0.8519,low_inlier
1487,53.1771,833.1882,-430.0391,-3.6693,-2.0934,472,0.0053,1.0000,0.376665,-9.3446,-2.4487,low_inlier
1488,53.2086,832.2281,-429.8936,-0.9601,0.1455,225,0.0136,1.0000,0.376665,-2.4228,0.2109,low_inlier
1489,53.2404,823.3024,-431.8775,-8.9257,-1.9840,368,0.0177,1.0000,0.376665,-22.6309,-2.1383,low_inlier
1490,53.2738,819.6661,-435.8856,-3.6363,-4.0081,414,0.0282,1.0000,0.376665,-9.3231,-4.8018,low_inlier
1491,53.3068,817.0465,-435.9510,-2.6196,-0.0654,366,0.0206,1.0000,0.376665,-6.6252,0.0074,low_inlier
1492,53.3408,815.8280,-438.6556,-1.2185,-2.7046,466,0.0014,1.0000,0.376665,-3.1680,-3.2816,low_inlier
1493,53.3744,813.0531,-443.0460,-2.7749,-4.3904,411,0.0017,1.0000,0.376665,-7.1575,-5.3004,low_inlier
1494,53.4073,797.8006,-446.0182,-15.2525,-2.9722,252,0.0000,1.0000,0.376665,-38.6589,-3.1404,low_inlier
1495,53.4406,734.8998,-475.5731,-62.9008,-29.5549,281,0.0000,1.0000,0.376665,-159.9862,-34.1998,low_inlier
1496,53.4738,725.0849,-474.4748,-9.8149,1.0983,138,0.0000,1.0000,0.376665,-24.7797,1.6778,low_inlier
1497,53.5075,720.0895,-474.0813,-4.9954,0.3935,247,0.0022,1.0000,0.376665,-12.6172,0.6506,low_inlier
1498,53.5406,719.3478,-476.6200,-0.7418,-2.5388,242,0.0000,1.0000,0.376665,-1.9574,-3.0939,low_inlier
1499,53.5739,720.0528,-480.6961,0.7051,-4.0761,352,0.0000,1.0000,0.376665,1.6512,-5.0307,low_inlier
1500,53.6073,723.6932,-484.1045,3.6404,-3.4084,295,0.0018,1.0000,0.376665,9.0940,-4.3088,low_inlier
1501,53.6661,727.2053,-491.8424,3.5121,-7.7379,429,0.0000,1.0000,0.376665,8.6301,-9.6230,low_inlier
1502,53.6987,727.5433,-499.3406,0.3379,-7.4982,341,0.0018,1.0000,0.376665,0.6124,-9.2223,low_inlier
1503,53.7316,728.0773,-506.2260,0.5341,-6.8854,387,0.0050,1.0000,0.376665,1.1282,-8.4761,low_inlier
1504,53.7644,728.0614,-506.1764,-0.0159,0.0496,457,0.0479,1.0000,0.376665,-0.0387,0.0614,low_inlier
1505,53.7959,729.9553,-505.4592,1.8939,0.7172,383,0.0015,1.0000,0.376665,4.8116,0.8177,low_inlier
1506,53.8280,735.9330,-500.8142,5.9777,4.6450,333,0.0000,1.0000,0.376665,15.2633,5.5059,low_inlier
1507,53.8613,737.3219,-510.8780,1.3889,-10.0638,132,0.0000,1.0000,0.376665,3.1868,-12.4091,low_inlier
1508,53.8946,765.0682,-521.7679,27.7463,-10.8899,133,0.0000,1.0000,0.376665,69.7999,-14.3064,low_inlier
1509,53.9282,767.3672,-549.5035,2.2989,-27.7356,245,0.0000,1.0000,0.376665,4.9175,-34.1479,low_inlier
1510,53.9612,768.9230,-549.3517,1.5559,0.1519,164,0.0052,1.0000,0.376665,3.9386,0.1345,low_inlier
1511,53.9933,769.3146,-552.1452,0.3915,-2.7935,256,0.0000,1.0000,0.376665,0.8997,-3.4447,low_inlier
1512,54.0249,773.6457,-551.5851,4.3312,0.5601,190,0.0028,1.0000,0.376665,10.9686,0.5430,low_inlier
1513,54.0559,775.3179,-551.2772,1.6722,0.3079,287,0.0022,1.0000,0.376665,4.2378,0.3222,low_inlier
1514,54.0873,775.4354,-551.3224,0.1175,-0.0452,254,0.0183,1.0000,0.376665,0.2956,-0.0595,low_inlier
1515,54.1184,774.4580,-553.2559,-0.9774,-1.9335,241,0.0032,1.0000,0.376665,-2.5336,-2.3424,low_inlier
1516,54.1494,773.1375,-553.6186,-1.3205,-0.3627,341,0.0031,1.0000,0.376665,-3.3503,-0.4014,low_inlier
1517,54.1807,771.7573,-548.4473,-1.3803,5.1713,506,0.0000,1.0000,0.376665,-3.3229,6.3988,low_inlier
1518,54.2116,770.2445,-543.5007,-1.5128,4.9467,444,0.0018,1.0000,0.376665,-3.6652,6.1272,low_inlier
1519,54.2427,769.3427,-543.0280,-0.9018,0.4727,503,0.0065,1.0000,0.376665,-2.2648,0.6108,low_inlier
1520,54.2736,770.1692,-541.3336,0.8265,1.6944,273,0.0000,1.0000,0.376665,2.1443,2.0537,low_inlier
1521,54.3069,769.1855,-539.8682,-0.9836,1.4654,342,0.0074,1.0000,0.376665,-2.4397,1.8331,low_inlier
1522,54.3399,769.1869,-539.9775,0.0014,-0.1093,235,0.0395,1.0000,0.376665,0.0000,-0.1344,low_inlier
1523,54.3733,766.6827,-534.4582,-2.5043,5.5193,396,0.0022,1.0000,0.376665,-6.1535,6.8638,low_inlier
1524,54.4066,765.6326,-535.0856,-1.0500,-0.6274,228,0.0040,1.0000,0.376665,-2.6750,-0.7355,low_inlier
1525,54.4399,765.9945,-534.0485,0.3619,1.0372,190,0.0092,1.0000,0.376665,0.9484,1.2620,low_inlier
1526,54.4734,765.0889,-534.0731,-0.9056,-0.0247,201,0.0094,1.0000,0.376665,-2.2904,0.0000,low_inlier
1527,54.5062,765.1549,-534.0936,0.0659,-0.0205,180,0.0261,1.0000,0.376665,0.1660,-0.0274,low_inlier
1528,54.5399,765.1291,-533.0065,-0.0258,1.0871,275,0.0129,1.0000,0.376665,-0.0302,1.3363,low_inlier
1529,54.5729,765.3620,-532.5166,0.2329,0.4899,172,0.0138,1.0000,0.376665,0.6047,0.5940,low_inlier
1530,54.6065,765.3379,-530.6319,-0.0241,1.8847,298,0.0023,1.0000,0.376665,0.0000,2.3160,low_inlier
1531,54.6606,720.4631,-508.6539,-44.8748,21.9780,269,0.0000,1.0000,0.376665,-112.7483,28.5007,low_inlier
1532,54.6919,722.3827,-515.7873,1.9196,-7.1335,143,0.0077,1.0000,0.376665,4.6233,-8.8272,low_inlier
1533,54.7237,688.4661,-508.4391,-33.9167,7.3482,432,0.0126,1.0000,0.376665,-85.5146,10.1623,low_inlier
1534,54.7561,671.7850,-500.5654,-16.6811,7.8738,361,0.0016,1.0000,0.376665,-41.9209,10.2308,low_inlier
1535,54.7889,670.6404,-488.0764,-1.1445,12.4889,328,0.0068,1.0000,0.376665,-2.4908,15.3800,low_inlier
1536,54.8220,673.7275,-469.4224,3.0871,18.6540,270,0.0032,1.0000,0.376665,8.4070,22.8116,low_inlier
1537,54.8540,673.1573,-469.0399,-0.5703,0.3825,203,0.0031,1.0000,0.376665,-1.4294,0.4890,low_inlier
1538,54.8867,672.7553,-452.1508,-0.4020,16.8891,160,0.0039,1.0000,0.376665,-0.4714,20.7604,low_inlier
1539,54.9192,672.9689,-450.9948,0.2136,1.1560,366,0.0016,1.0000,0.376665,0.5773,1.4128,low_inlier
1540,54.9516,673.7102,-450.0220,0.7413,0.9729,383,0.0061,1.0000,0.376665,1.9056,1.1702,low_inlier
1541,54.9835,672.9034,-449.7696,-0.8068,0.2523,429,0.0242,1.0000,0.376665,-2.0316,0.3370,low_inlier
1542,55.0160,672.8785,-455.5943,-0.0249,-5.8246,235,0.0035,1.0000,0.376665,-0.2510,-7.1543,low_inlier
1543,55.0482,672.9106,-455.8471,0.0321,-0.2528,237,0.0455,1.0000,0.376665,0.0730,-0.3116,low_inlier
1544,55.0807,672.1808,-460.5744,-0.7297,-4.7274,227,0.0014,1.0000,0.376665,-1.9976,-5.7827,low_inlier
1545,55.1134,673.1079,-462.2458,0.9271,-1.6713,253,0.0037,1.0000,0.376665,2.2900,-2.0841,low_inlier
1546,55.1451,673.6785,-461.7706,0.5706,0.4752,195,0.0131,1.0000,0.376665,1.4580,0.5646,low_inlier
1547,55.1769,674.2578,-462.4726,0.5793,-0.7020,369,0.0021,1.0000,0.376665,1.4419,-0.8818,low_inlier
1548,55.2085,674.5786,-462.0396,0.3208,0.4330,188,0.0545,1.0000,0.376665,0.8251,0.5212,low_inlier
1549,55.2399,674.2180,-459.5649,-0.3606,2.4747,179,0.0025,1.0000,0.376665,-0.8318,3.0521,low_inlier
1550,55.2732,669.0310,-462.6652,-5.1870,-3.1003,141,0.0029,1.0000,0.376665,-13.2145,-3.6348,low_inlier
1551,55.3067,665.2118,-461.4482,-3.8191,1.2170,85,0.0068,1.0000,0.376665,-9.6167,1.6229,low_inlier
1552,55.3399,684.1890,-502.4721,18.9772,-41.0239,288,0.0000,1.0000,0.376665,46.6564,-51.0300,low_inlier
1553,55.3736,677.7988,-524.8931,-6.3902,-22.4210,239,0.0000,1.0000,0.376665,-16.8799,-27.3284,low_inlier
1554,55.4065,662.2598,-528.7574,-15.5390,-3.8643,487,0.0039,1.0000,0.376665,-39.4121,-4.2267,low_inlier
1555,55.4396,662.6911,-538.2697,0.4313,-9.5124,580,0.0039,1.0000,0.376665,0.7835,-11.6996,low_inlier
1556,55.4728,674.0874,-593.8097,11.3964,-55.5400,70,0.0082,1.0000,0.376665,27.0214,-68.6080,low_inlier
1557,55.5065,676.8412,-616.4198,2.7538,-22.6101,149,0.0000,1.0000,0.376665,6.2328,-27.8669,low_inlier
1558,55.5394,675.1300,-612.6958,-1.7112,3.7240,213,0.0457,1.0000,0.376665,-4.2062,4.6320,low_inlier
1559,55.5727,721.3050,-615.9741,46.1749,-3.2783,151,0.0000,1.0000,0.376665,116.6387,-5.5732,low_inlier
1560,55.6064,736.8692,-617.8664,15.5642,-1.8923,83,0.0000,1.0000,0.376665,39.2900,-2.8456,low_inlier
1561,55.6606,727.4153,-601.8647,-9.4539,16.0017,109,0.0000,1.0000,0.376665,-23.3860,19.9734,low_inlier
1562,55.6930,717.1167,-587.3300,-10.2986,14.5347,573,0.0029,1.0000,0.376665,-25.5691,18.1995,low_inlier
1563,55.7250,714.2042,-580.1051,-2.9124,7.2249,561,0.0094,1.0000,0.376665,-7.1304,8.9727,low_inlier
1564,55.7572,708.3205,-563.2979,-5.8838,16.8073,499,0.0028,1.0000,0.376665,-14.3337,20.8434,low_inlier
1565,55.7896,698.8416,-533.0974,-9.4789,30.2005,453,0.0035,1.0000,0.376665,-22.9911,37.4162,low_inlier
1566,55.8220,693.0733,-512.0772,-5.7682,21.0203,448,0.0000,1.0000,0.376665,-13.9055,26.0148,low_inlier
1567,55.8543,690.9695,-508.8655,-2.1039,3.2117,358,0.0014,1.0000,0.376665,-5.2156,4.0157,low_inlier
1568,55.8864,690.4305,-508.7300,-0.5390,0.1354,248,0.0100,1.0000,0.376665,-1.3583,0.1844,low_inlier
1569,55.9186,686.2081,-503.2519,-4.2224,5.4781,387,0.0018,1.0000,0.376665,-10.4988,6.8708,low_inlier
1570,55.9510,686.5759,-504.6376,0.3678,-1.3857,202,0.0078,1.0000,0.376665,0.8853,-1.7145,low_inlier
1571,55.9832,685.4783,-509.0201,-1.0976,-4.3826,324,0.0000,1.0000,0.376665,-2.9166,-5.3469,low_inlier
1572,56.0162,685.8893,-519.3486,0.4110,-10.3284,304,0.0074,1.0000,0.376665,0.7059,-12.7014,low_inlier
1573,56.0484,704.8587,-514.8436,18.9694,4.5050,220,0.0000,1.0000,0.376665,48.1057,4.8989,low_inlier
1574,56.0806,704.2698,-515.2207,-0.5889,-0.3771,359,0.0251,1.0000,0.376665,-1.5010,-0.4435,low_inlier
1575,56.1127,671.3934,-520.6368,-32.8764,-5.4161,373,0.0000,1.0000,0.376665,-83.2964,-5.5525,low_inlier
1576,56.1454,668.9167,-528.4378,-2.4767,-7.8010,318,0.0018,1.0000,0.376665,-6.5136,-9.5000,low_inlier
1577,56.1783,669.9581,-536.7895,1.0414,-8.3517,379,0.0000,1.0000,0.376665,2.3636,-10.2943,low_inlier
1578,56.2113,676.2422,-544.5281,6.2841,-7.7386,264,0.0000,1.0000,0.376665,15.6383,-9.7167,low_inlier
1579,56.2441,700.2891,-550.0309,24.0469,-5.5028,252,0.0027,1.0000,0.376665,60.6205,-7.5649,low_inlier
1580,56.2765,721.4993,-551.5116,21.2102,-1.4807,469,0.0035,1.0000,0.376665,53.5782,-2.5290,low_inlier
1581,56.3091,720.5253,-558.2915,-0.9741,-6.7799,543,0.0040,1.0000,0.376665,-2.6815,-8.2959,low_inlier
1582,56.3418,699.9525,-577.7020,-20.5728,-19.4106,390,0.0034,1.0000,0.376665,-52.6407,-23.1555,low_inlier
1583,56.3745,696.8316,-583.9951,-3.1209,-6.2931,351,0.0331,1.0000,0.376665,-8.0936,-7.6261,low_inlier
1584,56.4074,706.8822,-578.5197,10.0506,5.4754,393,0.0186,1.0000,0.376665,25.5876,6.3896,low_inlier
1585,56.4399,713.8867,-577.2803,7.0045,1.2394,553,0.0149,1.0000,0.376665,17.7495,1.2880,low_inlier
1586,56.4726,718.2241,-579.0658,4.3374,-1.7855,423,0.1146,1.0000,0.376665,10.9086,-2.3386,low_inlier
1587,56.5061,723.1520,-574.6922,4.9279,4.3737,484,0.0644,1.0000,0.376665,12.6004,5.2077,low_inlier
1588,56.5391,726.6481,-567.1294,3.4962,7.5627,394,0.0696,1.0000,0.376665,9.0834,9.1732,low_inlier
1589,56.5726,724.0054,-563.8401,-2.6428,3.2893,354,0.0347,1.0000,0.376665,-6.5756,4.1292,low_inlier
1590,56.6059,714.8610,-557.2386,-9.1443,6.6015,652,0.0096,1.0000,0.376665,-22.9067,8.4156,low_inlier
1591,56.6644,699.0566,-541.8753,-15.8044,15.3633,94,0.0228,1.0000,0.376665,-39.4628,19.4018,low_inlier
1592,56.6968,678.5710,-511.0575,-20.4856,30.8177,311,0.0130,1.0000,0.376665,-50.7994,38.5430,low_inlier
1593,56.7294,658.3220,-471.7275,-20.2490,39.3300,241,0.0281,1.0000,0.376665,-49.9266,48.9918,low_inlier
1594,56.7615,641.3246,-431.5338,-16.9974,40.1937,178,0.0091,1.0000,0.376665,-41.6777,49.9439,low_inlier
1595,56.7936,635.6146,-420.5675,-5.7100,10.9663,413,0.0403,1.0000,0.376665,-14.0829,13.6624,low_inlier
1596,56.8258,639.3343,-428.3642,3.7196,-7.7967,315,0.0808,1.0000,0.376665,9.1528,-9.7021,low_inlier
1597,56.8581,650.9637,-431.0680,11.6294,-2.7038,555,0.0026,1.0000,0.376665,29.3155,-3.7108,low_inlier
1598,56.8912,660.1498,-412.9799,9.1862,18.0881,535,0.0014,1.0000,0.376665,23.8091,21.9122,low_inlier
1599,56.9242,659.8320,-410.1009,-0.3178,2.8790,377,0.0027,1.0000,0.376665,-0.7107,3.5472,low_inlier
1600,56.9572,639.8194,-381.3645,-20.0126,28.7365,523,0.0015,1.0000,0.376665,-49.6708,35.9706,low_inlier
1601,56.9895,620.1398,-360.4427,-19.6795,20.9217,532,0.0000,1.0000,0.376665,-49.0809,26.3596,low_inlier
1602,57.0222,610.3419,-355.3128,-9.7980,5.1299,515,0.0000,1.0000,0.376665,-24.6068,6.6297,low_inlier
1603,57.0548,610.3971,-356.6161,0.0552,-1.3033,387,0.0688,1.0000,0.376665,0.0975,-1.6029,low_inlier
1604,57.0863,617.7096,-361.5670,7.3125,-4.9509,484,0.0031,1.0000,0.376665,18.3286,-6.3266,low_inlier
1605,57.1187,661.5540,-401.5525,43.8444,-39.9855,119,0.0042,1.0000,0.376665,109.5619,-50.5870,low_inlier
1606,57.1511,707.8030,-447.0716,46.2490,-45.5191,269,0.0115,1.0000,0.376665,115.4630,-57.4651,low_inlier
1607,57.1832,731.7085,-489.1312,23.9055,-42.0596,236,0.0000,1.0000,0.376665,59.0834,-52.4673,low_inlier
1608,57.2156,735.4137,-502.7807,3.7052,-13.6495,549,0.0066,1.0000,0.376665,8.9275,-16.8914,low_inlier
1609,57.2473,734.0637,-525.3443,-1.3500,-22.5636,229,0.0051,1.0000,0.376665,-4.1412,-27.6724,low_inlier
1610,57.2794,735.3091,-529.5136,1.2453,-4.1693,610,0.0223,1.0000,0.376665,3.0141,-5.1633,low_inlier
1611,57.3125,737.5774,-524.6932,2.2683,4.8204,493,0.2516,1.0000,0.376665,5.8906,5.8455,low_inlier
1612,57.3444,735.9347,-534.7849,-1.6428,-10.0916,276,0.1551,1.0000,0.376665,-4.4791,-12.3418,low_inlier
1613,57.3766,731.9917,-537.3334,-3.9430,-2.5486,581,0.5581,1.0000,0.376665,-10.0513,-2.9987,
1614,57.4084,735.5244,-538.6860,3.5328,-1.3526,402,0.1465,1.0000,0.376665,8.8882,-1.7798,low_inlier
1615,57.4408,731.6447,-538.6921,-3.8797,-0.0061,457,0.4621,1.0000,0.376665,-9.8092,0.1225,low_inlier
1616,57.4726,727.6012,-539.1017,-4.0436,-0.4096,507,0.4539,1.0000,0.376665,-10.2366,-0.3677,low_inlier
1617,57.5056,724.2340,-535.8006,-3.3672,3.3010,544,0.3790,1.0000,0.376665,-8.4067,4.1678,low_inlier
1618,57.5393,719.5464,-524.3789,-4.6876,11.4217,349,0.1920,1.0000,0.376665,-11.4832,14.1876,low_inlier
1619,57.5726,712.3435,-500.7884,-7.2029,23.5905,374,0.0015,1.0000,0.376665,-17.4500,29.2203,low_inlier
1620,57.6058,705.6190,-490.4270,-6.7245,10.3614,265,0.0477,1.0000,0.376665,-16.6672,12.9533,low_inlier
1621,57.6630,699.8327,-481.9911,-5.7864,8.4359,372,0.2253,1.0000,0.376665,-14.3575,10.5566,low_inlier
1622,57.6947,696.2453,-469.1334,-3.5874,12.8577,478,0.2639,1.0000,0.376665,-8.6551,15.9148,low_inlier
1623,57.7264,695.1169,-474.0975,-1.1284,-4.9641,428,0.5184,1.0000,0.376665,-3.0131,-6.0602,
1624,57.7579,693.0967,-476.7966,-2.0202,-2.6991,403,0.3891,1.0000,0.376665,-5.1948,-3.2480,low_inlier
1625,57.7898,688.7620,-476.3028,-4.3347,0.4938,746,0.0852,1.0000,0.376665,-10.9434,0.7517,low_inlier
1626,57.8217,682.4438,-461.1251,-6.3182,15.1777,183,0.0143,1.0000,0.376665,-15.4846,18.8562,low_inlier
1627,57.8529,-5.4120,6.6468,-5.4120,6.6468,306,0.1118,1.0000,0.376665,-13.4686,8.3462,low_inlier
1628,57.8804,-8.8758,7.8972,-3.4638,1.2504,440,0.3086,1.0000,0.376665,-8.7173,1.6520,low_inlier
1629,57.9081,-12.2256,5.0493,-3.3498,-2.8479,314,0.2018,1.0000,0.376665,-8.5613,-3.3863,low_inlier
1630,57.9394,-15.8901,-4.5471,-3.6645,-9.5963,388,0.3125,1.0000,0.376665,-9.5745,-11.6656,low_inlier
1631,57.9721,-16.9688,-12.9323,-1.0788,-8.3852,324,0.3129,1.0000,0.376665,-2.9980,-10.2644,low_inlier
1632,58.0057,-18.7133,-21.7849,-1.7444,-8.8526,686,0.2193,1.0000,0.376665,-4.6961,-10.8163,low_inlier
1633,58.0388,-20.5955,-32.4863,-1.8822,-10.7014,286,0.1743,1.0000,0.376665,-5.1041,-13.0828,low_inlier
1634,58.0718,-19.0871,-39.9734,1.5083,-7.4871,291,0.0725,1.0000,0.376665,3.5719,-9.2479,low_inlier
1635,58.1053,-17.2513,-45.3482,1.8359,-5.3747,390,0.3296,1.0000,0.376665,4.4682,-6.6639,low_inlier
1636,58.1384,-18.7136,-54.6509,-1.4623,-9.3028,671,0.1529,1.0000,0.376665,-3.9974,-11.3788,low_inlier
1637,58.1717,-21.7194,-65.4510,-3.0057,-10.8001,335,0.3940,1.0000,0.376665,-7.9479,-13.1664,low_inlier
1638,58.2052,-22.3799,-72.0481,-0.6605,-6.5971,423,0.5393,1.0000,0.376665,-1.8829,-8.0819,
1639,58.2385,-21.7368,-80.6550,0.6431,-8.6069,397,0.4575,1.0000,0.376665,1.3483,-10.5944,low_inlier
1640,58.2712,-19.8125,-88.9812,1.9243,-8.3262,466,0.2025,1.0000,0.376665,4.5965,-10.2925,low_inlier
1641,58.3052,-17.0536,-96.0624,2.7590,-7.0812,714,0.1090,1.0000,0.376665,6.7470,-8.7911,low_inlier
1642,58.3381,-12.9051,-103.8291,4.1485,-7.7667,631,0.0860,1.0000,0.376665,10.2380,-9.6797,low_inlier
1643,58.3718,-9.4178,-110.9726,3.4872,-7.1435,593,0.0606,1.0000,0.376665,8.5863,-8.8919,low_inlier
1644,58.4050,-8.2829,-117.7335,1.1349,-6.7609,291,0.1000,1.0000,0.376665,2.6512,-8.3432,low_inlier
1645,58.4384,-8.9024,-114.2181,-0.6195,3.5154,483,0.1977,1.0000,0.376665,-1.4528,4.3391,low_inlier
1646,58.4717,-10.4009,-104.9739,-1.4985,9.2442,496,0.5652,1.0000,0.376665,-3.4904,11.4059,
1647,58.5049,-15.1334,-108.0775,-4.7325,-3.1036,783,0.0000,1.0000,0.376665,-12.0654,-3.6541,low_inlier
1648,58.5383,-19.8382,-106.6461,-4.7048,1.4313,783,0.0000,1.0000,0.376665,-11.8489,1.9158,low_inlier
1649,58.5718,-25.0992,-108.7275,-5.2610,-2.0814,527,0.0028,1.0000,0.376665,-13.3687,-2.3807,low_inlier
1650,58.6050,-27.3467,-104.2766,-2.2474,4.4509,528,0.1465,1.0000,0.376665,-5.5386,5.5428,low_inlier
1651,58.6563,-27.6805,-91.8894,-0.3339,12.3872,403,0.1541,1.0000,0.376665,-0.4444,15.2279,low_inlier
1652,58.6835,-26.7652,-84.1270,0.9154,7.7624,586,0.3429,1.0000,0.376665,2.5648,9.5048,low_inlier
1653,58.7109,-24.8107,-80.0690,1.9544,4.0580,599,0.7063,1.0000,0.376665,5.0724,4.9195,
1654,58.7385,-23.4706,-78.1771,1.3401,1.8919,615,0.7725,1.0000,0.376665,3.4493,2.2792,
1655,58.7720,-23.2056,-75.7124,0.2649,2.4646,579,0.7087,1.0000,0.376665,0.7494,3.0188,
1656,58.8057,-22.2270,-71.2029,0.9786,4.5096,588,0.4931,1.0000,0.376665,2.6198,5.5069,low_inlier
1657,58.8387,-21.7985,-69.4778,0.4285,1.7251,633,0.7338,1.0000,0.376665,1.1391,2.1048,
1658,58.8719,-22.3193,-70.4335,-0.5208,-0.9558,602,0.7600,1.0000,0.376665,-1.3475,-1.1567,
1659,58.9054,-23.3653,-70.8151,-1.0460,-0.3816,596,0.7525,1.0000,0.376665,-2.6570,-0.4337,
1660,58.9384,-25.0772,-70.4726,-1.7119,0.3426,595,0.7438,1.0000,0.376665,-4.3171,0.4781,
1661,58.9726,-1.1470,1.1188,-1.1470,1.1188,618,0.7538,1.0000,0.376665,-2.8639,1.4127,
1662,59.0050,-1.3471,-2.0133,-0.2000,-3.1320,539,0.5075,1.0000,0.376665,-0.6068,-3.8407,
1663,59.0383,-1.4483,-7.8481,-0.1013,-5.8348,609,0.7125,1.0000,0.376665,-0.4443,-7.1642,
1664,59.0720,-0.7575,-10.2079,0.6909,-2.3599,597,0.7250,1.0000,0.376665,1.6706,-2.9220,
1665,59.1055,0.0773,-12.7332,0.8348,-2.5253,570,0.7163,1.0000,0.376665,2.0291,-3.1301,
1666,59.1382,0.5894,-4.5539,0.5894,-4.5539,606,0.7488,1.0000,0.376665,1.3432,-5.6138,
1667,59.1720,1.4062,-7.3305,0.8169,-2.7766,622,0.7450,1.0000,0.376665,1.9757,-3.4382,
1668,59.2052,2.0778,-7.7153,0.6716,-0.3848,635,0.7950,1.0000,0.376665,1.6855,-0.4952,
1669,59.2451,1.7700,-6.2596,-0.3078,1.4556,588,0.7812,1.0000,0.376665,-0.7312,1.7984,
1670,59.2779,1.1740,-5.3652,-0.5960,0.8944,640,0.7913,1.0000,0.376665,-1.4781,1.1187,
1671,59.3125,-0.5425,-0.9661,-0.5425,-0.9661,644,0.8123,1.0000,0.376665,-1.4029,-1.1686,
1672,59.3393,-0.4066,-0.6139,0.1360,0.3522,628,0.7850,1.0000,0.376665,0.3551,0.4281,
1673,59.3720,0.3789,0.5610,0.7855,1.1749,591,0.7422,1.0000,0.376665,2.0238,1.4170,
1674,59.4056,0.9376,0.9112,0.5587,0.3502,629,0.7975,1.0000,0.376665,1.4240,0.4115,
1675,59.4386,-0.0226,0.4550,-0.9602,-0.4563,617,0.7812,1.0000,0.376665,-2.4423,-0.5284,
1676,59.4718,-1.3101,1.9798,-1.3101,1.9798,597,0.7384,1.0000,0.376665,-3.2486,2.4758,
1677,59.5053,-1.4962,2.9148,-0.1860,0.9350,679,0.8100,1.0000,0.376665,-0.4402,1.1548,
1678,59.5384,-1.4671,4.8720,0.0290,1.9573,571,0.6043,1.0000,0.376665,0.1366,2.4034,
1679,59.5714,-3.1663,14.0901,-1.6992,9.2180,439,0.4755,1.0000,0.376665,-3.9986,11.3805,low_inlier
1680,59.6050,-4.8375,25.9106,-1.6712,11.8205,399,0.1808,1.0000,0.376665,-3.8440,14.5765,low_inlier
1681,59.6571,1.8604,37.8169,6.6980,11.9063,580,0.0251,1.0000,0.376665,17.3188,14.4017,low_inlier
1682,59.6859,16.6390,47.7122,14.7785,9.8953,545,0.0013,1.0000,0.376665,37.6840,11.6608,low_inlier
1683,59.7146,35.7696,50.7723,19.1306,3.0601,737,0.0090,1.0000,0.376665,48.4667,3.1186,low_inlier
1684,59.7420,48.7845,50.7783,13.0149,0.0060,362,0.0457,1.0000,0.376665,32.9060,-0.4284,low_inlier
1685,59.7720,54.3117,49.9734,5.5272,-0.8049,466,0.0078,1.0000,0.376665,13.9485,-1.1738,low_inlier
1686,59.8050,56.4357,61.4456,2.1240,11.4722,343,0.1325,1.0000,0.376665,5.7404,14.0216,low_inlier
1687,59.8383,61.6419,79.4092,5.2061,17.9636,334,0.0943,1.0000,0.376665,13.7423,21.8925,low_inlier
1688,59.8716,71.5887,90.9993,9.9469,11.5900,429,0.0027,1.0000,0.376665,25.5227,13.9044,low_inlier
1689,59.9049,6.5976,-3.6084,6.5976,-3.6084,586,0.0050,1.0000,0.376665,16.5642,-4.6535,low_inlier
1690,59.9385,20.0246,9.3105,13.4271,12.9189,369,0.0081,1.0000,0.376665,34.3646,15.4203,low_inlier
1691,59.9714,24.2218,8.3710,4.1972,-0.9396,192,0.0017,1.0000,0.376665,10.5815,-1.2947,low_inlier
1692,60.0049,26.5684,15.3482,2.3466,6.9772,266,0.1502,1.0000,0.376665,6.1581,8.4923,low_inlier
1693,60.0378,25.7629,20.9989,-0.8055,5.6508,557,0.5461,1.0000,0.376665,-1.8541,6.9685,
1694,60.0715,23.7144,24.7268,-2.0485,3.7279,469,0.5282,1.0000,0.376665,-5.0590,4.6480,
1695,60.1050,19.6196,27.2223,-4.0949,2.4955,357,0.1350,1.0000,0.376665,-10.2726,3.2026,low_inlier
1696,60.1382,14.7681,24.3340,-4.8515,-2.8883,473,0.0063,1.0000,0.376665,-12.3593,-3.3856,low_inlier
1697,60.1717,6.0688,17.0909,-8.6992,-7.2431,312,0.0527,1.0000,0.376665,-22.2280,-8.6063,low_inlier
1698,60.2046,-2.5203,9.9003,-8.5891,-7.1906,491,0.1106,1.0000,0.376665,-21.9479,-8.5456,low_inlier
1699,60.2384,-14.7589,1.7948,-12.2386,-8.1055,438,0.0317,1.0000,0.376665,-31.2045,-9.5472,low_inlier
1700,60.2716,-36.4404,-2.0264,-21.6815,-3.8211,642,0.0026,1.0000,0.376665,-54.9409,-3.9680,low_inlier
1701,60.3050,-27.2440,-1.0107,-27.2440,-1.0107,168,0.0201,1.0000,0.376665,-68.9138,-0.3293,low_inlier
1702,60.3384,-50.3712,0.5260,-23.1272,1.5366,708,0.0225,1.0000,0.376665,-58.4232,2.6620,low_inlier
1703,60.3718,-64.0485,0.5621,-13.6773,0.0361,657,0.0209,1.0000,0.376665,-34.5792,0.5023,low_inlier
1704,60.4050,-72.1588,4.6320,-8.1103,4.0699,370,0.1147,1.0000,0.376665,-20.3741,5.2711,low_inlier
1705,60.4381,-73.6823,16.6892,-1.5235,12.0571,344,0.1777,1.0000,0.376665,-3.4629,14.8623,low_inlier
1706,60.4716,-73.8124,23.1665,-0.1300,6.4773,325,0.3262,1.0000,0.376665,-0.1198,7.9612,low_inlier
1707,60.5045,-73.2516,25.8078,0.5608,2.6413,586,0.7225,1.0000,0.376665,1.5031,3.2258,
1708,60.5383,-71.4856,30.9102,1.7659,5.1024,459,0.3887,1.0000,0.376665,4.6295,6.2087,low_inlier
1709,60.5710,-68.5771,35.7203,2.9085,4.8101,417,0.4213,1.0000,0.376665,7.5089,5.8114,low_inlier
1710,60.6044,-64.9808,41.9425,3.5963,6.2222,660,0.1367,1.0000,0.376665,9.2934,7.5231,low_inlier
1711,60.6568,-57.5261,65.5833,7.4547,23.6408,776,0.0565,1.0000,0.376665,19.6107,28.7913,low_inlier
1712,60.6843,-39.4553,122.7476,18.0707,57.1643,253,0.0026,1.0000,0.376665,47.5328,69.6168,low_inlier
1713,60.7114,18.8046,73.8142,18.8046,73.8142,283,0.0032,1.0000,0.376665,49.9257,90.0453,low_inlier
1714,60.7395,17.2185,88.0734,-1.5862,14.2592,123,0.0000,1.0000,0.376665,-3.5502,17.5695,low_inlier
1715,60.7752,17.8402,91.3533,0.6218,3.2798,567,0.0093,1.0000,0.376665,1.6779,4.0082,low_inlier
1716,60.8042,17.0066,93.6793,-0.8337,2.3260,570,0.0064,1.0000,0.376665,-2.0327,2.8852,low_inlier
1717,60.8378,16.8751,93.1891,-0.1314,-0.4902,397,0.0632,1.0000,0.376665,-0.3481,-0.5977,low_inlier
1718,60.8783,19.0347,87.6803,2.1596,-5.5088,534,0.1625,1.0000,0.376665,5.2823,-6.8395,low_inlier
1719,60.9070,21.7019,83.4241,2.6672,-4.2562,489,0.1877,1.0000,0.376665,6.6061,-5.3177,low_inlier
1720,60.9379,22.1293,76.2356,0.4274,-7.1885,414,0.2888,1.0000,0.376665,0.8487,-8.8448,low_inlier
1721,60.9714,23.3038,74.7679,1.1745,-1.4678,150,0.0013,1.0000,0.376665,2.9222,-1.8423,low_inlier
1722,61.0050,21.9841,65.2877,-1.3197,-9.4802,316,0.1726,1.0000,0.376665,-3.6425,-11.6014,low_inlier
1723,61.0378,21.4299,61.0204,-0.5543,-4.2673,629,0.5150,1.0000,0.376665,-1.5391,-5.2235,
1724,61.0713,21.1606,55.2061,-0.2693,-5.8143,409,0.2875,1.0000,0.376665,-0.8685,-7.1334,low_inlier
1725,61.1051,21.3236,51.1592,0.1630,-4.0469,418,0.0025,1.0000,0.376665,0.2816,-4.9768,low_inlier
1726,61.1381,21.0879,49.0618,-0.2357,-2.0974,181,0.0116,1.0000,0.376665,-0.6635,-2.5685,low_inlier
1727,61.1712,-14.5690,-84.9625,-14.5690,-84.9625,573,0.0000,1.0000,0.376665,-39.5765,-103.8820,low_inlier
1728,61.2046,-41.8204,-187.6829,-27.2513,-102.7204,224,0.0021,1.0000,0.376665,-72.2143,-125.2714,low_inlier
1729,61.2383,-64.7602,-269.0281,-22.9398,-81.3452,316,0.0034,1.0000,0.376665,-60.6236,-99.1580,low_inlier
1730,61.2710,-71.1832,-288.4552,-6.4231,-19.4271,347,0.0015,1.0000,0.376665,-16.8663,-23.6495,low_inlier
1731,61.3041,-67.3637,-297.5749,3.8195,-9.1198,567,0.1120,1.0000,0.376665,9.3626,-11.3308,low_inlier
1732,61.3379,-67.4470,-317.2704,-0.0833,-19.6955,431,0.0175,1.0000,0.376665,-0.8460,-24.1915,low_inlier
1733,61.3710,-67.2734,-334.0944,0.1736,-16.8240,399,0.1014,1.0000,0.376665,-0.1040,-20.6728,low_inlier
1734,61.4043,-64.0399,-338.9604,3.2335,-4.8660,305,0.1389,1.0000,0.376665,8.0184,-6.0858,low_inlier
1735,61.4380,-59.7591,-343.7310,4.2808,-4.7706,356,0.2942,1.0000,0.376665,10.6692,-6.0036,low_inlier
1736,61.4712,-57.6544,-347.7661,2.1048,-4.0351,430,0.3277,1.0000,0.376665,5.1913,-5.0273,low_inlier
1737,61.5047,-58.5949,-344.3839,-0.9406,3.3822,606,0.6050,1.0000,0.376665,-2.2690,4.1863,
1738,61.5375,-58.7652,-338.9821,-0.1702,5.4018,659,0.5763,1.0000,0.376665,-0.2560,6.6413,
1739,61.5707,-58.1140,-336.4920,0.6511,2.4901,713,0.8562,1.0000,0.376665,1.7266,3.0371,
1740,61.6046,0.0192,-1.7516,0.0192,-1.7516,737,0.9175,1.0000,0.376665,-0.0081,-2.1523,
1741,61.6547,0.0814,-0.2967,0.0623,1.4549,435,0.1957,1.0000,0.376665,0.2043,1.7852,low_inlier
1742,61.6826,4.5299,6.2014,4.4485,6.4981,422,0.0268,1.0000,0.376665,11.4568,7.8334,low_inlier
1743,61.7409,13.1138,15.2906,8.5838,9.0892,755,0.0934,1.0000,0.376665,21.9958,10.8780,low_inlier
1744,61.7716,32.7572,32.4616,19.6435,17.1710,424,0.0000,1.0000,0.376665,50.2188,20.4355,low_inlier
1745,61.7996,60.6306,40.0472,27.8734,7.5855,633,0.0368,1.0000,0.376665,70.7173,8.3850,low_inlier
1746,61.8274,97.9187,37.3719,37.2881,-2.6753,199,0.0299,1.0000,0.376665,94.1894,-4.5349,low_inlier
1747,61.8627,97.7773,36.2943,-0.1414,-1.0776,276,0.0057,1.0000,0.376665,-0.3924,-1.3190,low_inlier
1748,61.8932,102.8328,28.2446,5.0555,-8.0497,420,0.0108,1.0000,0.376665,12.5222,-10.0576,low_inlier
1749,61.9218,108.8535,22.3848,6.0207,-5.8598,474,0.0346,1.0000,0.376665,15.0332,-7.3999,low_inlier
1750,61.9505,110.8257,16.4327,1.9722,-5.9522,537,0.0066,1.0000,0.376665,4.7943,-7.3778,low_inlier
1751,61.9786,114.8536,11.5114,4.0279,-4.9213,597,0.0266,1.0000,0.376665,10.0250,-6.1802,low_inlier
1752,62.0069,120.5042,14.3651,5.6506,2.8537,654,0.0192,1.0000,0.376665,14.3786,3.3164,low_inlier
1753,62.0383,127.6012,18.3890,7.0970,4.0239,729,0.0076,1.0000,0.376665,18.0731,4.7054,low_inlier
1754,62.0707,4.2319,0.7836,4.2319,0.7836,443,0.2439,1.0000,0.376665,10.7249,0.8209,low_inlier
1755,62.1044,4.8625,5.8005,0.6306,5.0169,630,0.5225,1.0000,0.376665,1.7563,6.1417,
1756,62.1376,4.8420,12.0054,-0.0205,6.2049,657,0.5972,1.0000,0.376665,0.1484,7.6230,
1757,62.1709,4.7770,14.6589,-0.0651,2.6534,638,0.5550,1.0000,0.376665,-0.0789,3.2617,
1758,62.2040,4.0768,14.7051,-0.7001,0.0462,638,0.4363,1.0000,0.376665,-1.7687,0.0803,low_inlier
1759,62.2378,1.5517,14.7746,-2.5251,0.0694,530,0.4487,1.0000,0.376665,-6.3821,0.1698,low_inlier
1760,62.2711,-3.2085,13.6620,-4.7602,-1.1125,366,0.2244,1.0000,0.376665,-12.0711,-1.2073,low_inlier
1761,62.3042,-8.8233,11.1803,-5.6148,-2.4818,445,0.1565,1.0000,0.376665,-14.2761,-2.8606,low_inlier
1762,62.3377,-14.7834,8.9192,-5.9601,-2.2611,610,0.0532,1.0000,0.376665,-15.1419,-2.5780,low_inlier
1763,62.3706,-14.1304,11.2260,0.6530,2.3068,232,0.0207,1.0000,0.376665,1.7254,2.8118,low_inlier
1764,62.4042,-30.2382,7.9891,-16.1077,-3.2369,421,0.0086,1.0000,0.376665,-40.8297,-3.4370,low_inlier
1765,62.4380,-60.2816,6.5905,-30.0435,-1.3986,481,0.0036,1.0000,0.376665,-76.0043,-0.7122,low_inlier
1766,62.4708,-90.6418,15.3908,-30.3602,8.8003,322,0.0034,1.0000,0.376665,-76.4759,11.8270,low_inlier
1767,62.5042,-108.3269,26.1131,-17.6852,10.7223,573,0.0058,1.0000,0.376665,-44.3676,13.7636,low_inlier
1768,62.5377,-8.8334,15.4875,-8.8334,15.4875,393,0.0171,1.0000,0.376665,-21.8337,19.3210,low_inlier
1769,62.5709,-8.7397,7.6634,0.0936,-7.8241,160,0.1286,1.0000,0.376665,-0.0157,-9.6144,low_inlier
1770,62.6043,-10.1820,19.2163,-1.4423,11.5529,395,0.1612,1.0000,0.376665,-3.2737,14.2402,low_inlier
1771,62.6562,-13.5723,20.5291,-3.3904,1.3127,536,0.2603,1.0000,0.376665,-8.5295,1.7261,low_inlier
1772,62.6837,-14.1942,20.8112,-0.6219,0.2821,586,0.6963,1.0000,0.376665,-1.5631,0.3674,
1773,62.7102,-10.7508,24.3396,3.4434,3.5284,569,0.5871,1.0000,0.376665,8.8198,4.2191,
1774,62.7371,-6.2094,28.7264,4.5414,4.3867,402,0.4043,1.0000,0.376665,11.6237,5.2367,low_inlier
1775,62.7704,-1.0046,27.5102,5.2048,-1.2162,500,0.5013,1.0000,0.376665,13.1201,-1.6682,
1776,62.8039,3.8716,26.6444,4.8762,-0.8658,533,0.3676,1.0000,0.376665,12.3005,-1.2268,low_inlier
1777,62.8376,9.3284,32.6750,5.4568,6.0306,286,0.1008,1.0000,0.376665,13.9911,7.2254,low_inlier
1778,62.8702,20.8257,55.4703,11.4973,22.7953,476,0.0396,1.0000,0.376665,29.8041,27.6173,low_inlier
1779,62.9038,38.3473,99.0888,17.5216,43.6185,380,0.0185,1.0000,0.376665,45.7075,52.9953,low_inlier
1780,62.9371,52.5939,127.8364,14.2466,28.7476,485,0.0000,1.0000,0.376665,36.9474,34.8372,low_inlier
1781,62.9699,55.4666,129.8124,2.8727,1.9760,306,0.0013,1.0000,0.376665,7.3268,2.3311,low_inlier
1782,63.0039,56.7297,129.6943,1.2631,-0.1181,311,0.0015,1.0000,0.376665,3.1896,-0.1874,low_inlier
1783,63.0370,0.8824,-0.1240,0.8824,-0.1240,556,0.0134,1.0000,0.376665,2.2269,-0.1818,low_inlier
1784,63.0709,1.1427,0.4632,0.2603,0.5872,587,0.4811,1.0000,0.376665,0.6770,0.7126,low_inlier
1785,63.1049,1.3770,0.2636,0.2343,-0.1996,745,0.9113,1.0000,0.376665,0.5860,-0.2530,
1786,63.1378,2.2878,-0.1562,0.9109,-0.4198,707,0.7425,1.0000,0.376665,2.2894,-0.5462,
1787,63.1704,2.0064,-4.3333,-0.2814,-4.1771,690,0.6625,1.0000,0.376665,-0.8463,-5.1218,
1788,63.2043,0.9673,-9.8243,-1.0391,-5.4910,698,0.8087,1.0000,0.376665,-2.8044,-6.7105,
1789,63.2374,-0.3058,-15.9735,-1.2731,-6.1492,400,0.3722,1.0000,0.376665,-3.4173,-7.5111,low_inlier
1790,63.2708,-2.9116,-23.0109,-2.6058,-7.0374,656,0.4568,1.0000,0.376665,-6.8153,-8.5576,low_inlier
1791,63.3039,-5.3755,-29.6553,-2.4639,-6.6444,554,0.5451,1.0000,0.376665,-6.4438,-8.0796,
1792,63.3373,-7.3558,-29.6511,-1.9803,0.0043,467,0.0114,1.0000,0.376665,-5.0067,0.0715,low_inlier
1793,63.3706,-11.0127,-26.9238,-3.6569,2.7273,418,0.0061,1.0000,0.376665,-9.1577,3.4727,low_inlier
1794,63.4039,-29.4304,-81.5003,-18.4178,-54.5765,286,0.0017,1.0000,0.376665,-48.3268,-66.4263,low_inlier
1795,63.4379,-46.7867,-140.3717,-17.3563,-58.8714,404,0.0059,1.0000,0.376665,-45.7817,-71.7377,low_inlier
1796,63.4710,-55.1659,-190.6563,-8.3791,-50.2846,538,0.0149,1.0000,0.376665,-22.8076,-61.4901,low_inlier
1797,63.5039,-57.1837,-216.9804,-2.0178,-26.3241,548,0.0097,1.0000,0.376665,-5.9510,-32.2695,low_inlier
1798,63.5373,-58.3927,-232.7179,-1.2090,-15.7374,680,0.0653,1.0000,0.376665,-3.5645,-19.2917,low_inlier
1799,63.5708,-58.7134,-254.2466,-0.3208,-21.5287,341,0.1087,1.0000,0.376665,-1.5057,-26.4355,low_inlier
1800,63.6046,-57.7921,-276.2020,0.9214,-21.9555,692,0.0953,1.0000,0.376665,1.6210,-27.0014,low_inlier
1801,63.6570,-55.7322,-287.0397,2.0599,-10.8377,190,0.1902,1.0000,0.376665,4.8582,-13.3822,low_inlier
1802,63.6848,-53.3242,-283.8196,2.4080,3.2201,479,0.1239,1.0000,0.376665,6.1921,3.8751,low_inlier
1803,63.7121,-49.7202,-282.6377,3.6040,1.1819,667,0.7597,1.0000,0.376665,9.1502,1.3312,
1804,63.7388,-46.8730,-285.0642,2.8472,-2.4265,699,0.4080,1.0000,0.376665,7.1203,-3.0761,low_inlier
1805,63.7703,-46.6813,-283.1961,0.1917,1.8681,700,0.8723,1.0000,0.376665,0.5451,2.2884,
1806,63.8036,-47.2620,-281.0062,-0.5807,2.1898,708,0.8800,1.0000,0.376665,-1.3976,2.7095,
1807,63.8368,-47.5937,-281.3177,-0.3318,-0.3115,732,0.8788,1.0000,0.376665,-0.8488,-0.3716,
1808,63.8705,-48.3529,-282.4310,-0.7592,-1.1132,672,0.8487,1.0000,0.376665,-1.9555,-1.3421,
1809,63.9036,-48.3362,-280.8480,0.0167,1.5829,709,0.7825,1.0000,0.376665,0.0933,1.9440,
1810,63.9363,-47.7769,-280.3321,0.5594,0.5160,704,0.8800,1.0000,0.376665,1.4309,0.6151,
1811,63.9704,-48.6020,-281.6457,-0.8252,-1.3136,682,0.8055,1.0000,0.376665,-2.1287,-1.5861,
1812,64.0033,-50.0791,-282.0519,-1.4770,-0.4062,699,0.8810,1.0000,0.376665,-3.7475,-0.4495,
1813,64.0367,-51.1336,-284.1274,-1.0546,-2.0755,668,0.8413,1.0000,0.376665,-2.7332,-2.5143,
1814,64.0699,-53.3081,-291.5832,-2.1745,-7.4558,568,0.4030,1.0000,0.376665,-5.7383,-9.0860,low_inlier
1815,64.1040,-58.2387,-304.0563,-4.9306,-12.4731,401,0.1855,1.0000,0.376665,-12.8685,-15.1571,low_inlier
1816,64.1372,-63.8459,-320.0569,-5.6073,-16.0006,432,0.3483,1.0000,0.376665,-14.6932,-19.4678,low_inlier
1817,64.1700,-67.4084,-339.9512,-3.5625,-19.8943,460,0.4299,1.0000,0.376665,-9.6490,-24.3193,low_inlier
1818,64.2036,-69.8870,-337.8481,-2.4786,2.1031,364,0.4591,1.0000,0.376665,-6.1988,2.6665,low_inlier
1819,64.2369,-70.9944,-349.1833,-1.1073,-11.3352,708,0.0026,1.0000,0.376665,-3.1655,-13.8874,low_inlier
1820,64.2701,-72.1242,-362.7839,-1.1298,-13.6006,351,0.3295,1.0000,0.376665,-3.2953,-16.6694,low_inlier
1821,64.3038,-72.7661,-374.5537,-0.6420,-11.7698,291,0.3295,1.0000,0.376665,-2.0029,-14.4367,low_inlier
1822,64.3370,-73.6239,-386.4015,-0.8578,-11.8478,299,0.3507,1.0000,0.376665,-2.5510,-14.5254,low_inlier
1823,64.3701,-75.2050,-402.0628,-1.5811,-15.6613,283,0.3085,1.0000,0.376665,-4.5028,-19.1857,low_inlier
1824,64.4035,-76.3196,-412.9025,-1.1146,-10.8397,274,0.2840,1.0000,0.376665,-3.1678,-13.2784,low_inlier
1825,64.4370,-77.4269,-417.3503,-1.1073,-4.4478,546,0.5534,1.0000,0.376665,-2.9432,-5.4267,
1826,64.4700,-78.6584,-421.7542,-1.2315,-4.4039,454,0.5747,1.0000,0.376665,-3.2558,-5.3687,
1827,64.5037,-80.1082,-431.1770,-1.4498,-9.4228,267,0.3207,1.0000,0.376665,-3.9695,-11.5266,low_inlier
1828,64.5364,-82.8471,-441.7316,-2.7389,-10.5546,364,0.2481,1.0000,0.376665,-7.2652,-12.8738,low_inlier
1829,64.5701,-83.2030,-444.2666,-0.3559,-2.5349,580,0.3061,1.0000,0.376665,-0.9817,-3.1021,low_inlier
1830,64.6029,-82.1521,-443.8291,1.0509,0.4374,633,0.6504,1.0000,0.376665,2.6712,0.5022,
1831,64.6533,-80.9648,-442.8218,1.1873,1.0073,750,0.3791,1.0000,0.376665,3.0343,1.1976,low_inlier
1832,64.6802,-79.5379,-439.8384,1.4269,2.9834,744,0.1398,1.0000,0.376665,3.7039,3.6171,low_inlier
1833,64.7069,-77.9383,-435.8253,1.5996,4.0131,720,0.2777,1.0000,0.376665,4.1737,4.8763,low_inlier
1834,64.7364,-75.8879,-429.8154,2.0504,6.0098,292,0.3707,1.0000,0.376665,5.3781,7.3140,low_inlier
1835,64.7696,-72.9911,-417.7192,2.8968,12.0963,591,0.0871,1.0000,0.376665,7.7144,14.7623,low_inlier
1836,64.8031,-67.6572,-399.5889,5.3339,18.1302,510,0.0508,1.0000,0.376665,14.0707,22.0930,low_inlier
1837,64.8362,-58.6387,-372.2217,9.0185,27.3672,437,0.0163,1.0000,0.376665,23.6846,33.3165,low_inlier
1838,64.8698,-45.8791,-355.9856,12.7595,16.2362,402,0.0000,1.0000,0.376665,32.7839,19.5176,low_inlier
1839,64.9029,-31.4994,-333.9045,14.3797,22.0811,403,0.0020,1.0000,0.376665,37.0688,26.6434,low_inlier
1840,64.9362,-17.9197,-317.6464,13.5798,16.2580,361,0.0412,1.0000,0.376665,34.8584,19.5171,low_inlier
1841,64.9696,-8.4188,-303.3709,9.5009,14.2755,486,0.0069,1.0000,0.376665,24.4817,17.2183,low_inlier
1842,65.0030,-2.4616,-280.1523,5.9572,23.2186,382,0.0000,1.0000,0.376665,15.8109,28.3227,low_inlier
1843,65.0363,-1.1547,-275.2922,1.3069,4.8601,360,0.0028,1.0000,0.376665,3.4611,5.9264,low_inlier
1844,65.0696,-0.4590,-270.7487,0.6957,4.5435,514,0.0054,1.0000,0.376665,1.9055,5.5580,low_inlier
1845,65.1030,1.9876,-270.1932,2.4466,0.5556,543,0.0028,1.0000,0.376665,6.2036,0.6006,low_inlier
1846,65.1363,4.0382,-269.4541,2.0506,0.7390,286,0.0015,1.0000,0.376665,5.2085,0.8392,low_inlier
1847,65.1696,5.8667,-269.7214,1.8284,-0.2673,273,0.0073,1.0000,0.376665,4.6143,-0.3896,low_inlier
1848,65.2029,7.2794,-269.3620,1.4127,0.3595,466,0.0043,1.0000,0.376665,3.5833,0.3943,low_inlier
1849,65.2361,7.8017,-268.7196,0.5223,0.6424,688,0.0101,1.0000,0.376665,1.3414,0.7716,low_inlier
1850,65.2697,8.0481,-265.9090,0.2464,2.8105,227,0.0013,1.0000,0.376665,0.7136,3.4443,low_inlier
1851,65.3030,8.5673,-264.6782,0.5192,1.2309,609,0.0026,1.0000,0.376665,1.3524,1.4946,low_inlier
1852,65.3361,8.9748,-264.4210,0.4075,0.2572,597,0.0165,1.0000,0.376665,1.0386,0.3023,low_inlier
1853,65.3697,9.2615,-264.0962,0.2868,0.3248,604,0.0233,1.0000,0.376665,0.7355,0.3894,low_inlier
1854,65.4034,9.4852,-258.5656,0.2237,5.5306,400,0.0290,1.0000,0.376665,0.7439,6.7864,low_inlier
1855,65.4370,9.1846,-253.8381,-0.3006,4.7275,395,0.1318,1.0000,0.376665,-0.6074,5.8175,low_inlier
1856,65.4697,8.9007,-252.6507,-0.2839,1.1873,486,0.2071,1.0000,0.376665,-0.6795,1.4681,low_inlier
1857,65.5073,9.1153,-250.5413,0.2146,2.1094,450,0.1697,1.0000,0.376665,0.6106,2.5841,low_inlier
1858,65.5366,9.3352,-248.6727,0.2199,1.8686,577,0.3237,1.0000,0.376665,0.6164,2.2881,low_inlier
1859,65.5698,9.2797,-246.1750,-0.0555,2.4977,531,0.3856,1.0000,0.376665,-0.0597,3.0701,low_inlier
1860,65.6035,10.2535,-241.6093,0.9737,4.5657,527,0.0042,1.0000,0.376665,2.6092,5.5760,low_inlier
1861,65.6568,11.2374,-247.1348,0.9839,-5.5256,436,0.2278,1.0000,0.376665,2.3093,-6.8207,low_inlier
1862,65.6840,12.2442,-245.2986,1.0068,1.8363,436,0.4309,1.0000,0.376665,2.6049,2.2220,low_inlier
1863,65.7109,13.1177,-236.6942,0.8735,8.6043,375,0.3319,1.0000,0.376665,2.4860,10.5405,low_inlier
1864,65.7380,15.9229,-223.1886,2.8052,13.5056,82,0.0915,1.0000,0.376665,7.5282,16.4966,low_inlier
1865,65.7706,20.7055,-190.6084,4.7826,32.5802,205,0.1276,1.0000,0.376665,13.1432,39.8621,low_inlier
1866,65.8029,21.2502,-181.9271,0.5446,8.6813,303,0.2736,1.0000,0.376665,1.6571,10.6461,low_inlier
1867,65.8359,21.3302,-172.5572,0.0801,9.3699,765,0.1616,1.0000,0.376665,0.5048,11.5075,low_inlier
1868,65.8691,21.3926,-162.0618,0.0624,10.4954,628,0.0666,1.0000,0.376665,0.4964,12.8907,low_inlier
1869,65.9028,21.3472,-159.9438,-0.0454,2.1180,186,0.0026,1.0000,0.376665,-0.0465,2.6033,low_inlier
1870,65.9355,20.1583,-157.1968,-1.1889,2.7470,396,0.0013,1.0000,0.376665,-2.9172,3.4142,low_inlier
1871,65.9692,20.1730,-155.9472,0.0147,1.2497,173,0.0140,1.0000,0.376665,0.0775,1.5346,low_inlier
1872,66.0026,20.1985,-154.4478,0.0255,1.4994,310,0.0174,1.0000,0.376665,0.1127,1.8410,low_inlier
1873,66.0359,18.2886,-145.1202,-1.9099,9.3276,410,0.1300,1.0000,0.376665,-4.5277,11.5222,low_inlier
1874,66.0692,17.1893,-135.7595,-1.0993,9.3607,455,0.2794,1.0000,0.376665,-2.4773,11.5356,low_inlier
1875,66.1026,17.9871,-129.5368,0.7978,6.2227,415,0.2925,1.0000,0.376665,2.2178,7.6174,low_inlier
1876,66.1361,19.4903,-123.9716,1.5032,5.5652,613,0.3075,1.0000,0.376665,3.9802,6.7861,low_inlier
1877,66.1700,21.5320,-123.6249,2.0417,0.3467,653,0.5225,1.0000,0.376665,5.1732,0.3575,
1878,66.2026,22.8117,-122.9383,1.2797,0.6866,619,0.4275,1.0000,0.376665,3.2575,0.8006,low_inlier
1879,66.2360,24.7144,-120.9740,1.9027,1.9643,641,0.5750,1.0000,0.376665,4.8740,2.3493,
1880,66.2693,24.7991,-123.0132,0.0847,-2.0392,705,0.8000,1.0000,0.376665,0.1484,-2.5079,
1881,66.3026,25.9047,-125.2048,1.1056,-2.1916,656,0.6725,1.0000,0.376665,2.7247,-2.7292,
1882,66.3397,-0.5333,-4.2843,-0.5333,-4.2843,658,0.5200,1.0000,0.376665,-1.4865,-5.2450,
1883,66.3692,-0.7918,-8.5445,-0.2586,-4.2602,661,0.5025,1.0000,0.376665,-0.7912,-5.2247,
1884,66.4025,-1.1705,-12.4757,-0.3787,-3.9312,644,0.5863,1.0000,0.376665,-1.0844,-4.8165,
1885,66.4369,-2.9584,-17.7115,-1.7879,-5.2358,599,0.3100,1.0000,0.376665,-4.6893,-6.3719,low_inlier
1886,66.4693,-4.7309,-25.9735,-1.7724,-8.2620,381,0.1800,1.0000,0.376665,-4.7478,-10.0899,low_inlier
1887,66.5024,-5.7617,-36.0226,-1.0308,-10.0490,389,0.1400,1.0000,0.376665,-2.9305,-12.3099,low_inlier
1888,66.5359,-6.6618,-47.9790,-0.9001,-11.9564,367,0.1688,1.0000,0.376665,-2.6616,-14.6573,low_inlier
1889,66.5693,-6.8218,-52.5460,-0.1600,-4.5670,591,0.0013,1.0000,0.376665,-0.5519,-5.6048,low_inlier
1890,66.6029,-8.5142,-59.9520,-1.6924,-7.4061,517,0.0025,1.0000,0.376665,-4.5178,-9.0411,low_inlier
1891,66.6539,-11.1728,-66.3502,-2.6586,-6.3982,723,0.0013,1.0000,0.376665,-6.9282,-7.7707,low_inlier
1892,66.6813,-14.0669,-65.1685,-2.8941,1.1817,443,0.0014,1.0000,0.376665,-7.2791,1.5485,low_inlier
1893,66.7092,-13.6480,-68.2946,0.4188,-3.1260,91,0.0000,1.0000,0.376665,0.9581,-3.8541,low_inlier
1894,66.7371,-37.2820,-161.6989,-23.6340,-93.4043,204,0.0082,1.0000,0.376665,-62.7678,-113.9485,low_inlier
1895,66.7697,-43.0500,-219.8880,-5.7680,-58.1891,525,0.0000,1.0000,0.376665,-16.4609,-71.2875,low_inlier
1896,66.8032,-44.4034,-225.6785,-1.3534,-5.7906,434,0.0000,1.0000,0.376665,-3.6087,-7.0679,low_inlier
1897,66.8357,-41.1050,-234.9304,3.2984,-9.2518,384,0.0042,1.0000,0.376665,8.0408,-11.4756,low_inlier
1898,66.8689,-38.5243,-243.8526,2.5808,-8.9222,462,0.0403,1.0000,0.376665,6.2371,-11.0466,low_inlier
1899,66.9024,-38.4817,-250.9481,0.0426,-7.0955,440,0.2272,1.0000,0.376665,-0.1212,-8.7177,low_inlier
1900,66.9357,-35.9198,-255.4766,2.5618,-4.5285,434,0.2030,1.0000,0.376665,6.3310,-5.6487,low_inlier
1901,66.9688,-32.2027,-254.3762,3.7171,1.1004,521,0.1787,1.0000,0.376665,9.4335,1.2273,low_inlier
1902,67.0057,-28.4197,-248.3453,3.7830,6.0309,345,0.1545,1.0000,0.376665,9.7592,7.2819,low_inlier
1903,67.0382,-26.2400,-242.7129,2.1797,5.6324,399,0.2152,1.0000,0.376665,5.6926,6.8459,low_inlier
1904,67.0690,-27.0999,-243.0927,-0.8598,-0.3798,623,0.2529,1.0000,0.376665,-2.1862,-0.4378,low_inlier
1905,67.1025,-29.3964,-245.3380,-2.2966,-2.2452,556,0.3860,1.0000,0.376665,-5.8789,-2.6812,low_inlier
1906,67.1357,-29.9009,-244.8828,-0.5045,0.4552,699,0.5970,1.0000,0.376665,-1.2607,0.5760,
1907,67.1689,-29.0702,-243.1188,0.8307,1.7640,627,0.6099,1.0000,0.376665,2.1571,2.1391,
1908,67.2023,-29.9821,-245.5766,-0.9119,-2.4578,613,0.5076,1.0000,0.376665,-2.3848,-2.9887,
1909,67.2358,-31.3341,-248.4360,-1.3520,-2.8594,630,0.6086,1.0000,0.376665,-3.5105,-3.4672,
1910,67.2689,-31.4724,-248.7982,-0.1383,-0.3622,681,0.6759,1.0000,0.376665,-0.3615,-0.4403,
1911,67.3027,-32.1892,-249.0027,-0.7168,-0.2045,734,0.6018,1.0000,0.376665,-1.8190,-0.2272,
1912,67.3358,-35.1525,-251.6962,-2.9633,-2.6935,447,0.3852,1.0000,0.376665,-7.5790,-3.2096,low_inlier
1913,67.3700,-35.8569,-251.1868,-0.7044,0.5094,601,0.3997,1.0000,0.376665,-1.7644,0.6494,low_inlier
1914,67.4027,-34.0012,-247.4961,1.8557,3.6908,547,0.1608,1.0000,0.376665,4.8108,4.4717,low_inlier
1915,67.4357,-32.9166,-246.5266,1.0846,0.9695,696,0.3763,1.0000,0.376665,2.7735,1.1547,low_inlier
1916,67.4693,-33.5517,-247.8392,-0.6351,-1.3126,691,0.3523,1.0000,0.376665,-1.6480,-1.5912,low_inlier
1917,67.5028,-33.2996,-247.5963,0.2521,0.2429,706,0.5069,1.0000,0.376665,0.6452,0.2899,
1918,67.5358,-31.2234,-247.2257,2.0762,0.3706,611,0.4443,1.0000,0.376665,5.2611,0.3857,low_inlier
1919,67.5690,-30.6452,-248.5791,0.5782,-1.3534,685,0.4886,1.0000,0.376665,1.4182,-1.6819,low_inlier
1920,67.6026,-31.3167,-249.3378,-0.6715,-0.7587,703,0.5696,1.0000,0.376665,-1.7222,-0.9095,
1921,67.6579,-31.5275,-248.9105,-0.2108,0.4273,634,0.7712,1.0000,0.376665,-0.5193,0.5319,
1922,67.6846,-31.2199,-246.6305,0.3076,2.2800,577,0.7259,1.0000,0.376665,0.8513,2.7905,
1923,67.7129,-31.1061,-238.3768,0.1138,8.2538,485,0.5472,1.0000,0.376665,0.5541,10.1353,
1924,67.7408,-29.8982,-235.6763,1.2079,2.7005,379,0.1203,1.0000,0.376665,3.1410,3.2769,low_inlier
1925,67.7692,-26.8288,-180.2551,3.0694,55.4211,689,0.0000,1.0000,0.376665,9.5488,67.9777,low_inlier
1926,67.8027,-24.8449,-190.6486,1.9839,-10.3935,89,0.0549,1.0000,0.376665,4.6805,-12.8340,low_inlier
1927,67.8354,-20.2728,-132.2660,4.5721,58.3826,205,0.0805,1.0000,0.376665,13.4436,71.5653,low_inlier
1928,67.8688,-17.7222,-129.5993,2.5505,2.6667,535,0.0000,1.0000,0.376665,6.5346,3.1905,low_inlier
1929,67.9019,-16.4831,-129.3762,1.2392,0.2231,472,0.0054,1.0000,0.376665,3.1402,0.2325,low_inlier
1930,67.9352,-16.1594,-129.6606,0.3236,-0.2844,496,0.0548,1.0000,0.376665,0.8090,-0.3602,low_inlier
1931,67.9689,-16.3101,-123.2421,-0.1507,6.4185,250,0.0126,1.0000,0.376665,-0.1739,7.8897,low_inlier
1932,68.0013,-14.7049,-119.9421,1.6052,3.3000,518,0.2562,1.0000,0.376665,4.1649,4.0000,low_inlier
1933,68.0352,-13.2316,-122.4653,1.4734,-2.5232,561,0.4938,1.0000,0.376665,3.6437,-3.1489,low_inlier
1934,68.0686,-12.1602,-128.4491,1.0714,-5.9837,408,0.3805,1.0000,0.376665,2.5158,-7.3864,low_inlier
1935,68.1062,-11.4580,-132.7761,0.7022,-4.3271,424,0.2700,1.0000,0.376665,1.6358,-5.3390,low_inlier
1936,68.1352,-11.2242,-135.2861,0.2338,-2.5100,594,0.5175,1.0000,0.376665,0.5100,-3.0911,
1937,68.1687,-11.4094,-134.9529,-0.1852,0.3333,664,0.7688,1.0000,0.376665,-0.4576,0.4156,
1938,68.2024,-11.2023,-130.2660,0.2071,4.6869,516,0.0489,1.0000,0.376665,0.6750,5.7505,low_inlier
1939,68.2353,-11.0900,-129.2322,0.1123,1.0338,777,0.0375,1.0000,0.376665,0.3172,1.2662,low_inlier
1940,68.2693,-10.5351,-128.8138,0.5550,0.4184,668,0.0356,1.0000,0.376665,1.4166,0.4954,low_inlier
1941,68.3026,-10.6750,-127.7077,-0.1400,1.1061,538,0.0319,1.0000,0.376665,-0.3181,1.3634,low_inlier
1942,68.3356,-10.5607,-126.7842,0.1143,0.9235,625,0.0587,1.0000,0.376665,0.3188,1.1306,low_inlier
1943,68.3691,-10.5748,-126.1388,-0.0141,0.6454,576,0.0903,1.0000,0.376665,-0.0147,0.7933,low_inlier
1944,68.4020,-10.6344,-125.7352,-0.0597,0.4036,567,0.1465,1.0000,0.376665,-0.1378,0.4978,low_inlier
1945,68.4356,-10.6434,-125.0404,-0.0090,0.6947,577,0.0905,1.0000,0.376665,-0.0004,0.8537,low_inlier
1946,68.4692,-10.7330,-124.4684,-0.0895,0.5720,646,0.0866,1.0000,0.376665,-0.2078,0.7057,low_inlier
1947,68.5021,-10.8787,-124.1186,-0.1458,0.3498,617,0.0992,1.0000,0.376665,-0.3573,0.4346,low_inlier
1948,68.5350,-10.9869,-122.5121,-0.1081,1.6066,669,0.0329,1.0000,0.376665,-0.2215,1.9771,low_inlier
1949,68.5690,-11.1054,-122.3196,-0.1186,0.1925,513,0.1385,1.0000,0.376665,-0.2936,0.2404,low_inlier
1950,68.6020,-11.0729,-121.7193,0.0325,0.6003,586,0.0778,1.0000,0.376665,0.1016,0.7363,low_inlier
1951,68.6540,-10.9851,-121.4616,0.0878,0.2577,451,0.0674,1.0000,0.376665,0.2303,0.3137,low_inlier
1952,68.6810,-11.0448,-120.9552,-0.0596,0.5065,458,0.0579,1.0000,0.376665,-0.1344,0.6241,low_inlier
1953,68.7080,-10.8959,-120.3514,0.1488,0.6038,578,0.0646,1.0000,0.376665,0.3957,0.7367,low_inlier
1954,68.7353,-10.8353,-119.6518,0.0606,0.6997,576,0.0781,1.0000,0.376665,0.1758,0.8574,low_inlier
1955,68.7700,-10.6478,-119.1119,0.1875,0.5399,625,0.0715,1.0000,0.376665,0.4916,0.6569,low_inlier
1956,68.8020,-10.5969,-118.8595,0.0508,0.2523,591,0.0989,1.0000,0.376665,0.1367,0.3083,low_inlier
1957,68.8355,-10.3580,-117.4461,0.2389,1.4135,519,0.0217,1.0000,0.376665,0.6496,1.7284,low_inlier
1958,68.8683,-10.3433,-116.4355,0.0148,1.0106,553,0.0178,1.0000,0.376665,0.0699,1.2409,low_inlier
1959,68.9023,-11.9109,-115.4529,-1.5676,0.9826,602,0.1029,1.0000,0.376665,-3.9316,1.2596,low_inlier
1960,68.9354,-11.8318,-114.1282,0.0791,1.3247,614,0.0214,1.0000,0.376665,0.2427,1.6246,low_inlier
1961,68.9690,-11.5962,-113.6658,0.2356,0.4623,647,0.0479,1.0000,0.376665,0.6105,0.5601,low_inlier
1962,69.0028,-11.8385,-112.1699,-0.2423,1.4959,531,0.0318,1.0000,0.376665,-0.5643,1.8458,low_inlier
1963,69.0354,-11.5990,-111.9177,0.2395,0.2522,657,0.0821,1.0000,0.376665,0.6138,0.3018,low_inlier
1964,69.0688,-11.1643,-110.7007,0.4347,1.2170,652,0.0165,1.0000,0.376665,1.1382,1.4804,low_inlier
1965,69.1019,-11.8820,-108.4532,-0.7177,2.2475,492,0.0992,1.0000,0.376665,-1.7421,2.7849,low_inlier
1966,69.1360,-11.8060,-105.6673,0.0760,2.7860,486,0.0754,1.0000,0.376665,0.2820,3.4198,low_inlier
1967,69.1689,-11.3878,-103.4183,0.4183,2.2490,359,0.0353,1.0000,0.376665,1.1301,2.7487,low_inlier
1968,69.2021,-11.3249,-101.3727,0.0629,2.0455,584,0.2164,1.0000,0.376665,0.2249,2.5107,low_inlier
1969,69.2355,-11.5063,-99.5643,-0.1815,1.8084,516,0.1681,1.0000,0.376665,-0.4004,2.2276,low_inlier
1970,69.2692,-11.6007,-96.5992,-0.0944,2.9651,582,0.2246,1.0000,0.376665,-0.1430,3.6455,low_inlier
1971,69.3024,-11.7714,-95.0827,-0.1706,1.5165,582,0.3133,1.0000,0.376665,-0.3825,1.8686,low_inlier
1972,69.3353,-11.4553,-92.6129,0.3161,2.4698,554,0.2823,1.0000,0.376665,0.8788,3.0234,low_inlier
1973,69.3690,-11.6468,-91.6388,-0.1915,0.9742,518,0.2929,1.0000,0.376665,-0.4528,1.2031,low_inlier
1974,69.4021,-12.5967,-92.7986,-0.9499,-1.1598,523,0.1752,1.0000,0.376665,-2.4390,-1.3929,low_inlier
1975,69.4360,-12.6526,-93.0462,-0.0559,-0.2476,596,0.3675,1.0000,0.376665,-0.1493,-0.3023,low_inlier
1976,69.4692,-12.9691,-94.7676,-0.3165,-1.7214,374,0.0763,1.0000,0.376665,-0.8558,-2.1040,low_inlier
1977,69.5015,-13.1141,-96.5567,-0.1450,-1.7890,508,0.1504,1.0000,0.376665,-0.4242,-2.1928,low_inlier
1978,69.5350,-11.7955,-98.6780,1.3186,-2.1213,450,0.0830,1.0000,0.376665,3.2654,-2.6500,low_inlier
1979,69.5681,-10.8225,-101.8279,0.9729,-3.1499,513,0.0803,1.0000,0.376665,2.3582,-3.9020,low_inlier
1980,69.6016,-11.0257,-106.1476,-0.2032,-4.3197,505,0.0835,1.0000,0.376665,-0.6530,-5.2996,low_inlier
1981,69.6536,-11.1289,-106.1520,-0.1032,-0.0044,264,0.0513,1.0000,0.376665,-0.2610,-0.0020,low_inlier
1982,69.6805,-11.8731,-107.1331,-0.7442,-0.9811,678,0.0220,1.0000,0.376665,-1.9133,-1.1803,low_inlier
1983,69.7075,-12.6959,-109.2251,-0.8228,-2.0920,640,0.0077,1.0000,0.376665,-2.1477,-2.5423,low_inlier
1984,69.7351,-12.9381,-110.2167,-0.2422,-0.9915,416,0.0184,1.0000,0.376665,-0.6444,-1.2099,low_inlier
1985,69.7698,-12.9297,-109.7142,0.0084,0.5025,287,0.0318,1.0000,0.376665,0.0376,0.6169,low_inlier
1986,69.8007,-12.3706,-109.9382,0.5591,-0.2240,186,0.0135,1.0000,0.376665,1.4063,-0.2939,low_inlier
1987,69.8349,-15.2482,-121.4670,-2.8776,-11.5288,305,0.0057,1.0000,0.376665,-7.6475,-14.0659,low_inlier
1988,69.8680,-14.5405,-129.7145,0.7077,-8.2475,298,0.0063,1.0000,0.376665,1.5231,-10.1551,low_inlier
1989,69.9014,-15.4887,-151.0896,-0.9482,-21.3751,427,0.0000,1.0000,0.376665,-3.0871,-26.2258,low_inlier
1990,69.9352,-22.7607,-164.9411,-7.2720,-13.8515,260,0.0000,1.0000,0.376665,-18.8328,-16.7720,low_inlier
1991,69.9684,-29.9247,-213.1265,-7.1639,-48.1854,86,0.0000,1.0000,0.376665,-19.6674,-58.9521,low_inlier
1992,70.0013,-34.3808,-313.4442,-4.4561,-100.3176,219,0.0036,1.0000,0.376665,-14.5034,-123.0831,low_inlier
1993,70.0350,-41.1799,-388.1949,-6.7991,-74.7508,266,0.0020,1.0000,0.376665,-19.6022,-91.5977,low_inlier
1994,70.0680,-49.7860,-445.2873,-8.6061,-57.0924,394,0.0000,1.0000,0.376665,-23.6012,-69.8453,low_inlier
1995,70.1020,-55.3391,-481.8193,-5.5531,-36.5319,405,0.0046,1.0000,0.376665,-15.2186,-44.6907,low_inlier
1996,70.1350,-58.6154,-506.9954,-3.2763,-25.1761,307,0.0184,1.0000,0.376665,-9.0958,-30.8171,low_inlier
1997,70.1683,-59.8728,-523.2981,-1.2574,-16.3028,341,0.0193,1.0000,0.376665,-3.7051,-19.9846,low_inlier
1998,70.2014,-61.8951,-533.3890,-2.0224,-10.0909,398,0.1020,1.0000,0.376665,-5.4387,-12.3281,low_inlier
1999,70.2349,-62.5051,-533.4865,-0.6099,-0.0975,469,0.0488,1.0000,0.376665,-1.5453,-0.0993,low_inlier
2000,70.2680,-59.8129,-514.3500,2.6921,19.1365,329,0.0083,1.0000,0.376665,7.4240,23.4175,low_inlier
2001,70.3016,-55.7460,-497.1231,4.0669,17.2269,324,0.0194,1.0000,0.376665,10.8383,21.0257,low_inlier
2002,70.3345,-52.2303,-490.4637,3.5158,6.6595,400,0.0431,1.0000,0.376665,9.1038,8.0629,low_inlier
2003,70.3682,-50.4894,-488.1995,1.7408,2.2641,649,0.0953,1.0000,0.376665,4.4744,2.7230,low_inlier
2004,70.4016,-47.4419,-480.9908,3.0476,7.2088,432,0.0343,1.0000,0.376665,7.9378,8.7534,low_inlier
2005,70.4354,-42.0598,-469.5477,5.3821,11.4430,337,0.0349,1.0000,0.376665,13.9768,13.8767,low_inlier
2006,70.4679,-35.3421,-454.1350,6.7177,15.4127,254,0.0016,1.0000,0.376665,17.4818,18.7083,low_inlier
2007,70.5011,-29.0464,-434.8995,6.2957,19.2356,284,0.0098,1.0000,0.376665,16.5382,23.4186,low_inlier
2008,70.5350,-20.4266,-412.3230,8.6197,22.5765,388,0.0033,1.0000,0.376665,22.5218,27.4448,low_inlier
2009,70.5682,-5.9605,-387.1588,14.4661,25.1642,252,0.0000,1.0000,0.376665,37.3869,30.4278,low_inlier
2010,70.6014,21.5829,-330.6178,27.5434,56.5410,40,0.0000,1.0000,0.376665,71.4626,68.5340,low_inlier
2011,70.6596,57.1564,-204.4107,35.5735,126.2071,212,0.0000,1.0000,0.376665,94.0131,153.8444,low_inlier
2012,70.6885,84.9332,-153.4090,27.7768,51.0017,191,0.0051,1.0000,0.376665,71.8740,61.7215,low_inlier
2013,70.7193,116.9301,-5.2712,31.9968,148.1378,180,0.0000,1.0000,0.376665,85.6778,180.9042,low_inlier
2014,70.7483,117.8492,-6.8150,0.9192,-1.5438,286,0.0106,1.0000,0.376665,2.2742,-1.9272,low_inlier
2015,70.7771,118.0306,-6.5548,0.1814,0.2602,400,0.0203,1.0000,0.376665,0.4670,0.3135,low_inlier
2016,70.8051,117.9524,-6.4041,-0.0782,0.1507,448,0.0585,1.0000,0.376665,-0.1929,0.1878,low_inlier
2017,70.8348,117.9359,-5.5936,-0.0165,0.8105,582,0.0245,1.0000,0.376665,-0.0156,0.9962,low_inlier
2018,70.8681,117.8097,-4.8809,-0.1262,0.7127,481,0.0280,1.0000,0.376665,-0.2961,0.8798,low_inlier
2019,70.9016,117.3851,-4.5119,-0.4246,0.3690,697,0.0458,1.0000,0.376665,-1.0616,0.4676,low_inlier
2020,70.9345,115.1601,-6.5208,-2.2250,-2.0089,516,0.0206,1.0000,0.376665,-5.6902,-2.3933,low_inlier
2021,70.9710,115.1199,-6.5797,-0.0402,-0.0590,435,0.0958,1.0000,0.376665,-0.1035,-0.0711,low_inlier
2022,71.0009,114.7961,-6.2637,-0.3238,0.3160,409,0.0323,1.0000,0.376665,-0.8084,0.3991,low_inlier
2023,71.0342,114.4568,-4.1175,-0.3394,2.1462,284,0.0036,1.0000,0.376665,-0.7888,2.6478,low_inlier
2024,71.0675,114.5974,0.6993,0.1407,4.8168,292,0.0037,1.0000,0.376665,0.5111,5.9124,low_inlier
2025,71.1007,114.4686,2.0356,-0.1289,1.3363,235,0.0215,1.0000,0.376665,-0.2827,1.6458,low_inlier
2026,71.1350,114.1177,2.1490,-0.3508,0.1134,422,0.0352,1.0000,0.376665,-0.8834,0.1510,low_inlier
2027,71.1670,109.4144,1.2016,-4.7033,-0.9474,442,0.0453,1.0000,0.376665,-11.9220,-1.0063,low_inlier
2028,71.2012,109.1974,0.0703,-0.2170,-1.1312,466,0.1272,1.0000,0.376665,-0.5852,-1.3824,low_inlier
2029,71.2345,110.1931,-0.6540,0.9958,-0.7243,566,0.1256,1.0000,0.376665,2.4942,-0.9231,low_inlier
2030,71.2679,112.2897,4.4550,2.0965,5.1090,474,0.0599,1.0000,0.376665,5.4656,6.2058,low_inlier
2031,71.3012,116.0058,7.9254,3.7162,3.4704,400,0.0868,1.0000,0.376665,9.5076,4.1387,low_inlier
2032,71.3343,120.0815,13.2681,4.0757,5.3428,522,0.0531,1.0000,0.376665,10.4769,6.4267,low_inlier
2033,71.3679,124.0497,16.9540,3.9682,3.6859,581,0.0381,1.0000,0.376665,10.1517,4.3950,low_inlier
2034,71.4010,125.9602,16.2959,1.9105,-0.6582,573,0.1626,1.0000,0.376665,4.8091,-0.8725,low_inlier
2035,71.4350,125.6850,12.8146,-0.2752,-3.4812,270,0.0635,1.0000,0.376665,-0.8081,-4.2672,low_inlier
2036,71.4679,125.5485,12.0463,-0.1365,-0.7684,642,0.3722,1.0000,0.376665,-0.3699,-0.9393,low_inlier
2037,71.5010,128.6871,7.5558,3.1386,-4.4905,560,0.0453,1.0000,0.376665,7.7904,-5.6213,low_inlier
2038,71.5348,131.3415,3.5733,2.6544,-3.9825,490,0.0158,1.0000,0.376665,6.5826,-4.9811,low_inlier
2039,71.5674,131.4010,2.1626,0.0595,-1.4107,528,0.0770,1.0000,0.376665,0.1049,-1.7349,low_inlier
2040,71.6010,131.5685,1.0262,0.1676,-1.1364,465,0.0730,1.0000,0.376665,0.3870,-1.4016,low_inlier
2041,71.6517,132.7150,-3.3174,1.1464,-4.3436,510,0.6320,1.0000,0.376665,2.7584,-5.3741,
2042,71.6796,134.0583,-17.6039,1.3434,-14.2865,345,0.0891,1.0000,0.376665,2.9355,-17.5948,low_inlier
2043,71.7075,136.3275,-35.8975,2.2692,-18.2936,330,0.2226,1.0000,0.376665,5.1470,-22.5482,low_inlier
2044,71.7356,142.3101,-62.0755,5.9826,-26.1780,636,0.0307,1.0000,0.376665,14.2811,-32.3579,low_inlier
2045,71.7687,149.6438,-94.4395,7.3336,-32.3640,642,0.0000,1.0000,0.376665,17.4974,-40.0022,low_inlier
2046,71.8009,159.2679,-140.5712,9.6242,-46.1317,642,0.0014,1.0000,0.376665,22.8444,-56.9914,low_inlier
2047,71.8340,171.0019,-179.5620,11.7340,-38.9908,409,0.0030,1.0000,0.376665,28.4090,-48.2900,low_inlier
2048,71.8669,183.2544,-207.6272,12.2525,-28.0652,505,0.0467,1.0000,0.376665,30.0725,-34.8860,low_inlier
2049,71.9008,191.1679,-220.4642,7.9135,-12.8370,633,0.0141,1.0000,0.376665,19.5935,-16.0342,low_inlier
2050,71.9339,198.2045,-229.7379,7.0366,-9.2738,330,0.0280,1.0000,0.376665,17.4915,-11.6277,low_inlier
2051,71.9672,204.6804,-248.5150,6.4759,-18.7771,615,0.0340,1.0000,0.376665,15.7672,-23.2830,low_inlier
2052,72.0009,210.0227,-253.8143,5.3423,-5.2993,434,0.0334,1.0000,0.376665,13.3359,-6.6886,low_inlier
2053,72.0339,214.3909,-243.1727,4.3682,10.6416,432,0.1032,1.0000,0.376665,11.3875,12.9261,low_inlier
2054,72.0670,217.5244,-236.4282,3.1335,6.7445,434,0.2127,1.0000,0.376665,8.1402,8.1802,low_inlier
2055,72.1006,220.5989,-221.4075,3.0745,15.0207,526,0.0333,1.0000,0.376665,8.2579,18.3488,low_inlier
2056,72.1342,224.4423,-202.1216,3.8435,19.2859,290,0.1097,1.0000,0.376665,10.3398,23.5626,low_inlier
2057,72.1672,226.4523,-194.3978,2.0099,7.7238,259,0.0076,1.0000,0.376665,5.3309,9.4208,low_inlier
2058,72.2004,226.1218,-180.9620,-0.3305,13.4357,350,0.0150,1.0000,0.376665,-0.4021,16.5158,low_inlier
2059,72.2338,225.7223,-165.9650,-0.3995,14.9971,450,0.0640,1.0000,0.376665,-0.5261,18.4361,low_inlier
2060,72.2678,225.5760,-152.5562,-0.1463,13.4088,658,0.0050,1.0000,0.376665,0.0629,16.4765,low_inlier
2061,72.3008,224.6262,-140.1538,-0.9498,12.4025,313,0.0288,1.0000,0.376665,-2.0013,15.2672,low_inlier
2062,72.3340,222.0258,-126.9374,-2.6004,13.2163,593,0.0114,1.0000,0.376665,-6.1482,16.3223,low_inlier
2063,72.3674,217.8233,-115.3103,-4.2025,11.6271,628,0.0156,1.0000,0.376665,-10.2501,14.4236,low_inlier
2064,72.4007,213.4952,-110.1804,-4.3281,5.1300,325,0.0871,1.0000,0.376665,-10.7773,6.4467,low_inlier
2065,72.4343,212.8450,-105.0224,-0.6501,5.1580,593,0.5546,1.0000,0.376665,-1.4773,6.3580,
2066,72.4681,215.1969,-100.7700,2.3519,4.2524,592,0.5216,1.0000,0.376665,6.0835,5.1450,
2067,72.5012,218.2639,-103.0740,3.0670,-2.3040,469,0.4061,1.0000,0.376665,7.6800,-2.9330,low_inlier
2068,72.5339,220.8614,-105.0948,2.5975,-2.0207,484,0.3987,1.0000,0.376665,6.5020,-2.5693,low_inlier
2069,72.5670,224.0397,-106.8682,3.1783,-1.7734,647,0.6163,1.0000,0.376665,7.9784,-2.2849,
2070,72.6004,227.0603,-108.8082,3.0206,-1.9400,685,0.5920,1.0000,0.376665,7.5744,-2.4843,
2071,72.6519,228.8393,-112.3946,1.7790,-3.5864,553,0.4888,1.0000,0.376665,4.3822,-4.4652,low_inlier
2072,72.6797,229.3895,-118.6881,0.5502,-6.2935,568,0.7063,1.0000,0.376665,1.1881,-7.7495,
2073,72.7073,229.2434,-125.7914,-0.1462,-7.1033,611,0.3947,1.0000,0.376665,-0.5988,-8.7209,low_inlier
2074,72.7353,227.7320,-136.2580,-1.5114,-10.4666,394,0.0492,1.0000,0.376665,-4.1589,-12.8068,low_inlier
2075,72.7680,225.1360,-138.8794,-2.5960,-2.6213,496,0.5732,1.0000,0.376665,-6.6480,-3.1331,
2076,72.8003,225.3933,-137.5071,0.2573,1.3723,576,0.6058,1.0000,0.376665,0.6947,1.6771,
2077,72.8330,226.0354,-138.0275,0.6421,-0.5205,549,0.6892,1.0000,0.376665,1.6067,-0.6608,
2078,72.8669,224.8721,-136.8051,-1.1633,1.2225,581,0.7414,1.0000,0.376665,-2.9017,1.5406,
2079,72.9004,224.5364,-136.4575,-0.3357,0.3476,718,0.8932,1.0000,0.376665,-0.8376,0.4382,
2080,72.9338,225.7964,-137.9281,1.2600,-1.4705,721,0.7747,1.0000,0.376665,3.1383,-1.8486,
2081,72.9671,225.7251,-137.5566,-0.0713,0.3715,560,0.7000,1.0000,0.376665,-0.1682,0.4588,
2082,73.0002,224.1267,-137.8613,-1.5984,-0.3047,713,0.8622,1.0000,0.376665,-4.0511,-0.3208,
2083,73.0336,223.9667,-138.6103,-0.1600,-0.7490,569,0.7075,1.0000,0.376665,-0.4287,-0.9148,
2084,73.0670,223.3335,-137.0691,-0.6332,1.5412,708,0.6850,1.0000,0.376665,-1.5512,1.9144,
2085,73.1003,222.2785,-136.3187,-1.0549,0.7504,574,0.7303,1.0000,0.376665,-2.6430,0.9571,
2086,73.1336,0.3604,1.3749,0.3604,1.3749,724,0.9085,1.0000,0.376665,0.9556,1.6769,
2087,73.1670,0.0027,3.5326,-0.3577,2.1576,561,0.7660,1.0000,0.376665,-0.8348,2.6624,
2088,73.2002,-0.1085,4.1557,-0.1112,0.6231,752,0.9287,1.0000,0.376665,-0.2611,0.7691,
2089,73.2338,-0.3023,4.8664,-0.1937,0.7107,561,0.7123,1.0000,0.376665,-0.4669,0.8795,
2090,73.2669,-1.0528,5.5487,-0.7506,0.6824,560,0.7087,1.0000,0.376665,-1.8757,0.8634,
2091,73.3002,-1.0972,5.4315,-0.0444,-0.1172,735,0.9274,1.0000,0.376665,-0.1160,-0.1425,
2092,73.3334,-0.7884,5.2903,0.3089,-0.1412,737,0.9161,1.0000,0.376665,0.7764,-0.1838,
2093,73.3669,-0.3864,6.6105,0.4020,1.3202,563,0.7100,1.0000,0.376665,1.0590,1.6083,
2094,73.4000,-0.1671,7.5187,0.2193,0.9082,742,0.9275,1.0000,0.376665,0.5838,1.1084,
2095,73.4334,-0.3354,8.1693,-0.1683,0.6506,573,0.8438,1.0000,0.376665,-0.4045,0.8048,
2096,73.4668,-0.7624,9.2128,-0.4270,1.0435,728,0.9012,1.0000,0.376665,-1.0459,1.2961,
2097,73.5001,-1.2953,10.9901,-0.5329,1.7773,731,0.9175,1.0000,0.376665,-1.2900,2.2011,
2098,73.5335,-1.5359,12.0271,-0.2406,1.0370,744,0.9325,1.0000,0.376665,-0.5750,1.2819,
2099,73.5668,-1.6676,11.6423,-0.1317,-0.3848,561,0.8850,1.0000,0.376665,-0.3453,-0.4682,
2100,73.6000,-1.5085,11.4742,0.1591,-0.1681,552,0.6925,1.0000,0.376665,0.3969,-0.2118,
2101,73.6503,-1.7858,11.2578,-0.2774,-0.2164,748,0.9350,1.0000,0.376665,-0.7082,-0.2566,
2102,73.6765,-1.3376,9.9504,0.4482,-1.3074,732,0.9150,1.0000,0.376665,1.0911,-1.6210,
2103,73.7028,-1.1405,10.1808,0.1971,0.2304,747,0.9337,1.0000,0.376665,0.5059,0.2764,
2104,73.7334,-1.4999,10.1296,-0.3595,-0.0512,556,0.6976,1.0000,0.376665,-0.9105,-0.0508,
2105,73.7683,-0.7961,7.9551,0.7038,-2.1745,735,0.9200,1.0000,0.376665,1.7093,-2.6948,
2106,73.8002,-0.5694,8.3754,0.2267,0.4204,742,0.9150,1.0000,0.376665,0.5867,0.5088,
2107,73.8332,-1.2263,8.7993,-0.6569,0.4239,745,0.9335,1.0000,0.376665,-1.6472,0.5427,
2108,73.8666,-0.8790,7.0865,0.3473,-1.7128,527,0.6625,1.0000,0.376665,0.8228,-2.1157,
2109,73.9000,-0.2433,6.2062,0.6357,-0.8803,745,0.9275,1.0000,0.376665,1.5788,-1.1027,
2110,73.9332,-0.6967,6.1565,-0.4534,-0.0497,546,0.6863,1.0000,0.376665,-1.1479,-0.0459,
2111,73.9665,-0.8178,6.7826,-0.1211,0.6261,740,0.6438,1.0000,0.376665,-0.2859,0.7732,
2112,74.0000,-1.0339,12.1578,-0.2161,5.3753,721,0.6038,1.0000,0.376665,-0.3730,6.6103,
2113,74.0332,-2.5885,17.7535,-1.5546,5.5956,605,0.6632,1.0000,0.376665,-3.7499,6.9258,
2114,74.0665,-2.6278,21.0787,-0.0393,3.3253,746,0.6100,1.0000,0.376665,0.0080,4.0861,
2115,74.0997,-2.6272,26.5377,0.0006,5.4590,539,0.6788,1.0000,0.376665,0.1777,6.7059,
2116,74.1332,-3.2888,30.6597,-0.6617,4.1220,699,0.8462,1.0000,0.376665,-1.5399,5.0857,
2117,74.1667,-3.2133,34.0148,0.0756,3.3551,535,0.4981,1.0000,0.376665,0.2993,4.1189,low_inlier
2118,74.2000,-3.1720,38.1003,0.0412,4.0855,520,0.6500,1.0000,0.376665,0.2361,5.0173,
2119,74.2332,-4.0686,43.6211,-0.8966,5.5209,523,0.6174,1.0000,0.376665,-2.0887,6.8120,
2120,74.2666,-3.4658,46.3311,0.6029,2.7100,545,0.4963,1.0000,0.376665,1.6117,3.3088,low_inlier
2121,74.3000,-1.5751,49.2337,1.8906,2.9026,484,0.5777,1.0000,0.376665,4.8738,3.5023,
2122,74.3330,-0.1729,54.2357,1.4022,5.0020,510,0.6312,1.0000,0.376665,3.7067,6.0976,
2123,74.3665,1.0884,57.6814,1.2613,3.4458,517,0.6255,1.0000,0.376665,3.3001,4.1906,
2124,74.3998,1.3524,56.7559,0.2640,-0.9255,548,0.6725,1.0000,0.376665,0.6376,-1.1458,
2125,74.4330,0.9969,57.5467,-0.3554,0.7908,521,0.6617,1.0000,0.376665,-0.8732,0.9833,
2126,74.4664,0.1141,58.2556,-0.8828,0.7089,515,0.6496,1.0000,0.376665,-2.2092,0.9004,
2127,74.5000,-0.8725,56.7123,-0.9866,-1.5433,504,0.6338,1.0000,0.376665,-2.5442,-1.8628,
2128,74.5350,-1.7872,55.3472,-0.9147,-1.3651,517,0.6438,1.0000,0.376665,-2.3568,-1.6463,
2129,74.5663,-2.7407,52.4174,-0.9535,-2.9298,507,0.6312,1.0000,0.376665,-2.5052,-3.5671,
2130,74.6009,-2.7048,48.3743,0.0359,-4.0430,506,0.6300,1.0000,0.376665,-0.0396,-4.9677,
2131,74.6514,-2.3817,48.6437,0.3231,0.2694,748,0.7000,1.0000,0.376665,0.8256,0.3201,
2132,74.6806,-2.2315,51.3778,0.1502,2.7341,531,0.6650,1.0000,0.376665,0.4680,3.3536,
2133,74.7072,-1.6455,53.9365,0.5860,2.5587,516,0.6450,1.0000,0.376665,1.5641,3.1236,
2134,74.7346,-1.0070,55.1742,0.6385,1.2376,519,0.6512,1.0000,0.376665,1.6543,1.4989,
2135,74.7675,-0.9407,57.0587,0.0662,1.8845,538,0.6737,1.0000,0.376665,0.2282,2.3128,
2136,74.8001,-0.2107,59.1524,0.7300,2.0937,723,0.9025,1.0000,0.376665,1.9133,2.5475,
2137,74.8331,0.2252,59.5663,0.4359,0.4139,536,0.6700,1.0000,0.376665,1.1155,0.4939,
2138,74.8662,-0.2651,59.6311,-0.4903,0.0648,544,0.6800,1.0000,0.376665,-1.2376,0.0960,
2139,74.8999,-0.6343,58.3231,-0.3692,-1.3080,536,0.6725,1.0000,0.376665,-0.9756,-1.5945,
2140,74.9331,-0.2751,57.1876,0.3592,-1.1355,748,0.9237,1.0000,0.376665,0.8716,-1.4069,
2141,74.9663,-0.0266,55.9245,0.2484,-1.2631,730,0.9300,1.0000,0.376665,0.5873,-1.5600,
2142,74.9995,0.1907,53.7285,0.2173,-2.1960,525,0.6587,1.0000,0.376665,0.4786,-2.7049,
2143,75.0329,0.4943,52.4813,0.3036,-1.2472,751,0.9387,1.0000,0.376665,0.7273,-1.5422,
2144,75.0668,0.8364,50.8452,0.3421,-1.6361,581,0.7063,1.0000,0.376665,0.8121,-2.0212,
2145,75.0995,0.3998,49.7441,-0.4366,-1.1011,540,0.6763,1.0000,0.376665,-1.1394,-1.3380,
2146,75.1332,0.1472,49.0909,-0.2525,-0.6532,739,0.9237,1.0000,0.376665,-0.6595,-0.7940,
2147,75.1662,0.5783,46.5443,0.4310,-2.5466,518,0.6488,1.0000,0.376665,1.0076,-3.1427,
2148,75.1994,0.2737,40.9171,-0.3046,-5.6272,522,0.4450,1.0000,0.376665,-0.9516,-6.9024,low_inlier
2149,75.2329,-0.6513,33.9181,-0.9250,-6.9990,523,0.3212,1.0000,0.376665,-2.5645,-8.5668,low_inlier
2150,75.2662,-0.3808,26.2725,0.2705,-7.6456,526,0.6482,1.0000,0.376665,0.4372,-9.4011,
2151,75.2995,0.8909,19.4680,1.2716,-6.8045,510,0.5470,1.0000,0.376665,2.9955,-8.4014,
2152,75.3327,1.3716,11.7859,0.4807,-7.6821,526,0.3693,1.0000,0.376665,0.9675,-9.4530,low_inlier
2153,75.3661,1.9400,2.3385,0.5685,-9.4473,498,0.4325,1.0000,0.376665,1.1324,-11.6243,low_inlier
2154,75.3995,2.2480,-4.4020,0.3080,-6.7405,651,0.6560,1.0000,0.376665,0.5612,-8.2905,
2155,75.4327,2.0225,-10.5724,-0.2255,-6.1704,534,0.6603,1.0000,0.376665,-0.7693,-7.5723,
2156,75.4660,2.6133,-15.5836,0.5908,-5.0112,488,0.5787,1.0000,0.376665,1.3320,-6.1756,
2157,75.4994,3.3363,-18.1404,0.7230,-2.5569,506,0.6462,1.0000,0.376665,1.7455,-3.1651,
2158,75.5327,3.8463,-21.5192,0.5101,-3.3787,464,0.5846,1.0000,0.376665,1.1806,-4.1676,
2159,75.5659,4.2182,-25.6461,0.3719,-4.1270,487,0.5310,1.0000,0.376665,0.8070,-5.0821,
2160,75.5993,4.9873,-28.5716,0.7691,-2.9254,472,0.5965,1.0000,0.376665,1.8503,-3.6194,
2161,75.6504,5.8574,-31.3901,0.8701,-2.8185,731,0.8988,1.0000,0.376665,2.1088,-3.4915,
2162,75.6775,6.1861,-34.3399,0.3287,-2.9498,563,0.7077,1.0000,0.376665,0.7359,-3.6346,
2163,75.7047,6.7371,-38.4383,0.5510,-4.0984,770,0.9575,1.0000,0.376665,1.2609,-5.0530,
2164,75.7325,6.6140,-44.6117,-0.1231,-6.1734,728,0.8132,1.0000,0.376665,-0.5104,-7.5794,
2165,75.7678,5.4828,-52.4217,-1.1312,-7.8100,742,0.7037,1.0000,0.376665,-3.1120,-9.5561,
2166,75.7999,3.6804,-60.0520,-1.8024,-7.6303,602,0.6181,1.0000,0.376665,-4.8032,-9.3129,
2167,75.8329,2.8434,-62.4600,-0.8370,-2.4080,539,0.6416,1.0000,0.376665,-2.1940,-2.9300,
2168,75.8671,3.7172,-64.1114,0.8738,-1.6514,512,0.6400,1.0000,0.376665,2.1559,-2.0578,
2169,75.8994,3.5806,-65.8444,-0.1365,-1.7330,528,0.6633,1.0000,0.376665,-0.4011,-2.1243,
2170,75.9343,3.1174,-67.0697,-0.4632,-1.2253,677,0.8593,1.0000,0.376665,-1.2107,-1.4897,
2171,75.9660,4.0206,-70.0695,0.9031,-2.9998,520,0.6625,1.0000,0.376665,2.1866,-3.7153,
2172,75.9997,5.4784,-72.9560,1.4579,-2.8865,672,0.8098,1.0000,0.376665,3.5928,-3.5947,
2173,76.0329,6.4423,-75.3645,0.9639,-2.4085,547,0.6663,1.0000,0.376665,2.3593,-2.9910,
2174,76.0662,6.8397,-77.5446,0.3973,-2.1801,529,0.6613,1.0000,0.376665,0.9343,-2.6913,
2175,76.0999,6.9282,-80.5513,0.0886,-3.0067,519,0.6499,1.0000,0.376665,0.1270,-3.6964,
2176,76.1329,7.0584,-83.4757,0.1302,-2.9244,700,0.7825,1.0000,0.376665,0.2348,-3.5968,
2177,76.1665,6.9664,-84.7937,-0.0921,-1.3180,675,0.8575,1.0000,0.376665,-0.2753,-1.6160,
2178,76.1997,6.5617,-86.8238,-0.4047,-2.0301,548,0.6963,1.0000,0.376665,-1.0886,-2.4803,
2179,76.2331,6.4358,-88.6327,-0.1259,-1.8089,666,0.8275,1.0000,0.376665,-0.3766,-2.2179,
2180,76.2664,6.6462,-89.6367,0.2103,-1.0041,527,0.6488,1.0000,0.376665,0.4994,-1.2405,
2181,76.2998,6.3366,-90.2345,-0.3095,-0.5978,546,0.7362,1.0000,0.376665,-0.8019,-0.7240,
2182,76.3326,5.9824,-88.3961,-0.3542,1.8384,514,0.4316,1.0000,0.376665,-0.8362,2.2702,low_inlier
2183,76.3661,6.4122,-81.6100,0.4297,6.7862,482,0.3802,1.0000,0.376665,1.3055,8.3219,low_inlier
2184,76.3992,5.5287,-80.4898,-0.8835,1.1202,751,0.0000,1.0000,0.376665,-2.1975,1.4056,low_inlier
2185,76.4332,3.5664,-77.3065,-1.9623,3.1833,769,0.0026,1.0000,0.376665,-4.8585,3.9761,low_inlier
2186,76.4661,1.5943,-72.7539,-1.9721,4.5526,760,0.0000,1.0000,0.376665,-4.8391,5.6585,low_inlier
2187,76.4997,0.4270,-77.3466,-1.1673,-4.5926,349,0.3404,1.0000,0.376665,-3.0995,-5.6026,low_inlier
2188,76.5326,-1.5185,-70.0765,-1.9455,7.2700,770,0.0000,1.0000,0.376665,-4.6843,8.9958,low_inlier
2189,76.5660,-5.1827,-56.3969,-3.6642,13.6796,658,0.0597,1.0000,0.376665,-8.8228,16.9270,low_inlier
2190,76.5992,-8.5847,-44.1868,-3.4021,12.2102,345,0.1117,1.0000,0.376665,-8.2075,15.1131,low_inlier
2191,76.6508,-11.1855,-33.2398,-2.6008,10.9469,327,0.2566,1.0000,0.376665,-6.2223,13.5345,low_inlier
2192,76.6781,-13.7447,-23.0178,-2.5592,10.2221,346,0.2113,1.0000,0.376665,-6.1406,12.6427,low_inlier
2193,76.7053,-15.6436,-15.2256,-1.8989,7.7922,546,0.5069,1.0000,0.376665,-4.5495,9.6357,
2194,76.7327,-15.7901,-5.5288,-0.1466,9.6967,526,0.3058,1.0000,0.376665,-0.0577,11.9165,low_inlier
2195,76.7671,-13.5112,10.6397,2.2789,16.1685,392,0.1614,1.0000,0.376665,6.2835,19.7854,low_inlier
2196,76.7991,-12.3604,21.6097,1.1508,10.9701,367,0.3176,1.0000,0.376665,3.2635,13.4373,low_inlier
2197,76.8332,-12.4757,24.6430,-0.1153,3.0332,514,0.6408,1.0000,0.376665,-0.1936,3.7299,
2198,76.8661,-12.5509,28.9702,-0.0752,4.3272,529,0.5927,1.0000,0.376665,-0.0506,5.3182,
2199,76.8992,-12.9521,36.6687,-0.4012,7.6985,508,0.5952,1.0000,0.376665,-0.7659,9.4705,
2200,76.9330,-13.8533,42.2278,-0.9011,5.5591,581,0.5585,1.0000,0.376665,-2.0989,6.8590,
2201,76.9662,-14.2864,43.4601,-0.4332,1.2323,592,0.7356,1.0000,0.376665,-1.0555,1.5283,
2202,76.9991,-14.2611,46.6311,0.0253,3.1709,495,0.6403,1.0000,0.376665,0.1664,3.8944,
2203,77.0330,-14.1230,49.2278,0.1381,2.5967,560,0.6792,1.0000,0.376665,0.4329,3.1853,
2204,77.0660,-12.7711,49.6325,1.3519,0.4047,496,0.6328,1.0000,0.376665,3.4310,0.4519,
2205,77.0994,-9.4976,50.4053,3.2735,0.7728,539,0.6201,1.0000,0.376665,8.3014,0.8398,
2206,77.1325,-4.5868,52.4416,4.9108,2.0362,365,0.2525,1.0000,0.376665,12.4818,2.3369,low_inlier
2207,77.1661,2.0243,56.8937,6.6111,4.4521,321,0.1754,1.0000,0.376665,16.8586,5.2477,low_inlier
2208,77.1992,7.5414,61.2482,5.5171,4.3545,310,0.2478,1.0000,0.376665,14.0893,5.1645,low_inlier
2209,77.2330,9.8917,60.3854,2.3503,-0.8628,603,0.3387,1.0000,0.376665,5.9145,-1.1386,low_inlier
2210,77.2660,9.8744,54.0262,-0.0173,-6.3592,460,0.4559,1.0000,0.376665,-0.2488,-7.8112,low_inlier
2211,77.2997,11.1900,46.2989,1.3156,-7.7273,375,0.4987,1.0000,0.376665,3.0769,-9.5364,low_inlier
2212,77.3327,14.4535,44.4490,3.2635,-1.8500,482,0.4036,1.0000,0.376665,8.1915,-2.3818,low_inlier
2213,77.3663,17.2307,46.3903,2.7772,1.9413,555,0.4280,1.0000,0.376665,7.0843,2.2917,low_inlier
2214,77.3993,19.3209,48.4945,2.0902,2.1042,512,0.4838,1.0000,0.376665,5.3526,2.5148,low_inlier
2215,77.4333,22.1746,50.1742,2.8536,1.6798,504,0.4411,1.0000,0.376665,7.2691,1.9679,low_inlier
2216,77.4669,25.1288,50.1170,2.9542,-0.0572,377,0.2604,1.0000,0.376665,7.4674,-0.1692,low_inlier
2217,77.4989,27.4252,49.0608,2.2964,-1.0562,156,0.1570,1.0000,0.376665,5.7718,-1.3743,low_inlier
2218,77.5327,29.7663,45.7515,2.3411,-3.3094,131,0.2364,1.0000,0.376665,5.8123,-4.1437,low_inlier
2219,77.5655,33.0029,42.1160,3.2366,-3.6355,437,0.5059,1.0000,0.376665,8.0659,-4.5743,
2220,77.5995,34.1468,36.6275,1.1439,-5.4885,584,0.5778,1.0000,0.376665,2.7151,-6.7804,
2221,77.6501,35.0102,26.9387,0.8633,-9.6888,543,0.6350,1.0000,0.376665,1.8701,-11.9308,
2222,77.6777,36.1279,19.5915,1.1178,-7.3472,523,0.4408,1.0000,0.376665,2.5890,-9.0629,low_inlier
2223,77.7052,33.3976,14.5685,-2.7303,-5.0230,623,0.5415,1.0000,0.376665,-7.0652,-6.0790,
2224,77.7327,32.6463,11.6216,-0.7513,-2.9469,792,0.0000,1.0000,0.376665,-1.9946,-3.5949,low_inlier
2225,77.7663,30.0668,8.0744,-2.5795,-3.5472,538,0.4899,1.0000,0.376665,-6.6362,-4.2711,low_inlier
2226,77.7987,26.4622,7.7041,-3.6046,-0.3703,520,0.5395,1.0000,0.376665,-9.1256,-0.3342,
2227,77.8326,21.1126,8.5427,-5.3496,0.8386,615,0.4053,1.0000,0.376665,-13.4983,1.2093,low_inlier
2228,77.8653,15.7808,10.4922,-5.3318,1.9495,460,0.1690,1.0000,0.376665,-13.4176,2.5733,low_inlier
2229,77.8987,9.0404,11.6218,-6.7404,1.1296,232,0.0352,1.0000,0.376665,-17.0054,1.6133,low_inlier
2230,77.9318,8.2493,12.0640,-0.7911,0.4423,465,0.0000,1.0000,0.376665,-1.9858,0.5698,low_inlier
2231,77.9651,4.8843,12.1198,-3.3650,0.0558,323,0.2675,1.0000,0.376665,-8.5060,0.1812,low_inlier
2232,77.9985,4.9070,9.9104,0.0227,-2.2094,268,0.2968,1.0000,0.376665,-0.0139,-2.7149,low_inlier
2233,78.0319,5.8899,6.7641,0.9829,-3.1462,315,0.2334,1.0000,0.376665,2.3836,-3.8978,low_inlier
2234,78.0651,4.4228,7.7320,-1.4672,0.9678,333,0.1658,1.0000,0.376665,-3.6782,1.2380,low_inlier
2235,78.0992,1.8723,8.7212,-2.5505,0.9893,326,0.4422,1.0000,0.376665,-6.4164,1.3006,low_inlier
2236,78.1322,1.8804,6.3708,0.0081,-2.3505,326,0.2786,1.0000,0.376665,-0.0554,-2.8876,low_inlier
2237,78.1652,4.6465,1.6004,2.7661,-4.7704,234,0.1897,1.0000,0.376665,6.8397,-5.9527,low_inlier
2238,78.1992,6.9297,-5.4278,2.2832,-7.0282,266,0.1064,1.0000,0.376665,5.5460,-8.7100,low_inlier
2239,78.2324,8.2378,-13.9577,1.3081,-8.5299,281,0.2921,1.0000,0.376665,3.0320,-10.5221,low_inlier
2240,78.2657,7.2002,-22.3615,-1.0376,-8.4038,264,0.3564,1.0000,0.376665,-2.8945,-10.2887,low_inlier
2241,78.2983,5.8166,-27.4551,-1.3836,-5.0936,210,0.3233,1.0000,0.376665,-3.6625,-6.2108,low_inlier
2242,78.3317,4.1144,-26.6988,-1.7022,0.7564,217,0.2936,1.0000,0.376665,-4.2794,0.9861,low_inlier
2243,78.3653,-2.3737,-27.5500,-6.4881,-0.8512,155,0.0124,1.0000,0.376665,-16.4313,-0.8284,low_inlier
2244,78.3989,-10.7590,-19.5331,-8.3853,8.0169,163,0.0670,1.0000,0.376665,-20.9419,10.1289,low_inlier
2245,78.4323,-12.2929,-16.7762,-1.5339,2.7568,320,0.1690,1.0000,0.376665,-3.7892,3.4379,low_inlier
2246,78.4652,-6.9302,-23.4810,5.3626,-6.7048,229,0.0795,1.0000,0.376665,13.3420,-8.4159,low_inlier
2247,78.4984,-1.6019,-35.8143,5.3284,-12.3333,298,0.0690,1.0000,0.376665,13.0738,-15.3288,low_inlier
2248,78.5318,1.6712,-48.3826,3.2731,-12.5683,198,0.2696,1.0000,0.376665,7.8699,-15.5487,low_inlier
2249,78.5655,-0.7052,-63.4535,-2.3764,-15.0710,488,0.0013,1.0000,0.376665,-6.4947,-18.4339,low_inlier
2250,78.5990,-8.6147,-69.9216,-7.9095,-6.4680,352,0.0409,1.0000,0.376665,-20.2063,-7.6807,low_inlier
2251,78.6523,-6.7755,-70.7024,1.8392,-0.7808,323,0.2155,1.0000,0.376665,4.6248,-1.0207,low_inlier
2252,78.6804,-4.6035,-62.0622,2.1720,8.6401,784,0.0000,1.0000,0.376665,5.7703,10.5410,low_inlier
2253,78.7079,3.6904,-67.7150,8.2939,-5.6528,754,0.0975,1.0000,0.376665,20.7873,-7.2217,low_inlier
2254,78.7354,9.2133,-74.4187,5.5228,-6.7037,350,0.1187,1.0000,0.376665,13.7471,-8.4199,low_inlier
2255,78.7653,12.7502,-79.2887,3.5369,-4.8700,443,0.0976,1.0000,0.376665,8.7852,-6.1008,low_inlier
2256,78.7983,17.8276,-82.7175,5.0774,-3.4288,392,0.0841,1.0000,0.376665,12.7267,-4.3821,low_inlier
2257,78.8321,22.5281,-80.4816,4.7005,2.2359,566,0.3233,1.0000,0.376665,11.9564,2.5892,low_inlier
2258,78.8651,22.8953,-80.4206,0.3672,0.0610,771,0.8411,1.0000,0.376665,0.9305,0.0627,
2259,78.8981,23.9373,-83.6761,1.0420,-3.2555,723,0.8738,1.0000,0.376665,2.5294,-4.0340,
2260,78.9316,26.4037,-85.4155,2.4664,-1.7394,742,0.7534,1.0000,0.376665,6.1796,-2.2193,
2261,78.9650,27.7453,-90.7284,1.3416,-5.3129,759,0.4155,1.0000,0.376665,3.2206,-6.5714,low_inlier
2262,78.9981,26.9556,-94.0096,-0.7897,-3.2812,750,0.5645,1.0000,0.376665,-2.1025,-4.0042,
2263,79.0315,26.6295,-92.6613,-0.3261,1.3483,761,0.9263,1.0000,0.376665,-0.7810,1.6672,
2264,79.0651,26.6023,-95.1877,-0.0272,-2.5263,749,0.3488,1.0000,0.376665,-0.1503,-3.1025,low_inlier
2265,79.0981,25.1842,-91.1031,-1.4181,4.0846,390,0.3842,1.0000,0.376665,-3.4535,5.0650,low_inlier
2266,79.1321,28.2994,-89.9845,3.1152,1.1186,647,0.1135,1.0000,0.376665,7.9123,1.2699,low_inlier
2267,79.1650,29.3134,-81.3359,1.0140,8.6485,559,0.0725,1.0000,0.376665,2.8427,10.5901,low_inlier
2268,79.1987,29.9338,-83.6502,0.6205,-2.3143,356,0.1079,1.0000,0.376665,1.4940,-2.8636,low_inlier
2269,79.2317,21.4975,-76.6739,-8.4363,6.9763,391,0.0652,1.0000,0.376665,-21.1045,8.8523,low_inlier
2270,79.2649,15.5078,-71.6431,-5.9898,5.0308,496,0.0166,1.0000,0.376665,-14.9817,6.3804,low_inlier
2271,79.2980,16.9249,-81.6230,1.4172,-9.9799,219,0.1474,1.0000,0.376665,3.2610,-12.3070,low_inlier
2272,79.3314,8.8075,-30.9918,-8.1174,50.6312,632,0.0000,1.0000,0.376665,-18.8895,62.4682,low_inlier
2273,79.3649,-9.8463,6.0575,-18.6539,37.0493,316,0.0751,1.0000,0.376665,-45.9673,46.1367,low_inlier
2274,79.3980,-23.3403,30.1323,-13.4940,24.0749,580,0.0000,1.0000,0.376665,-33.3401,30.0258,low_inlier
2275,79.4333,-27.7779,93.3385,-4.4376,63.2062,654,0.0000,1.0000,0.376665,-9.1801,77.7924,low_inlier
2276,79.4648,-27.8725,94.2666,-0.0946,0.9281,455,0.0293,1.0000,0.376665,-0.2094,1.1433,low_inlier
2277,79.4980,-27.4121,96.1867,0.4605,1.9201,669,0.0201,1.0000,0.376665,1.2261,2.3432,low_inlier
2278,79.5313,-27.7761,96.3339,-0.3640,0.1472,573,0.1516,1.0000,0.376665,-0.9155,0.1931,low_inlier
2279,79.5647,-27.9993,95.4383,-0.2232,-0.8956,604,0.0468,1.0000,0.376665,-0.5933,-1.0927,low_inlier
2280,79.5980,-30.1300,88.1474,-2.1307,-7.2910,102,0.0029,1.0000,0.376665,-5.6224,-8.8851,low_inlier
2281,79.6518,-15.1006,47.3673,15.0294,-40.7800,533,0.0122,1.0000,0.376665,36.6832,-50.5983,low_inlier
2282,79.6799,-5.0423,0.5052,10.0583,-46.8621,386,0.0000,1.0000,0.376665,23.9184,-57.9031,low_inlier
2283,79.7085,-4.6580,-77.8686,0.3843,-78.3738,460,0.0000,1.0000,0.376665,-1.5573,-96.2889,low_inlier
2284,79.7376,-4.9307,-153.6210,-0.2727,-75.7524,420,0.0203,1.0000,0.376665,-3.1338,-93.0467,low_inlier
2285,79.7668,-7.0175,-163.5806,-2.0868,-9.9596,345,0.0054,1.0000,0.376665,-5.5974,-12.1647,low_inlier
2286,79.7982,-14.7055,-148.6640,-7.6880,14.9166,394,0.0014,1.0000,0.376665,-18.9563,18.5813,low_inlier
2287,79.8323,-25.9762,-94.1905,-11.2707,54.4735,289,0.0077,1.0000,0.376665,-26.7382,67.2937,low_inlier
2288,79.8651,-34.9332,-38.7534,-8.9570,55.4371,145,0.0125,1.0000,0.376665,-20.8572,68.4000,low_inlier
2289,79.8984,-37.1593,14.4701,-2.2261,53.2236,237,0.0254,1.0000,0.376665,-3.9108,65.4554,low_inlier
2290,79.9319,-40.1585,65.5536,-2.9993,51.0834,557,0.0052,1.0000,0.376665,-5.9348,62.8524,low_inlier
2291,79.9651,-46.7779,89.0049,-6.6194,23.4514,617,0.0555,1.0000,0.376665,-15.9792,29.0298,low_inlier
2292,79.9983,-48.2518,85.8481,-1.4739,-3.1568,610,0.1367,1.0000,0.376665,-3.8283,-3.8286,low_inlier
2293,80.0320,-40.3124,71.1158,7.9394,-14.7322,685,0.0067,1.0000,0.376665,19.5979,-18.3632,low_inlier
2294,80.0651,-28.7634,31.8917,11.5490,-39.2242,522,0.0233,1.0000,0.376665,27.9337,-48.5705,low_inlier
2295,80.0986,-12.2775,1.0600,16.4860,-30.8317,314,0.0294,1.0000,0.376665,40.6868,-38.4263,low_inlier
2296,80.1322,3.0045,-31.9040,15.2819,-32.9639,350,0.0379,1.0000,0.376665,37.5738,-41.0052,low_inlier
2297,80.1703,12.5865,-53.2699,9.5821,-21.3660,633,0.0000,1.0000,0.376665,23.5370,-26.5672,low_inlier
2298,80.1996,20.2948,-69.7774,7.7083,-16.5075,640,0.0000,1.0000,0.376665,18.9562,-20.5362,low_inlier
2299,80.2318,19.2139,-72.4189,-1.0809,-2.6415,139,0.0248,1.0000,0.376665,-2.8181,-3.2087,low_inlier
2300,80.2646,16.4160,-76.3232,-2.7979,-3.9043,465,0.0834,1.0000,0.376665,-7.2000,-4.7025,low_inlier
2301,80.2978,13.1623,-85.6677,-3.2536,-9.3445,567,0.0114,1.0000,0.376665,-8.5277,-11.3701,low_inlier
2302,80.3310,12.4761,-83.4344,-0.6863,2.2334,542,0.1798,1.0000,0.376665,-1.6630,2.7665,low_inlier
2303,80.3643,12.5588,-72.7218,0.0827,10.7126,442,0.0255,1.0000,0.376665,0.5547,13.1568,low_inlier
2304,80.3979,4.5078,-66.8696,-8.0510,5.8521,402,0.0346,1.0000,0.376665,-20.1665,7.4584,low_inlier
2305,80.4311,-8.0698,-66.3571,-12.5776,0.5125,426,0.0353,1.0000,0.376665,-31.7834,1.0507,low_inlier
2306,80.4694,-8.3120,-63.7214,-0.2422,2.6357,481,0.0880,1.0000,0.376665,-0.5273,3.2459,low_inlier
2307,80.4984,-0.4492,-57.1661,7.8627,6.5552,420,0.0625,1.0000,0.376665,20.0909,7.7893,low_inlier
2308,80.5306,-9.5428,-56.9606,-9.0936,0.2055,239,0.0000,1.0000,0.376665,-22.9847,0.5569,low_inlier
2309,80.5643,-11.1022,-63.0999,-1.5594,-6.1392,58,0.0448,1.0000,0.376665,-4.1408,-7.4893,low_inlier
2310,80.5979,-8.4822,-67.9212,2.6201,-4.8213,169,0.1361,1.0000,0.376665,6.4688,-6.0103,low_inlier
2311,80.6541,-2.8091,-73.4779,5.6731,-5.5567,295,0.0064,1.0000,0.376665,14.1639,-7.0159,low_inlier
2312,80.6823,-1.3475,-80.5179,1.4616,-7.0400,557,0.2172,1.0000,0.376665,3.4682,-8.6970,low_inlier
2313,80.7103,-3.0081,-88.6029,-1.6606,-8.0851,501,0.5741,1.0000,0.376665,-4.4595,-9.8763,
2314,80.7383,-2.1821,-97.0955,0.8261,-8.4926,539,0.4919,1.0000,0.376665,1.8146,-10.4601,low_inlier
2315,80.7666,1.6550,-100.7487,3.8370,-3.6532,376,0.0627,1.0000,0.376665,9.5833,-4.6161,low_inlier
2316,80.7980,6.7330,-98.9838,5.0780,1.7649,432,0.0866,1.0000,0.376665,12.8957,1.9980,low_inlier
2317,80.8324,9.2487,-96.4758,2.5158,2.5080,461,0.1248,1.0000,0.376665,6.4416,2.9967,low_inlier
2318,80.8650,11.3725,-94.9914,2.1237,1.4844,565,0.1626,1.0000,0.376665,5.4174,1.7524,low_inlier
2319,80.8988,11.7319,-94.2063,0.3595,0.7850,602,0.6871,1.0000,0.376665,0.9342,0.9523,
2320,80.9313,6.9729,-93.3012,-4.7591,0.9051,560,0.4086,1.0000,0.376665,-12.0032,1.2712,low_inlier
2321,80.9649,3.0645,-93.5711,-3.9083,-0.2699,544,0.4082,1.0000,0.376665,-9.8901,-0.2007,low_inlier
2322,80.9981,1.3092,-94.8531,-1.7554,-1.2820,601,0.5947,1.0000,0.376665,-4.4795,-1.5160,
2323,81.0312,-0.2089,-95.1416,-1.5181,-0.2885,615,0.7535,1.0000,0.376665,-3.8475,-0.3036,
2324,81.0643,-0.0261,-94.4993,0.1828,0.6423,621,0.7869,1.0000,0.376665,0.4829,0.7829,
2325,81.0981,0.1656,-95.8797,0.1918,-1.3804,631,0.7987,1.0000,0.376665,0.4403,-1.7021,
2326,81.1312,1.1418,-97.6863,0.9761,-1.8066,612,0.7497,1.0000,0.376665,2.4097,-2.2519,
2327,81.1648,2.0868,-97.5040,0.9451,0.1823,617,0.7760,1.0000,0.376665,2.3953,0.1923,
2328,81.1977,1.1890,-96.3010,-0.8978,1.2030,604,0.7660,1.0000,0.376665,-2.2311,1.5079,
2329,81.2307,0.7401,-94.4487,-0.4489,1.8523,630,0.6333,1.0000,0.376665,-1.0752,2.2904,
2330,81.2747,0.4723,-92.3045,-0.2678,2.1442,623,0.7820,1.0000,0.376665,-0.6079,2.6429,
2331,81.3033,0.1003,-92.1524,-0.3720,0.1521,641,0.7700,1.0000,0.376665,-0.9355,0.1993,
2332,81.3311,-1.0026,-2.9981,-1.0026,-2.9981,619,0.7500,1.0000,0.376665,-2.6317,-3.6494,
2333,81.3696,-2.0381,-5.4699,-1.0354,-2.4718,613,0.7275,1.0000,0.376665,-2.6976,-3.0017,
2334,81.3977,-2.2087,-8.1840,-0.1707,-2.7141,582,0.6288,1.0000,0.376665,-0.5191,-3.3284,
2335,81.4311,-4.7546,-16.6760,-2.5459,-8.4920,288,0.0483,1.0000,0.376665,-6.7108,-10.3465,low_inlier
2336,81.4644,-11.4081,-26.1463,-6.6535,-9.4703,367,0.0902,1.0000,0.376665,-17.1277,-11.4107,low_inlier
2337,81.4980,-19.8850,-39.2868,-8.4769,-13.1405,353,0.0355,1.0000,0.376665,-21.8561,-15.8583,low_inlier
2338,81.5307,-32.3773,-58.4103,-12.4923,-19.1235,479,0.0095,1.0000,0.376665,-32.2014,-23.0734,low_inlier
2339,81.5647,-48.7865,-85.6065,-16.4092,-27.1962,561,0.0029,1.0000,0.376665,-42.3652,-32.8590,low_inlier
2340,81.5980,-65.6295,-108.0644,-16.8430,-22.4579,92,0.0231,1.0000,0.376665,-43.3089,-27.0238,low_inlier
2341,81.6500,-72.9734,-118.2459,-7.3439,-10.1815,409,0.1473,1.0000,0.376665,-18.8962,-12.2613,low_inlier
2342,81.6765,-3.6615,-9.3689,-3.6615,-9.3689,372,0.2877,1.0000,0.376665,-9.5596,-11.3863,low_inlier
2343,81.7033,-10.1901,-18.3992,-6.5286,-9.0303,411,0.4700,1.0000,0.376665,-16.7977,-10.8744,low_inlier
2344,81.7312,-17.3497,-27.8999,-7.1597,-9.5008,403,0.4034,1.0000,0.376665,-18.4084,-11.4312,low_inlier
2345,81.7641,-20.2490,-31.7402,-2.8993,-3.8402,354,0.3228,1.0000,0.376665,-7.4541,-4.6203,low_inlier
2346,81.7971,-22.8464,-26.2861,-2.5974,5.4540,412,0.3572,1.0000,0.376665,-6.3910,6.7868,low_inlier
2347,81.8311,-18.7362,-24.5864,4.1102,1.6998,153,0.2021,1.0000,0.376665,10.4466,1.9504,low_inlier
2348,81.8640,-18.0507,-24.4553,0.6855,0.1310,282,0.1172,1.0000,0.376665,1.7373,0.1380,low_inlier
2349,81.8974,-12.3103,-40.8712,5.7404,-16.4159,294,0.0100,1.0000,0.376665,13.9839,-20.3578,low_inlier
2350,81.9306,-1.8187,22.6611,10.4916,63.5323,333,0.0064,1.0000,0.376665,28.5759,77.6931,low_inlier
2351,81.9642,6.0127,65.8242,7.8314,43.1631,485,0.0015,1.0000,0.376665,21.1931,52.7603,low_inlier
2352,81.9977,7.2960,93.8876,1.2833,28.0634,692,0.0270,1.0000,0.376665,4.1501,34.4307,low_inlier
2353,82.0312,-1.6549,13.1036,-1.6549,13.1036,650,0.0205,1.0000,0.376665,-3.7612,16.1522,low_inlier
2354,82.0640,-4.3892,19.9224,-2.7343,6.8188,323,0.3321,1.0000,0.376665,-6.6932,8.4679,low_inlier
2355,82.0976,-3.4763,28.8585,0.9129,8.9361,359,0.1757,1.0000,0.376665,2.5965,10.9467,low_inlier
2356,82.1309,-0.1173,24.5664,3.3590,-4.2921,362,0.2443,1.0000,0.376665,8.3541,-5.3850,low_inlier
2357,82.1644,6.9389,16.4258,7.0562,-8.1406,307,0.1089,1.0000,0.376665,17.5776,-10.2363,low_inlier
2358,82.1973,9.8450,13.0072,2.9060,-3.4187,704,0.0013,1.0000,0.376665,7.2371,-4.2969,low_inlier
2359,82.2312,10.4471,9.1006,0.6021,-3.9066,706,0.0039,1.0000,0.376665,1.3963,-4.8191,low_inlier
2360,82.2643,14.9230,-1.2262,4.4759,-10.3268,464,0.0157,1.0000,0.376665,10.9833,-12.8356,low_inlier
2361,82.2976,10.8716,-17.4458,-4.0514,-16.2196,117,0.0658,1.0000,0.376665,-10.7665,-19.7888,low_inlier
2362,82.3309,-18.7160,-37.2650,-18.7160,-37.2650,252,0.0816,1.0000,0.376665,-48.5223,-45.1504,low_inlier
2363,82.3639,-39.1357,-71.4686,-20.4196,-34.2036,301,0.1090,1.0000,0.376665,-52.7308,-41.3327,low_inlier
2364,82.3976,-61.0344,-108.5138,-21.8987,-37.0452,518,0.0000,1.0000,0.376665,-56.5621,-44.7739,low_inlier
2365,82.4315,-81.8926,-149.2272,-20.8582,-40.7134,179,0.0386,1.0000,0.376665,-54.0496,-49.3148,low_inlier
2366,82.4642,-101.9534,-158.8937,-20.0608,-9.6665,244,0.2633,1.0000,0.376665,-51.0319,-11.2028,low_inlier
2367,82.4974,-119.6245,-163.4993,-17.6711,-4.6056,377,0.0035,1.0000,0.376665,-44.8266,-5.0659,low_inlier
2368,82.5310,-130.5226,-169.9408,-10.8981,-6.4415,472,0.0104,1.0000,0.376665,-27.7616,-7.5480,low_inlier
2369,82.5642,-137.2199,-176.5616,-6.6973,-6.6209,299,0.1252,1.0000,0.376665,-17.1465,-7.9090,low_inlier
2370,82.5975,-140.9018,-181.5809,-3.6819,-5.0193,366,0.1205,1.0000,0.376665,-9.4709,-6.0425,low_inlier
2371,82.6478,-1.6206,-0.3584,-1.6206,-0.3584,549,0.3560,1.0000,0.376665,-4.1089,-0.3860,low_inlier
2372,82.6747,0.4602,2.9500,2.0808,3.3084,496,0.6168,1.0000,0.376665,5.3676,3.9944,
2373,82.7023,5.0929,15.4305,4.6327,12.4805,414,0.2661,1.0000,0.376665,12.1155,15.1762,low_inlier
2374,82.7311,10.7341,34.4148,5.6412,18.9843,363,0.2141,1.0000,0.376665,14.8754,23.1318,low_inlier
2375,82.7642,9.8154,49.9208,-0.9187,15.5060,682,0.0192,1.0000,0.376665,-1.8224,19.0787,low_inlier
2376,82.7975,8.1314,59.5999,-1.6840,9.6791,776,0.0000,1.0000,0.376665,-3.9453,11.9464,low_inlier
2377,82.8313,10.1324,63.8944,2.0009,4.2945,267,0.0705,1.0000,0.376665,5.1976,5.2085,low_inlier
2378,82.8636,25.8916,109.6057,15.7592,45.7114,368,0.0030,1.0000,0.376665,41.3190,55.6251,low_inlier
2379,82.8977,44.6684,151.0540,18.7768,41.4482,571,0.0100,1.0000,0.376665,48.8110,50.2872,low_inlier
2380,82.9309,65.0533,175.7706,20.3850,24.7166,638,0.0000,1.0000,0.376665,52.3370,29.6798,low_inlier
2381,82.9639,73.4575,177.4375,8.4042,1.6669,581,0.0000,1.0000,0.376665,21.3022,1.7663,low_inlier
2382,82.9971,0.5606,-0.3508,0.5606,-0.3508,410,0.0239,1.0000,0.376665,1.4060,-0.4498,low_inlier
2383,83.0307,1.3481,-0.8792,0.7875,-0.5284,495,0.0166,1.0000,0.376665,1.9739,-0.6754,low_inlier
2384,83.0639,7.6004,-4.9376,6.2524,-4.0584,333,0.1639,1.0000,0.376665,15.6770,-5.1948,low_inlier
2385,83.0974,12.7719,-7.8208,5.1715,-2.8832,741,0.0429,1.0000,0.376665,12.9820,-3.7149,low_inlier
2386,83.1311,12.5760,-7.8369,-0.1959,-0.0161,499,0.0545,1.0000,0.376665,-0.4957,-0.0132,low_inlier
2387,83.1632,12.6740,-7.5923,0.0980,0.2446,405,0.0843,1.0000,0.376665,0.2556,0.2972,low_inlier
2388,83.1973,12.2802,-7.3338,-0.3938,0.2585,403,0.0369,1.0000,0.376665,-0.9873,0.3307,low_inlier
2389,83.2309,11.1138,-4.4284,-1.1664,2.9054,641,0.0038,1.0000,0.376665,-2.8552,3.6081,low_inlier
2390,83.2638,11.0474,-6.8446,-0.0664,-2.4162,503,0.0013,1.0000,0.376665,-0.2457,-2.9659,low_inlier
2391,83.2972,11.1294,-8.3489,0.0820,-1.5043,492,0.0054,1.0000,0.376665,0.1587,-1.8507,low_inlier
2392,83.3309,13.6997,-7.3442,2.5702,1.0047,212,0.0017,1.0000,0.376665,6.5308,1.1481,low_inlier
2393,83.3642,13.5429,-8.6032,-0.1568,-1.2590,529,0.0102,1.0000,0.376665,-0.4370,-1.5413,low_inlier
2394,83.3971,16.6153,-8.7951,3.0724,-0.1919,220,0.0043,1.0000,0.376665,7.7617,-0.3386,low_inlier
2395,83.4323,17.5621,-9.4290,0.9468,-0.6339,451,0.0098,1.0000,0.376665,2.3733,-0.8105,low_inlier
2396,83.4638,2.0558,-13.5319,2.0558,-13.5319,325,0.0529,1.0000,0.376665,4.7610,-16.6917,low_inlier
2397,83.4969,2.7117,-22.8479,0.6559,-9.3160,294,0.1278,1.0000,0.376665,1.3576,-11.4659,low_inlier
2398,83.5302,0.3917,-27.4635,-2.3199,-4.6157,465,0.2369,1.0000,0.376665,-6.0144,-5.5923,low_inlier
2399,83.5638,-6.3495,-30.5733,-6.7413,-3.1098,358,0.0620,1.0000,0.376665,-17.1443,-3.5944,low_inlier
2400,83.5973,-15.8603,-32.3791,-9.5107,-1.8058,626,0.0068,1.0000,0.376665,-24.1043,-1.8999,low_inlier
2401,83.6479,-27.4122,-32.6067,-11.5519,-0.2276,709,0.0219,1.0000,0.376665,-29.2142,0.1071,low_inlier
2402,83.6752,-34.3273,-29.7803,-6.9150,2.8264,698,0.0000,1.0000,0.376665,-17.3922,3.7036,low_inlier
2403,83.7025,-39.5580,-23.3531,-5.2307,6.4272,725,0.0000,1.0000,0.376665,-13.0175,8.0704,low_inlier
2404,83.7304,-48.2693,-14.8824,-8.7113,8.4707,694,0.0333,1.0000,0.376665,-21.7515,10.6973,low_inlier
2405,83.7641,-61.9449,-3.6945,-13.6756,11.1879,626,0.0014,1.0000,0.376665,-34.2152,14.2014,low_inlier
2406,83.7973,-16.4623,6.7229,-16.4623,6.7229,438,0.0044,1.0000,0.376665,-41.4048,8.8097,low_inlier
2407,83.8302,-31.5887,11.2336,-15.1265,4.5107,473,0.0549,1.0000,0.376665,-38.0988,6.0475,low_inlier
2408,83.8636,-45.3597,20.7687,-13.7709,9.5351,462,0.0574,1.0000,0.376665,-34.5095,12.1742,low_inlier
2409,83.8972,-54.1096,25.3087,-8.7499,4.5400,491,0.0441,1.0000,0.376665,-21.9760,5.8699,low_inlier
2410,83.9300,-58.8700,33.0036,-4.7604,7.6949,241,0.0724,1.0000,0.376665,-11.7875,9.6120,low_inlier
2411,83.9631,-62.8956,44.8478,-4.0256,11.8443,334,0.1117,1.0000,0.376665,-9.7958,14.6845,low_inlier
2412,83.9966,-63.8221,59.6971,-0.9265,14.8492,328,0.0259,1.0000,0.376665,-1.8633,18.2721,low_inlier
2413,84.0301,-60.0408,75.9786,3.7813,16.2815,322,0.0000,1.0000,0.376665,10.0856,19.8740,low_inlier
2414,84.0632,4.4545,10.2716,4.4545,10.2716,482,0.0013,1.0000,0.376665,11.5937,12.4687,low_inlier
2415,84.0972,9.7242,38.9137,5.2697,28.6421,474,0.0000,1.0000,0.376665,14.2477,35.0081,low_inlier
2416,84.1301,13.9335,74.3450,4.2093,35.4313,517,0.0014,1.0000,0.376665,11.7856,43.3837,low_inlier
2417,84.1637,18.6803,104.8522,4.7469,30.5072,422,0.0015,1.0000,0.376665,12.9860,37.3168,low_inlier
2418,84.1970,24.7306,117.5855,6.0503,12.7332,379,0.0164,1.0000,0.376665,15.7079,15.4392,low_inlier
2419,84.2302,31.5759,123.7849,6.8453,6.1994,409,0.0343,1.0000,0.376665,17.5070,7.3863,low_inlier
2420,84.2632,45.2757,124.3918,13.6997,0.6069,453,0.0040,1.0000,0.376665,34.6567,0.2868,low_inlier
2421,84.2965,16.1230,1.1233,16.1230,1.1233,350,0.0171,1.0000,0.376665,40.8003,0.8400,low_inlier
2422,84.3302,32.9108,-5.9461,16.7878,-7.0694,388,0.0014,1.0000,0.376665,42.2166,-9.2462,low_inlier
2423,84.3634,50.5955,-22.4143,17.6847,-16.4683,500,0.0000,1.0000,0.376665,44.1809,-20.8221,low_inlier
2424,84.3969,76.5655,-55.9053,25.9700,-33.4910,320,0.0113,1.0000,0.376665,64.5796,-42.0105,low_inlier
2425,84.4300,98.9300,-94.9760,22.3646,-39.0707,317,0.0017,1.0000,0.376665,55.2838,-48.7440,low_inlier
2426,84.4632,12.3561,-30.4871,12.3561,-30.4871,304,0.0000,1.0000,0.376665,30.2562,-37.8647,low_inlier
2427,84.4970,19.1456,-30.7081,6.7895,-0.2210,519,0.0102,1.0000,0.376665,17.1589,-0.4988,low_inlier
2428,84.5300,20.7058,-34.0147,1.5602,-3.3065,361,0.0079,1.0000,0.376665,3.8380,-4.1140,low_inlier
2429,84.5632,16.8088,-36.3633,-3.8970,-2.3486,604,0.0029,1.0000,0.376665,-9.9286,-2.7546,low_inlier
2430,84.5963,1.1840,-68.7375,-15.6248,-32.3743,213,0.0029,1.0000,0.376665,-40.5490,-39.2461,low_inlier
2431,84.6490,-17.9538,-17.2540,-17.9538,-17.2540,274,0.0580,1.0000,0.376665,-45.9494,-20.5941,low_inlier
2432,84.6764,-33.9787,-30.0375,-16.0249,-12.7835,629,0.0164,1.0000,0.376665,-40.9284,-15.1670,low_inlier
2433,84.7039,-48.2675,-31.5750,-14.2889,-1.5375,624,0.0144,1.0000,0.376665,-36.1763,-1.4103,low_inlier
2434,84.7320,-65.0750,-20.4989,-16.8074,11.0762,221,0.0322,1.0000,0.376665,-42.1370,14.1690,low_inlier
2435,84.7635,-80.8525,-4.6201,-15.7776,15.8788,530,0.0015,1.0000,0.376665,-39.3782,20.0340,low_inlier
2436,84.7964,-17.1847,34.4308,-17.1847,34.4308,155,0.0211,1.0000,0.376665,-42.3373,42.8708,low_inlier
2437,84.8303,-35.3665,50.1721,-18.1818,15.7414,90,0.0056,1.0000,0.376665,-45.4613,19.9458,low_inlier
2438,84.8630,-46.6722,66.4974,-11.3057,16.3253,404,0.0083,1.0000,0.376665,-28.0574,20.4328,low_inlier
2439,84.8969,-51.4562,65.1314,-4.7840,-1.3660,189,0.0000,1.0000,0.376665,-12.1395,-1.5179,low_inlier
2440,84.9300,-59.3346,62.8681,-7.8784,-2.2633,336,0.0000,1.0000,0.376665,-19.9920,-2.5164,low_inlier
2441,84.9631,-66.1262,144.0112,-6.7916,81.1431,201,0.0019,1.0000,0.376665,-14.5531,99.9052,low_inlier
2442,84.9966,-54.9290,266.5078,11.1972,122.4966,270,0.0022,1.0000,0.376665,32.2626,150.1024,low_inlier
2443,85.0299,-57.1080,270.5442,-2.1790,4.0365,156,0.0080,1.0000,0.376665,-5.3790,5.0314,low_inlier
2444,85.0631,-57.2637,271.1079,-0.1557,0.5637,272,0.0336,1.0000,0.376665,-0.3754,0.6977,low_inlier
2445,85.0967,-57.3914,266.2960,-0.1278,-4.8119,141,0.0048,1.0000,0.376665,-0.4783,-5.9068,low_inlier
2446,85.1299,-57.2599,260.9919,0.1315,-5.3041,182,0.0049,1.0000,0.376665,0.1613,-6.5201,low_inlier
2447,85.1634,-58.3503,256.5772,-1.0903,-4.4147,338,0.0015,1.0000,0.376665,-2.8992,-5.3866,low_inlier
2448,85.1968,-64.7813,248.1929,-6.4310,-8.3843,206,0.0000,1.0000,0.376665,-16.5302,-10.0841,low_inlier
2449,85.2303,-76.8312,205.7998,-12.0499,-42.3931,184,0.0000,1.0000,0.376665,-31.8337,-51.6732,low_inlier
2450,85.2634,-87.5380,197.7684,-10.7068,-8.0314,244,0.0085,1.0000,0.376665,-27.3292,-9.5075,low_inlier
2451,85.2962,-97.5465,173.4448,-10.0085,-24.3235,254,0.0000,1.0000,0.376665,-26.0894,-29.5444,low_inlier
2452,85.3296,-163.7056,190.7449,-66.1591,17.3001,228,0.0000,1.0000,0.376665,-166.7124,23.4669,low_inlier
2453,85.3630,-236.4582,245.1502,-72.7526,54.4053,120,0.0000,1.0000,0.376665,-182.1855,69.2684,low_inlier
2454,85.3962,-235.5363,219.9645,0.9218,-25.1857,35,0.0000,1.0000,0.376665,1.5180,-30.9695,low_inlier
2455,85.4299,-249.8312,288.6032,-14.2949,68.6387,95,0.0000,1.0000,0.376665,-33.9271,84.7958,low_inlier
2456,85.4631,-244.9134,482.0257,4.9178,193.4224,181,0.0000,1.0000,0.376665,18.6748,237.4395,low_inlier
2457,85.4965,-180.7423,554.3872,64.1711,72.3616,338,0.0000,1.0000,0.376665,164.5792,86.7419,low_inlier
2458,85.5298,-182.6388,555.9623,-1.8965,1.5751,150,0.0086,1.0000,0.376665,-4.7440,1.9984,low_inlier
2459,85.5627,-182.7306,555.3368,-0.0918,-0.6256,410,0.0746,1.0000,0.376665,-0.2523,-0.7654,low_inlier
2460,85.5961,-185.5647,546.4801,-2.8341,-8.8567,190,0.0018,1.0000,0.376665,-7.4512,-10.7848,low_inlier
2461,85.6481,-183.4544,546.2904,2.1103,-0.1897,132,0.0028,1.0000,0.376665,5.3293,-0.3037,low_inlier
2462,85.6763,-183.0149,545.0234,0.4395,-1.2669,225,0.0076,1.0000,0.376665,1.0703,-1.5711,low_inlier
2463,85.7042,-183.2779,495.1582,-0.2630,-49.8653,258,0.0000,1.0000,0.376665,-2.2740,-61.2467,low_inlier
2464,85.7333,-186.7978,453.8380,-3.5199,-41.3202,156,0.0000,1.0000,0.376665,-10.2326,-50.6407,low_inlier
2465,85.7632,-199.2391,437.8692,-12.4413,-15.9688,186,0.0000,1.0000,0.376665,-31.9707,-19.1999,low_inlier
2466,85.7962,-213.5389,449.0956,-14.2998,11.2264,296,0.0000,1.0000,0.376665,-35.7920,14.2696,low_inlier
2467,85.8299,-216.2172,459.0869,-2.6783,9.9913,431,0.0065,1.0000,0.376665,-6.4491,12.3632,low_inlier
2468,85.8630,-220.8085,464.8034,-4.5914,5.7165,256,0.0000,1.0000,0.376665,-11.4240,7.1760,low_inlier
2469,85.8960,-227.7146,460.3269,-6.9061,-4.4765,251,0.0000,1.0000,0.376665,-17.6052,-5.2678,low_inlier
2470,85.9294,-245.6448,457.6394,-17.9301,-2.6875,276,0.0000,1.0000,0.376665,-45.4196,-2.7011,low_inlier
2471,85.9626,-270.7398,454.5163,-25.0950,-3.1231,256,0.0000,1.0000,0.376665,-63.5487,-2.9962,low_inlier
2472,85.9963,-290.0134,454.4874,-19.2736,-0.0289,324,0.0000,1.0000,0.376665,-48.7306,0.6098,low_inlier
2473,86.0298,-300.3556,447.8171,-10.3422,-6.6703,447,0.0000,1.0000,0.376665,-26.3634,-7.8476,low_inlier
2474,86.0626,-312.1407,432.9565,-11.7851,-14.8606,442,0.0000,1.0000,0.376665,-30.2759,-17.8605,low_inlier
2475,86.0962,-321.0725,428.9004,-8.9318,-4.0561,177,0.0020,1.0000,0.376665,-22.7133,-4.6835,low_inlier
2476,86.1296,-327.0865,403.5236,-6.0140,-25.3768,227,0.0000,1.0000,0.376665,-16.0240,-30.9721,low_inlier
2477,86.1625,-329.4289,402.9983,-2.3424,-0.5253,290,0.0000,1.0000,0.376665,-5.9393,-0.5668,low_inlier
2478,86.1960,-330.9582,418.9571,-1.5293,15.9588,298,0.0046,1.0000,0.376665,-3.3517,19.6554,low_inlier
2479,86.2293,-330.1816,422.7794,0.7766,3.8222,162,0.0000,1.0000,0.376665,2.0869,4.6693,low_inlier
2480,86.2626,-330.8601,431.3049,-0.6785,8.5256,175,0.0052,1.0000,0.376665,-1.4403,10.4957,low_inlier
2481,86.2959,-330.5895,425.9330,0.2706,-5.3719,280,0.0049,1.0000,0.376665,0.5109,-6.6080,low_inlier
2482,86.3292,-332.4875,421.7162,-1.8980,-4.2168,358,0.0045,1.0000,0.376665,-4.9348,-5.1164,low_inlier
2483,86.3625,-333.3818,421.5628,-0.8943,-0.1535,395,0.0093,1.0000,0.376665,-2.2660,-0.1586,low_inlier
2484,86.3962,-332.3689,421.9282,1.0129,0.3654,327,0.0169,1.0000,0.376665,2.5726,0.4149,low_inlier
2485,86.4292,-332.0512,426.9306,0.3177,5.0024,204,0.0018,1.0000,0.376665,0.9647,6.1344,low_inlier
2486,86.4629,-332.3214,423.8364,-0.2702,-3.0942,393,0.0035,1.0000,0.376665,-0.7830,-3.7919,low_inlier
2487,86.4962,-332.2262,416.6644,0.0952,-7.1720,283,0.0087,1.0000,0.376665,0.0092,-8.8134,low_inlier
2488,86.5292,-332.5563,410.3523,-0.3301,-6.3121,273,0.0018,1.0000,0.376665,-1.0383,-7.7429,low_inlier
2489,86.5627,-332.1609,402.7918,0.3954,-7.5606,298,0.0101,1.0000,0.376665,0.7558,-9.3008,low_inlier
2490,86.5960,-332.1830,395.7478,-0.0221,-7.0440,244,0.0047,1.0000,0.376665,-0.2832,-8.6522,low_inlier
2491,86.6539,-333.6505,394.3390,-1.4675,-1.4088,288,0.0044,1.0000,0.376665,-3.7558,-1.6814,low_inlier
2492,86.6829,-332.8630,350.9356,0.7875,-43.4034,319,0.0000,1.0000,0.376665,0.5906,-53.3441,low_inlier
2493,86.7121,-382.2977,300.7774,-49.4347,-50.1582,186,0.0000,1.0000,0.376665,-126.6046,-59.9602,low_inlier
2494,86.7413,-411.2048,257.7522,-28.9071,-43.0252,102,0.0000,1.0000,0.376665,-74.4744,-51.8852,low_inlier
2495,86.7707,-429.1203,215.1066,-17.9155,-42.6456,266,0.0018,1.0000,0.376665,-46.6720,-51.7869,low_inlier
2496,86.8002,-436.0118,204.5358,-6.8915,-10.5708,261,0.0016,1.0000,0.376665,-17.7649,-12.7547,low_inlier
2497,86.8290,-436.1495,197.1108,-0.1377,-7.4249,529,0.0638,1.0000,0.376665,-0.5877,-9.1163,low_inlier
2498,86.8621,-440.0291,197.9544,-3.8796,0.8436,349,0.0136,1.0000,0.376665,-9.7816,1.1662,low_inlier
2499,86.8961,-441.3104,215.8689,-1.2812,17.9145,499,0.0014,1.0000,0.376665,-2.6613,22.0494,low_inlier
2500,86.9290,-438.1545,228.4088,3.1559,12.5399,514,0.0256,1.0000,0.376665,8.3836,15.2986,low_inlier
2501,86.9627,-437.0450,236.7264,1.1095,8.3175,606,0.0094,1.0000,0.376665,3.0736,10.1803,low_inlier
2502,86.9953,-439.3523,240.1941,-2.3073,3.4677,353,0.0612,1.0000,0.376665,-5.7216,4.3371,low_inlier
2503,87.0289,-440.6354,247.6571,-1.2831,7.4630,416,0.0212,1.0000,0.376665,-3.0033,9.2106,low_inlier
2504,87.0627,-434.2665,252.8114,6.3689,5.1543,400,0.0000,1.0000,0.376665,16.2688,6.1184,low_inlier
2505,87.0958,12.2596,-0.8010,12.2596,-0.8010,426,0.0015,1.0000,0.376665,30.9703,-1.3944,low_inlier
2506,87.1292,21.7485,-2.0410,9.4888,-1.2400,432,0.0000,1.0000,0.376665,23.9507,-1.8410,low_inlier
2507,87.1626,34.9240,1.8228,13.1755,3.8638,229,0.0014,1.0000,0.376665,33.4365,4.3052,low_inlier
2508,87.1953,47.1577,4.2064,12.2337,2.3836,307,0.0156,1.0000,0.376665,31.0075,2.5185,low_inlier
2509,87.2292,56.1763,1.1058,9.0185,-3.1006,457,0.0111,1.0000,0.376665,22.7016,-4.1108,low_inlier
2510,87.2622,62.1282,2.8017,5.9519,1.6959,400,0.0206,1.0000,0.376665,15.1031,1.8840,low_inlier
2511,87.2959,63.2637,4.4506,1.1355,1.6489,317,0.0195,1.0000,0.376665,2.9242,1.9875,low_inlier
2512,87.3292,61.1651,13.2918,-2.0987,8.8412,462,0.0230,1.0000,0.376665,-5.0208,10.9310,low_inlier
2513,87.3626,56.2236,27.7114,-4.9414,14.4196,407,0.0075,1.0000,0.376665,-12.0282,17.8788,low_inlier
2514,87.3958,49.1886,44.2609,-7.0350,16.5495,265,0.0035,1.0000,0.376665,-17.2527,20.5653,low_inlier
2515,87.4290,48.3103,66.9305,-0.8783,22.6695,295,0.0000,1.0000,0.376665,-1.4892,27.8771,low_inlier
2516,87.4629,48.2051,76.8674,-0.1051,9.9369,501,0.0000,1.0000,0.376665,0.0548,12.2102,low_inlier
2517,87.4959,48.2089,80.5052,0.0038,3.6379,267,0.0076,1.0000,0.376665,0.1270,4.4687,low_inlier
2518,87.5290,45.8185,88.7298,-2.3904,8.2246,463,0.0255,1.0000,0.376665,-5.7783,10.1833,low_inlier
2519,87.5628,43.1990,92.4653,-2.6196,3.7355,413,0.1351,1.0000,0.376665,-6.5026,4.6765,low_inlier
2520,87.5959,39.6382,95.9562,-3.5607,3.4909,411,0.1381,1.0000,0.376665,-8.8900,4.4076,low_inlier
2521,87.6467,36.5042,97.1866,-3.1340,1.2303,597,0.6332,1.0000,0.376665,-7.8840,1.6163,
2522,87.6738,34.5313,94.8835,-1.9729,-2.3031,582,0.7571,1.0000,0.376665,-5.0623,-2.7631,
2523,87.7003,35.1100,94.4361,0.5787,-0.4474,556,0.3401,1.0000,0.376665,1.4486,-0.5689,low_inlier
2524,87.7299,0.1141,-1.1307,0.1141,-1.1307,574,0.7202,1.0000,0.376665,0.2520,-1.3928,
2525,87.7627,-1.1641,-5.4820,-1.2782,-4.3513,553,0.6836,1.0000,0.376665,-3.3721,-5.3025,
2526,87.7960,-1.7720,-10.9492,-0.6079,-5.4671,583,0.7256,1.0000,0.376665,-1.7133,-6.6956,
2527,87.8292,0.0204,-16.1227,1.7924,-5.1736,466,0.5414,1.0000,0.376665,4.3647,-6.4153,
2528,87.8630,2.3630,-26.1107,2.3426,-9.9880,416,0.3590,1.0000,0.376665,5.6005,-12.3479,low_inlier
2529,87.8953,5.6162,-41.5480,3.2532,-15.4372,733,0.0598,1.0000,0.376665,7.7271,-19.0723,low_inlier
2530,87.9291,14.2784,-57.0588,8.6622,-15.5109,264,0.0391,1.0000,0.376665,21.4002,-19.3439,low_inlier
2531,87.9621,32.9427,-77.7801,18.6642,-20.7212,607,0.0040,1.0000,0.376665,46.5203,-26.0793,low_inlier
2532,87.9952,53.9862,-102.4123,21.0435,-24.6323,602,0.0014,1.0000,0.376665,52.4097,-30.9634,low_inlier
2533,88.0287,75.2859,-137.1175,21.2998,-34.7051,248,0.0256,1.0000,0.376665,52.7325,-43.3456,low_inlier
2534,88.0621,85.7183,-177.6758,10.4323,-40.5584,423,0.0031,1.0000,0.376665,25.0675,-50.1721,low_inlier
2535,88.0957,85.7995,-193.3484,0.0812,-15.6725,460,0.0015,1.0000,0.376665,-0.3004,-19.2552,low_inlier
2536,88.1285,85.5803,-205.7856,-0.2192,-12.4373,389,0.0074,1.0000,0.376665,-0.9554,-15.2708,low_inlier
2537,88.1620,90.0080,-211.2160,4.4276,-5.4304,282,0.0546,1.0000,0.376665,11.0191,-6.8190,low_inlier
2538,88.1945,93.2341,-208.6546,3.2261,2.5614,525,0.1547,1.0000,0.376665,8.2393,3.0385,low_inlier
2539,88.2287,92.9626,-203.8728,-0.2715,4.7818,574,0.5441,1.0000,0.376665,-0.5321,5.8832,
2540,88.2622,91.0933,-196.3779,-1.8692,7.4948,402,0.1901,1.0000,0.376665,-4.4841,9.2694,low_inlier
2541,88.2955,90.7864,-186.4368,-0.3070,9.9411,383,0.1985,1.0000,0.376665,-0.4553,12.2221,low_inlier
2542,88.3284,91.5263,-179.6870,0.7400,6.7498,595,0.4634,1.0000,0.376665,2.0886,8.2668,low_inlier
2543,88.3620,94.3636,-171.9493,2.8372,7.7377,362,0.1856,1.0000,0.376665,7.4230,9.4101,low_inlier
2544,88.3952,100.0053,-165.9864,5.6418,5.9629,352,0.1932,1.0000,0.376665,14.4565,7.1361,low_inlier
2545,88.4285,104.3798,-161.9692,4.3745,4.0172,620,0.3952,1.0000,0.376665,11.1896,4.7883,low_inlier
2546,88.4623,111.4763,-159.7455,7.0965,2.2237,376,0.0710,1.0000,0.376665,18.0139,2.4941,low_inlier
2547,88.4952,112.1493,-161.1167,0.6730,-1.3711,184,0.0113,1.0000,0.376665,1.6573,-1.7069,low_inlier
2548,88.5289,117.7694,-159.5205,5.6201,1.5962,378,0.0502,1.0000,0.376665,14.2608,1.7726,low_inlier
2549,88.5620,123.2997,-156.1308,5.5303,3.3897,690,0.0551,1.0000,0.376665,14.0917,3.9788,low_inlier
2550,88.5959,129.1395,-154.7064,5.8398,1.4244,499,0.1316,1.0000,0.376665,14.8108,1.5542,low_inlier
2551,88.6468,129.9914,-149.9087,0.8519,4.7977,504,0.2013,1.0000,0.376665,2.3087,5.8651,low_inlier
2552,88.6746,131.9971,-138.6110,2.0057,11.2978,467,0.1486,1.0000,0.376665,5.4356,13.8113,low_inlier
2553,88.7020,133.2178,-123.6281,1.2207,14.9829,383,0.1287,1.0000,0.376665,3.5697,18.3644,low_inlier
2554,88.7296,134.4371,-107.5180,1.2193,16.1101,323,0.0364,1.0000,0.376665,3.6025,19.7491,low_inlier
2555,88.7621,136.3004,-89.5257,1.8634,17.9922,282,0.0256,1.0000,0.376665,5.2917,22.0396,low_inlier
2556,88.7955,134.1268,-76.1470,-2.1737,13.3787,286,0.0174,1.0000,0.376665,-5.0640,16.5075,low_inlier
2557,88.8283,129.9447,-66.7170,-4.1820,9.4300,437,0.0530,1.0000,0.376665,-10.2692,11.7240,low_inlier
2558,88.8621,128.0564,-57.4499,-1.8883,9.2671,277,0.0305,1.0000,0.376665,-4.4753,11.4471,low_inlier
2559,88.8960,129.1297,-48.3739,1.0733,9.0759,478,0.0317,1.0000,0.376665,3.0064,11.1131,low_inlier
2560,88.9287,128.3835,-47.1752,-0.7462,1.1988,404,0.1816,1.0000,0.376665,-1.8478,1.4976,low_inlier
2561,88.9620,126.6815,-47.4812,-1.7020,-0.3061,568,0.2672,1.0000,0.376665,-4.3130,-0.3190,low_inlier
2562,88.9952,125.8508,-47.2609,-0.8307,0.2203,381,0.4246,1.0000,0.376665,-2.0931,0.2984,low_inlier
2563,89.0286,125.0020,-47.1169,-0.8489,0.1441,604,0.1673,1.0000,0.376665,-2.1416,0.2054,low_inlier
2564,89.0620,122.0176,-50.6349,-2.9843,-3.5181,667,0.0992,1.0000,0.376665,-7.6588,-4.2217,low_inlier
2565,89.0961,120.6310,-54.4883,-1.3866,-3.8534,565,0.1886,1.0000,0.376665,-3.6301,-4.6872,low_inlier
2566,89.1282,118.9336,-57.1699,-1.6974,-2.6815,564,0.1271,1.0000,0.376665,-4.3781,-3.2372,low_inlier
2567,89.1615,118.1469,-61.2794,-0.7868,-4.1095,456,0.2377,1.0000,0.376665,-2.1218,-5.0219,low_inlier
2568,89.1948,116.7611,-67.5392,-1.3858,-6.2598,474,0.0798,1.0000,0.376665,-3.7057,-7.6433,low_inlier
2569,89.2283,112.7859,-72.2189,-3.9752,-4.6797,611,0.2336,1.0000,0.376665,-10.2014,-5.6155,low_inlier
2570,89.2613,112.2568,-75.3443,-0.5291,-3.1254,613,0.2791,1.0000,0.376665,-1.4385,-3.8216,low_inlier
2571,89.2948,113.3608,-79.4282,1.1040,-4.0839,661,0.4127,1.0000,0.376665,2.6594,-5.0537,low_inlier
2572,89.3287,113.5438,-83.2520,0.1831,-3.8238,507,0.5220,1.0000,0.376665,0.3395,-4.7034,
2573,89.3616,113.1213,-86.6170,-0.4226,-3.3650,542,0.6452,1.0000,0.376665,-1.1769,-4.1195,
2574,89.3950,113.4682,-92.0651,0.3470,-5.4481,543,0.5707,1.0000,0.376665,0.7014,-6.7042,
2575,89.4276,114.8008,-94.8371,1.3325,-2.7720,662,0.3995,1.0000,0.376665,3.2796,-3.4498,low_inlier
2576,89.4613,114.0670,-98.1595,-0.7337,-3.3223,658,0.6036,1.0000,0.376665,-1.9623,-4.0567,
2577,89.4949,114.1822,-99.7330,0.1152,-1.5735,588,0.2634,1.0000,0.376665,0.2405,-1.9368,low_inlier
2578,89.5281,114.4972,-103.3274,0.3150,-3.5944,586,0.1846,1.0000,0.376665,0.6804,-4.4259,low_inlier
2579,89.5612,114.5221,-104.7320,0.0249,-1.4046,468,0.5453,1.0000,0.376665,0.0177,-1.7263,
2580,89.5947,116.5235,-103.5427,2.0013,1.1893,703,0.3436,1.0000,0.376665,5.0984,1.3939,low_inlier
2581,89.6449,118.1841,-103.0721,1.6606,0.4706,617,0.6409,1.0000,0.376665,4.2137,0.5225,
2582,89.6723,119.5014,-102.8511,1.3173,0.2209,759,0.7462,1.0000,0.376665,3.3376,0.2273,
2583,89.6988,120.9111,-100.0332,1.4097,2.8179,774,0.4628,1.0000,0.376665,3.6552,3.4143,low_inlier
2584,89.7287,121.1276,-99.9503,0.2165,0.0830,616,0.6275,1.0000,0.376665,0.5502,0.0947,
2585,89.7614,119.7097,-100.9543,-1.4180,-1.0040,793,0.4313,1.0000,0.376665,-3.6175,-1.1859,low_inlier
2586,89.7952,121.2981,-99.6154,1.5884,1.3388,685,0.2214,1.0000,0.376665,4.0592,1.5914,low_inlier
2587,89.8282,123.4408,-98.1692,2.1428,1.4463,585,0.2628,1.0000,0.376665,5.4642,1.7049,low_inlier
2588,89.8612,125.0681,-98.2539,1.6273,-0.0847,561,0.2395,1.0000,0.376665,4.1115,-0.1586,low_inlier
2589,89.8947,129.5894,-99.0241,4.5213,-0.7702,721,0.2882,1.0000,0.376665,11.4063,-1.0975,low_inlier
2590,89.9283,129.3245,-100.1926,-0.2648,-1.1685,411,0.2943,1.0000,0.376665,-0.7073,-1.4265,low_inlier
2591,89.9616,126.2802,-102.1369,-3.0443,-1.9443,704,0.2778,1.0000,0.376665,-7.7597,-2.2865,low_inlier
2592,89.9948,124.7401,-105.0611,-1.5401,-2.9242,614,0.1901,1.0000,0.376665,-3.9883,-3.5406,low_inlier
2593,90.0280,125.3845,-106.1871,0.6444,-1.1260,668,0.2353,1.0000,0.376665,1.5930,-1.4047,low_inlier
2594,90.0617,124.3663,-107.1776,-1.0182,-0.9905,639,0.7243,1.0000,0.376665,-2.6062,-1.1827,
2595,90.0951,124.1651,-105.9310,-0.2012,1.2466,492,0.5006,1.0000,0.376665,-0.4686,1.5380,
2596,90.1282,123.3474,-105.2157,-0.8177,0.7153,765,0.3579,1.0000,0.376665,-2.0444,0.9061,low_inlier
2597,90.1617,122.4960,-104.3876,-0.8514,0.8281,756,0.6421,1.0000,0.376665,-2.1259,1.0457,
2598,90.1944,-1.8937,-1.1875,-1.8937,-1.1875,747,0.4280,1.0000,0.376665,-4.8262,-1.3953,low_inlier
2599,90.2280,-4.4289,-1.9123,-2.5352,-0.7248,742,0.2472,1.0000,0.376665,-6.4332,-0.8055,low_inlier
2600,90.2611,-3.6058,-1.7653,0.8231,0.1470,662,0.3312,1.0000,0.376665,2.0858,0.1530,low_inlier
2601,90.2947,-3.4499,-2.3748,0.1559,-0.6095,593,0.6500,1.0000,0.376665,0.3744,-0.7539,
2602,90.3276,-3.9163,-2.7409,-0.4663,-0.3661,626,0.6700,1.0000,0.376665,-1.1908,-0.4341,
2603,90.3611,-4.2159,-3.0162,-0.2997,-0.2754,776,0.9724,1.0000,0.376665,-0.7666,-0.3283,
2604,90.3942,-4.7054,-3.1221,-0.4894,-0.1058,786,0.7638,1.0000,0.376665,-1.2408,-0.1136,
2605,90.4277,-4.2227,-3.0514,0.4827,0.0707,770,0.9623,1.0000,0.376665,1.2226,0.0707,
2606,90.4610,-4.6692,-2.4301,-0.4466,0.6213,782,0.9611,1.0000,0.376665,-1.1090,0.7782,
2607,90.4944,-4.9052,-1.4355,-0.2360,0.9945,779,0.9674,1.0000,0.376665,-0.5645,1.2296,
2608,90.5281,-4.4014,-1.4895,0.5038,-0.0540,785,0.8643,1.0000,0.376665,1.2720,-0.0832,
2609,90.5610,-3.6418,-0.3464,0.7596,1.1431,770,0.7525,1.0000,0.376665,1.9574,1.3788,
2610,90.5943,-3.6646,3.2600,-0.0228,3.6064,778,0.4791,1.0000,0.376665,0.0587,4.4310,low_inlier
2611,90.6442,-3.9816,8.9407,-0.3170,5.6807,773,0.4798,1.0000,0.376665,-0.6182,6.9889,low_inlier
2612,90.6708,-4.5506,13.4992,-0.5689,4.5584,782,0.4712,1.0000,0.376665,-1.2914,5.6187,low_inlier
2613,90.6972,-5.3138,20.1343,-0.7632,6.6351,754,0.2348,1.0000,0.376665,-1.7155,8.1763,low_inlier
2614,90.7281,-6.1885,26.5946,-0.8747,6.4603,676,0.2471,1.0000,0.376665,-2.0032,7.9653,low_inlier
2615,90.7611,-6.6863,31.7019,-0.4977,5.1073,649,0.4559,1.0000,0.376665,-1.0936,6.2905,low_inlier
2616,90.7949,-8.1722,37.8912,-1.4859,6.1893,446,0.4449,1.0000,0.376665,-3.5572,7.6528,low_inlier
2617,90.8276,-9.3565,42.3518,-1.1843,4.4606,613,0.1559,1.0000,0.376665,-2.8504,5.5192,low_inlier
2618,90.8611,-9.1540,44.2476,0.2025,1.8959,540,0.6465,1.0000,0.376665,0.5732,2.3221,
2619,90.8941,-9.2290,45.5173,-0.0750,1.2697,534,0.6451,1.0000,0.376665,-0.1486,1.5622,
2620,90.9276,-8.2338,49.2615,0.9952,3.7442,481,0.1917,1.0000,0.376665,2.6370,4.5661,low_inlier
2621,90.9609,-7.0159,51.2726,1.2178,2.0111,644,0.4337,1.0000,0.376665,3.1440,2.4297,low_inlier
2622,90.9941,-6.6074,53.7420,0.4085,2.4694,607,0.5678,1.0000,0.376665,1.1124,3.0198,
2623,91.0278,-6.6625,59.6228,-0.0551,5.8808,526,0.3042,1.0000,0.376665,0.0505,7.2259,low_inlier
2624,91.0612,-7.2455,69.2940,-0.5830,9.6712,529,0.2886,1.0000,0.376665,-1.1620,11.8998,low_inlier
2625,91.0944,-8.1041,79.1846,-0.8586,9.8907,542,0.2786,1.0000,0.376665,-1.8516,12.1786,low_inlier
2626,91.1274,-8.9804,89.3179,-0.8763,10.1332,386,0.2257,1.0000,0.376665,-1.8886,12.4772,low_inlier
2627,91.1609,-9.9971,97.3482,-1.0167,8.0304,216,0.0964,1.0000,0.376665,-2.3115,9.8987,low_inlier
2628,91.1940,-11.0375,107.2774,-1.0403,9.9292,413,0.1198,1.0000,0.376665,-2.3099,12.2320,low_inlier
2629,91.2280,-11.7255,118.0731,-0.6880,10.7956,490,0.1963,1.0000,0.376665,-1.3912,13.2846,low_inlier
2630,91.2608,-13.1726,124.7551,-1.4471,6.6821,447,0.2325,1.0000,0.376665,-3.4432,8.2568,low_inlier
2631,91.2946,-12.5837,133.7094,0.5890,8.9543,409,0.1753,1.0000,0.376665,1.7780,10.9799,low_inlier
2632,91.3274,-11.8800,142.4960,0.7036,8.7866,420,0.2917,1.0000,0.376665,2.0625,10.7701,low_inlier
2633,91.3609,-10.9695,148.2836,0.9105,5.7876,526,0.2994,1.0000,0.376665,2.4888,7.0791,low_inlier
2634,91.3939,-9.2068,155.8379,1.7627,7.5543,411,0.2122,1.0000,0.376665,4.7004,9.2209,low_inlier
2635,91.4279,-8.3043,161.0347,0.9025,5.1968,398,0.2627,1.0000,0.376665,2.4496,6.3537,low_inlier
2636,91.4607,-7.0174,162.9900,1.2869,1.9552,506,0.5401,1.0000,0.376665,3.3167,2.3588,
2637,91.4941,-4.5089,162.8020,2.5085,-0.1880,425,0.1856,1.0000,0.376665,6.3363,-0.3149,low_inlier
2638,91.5273,-0.8627,162.6783,3.6462,-0.1238,465,0.0999,1.0000,0.376665,9.2148,-0.2741,low_inlier
2639,91.5609,-0.8016,161.8097,0.0610,-0.8686,652,0.4118,1.0000,0.376665,0.1263,-1.0690,low_inlier
2640,91.5940,-1.2904,160.1269,-0.4888,-1.6828,535,0.4264,1.0000,0.376665,-1.2901,-2.0509,low_inlier
2641,91.6440,-1.0391,158.7697,0.2513,-1.3571,411,0.4932,1.0000,0.376665,0.5916,-1.6755,low_inlier
2642,91.6702,-1.9483,157.6380,-0.9091,-1.1317,547,0.7785,1.0000,0.376665,-2.3351,-1.3597,
2643,91.6967,-1.8791,156.6360,0.0692,-1.0021,656,0.9954,1.0000,0.376665,0.1425,-1.2333,
2644,91.7275,-1.9534,155.2327,-0.0743,-1.4033,509,0.7967,1.0000,0.376665,-0.2330,-1.7213,
2645,91.7605,-1.3815,154.3105,0.5719,-0.9222,627,0.9347,1.0000,0.376665,1.4161,-1.1520,
2646,91.7949,-0.7202,153.4020,0.6613,-0.9085,605,0.7785,1.0000,0.376665,1.6426,-1.1382,
2647,91.8274,-1.0489,152.5160,-0.3287,-0.8859,655,0.9408,1.0000,0.376665,-0.8597,-1.0773,
2648,91.8620,-2.2448,152.1028,-1.1958,-0.4133,631,0.3748,1.0000,0.376665,-3.0368,-0.4677,low_inlier
2649,91.8943,-3.0295,151.4103,-0.7847,-0.6925,643,0.2840,1.0000,0.376665,-2.0063,-0.8244,low_inlier
2650,91.9277,-3.4304,150.5292,-0.4009,-0.8811,606,0.5463,1.0000,0.376665,-1.0421,-1.0689,
2651,91.9606,-5.2191,149.3054,-1.7887,-1.2238,634,0.4203,1.0000,0.376665,-4.5619,-1.4434,low_inlier
2652,91.9940,-6.8865,148.7405,-1.6674,-0.5649,626,0.4518,1.0000,0.376665,-4.2339,-0.6382,low_inlier
2653,92.0271,-7.0520,148.6653,-0.1655,-0.0752,650,0.7936,1.0000,0.376665,-0.4210,-0.0868,
2654,92.0607,-7.0720,149.1607,-0.0200,0.4954,484,0.5948,1.0000,0.376665,-0.0345,0.6092,
2655,92.0941,-7.6827,149.5294,-0.6107,0.3687,476,0.6586,1.0000,0.376665,-1.5323,0.4734,
2656,92.1281,-8.2588,151.1990,-0.5761,1.6696,561,0.4992,1.0000,0.376665,-1.4026,2.0703,low_inlier
2657,92.1605,-7.9515,151.9589,0.3073,0.7599,635,0.6505,1.0000,0.376665,0.8014,0.9232,
2658,92.1941,-7.3871,153.4642,0.5644,1.5052,573,0.4392,1.0000,0.376665,1.4756,1.8301,low_inlier
2659,92.2282,-5.9753,154.9563,1.4118,1.4922,314,0.3929,1.0000,0.376665,3.6176,1.7858,low_inlier
2660,92.2603,-6.0595,155.5924,-0.0842,0.6360,604,0.2519,1.0000,0.376665,-0.1923,0.7841,low_inlier
2661,92.2940,-5.1385,156.3038,0.9210,0.7115,641,0.3252,1.0000,0.376665,2.3516,0.8431,low_inlier
2662,92.3271,-3.9848,156.8156,1.1536,0.5117,564,0.7287,1.0000,0.376665,2.9333,0.5900,
2663,92.3603,-3.9603,157.3350,0.0245,0.5194,602,0.9211,1.0000,0.376665,0.0788,0.6372,
2664,92.3938,-3.3151,159.1249,0.6452,1.7899,609,0.8983,1.0000,0.376665,1.6890,2.1772,
2665,92.4268,-4.9701,161.0370,-1.6550,1.9121,358,0.0804,1.0000,0.376665,-4.1226,2.4043,low_inlier
2666,92.4601,-7.1833,161.0121,-2.2132,-0.0249,615,0.3545,1.0000,0.376665,-5.5966,0.0436,low_inlier
2667,92.4936,-8.5720,157.4498,-1.3887,-3.5623,481,0.4871,1.0000,0.376665,-3.6260,-4.3295,low_inlier
2668,92.5270,-16.3768,147.7909,-7.8048,-9.6589,400,0.0604,1.0000,0.376665,-20.0446,-11.6039,low_inlier
2669,92.5598,-31.6845,134.2015,-15.3077,-13.5893,417,0.0154,1.0000,0.376665,-39.1411,-16.1809,low_inlier
2670,92.5937,-42.6428,122.3050,-10.9583,-11.8966,297,0.0000,1.0000,0.376665,-28.0898,-14.2471,low_inlier
2671,92.6448,-50.9457,101.8667,-8.3029,-20.4382,753,0.0090,1.0000,0.376665,-21.6517,-24.8288,low_inlier
2672,92.6731,-53.1337,94.3225,-2.1881,-7.5442,293,0.0266,1.0000,0.376665,-5.7755,-9.1942,low_inlier
2673,92.7016,-70.7977,91.0057,-17.6640,-3.3168,529,0.0013,1.0000,0.376665,-44.7670,-3.4830,low_inlier
2674,92.7301,-80.6518,77.0121,-9.8541,-13.9937,312,0.0046,1.0000,0.376665,-25.3658,-16.8602,low_inlier
2675,92.7604,-80.9857,79.1101,-0.3339,2.0980,404,0.0979,1.0000,0.376665,-0.7766,2.5884,low_inlier
2676,92.7951,-67.2449,54.7257,13.7408,-24.3845,146,0.0254,1.0000,0.376665,33.9542,-30.4144,low_inlier
2677,92.8269,-68.5568,48.4712,-1.3119,-6.2545,184,0.0044,1.0000,0.376665,-3.5187,-7.6392,low_inlier
2678,92.8604,-64.5695,49.4278,3.9873,0.9566,209,0.0155,1.0000,0.376665,10.1119,1.0416,low_inlier
2679,92.8940,-62.2673,44.3857,2.3023,-5.0421,128,0.0014,1.0000,0.376665,5.6582,-6.2709,low_inlier
2680,92.9269,-28.8330,47.6262,33.4343,3.2405,442,0.0000,1.0000,0.376665,84.6368,2.8613,low_inlier
2681,92.9601,0.6149,51.0889,29.4478,3.4627,186,0.0134,1.0000,0.376665,74.5649,3.2677,low_inlier
2682,92.9936,19.2894,39.9115,18.6746,-11.1774,72,0.0037,1.0000,0.376665,46.8544,-14.3558,low_inlier
2683,93.0273,18.9224,40.6410,-0.3671,0.7295,404,0.0119,1.0000,0.376665,-0.9045,0.9084,low_inlier
2684,93.0600,18.9990,34.5993,0.0766,-6.0417,397,0.0048,1.0000,0.376665,-0.0012,-7.4243,low_inlier
2685,93.0934,19.0349,43.0972,0.0359,8.4979,289,0.0026,1.0000,0.376665,0.3650,10.4378,low_inlier
2686,93.1269,19.4501,39.6028,0.4152,-3.4944,319,0.0078,1.0000,0.376665,0.9369,-4.3065,low_inlier
2687,93.1600,20.0570,38.8895,0.6070,-0.7133,405,0.0088,1.0000,0.376665,1.5116,-0.8965,low_inlier
2688,93.1932,33.1349,49.2218,13.0779,10.3324,240,0.0000,1.0000,0.376665,33.3984,12.2546,low_inlier
2689,93.2270,77.5488,61.8528,44.4138,12.6310,132,0.0267,1.0000,0.376665,112.6995,14.0291,low_inlier
2690,93.2697,77.9782,74.5400,0.4294,12.6872,161,0.0000,1.0000,0.376665,1.4951,15.5708,low_inlier
2691,93.2987,120.5956,84.0744,42.6174,9.5344,233,0.0000,1.0000,0.376665,108.0575,10.2853,low_inlier
2692,93.3282,160.4474,100.4472,39.8518,16.3728,271,0.0000,1.0000,0.376665,101.2860,18.7784,low_inlier
2693,93.3603,170.7942,101.8922,10.3468,1.4450,140,0.0000,1.0000,0.376665,26.2066,1.4286,low_inlier
2694,93.3938,156.3858,89.0093,-14.4084,-12.8828,374,0.0000,1.0000,0.376665,-36.8445,-15.3431,low_inlier
2695,93.4271,104.8861,41.0769,-51.4997,-47.9324,285,0.0000,1.0000,0.376665,-131.7538,-57.1569,low_inlier
2696,93.4602,111.6519,54.0322,6.7658,12.9553,99,0.0000,1.0000,0.376665,17.5242,15.6880,low_inlier
2697,93.4937,74.2592,1.4793,-37.3928,-52.5529,290,0.0000,1.0000,0.376665,-96.2361,-63.3052,low_inlier
2698,93.5266,131.3010,51.4734,57.0418,49.9941,78,0.0069,1.0000,0.376665,145.8325,59.5039,low_inlier
2699,93.5601,155.8563,80.5215,24.5553,29.0481,244,0.0000,1.0000,0.376665,63.0207,34.8611,low_inlier
2700,93.5937,188.9420,79.5982,33.0857,-0.9233,424,0.0000,1.0000,0.376665,83.6210,-2.2420,low_inlier
2701,93.6452,250.9957,109.8196,62.0537,30.2214,162,0.0093,1.0000,0.376665,157.8660,35.0469,low_inlier
2702,93.6732,314.0906,141.2479,63.0950,31.4283,189,0.0135,1.0000,0.376665,160.5376,36.4947,low_inlier
2703,93.7014,376.0389,168.1825,61.9483,26.9346,146,0.0000,1.0000,0.376665,157.4935,31.0128,low_inlier
2704,93.7305,432.3287,197.3340,56.2898,29.1515,73,0.0032,1.0000,0.376665,143.2586,33.9257,low_inlier
2705,93.7596,489.8315,223.5136,57.5028,26.1796,136,0.0141,1.0000,0.376665,146.2296,30.2343,low_inlier
2706,93.7945,543.6567,252.9252,53.8252,29.4116,178,0.0000,1.0000,0.376665,137.0358,34.3277,low_inlier
2707,93.8266,592.2316,286.1813,48.5749,33.2561,133,0.0000,1.0000,0.376665,123.8854,39.2261,low_inlier
2708,93.8606,640.0013,328.3015,47.7697,42.1202,163,0.0032,1.0000,0.376665,122.1356,50.1419,low_inlier
2709,93.8932,691.4727,382.5228,51.4713,54.2213,106,0.0000,1.0000,0.376665,131.8850,64.8832,low_inlier
2710,93.9264,741.2671,443.1741,49.7944,60.6513,101,0.0000,1.0000,0.376665,127.8526,72.8381,low_inlier
2711,93.9598,777.0876,482.0013,35.8205,38.8272,96,0.0000,1.0000,0.376665,91.8181,46.4968,low_inlier
2712,93.9931,803.4686,516.6696,26.3810,34.6683,163,0.0122,1.0000,0.376665,67.8179,41.7039,low_inlier
2713,94.0264,823.6361,547.5938,20.1676,30.9242,120,0.0000,1.0000,0.376665,51.9876,37.3127,low_inlier
2714,94.0599,840.1479,563.3836,16.5117,15.7898,191,0.0056,1.0000,0.376665,42.2562,18.8436,low_inlier
2715,94.0931,855.9837,562.2406,15.8358,-1.1430,214,0.0079,1.0000,0.376665,40.0009,-1.9342,low_inlier
2716,94.1264,873.9809,547.5014,17.9972,-14.7393,174,0.0000,1.0000,0.376665,45.0268,-18.7086,low_inlier
2717,94.1596,894.0787,515.7757,20.0978,-31.7257,73,0.0068,1.0000,0.376665,49.7898,-39.6454,low_inlier
2718,94.1930,914.1792,475.2400,20.1005,-40.5357,160,0.0185,1.0000,0.376665,49.5124,-50.4678,low_inlier
2719,94.2270,932.6417,444.5104,18.4624,-30.7296,175,0.0029,1.0000,0.376665,45.6872,-38.3671,low_inlier
2720,94.2600,943.7889,416.7223,11.1472,-27.7881,123,0.0132,1.0000,0.376665,27.2870,-34.5087,low_inlier
2721,94.2933,955.2341,381.1081,11.4452,-35.6142,163,0.0202,1.0000,0.376665,27.7879,-44.1324,low_inlier
2722,94.3264,964.7386,344.9891,9.5045,-36.1190,154,0.0277,1.0000,0.376665,22.8648,-44.6876,low_inlier
2723,94.3598,973.4634,313.4179,8.7248,-31.5712,215,0.0336,1.0000,0.376665,21.0402,-39.0748,low_inlier
2724,94.3931,977.8986,276.9979,4.4352,-36.4200,149,0.0256,1.0000,0.376665,10.0383,-44.8875,low_inlier
2725,94.4265,977.3635,244.3908,-0.5351,-32.6071,192,0.0170,1.0000,0.376665,-2.4049,-40.0373,low_inlier
2726,94.4595,980.5202,235.1150,3.1567,-9.2758,241,0.0206,1.0000,0.376665,7.6818,-11.5002,low_inlier
2727,94.4929,990.8966,243.2213,10.3764,8.1063,208,0.0052,1.0000,0.376665,26.4964,9.6105,low_inlier
2728,94.5266,1003.7355,264.8292,12.8389,21.6079,224,0.0000,1.0000,0.376665,33.1578,26.1137,low_inlier
2729,94.5599,1012.1832,289.9243,8.4477,25.0950,201,0.0077,1.0000,0.376665,22.1682,30.5444,low_inlier
2730,94.5932,1021.0346,318.9319,8.8514,29.0077,196,0.0083,1.0000,0.376665,23.3151,35.3373,low_inlier
2731,94.6446,1026.3927,349.3692,5.3581,30.4372,518,0.0223,1.0000,0.376665,14.5290,37.2103,low_inlier
2732,94.6733,1028.1256,369.9502,1.7329,20.5810,660,0.0393,1.0000,0.376665,5.0453,25.2241,low_inlier
2733,94.7014,1031.7791,391.8449,3.6535,21.8948,414,0.0501,1.0000,0.376665,9.9436,26.7737,low_inlier
2734,94.7300,1040.4817,417.7299,8.7027,25.8849,358,0.0229,1.0000,0.376665,22.8383,31.5062,low_inlier
2735,94.7599,1046.9013,445.2305,6.4196,27.5006,340,0.0434,1.0000,0.376665,17.1180,33.5674,low_inlier
2736,94.7943,1048.7731,473.5014,1.8718,28.2709,427,0.0451,1.0000,0.376665,5.6447,34.6659,low_inlier
2737,94.8261,1050.9555,499.4277,2.1824,25.9263,274,0.0215,1.0000,0.376665,6.3544,31.7753,low_inlier
2738,94.8602,1051.0765,527.0019,0.1210,27.5743,414,0.0040,1.0000,0.376665,1.1957,33.8687,low_inlier
2739,94.8928,1041.7781,546.9237,-9.2984,19.9217,401,0.0151,1.0000,0.376665,-22.8664,24.7836,low_inlier
2740,94.9264,1026.6101,566.8858,-15.1680,19.9621,186,0.0028,1.0000,0.376665,-37.7052,25.0298,low_inlier
2741,94.9594,1005.1197,574.2066,-21.4904,7.3208,391,0.0045,1.0000,0.376665,-54.0983,9.7125,low_inlier
2742,94.9929,986.9392,582.0791,-18.1805,7.8726,454,0.0132,1.0000,0.376665,-45.7120,10.2795,low_inlier
2743,95.0261,968.0539,584.8759,-18.8853,2.7967,254,0.0000,1.0000,0.376665,-47.6576,4.0679,low_inlier
2744,95.0596,947.6010,580.9407,-20.4529,-3.9352,321,0.0200,1.0000,0.376665,-51.8383,-4.1493,low_inlier
2745,95.0928,933.0561,585.5161,-14.5448,4.5754,388,0.0229,1.0000,0.376665,-36.6262,6.1075,low_inlier
2746,95.1260,923.3886,595.4955,-9.6675,9.9794,376,0.0099,1.0000,0.376665,-24.1204,12.5826,low_inlier
2747,95.1593,911.7960,600.3984,-11.5926,4.9029,369,0.0582,1.0000,0.376665,-29.1516,6.4110,low_inlier
2748,95.1928,902.3656,604.7830,-9.4304,4.3846,383,0.0307,1.0000,0.376665,-23.7014,5.7019,low_inlier
2749,95.2263,897.5776,613.9502,-4.7880,9.1672,418,0.1340,1.0000,0.376665,-11.8098,11.4214,low_inlier
2750,95.2596,893.7358,619.7355,-3.8418,5.7853,507,0.1202,1.0000,0.376665,-9.5266,7.2354,low_inlier
2751,95.2929,893.5201,621.8877,-0.2157,2.1522,598,0.4232,1.0000,0.376665,-0.4760,2.6511,low_inlier
2752,95.3262,896.1221,615.2023,2.6020,-6.6855,421,0.1783,1.0000,0.376665,6.3630,-8.2997,low_inlier
2753,95.3593,901.2419,598.7612,5.1198,-16.4410,379,0.0478,1.0000,0.376665,12.4138,-20.3679,low_inlier
2754,95.3926,906.1469,580.5838,4.9050,-18.1774,321,0.0762,1.0000,0.376665,11.8148,-22.4938,low_inlier
2755,95.4265,907.7101,564.4908,1.5632,-16.0931,409,0.0517,1.0000,0.376665,3.4331,-19.8214,low_inlier
2756,95.4594,906.2174,539.4428,-1.4927,-25.0480,328,0.0413,1.0000,0.376665,-4.5823,-30.7195,low_inlier
2757,95.4926,909.1350,525.1612,2.9176,-14.2816,395,0.0172,1.0000,0.376665,6.9159,-17.6415,low_inlier
2758,95.5263,914.2803,515.3042,5.1453,-9.8569,378,0.1136,1.0000,0.376665,12.6908,-12.2808,low_inlier
2759,95.5599,919.9244,507.7415,5.6441,-7.5627,339,0.0130,1.0000,0.376665,14.0261,-9.4792,low_inlier
2760,95.5931,928.4471,506.4740,8.5227,-1.2675,342,0.0290,1.0000,0.376665,21.5071,-1.8424,low_inlier
2761,95.6590,942.1651,514.9932,13.7180,8.5192,325,0.0116,1.0000,0.376665,34.9581,10.0059,low_inlier
2762,95.6877,954.2312,523.2124,12.0662,8.2192,224,0.0118,1.0000,0.376665,30.7722,9.6926,low_inlier
2763,95.7160,961.5780,528.2814,7.3467,5.0691,531,0.0519,1.0000,0.376665,18.7384,5.9810,low_inlier
2764,95.7443,971.0566,534.8990,9.4787,6.6175,530,0.0402,1.0000,0.376665,24.1785,7.8117,low_inlier
2765,95.7726,973.2152,534.3872,2.1586,-0.5117,416,0.0656,1.0000,0.376665,5.4411,-0.7009,low_inlier
2766,95.8008,968.8025,526.4558,-4.4127,-7.9315,473,0.1532,1.0000,0.376665,-11.4126,-9.5954,low_inlier
2767,95.8276,970.7814,521.8010,1.9789,-4.6548,548,0.1654,1.0000,0.376665,4.8531,-5.7843,low_inlier
2768,95.8604,972.7664,517.0341,1.9849,-4.7669,479,0.1843,1.0000,0.376665,4.8647,-5.9222,low_inlier
2769,95.8931,971.0031,509.7540,-1.7633,-7.2801,579,0.4165,1.0000,0.376665,-4.6931,-8.8839,low_inlier
2770,95.9270,970.2726,505.8719,-0.7304,-3.8821,606,0.2708,1.0000,0.376665,-1.9721,-4.7444,low_inlier
2771,95.9597,970.9897,503.4386,0.7171,-2.4333,641,0.3667,1.0000,0.376665,1.7344,-3.0131,low_inlier
2772,95.9937,971.4274,503.4204,0.4377,-0.0183,711,0.2843,1.0000,0.376665,1.1061,-0.0371,low_inlier
2773,96.0264,972.7220,504.2776,1.2946,0.8572,711,0.3513,1.0000,0.376665,3.3009,1.0097,low_inlier
2774,96.0597,971.3086,502.8999,-1.4134,-1.3777,689,0.4176,1.0000,0.376665,-3.6180,-1.6451,low_inlier
2775,96.0930,970.4685,501.5397,-0.8401,-1.3601,583,0.5165,1.0000,0.376665,-2.1679,-1.6427,
2776,96.1258,970.3302,500.2947,-0.1383,-1.2450,701,0.3485,1.0000,0.376665,-0.3900,-1.5248,low_inlier
2777,96.1592,969.5221,499.8243,-0.8081,-0.4704,666,0.3075,1.0000,0.376665,-2.0583,-0.5508,low_inlier
2778,96.1925,969.2031,500.6525,-0.3190,0.8281,651,0.1665,1.0000,0.376665,-0.7797,1.0280,low_inlier
2779,96.2261,969.7848,499.2414,0.5817,-1.4111,730,0.3798,1.0000,0.376665,1.4252,-1.7529,low_inlier
2780,96.2591,969.4201,499.2278,-0.3647,-0.0136,585,0.4759,1.0000,0.376665,-0.9225,-0.0045,low_inlier
2781,96.2924,969.4952,501.7303,0.0751,2.5025,498,0.5452,1.0000,0.376665,0.2706,3.0716,
2782,96.3253,969.2195,504.1753,-0.2757,2.4450,554,0.3684,1.0000,0.376665,-0.6183,3.0127,low_inlier
2783,96.3593,967.3850,503.4260,-1.8345,-0.7494,644,0.1105,1.0000,0.376665,-4.6622,-0.8591,low_inlier
2784,96.3927,966.2948,499.0017,-1.0903,-4.4243,626,0.2822,1.0000,0.376665,-2.8993,-5.3984,low_inlier
2785,96.4258,967.2046,496.4828,0.9098,-2.5189,491,0.2548,1.0000,0.376665,2.2191,-3.1248,low_inlier
2786,96.4593,969.8389,496.5198,2.6343,0.0371,426,0.0750,1.0000,0.376665,6.6615,-0.0427,low_inlier
2787,96.4931,973.0988,497.9520,3.2599,1.4322,488,0.1363,1.0000,0.376665,8.2881,1.6501,low_inlier
2788,96.5264,976.0828,500.9279,2.9840,2.9759,522,0.3540,1.0000,0.376665,7.6405,3.5557,low_inlier
2789,96.5593,979.0427,502.1233,2.9599,1.1954,623,0.3845,1.0000,0.376665,7.5221,1.3694,low_inlier
2790,96.5921,2.4606,0.2330,2.4606,0.2330,640,0.3724,1.0000,0.376665,6.2286,0.2039,low_inlier
2791,96.6425,4.8868,0.2339,2.4262,0.0008,640,0.5617,1.0000,0.376665,6.1342,-0.0802,
2792,96.6693,7.0883,0.3108,2.2016,0.0769,693,0.3847,1.0000,0.376665,5.5687,0.0208,low_inlier
2793,96.6956,8.1384,-1.5540,1.0501,-1.8649,652,0.5682,1.0000,0.376665,2.5948,-2.3260,
2794,96.7264,7.4662,-6.0963,-0.6722,-4.5423,650,0.5501,1.0000,0.376665,-1.8462,-5.5573,
2795,96.7595,6.4065,-6.4512,-1.0597,-0.3549,441,0.1380,1.0000,0.376665,-2.6907,-0.4005,low_inlier
2796,96.7937,5.2969,-6.6777,-1.1096,-0.2265,512,0.1541,1.0000,0.376665,-2.8127,-0.2411,low_inlier
2797,96.8260,4.6938,-8.6627,-0.6031,-1.9850,431,0.1492,1.0000,0.376665,-1.5888,-2.4182,low_inlier
2798,96.8595,3.3431,-10.1653,-1.3507,-1.5026,454,0.2453,1.0000,0.376665,-3.4636,-1.8006,low_inlier
2799,96.8927,2.3510,-11.0551,-0.9921,-0.8898,528,0.5302,1.0000,0.376665,-2.5370,-1.0599,
2800,96.9260,0.1246,-13.8136,-2.2264,-2.7585,562,0.1125,1.0000,0.376665,-5.7180,-3.3140,low_inlier
2801,96.9597,-2.8564,-17.6442,-2.9811,-3.8306,499,0.1098,1.0000,0.376665,-7.6606,-4.6057,low_inlier
2802,96.9922,-3.2430,-19.6423,-0.3866,-1.9981,511,0.1646,1.0000,0.376665,-1.0419,-2.4416,low_inlier
2803,97.0257,-1.7379,-18.5789,1.5051,1.0634,633,0.2506,1.0000,0.376665,3.8398,1.2559,low_inlier
2804,97.0590,-0.1558,-18.6213,1.5820,-0.0425,557,0.4495,1.0000,0.376665,3.9985,-0.1051,low_inlier
2805,97.0925,1.3845,-21.4047,1.5404,-2.7833,593,0.3745,1.0000,0.376665,3.8047,-3.4706,low_inlier
2806,97.1254,3.9736,-28.5868,2.5891,-7.1821,674,0.2500,1.0000,0.376665,6.3143,-8.9093,low_inlier
2807,97.1591,7.9362,-35.5384,3.9626,-6.9516,695,0.1613,1.0000,0.376665,9.7944,-8.6722,low_inlier
2808,97.1921,13.1329,-40.4896,5.1967,-4.9512,668,0.1499,1.0000,0.376665,12.9791,-6.2562,low_inlier
2809,97.2252,18.0889,-44.6274,4.9560,-4.1378,600,0.1370,1.0000,0.376665,12.3968,-5.2489,low_inlier
2810,97.2590,23.7091,-45.0798,5.6202,-0.4524,672,0.1697,1.0000,0.376665,14.1951,-0.7439,low_inlier
2811,97.2915,27.4043,-45.5999,3.6952,-0.5201,457,0.0705,1.0000,0.376665,9.3257,-0.7626,low_inlier
2812,97.3254,29.8246,-42.4759,2.4203,3.1239,538,0.1050,1.0000,0.376665,6.2200,3.7565,low_inlier
2813,97.3588,35.6200,-34.4770,5.7954,7.9989,494,0.1034,1.0000,0.376665,14.9107,9.6320,low_inlier
2814,97.3921,38.5875,-27.2252,2.9676,7.2519,391,0.0380,1.0000,0.376665,7.7369,8.8090,low_inlier
2815,97.4255,42.3560,-21.8493,3.7685,5.3758,316,0.0221,1.0000,0.376665,9.7013,6.4776,low_inlier
2816,97.4593,49.6444,-17.0962,7.2884,4.7532,431,0.0288,1.0000,0.376665,18.5808,5.5948,low_inlier
2817,97.4922,53.9423,-14.8122,4.2979,2.2840,549,0.0386,1.0000,0.376665,10.9401,2.6618,low_inlier
2818,97.5252,58.8281,-7.1168,4.8858,7.6953,542,0.0449,1.0000,0.376665,12.6012,9.2895,low_inlier
2819,97.5589,64.4646,9.0064,5.6365,16.1232,496,0.0200,1.0000,0.376665,14.7710,19.6173,low_inlier
2820,97.5921,65.6835,29.1714,1.2189,20.1650,445,0.0267,1.0000,0.376665,3.7324,24.7303,low_inlier
2821,97.6449,64.9474,56.5846,-0.7361,27.4132,518,0.0130,1.0000,0.376665,-0.9766,33.6996,low_inlier
2822,97.6729,62.8340,81.2999,-2.1134,24.7154,323,0.0054,1.0000,0.376665,-4.5457,30.4316,low_inlier
2823,97.7014,56.5457,103.3742,-6.2883,22.0743,290,0.0014,1.0000,0.376665,-15.1865,27.3271,low_inlier
2824,97.7301,53.2384,117.0942,-3.3073,13.7200,333,0.0201,1.0000,0.376665,-7.9191,16.9646,low_inlier
2825,97.7586,52.6506,131.5855,-0.5878,14.4913,376,0.0184,1.0000,0.376665,-1.0186,17.8211,low_inlier
2826,97.7925,57.9310,145.8900,5.2804,14.3046,353,0.0570,1.0000,0.376665,13.8120,17.3952,low_inlier
2827,97.8252,61.1022,153.0596,3.1712,7.1695,513,0.1392,1.0000,0.376665,8.2490,8.7010,low_inlier
2828,97.8587,65.1776,157.6226,4.0754,4.5631,454,0.1287,1.0000,0.376665,10.4511,5.4689,low_inlier
2829,97.8922,75.6613,164.7594,10.4837,7.1368,533,0.0292,1.0000,0.376665,26.7364,8.4160,low_inlier
2830,97.9258,83.5673,158.2698,7.9060,-6.4897,422,0.0081,1.0000,0.376665,19.7793,-8.2367,low_inlier
2831,97.9586,92.7620,139.7006,9.1948,-18.5692,414,0.0273,1.0000,0.376665,22.6480,-23.1186,low_inlier
2832,97.9922,113.8186,131.2681,21.0565,-8.4325,347,0.0028,1.0000,0.376665,52.9653,-11.0637,low_inlier
2833,98.0252,121.7329,103.8976,7.9143,-27.3705,333,0.0053,1.0000,0.376665,19.1267,-33.8875,low_inlier
2834,98.0586,131.5938,75.1585,9.8609,-28.7391,364,0.0067,1.0000,0.376665,24.0041,-35.6339,low_inlier
2835,98.0921,145.7369,53.2811,14.1431,-21.8773,264,0.0027,1.0000,0.376665,35.0522,-27.3481,low_inlier
2836,98.1251,140.8369,25.4139,-4.9000,-27.8672,408,0.0211,1.0000,0.376665,-13.2879,-34.0686,low_inlier
2837,98.1584,133.2530,10.5469,-7.5839,-14.8670,314,0.0139,1.0000,0.376665,-19.6541,-18.0091,low_inlier
2838,98.1918,128.5873,-0.3149,-4.6657,-10.8618,447,0.0322,1.0000,0.376665,-12.1468,-13.1866,low_inlier
2839,98.2251,118.3540,-17.1484,-10.2333,-16.8335,374,0.1187,1.0000,0.376665,-26.4162,-20.3360,low_inlier
2840,98.2584,107.2382,-30.3724,-11.1158,-13.2240,458,0.0498,1.0000,0.376665,-28.5308,-15.8724,low_inlier
2841,98.2916,98.2568,-34.2397,-8.9814,-3.8673,487,0.1280,1.0000,0.376665,-22.8325,-4.4500,low_inlier
2842,98.3252,87.7788,-37.6041,-10.4780,-3.3644,472,0.1119,1.0000,0.376665,-26.6001,-3.7820,low_inlier
2843,98.3584,80.0151,-29.4783,-7.7638,8.1258,441,0.0362,1.0000,0.376665,-19.3670,10.2418,low_inlier
2844,98.3919,45.3695,-6.2630,-34.6455,23.2152,336,0.0129,1.0000,0.376665,-86.8455,29.6781,low_inlier
2845,98.4253,12.1394,-0.9048,-33.2301,5.3583,459,0.0078,1.0000,0.376665,-83.8431,7.6948,low_inlier
2846,98.4582,3.5391,0.0781,-8.6004,0.9828,368,0.0058,1.0000,0.376665,-21.7126,1.4953,low_inlier
2847,98.4916,29.6326,-0.6510,26.0935,-0.7291,388,0.0030,1.0000,0.376665,65.9489,-1.7693,low_inlier
2848,98.5250,44.3030,8.9172,14.6705,9.5682,446,0.0094,1.0000,0.376665,37.4002,11.2626,low_inlier
2849,98.5585,52.0397,19.5511,7.7367,10.6339,284,0.0000,1.0000,0.376665,19.9039,12.8039,low_inlier
2850,98.5917,65.8991,55.3069,13.8594,35.7558,517,0.0190,1.0000,0.376665,36.1945,43.4591,low_inlier
2851,98.6436,86.4755,95.3856,20.5764,40.0787,316,0.0042,1.0000,0.376665,53.3168,48.5446,low_inlier
2852,98.6728,115.2115,130.4113,28.7359,35.0257,377,0.0165,1.0000,0.376665,73.7835,42.0642,low_inlier
2853,98.7018,149.3640,145.5032,34.1526,15.0918,288,0.0062,1.0000,0.376665,86.8352,17.3956,low_inlier
2854,98.7315,171.5942,118.5128,22.2302,-26.9904,331,0.0000,1.0000,0.376665,55.3339,-33.8998,low_inlier
2855,98.7611,174.0715,74.8435,2.4772,-43.6694,343,0.0203,1.0000,0.376665,4.8542,-53.7273,low_inlier
2856,98.7936,174.6107,22.6168,0.5393,-52.2267,349,0.0514,1.0000,0.376665,-0.3218,-64.1744,low_inlier
2857,98.8252,179.5945,-31.8464,4.9838,-54.4632,335,0.0205,1.0000,0.376665,10.8433,-67.0706,low_inlier
2858,98.8585,188.6625,-88.0663,9.0679,-56.2199,346,0.0493,1.0000,0.376665,21.1125,-69.3653,low_inlier
2859,98.8916,195.1446,-143.4855,6.4821,-55.4192,348,0.0316,1.0000,0.376665,14.6006,-68.2951,low_inlier
2860,98.9251,200.3341,-191.8944,5.1895,-48.4090,259,0.0180,1.0000,0.376665,11.5587,-59.6404,low_inlier
2861,98.9581,198.6272,-237.2216,-1.7069,-45.3272,394,0.0161,1.0000,0.376665,-5.7780,-55.6237,low_inlier
2862,98.9916,194.4754,-282.9505,-4.1518,-45.7288,437,0.0167,1.0000,0.376665,-11.9726,-56.0352,low_inlier
2863,99.0251,187.0752,-332.2409,-7.4001,-49.2904,275,0.0015,1.0000,0.376665,-20.3003,-60.3016,low_inlier
2864,99.0585,179.9286,-362.0740,-7.1467,-29.8332,373,0.0187,1.0000,0.376665,-19.0316,-36.4084,low_inlier
2865,99.0922,168.9045,-393.6634,-11.0240,-31.5894,317,0.0015,1.0000,0.376665,-28.8915,-38.4360,low_inlier
2866,99.1247,154.5675,-424.6857,-14.3370,-31.0223,436,0.0080,1.0000,0.376665,-37.2493,-37.6284,low_inlier
2867,99.1580,139.3364,-440.7204,-15.2311,-16.0347,322,0.0111,1.0000,0.376665,-39.0263,-19.1874,low_inlier
2868,99.1915,130.5857,-452.9324,-8.7507,-12.2120,341,0.0297,1.0000,0.376665,-22.5185,-14.7084,low_inlier
2869,99.2249,124.8693,-458.0389,-5.7164,-5.1065,402,0.0730,1.0000,0.376665,-14.6176,-6.0815,low_inlier
2870,99.2582,125.2047,-448.7070,0.3354,9.3318,581,0.0759,1.0000,0.376665,1.1490,11.4522,low_inlier
2871,99.2912,129.8484,-428.8228,4.6437,19.8842,346,0.0513,1.0000,0.376665,12.3824,24.2707,low_inlier
2872,99.3247,138.2871,-403.5467,8.4387,25.2761,283,0.0355,1.0000,0.376665,22.1512,30.7672,low_inlier
2873,99.3584,148.1039,-378.7007,9.8168,24.8460,390,0.0391,1.0000,0.376665,25.6217,30.1926,low_inlier
2874,99.3913,160.3708,-370.3095,12.2669,8.3912,401,0.0139,1.0000,0.376665,31.2852,9.8972,low_inlier
2875,99.4246,162.6919,-382.0319,2.3211,-11.7224,479,0.0203,1.0000,0.376665,5.4902,-14.4777,low_inlier
2876,99.4584,151.3761,-407.6948,-11.3158,-25.6629,454,0.0029,1.0000,0.376665,-29.4380,-31.1460,low_inlier
2877,99.4912,137.4866,-456.4186,-13.8894,-48.7238,347,0.0000,1.0000,0.376665,-36.6890,-59.3883,low_inlier
2878,99.5248,118.8776,-525.8017,-18.6091,-69.3831,255,0.0000,1.0000,0.376665,-49.2882,-84.6086,low_inlier
2879,99.5581,106.2629,-584.8865,-12.6147,-59.0847,340,0.0113,1.0000,0.376665,-33.8002,-72.1586,low_inlier
2880,99.5912,101.1512,-630.2387,-5.1117,-45.3522,315,0.0182,1.0000,0.376665,-14.3874,-55.5405,low_inlier
2881,99.6426,92.7272,-699.3623,-8.4240,-69.1237,363,0.0110,1.0000,0.376665,-23.5287,-84.6309,low_inlier
2882,99.6717,79.8337,-765.4585,-12.8935,-66.0962,311,0.0018,1.0000,0.376665,-34.7314,-80.7622,low_inlier
2883,99.7009,66.1432,-832.1769,-13.6905,-66.7184,300,0.0102,1.0000,0.376665,-36.7666,-81.4998,low_inlier
2884,99.7303,67.2194,-877.5579,1.0762,-45.3811,397,0.0017,1.0000,0.376665,1.2566,-55.7831,low_inlier
2885,99.7597,70.1860,-886.0919,2.9667,-8.5340,258,0.0159,1.0000,0.376665,7.2253,-10.5827,low_inlier
2886,99.7927,66.6497,-883.0427,-3.5364,3.0492,224,0.0504,1.0000,0.376665,-8.8426,3.8641,low_inlier
2887,99.8251,67.7949,-878.3213,1.1452,4.7214,548,0.0091,1.0000,0.376665,3.0478,5.7615,low_inlier
2888,99.8593,79.4102,-840.1545,11.6153,38.1668,332,0.0000,1.0000,0.376665,30.5986,46.4960,low_inlier
2889,99.8917,101.1649,-753.1488,21.7547,87.0057,199,0.0025,1.0000,0.376665,57.8099,106.1512,low_inlier
2890,99.9251,120.2783,-631.9157,19.1134,121.2331,155,0.0072,1.0000,0.376665,52.2365,148.2853,low_inlier
2891,99.9582,133.6927,-599.4344,13.4144,32.4812,171,0.0000,1.0000,0.376665,34.9637,39.4515,low_inlier
2892,99.9911,163.6966,-461.8823,30.0039,137.5521,148,0.0000,1.0000,0.376665,80.2974,167.9673,low_inlier
2893,100.0250,175.3494,-378.0923,11.6528,83.7900,201,0.0000,1.0000,0.376665,32.1655,102.5392,low_inlier
2894,100.0581,182.2720,-336.0064,6.9226,42.0859,338,0.0000,1.0000,0.376665,18.8606,51.4675,low_inlier
2895,100.0913,186.2214,-280.3065,3.9494,55.6999,359,0.0000,1.0000,0.376665,11.7825,68.2907,low_inlier
2896,100.1251,189.6781,-230.6563,3.4567,49.6501,286,0.0000,1.0000,0.376665,10.3417,60.8755,low_inlier
2897,100.1581,192.3071,-199.9774,2.6290,30.6789,391,0.0020,1.0000,0.376665,7.6367,37.5986,low_inlier
2898,100.1913,187.3743,-183.7765,-4.9327,16.2008,448,0.0016,1.0000,0.376665,-11.9488,20.0666,low_inlier
2899,100.2241,182.7299,-178.3933,-4.6445,5.3833,221,0.0000,1.0000,0.376665,-11.5689,6.7684,low_inlier
2900,100.2579,180.7663,-175.8117,-1.9635,2.5816,314,0.0059,1.0000,0.376665,-4.8811,3.2370,low_inlier
2901,100.2912,176.6356,-173.8883,-4.1307,1.9234,438,0.0515,1.0000,0.376665,-10.3817,2.5010,low_inlier
2902,100.3252,166.6145,-179.2286,-10.0211,-5.3403,326,0.0346,1.0000,0.376665,-25.5087,-6.2246,low_inlier
2903,100.3582,161.3562,-170.8374,-5.2583,8.3912,372,0.0104,1.0000,0.376665,-13.0238,10.4840,low_inlier
2904,100.3917,163.3206,-142.3595,1.9643,28.4779,374,0.0084,1.0000,0.376665,5.8853,34.9171,low_inlier
2905,100.4251,158.1703,-77.6343,-5.1503,64.7252,202,0.0124,1.0000,0.376665,-10.9330,79.6822,low_inlier
2906,100.4583,160.3669,-50.1620,2.1966,27.4723,304,0.0190,1.0000,0.376665,6.4402,33.6740,low_inlier
2907,100.4916,161.4600,-28.2969,1.0930,21.8651,389,0.0161,1.0000,0.376665,3.4691,26.8229,low_inlier
2908,100.5247,172.5601,-13.6612,11.1001,14.6357,286,0.0019,1.0000,0.376665,28.5368,17.6072,low_inlier
2909,100.5578,195.3399,26.3931,22.7798,40.0543,247,0.0000,1.0000,0.376665,58.8868,48.4408,low_inlier
2910,100.5910,207.4007,87.8459,12.0608,61.4529,187,0.0000,1.0000,0.376665,32.4762,75.0862,low_inlier
2911,100.6433,207.6867,96.0769,0.2860,8.2309,312,0.0000,1.0000,0.376665,0.9887,10.1015,low_inlier
2912,100.6722,203.7522,109.4879,-3.9345,13.4110,258,0.0018,1.0000,0.376665,-9.5149,16.6061,low_inlier
2913,100.7008,193.8700,150.4533,-9.8821,40.9654,258,0.0018,1.0000,0.376665,-23.6633,50.6536,low_inlier
2914,100.7292,187.6394,183.0805,-6.2306,32.6272,327,0.0000,1.0000,0.376665,-14.7002,40.2885,low_inlier
2915,100.7578,189.1849,210.7748,1.5455,27.6944,264,0.0000,1.0000,0.376665,4.8012,33.9686,low_inlier
2916,100.7926,194.6745,245.2181,5.4896,34.4433,396,0.0020,1.0000,0.376665,14.9908,42.1270,low_inlier
2917,100.8242,210.7499,282.7940,16.0754,37.5759,244,0.0000,1.0000,0.376665,41.8559,45.6208,low_inlier
2918,100.8575,221.8442,273.8623,11.0943,-8.9317,144,0.0000,1.0000,0.376665,27.7615,-11.3434,low_inlier
2919,100.8910,225.8167,269.3077,3.9725,-4.5546,235,0.0020,1.0000,0.376665,9.8967,-5.7280,low_inlier
2920,100.9241,224.1497,275.6973,-1.6669,6.3897,359,0.0034,1.0000,0.376665,-4.0083,7.9050,low_inlier
2921,100.9573,223.3334,276.8295,-0.8163,1.1321,346,0.0168,1.0000,0.376665,-2.0273,1.4181,low_inlier
2922,100.9908,223.6804,269.7280,0.3469,-7.1015,312,0.0078,1.0000,0.376665,0.6481,-8.7352,low_inlier
2923,101.0240,211.8028,275.2534,-11.8776,5.5254,343,0.0018,1.0000,0.376665,-29.8519,7.1852,low_inlier
2924,101.0573,206.9146,295.6009,-4.8882,20.3475,343,0.0067,1.0000,0.376665,-11.7024,25.1590,low_inlier
2925,101.0909,203.3997,311.7944,-3.5148,16.1935,386,0.0354,1.0000,0.376665,-8.3641,20.0102,low_inlier
2926,101.1241,194.3382,331.2943,-9.0615,19.4998,296,0.0083,1.0000,0.376665,-22.2812,24.2574,low_inlier
2927,101.1579,181.5052,354.0041,-12.8330,22.7098,257,0.0038,1.0000,0.376665,-31.7129,28.3269,low_inlier
2928,101.1910,174.1513,359.6903,-7.3539,5.6862,346,0.0082,1.0000,0.376665,-18.4095,7.2312,low_inlier
2929,101.2244,172.5580,361.8922,-1.5933,2.2020,242,0.0090,1.0000,0.376665,-3.9574,2.7583,low_inlier
2930,101.2575,172.3909,371.0117,-0.1671,9.1195,217,0.0046,1.0000,0.376665,-0.1283,11.2082,low_inlier
2931,101.2911,167.5258,389.8413,-4.8650,18.8296,68,0.0017,1.0000,0.376665,-11.6927,23.2935,low_inlier
2932,101.3240,161.0862,404.4727,-6.4396,14.6313,253,0.0050,1.0000,0.376665,-15.8093,18.1890,low_inlier
2933,101.3581,151.2394,431.3038,-9.8468,26.8311,279,0.0071,1.0000,0.376665,-24.0300,33.2896,low_inlier
2934,101.3912,146.8008,441.9972,-4.4386,10.6935,345,0.0234,1.0000,0.376665,-10.8771,13.2847,low_inlier
2935,101.4247,143.4880,443.8947,-3.3128,1.8974,189,0.0237,1.0000,0.376665,-8.3146,2.4418,low_inlier
2936,101.4584,142.7604,447.5889,-0.7275,3.6942,444,0.0901,1.0000,0.376665,-1.7202,4.5624,low_inlier
2937,101.4911,141.4520,458.8844,-1.3084,11.2955,326,0.0117,1.0000,0.376665,-2.9436,13.9194,low_inlier
2938,101.5244,134.0262,461.5227,-7.4259,2.6384,178,0.0151,1.0000,0.376665,-18.6897,3.4897,low_inlier
2939,101.5579,130.1980,463.3624,-3.8282,1.8396,146,0.0029,1.0000,0.376665,-9.6195,2.3880,low_inlier
2940,101.5911,122.5796,481.1350,-7.6183,17.7726,161,0.0015,1.0000,0.376665,-18.6880,22.0873,low_inlier
2941,101.6438,115.9139,489.4625,-6.6658,8.3275,347,0.0157,1.0000,0.376665,-16.5844,10.4528,low_inlier
2942,101.6726,112.2988,502.0145,-3.6151,12.5520,480,0.0531,1.0000,0.376665,-8.7350,15.5402,low_inlier
2943,101.7019,109.8043,521.1444,-2.4945,19.1299,489,0.0127,1.0000,0.376665,-5.6896,23.5831,low_inlier
2944,101.7311,102.2716,540.1487,-7.5326,19.0043,315,0.0215,1.0000,0.376665,-18.4316,23.5975,low_inlier
2945,101.7603,93.6859,556.2543,-8.5858,16.1055,435,0.0782,1.0000,0.376665,-21.1878,20.0718,low_inlier
2946,101.7913,89.4654,563.8079,-4.2205,7.5537,511,0.1865,1.0000,0.376665,-10.4269,9.4204,low_inlier
2947,101.8240,84.7867,572.4344,-4.6787,8.6265,532,0.3300,1.0000,0.376665,-11.5510,10.7536,low_inlier
2948,101.8577,76.3168,583.3720,-8.4698,10.9376,475,0.0716,1.0000,0.376665,-21.0614,13.7195,low_inlier
2949,101.8904,67.8943,581.2179,-8.4225,-2.1541,613,0.0178,1.0000,0.376665,-21.3643,-2.3641,low_inlier
2950,101.9241,61.9608,571.1347,-5.9335,-10.0833,503,0.0040,1.0000,0.376665,-15.3271,-12.1878,low_inlier
2951,101.9578,60.8395,563.9002,-1.1213,-7.2345,506,0.0088,1.0000,0.376665,-3.0685,-8.8494,low_inlier
2952,101.9900,63.2139,572.7310,2.3745,8.8308,258,0.0066,1.0000,0.376665,6.2883,10.7685,low_inlier
2953,102.0240,73.2466,578.7699,10.0327,6.0389,428,0.0442,1.0000,0.376665,25.5606,7.0824,low_inlier
2954,102.0574,71.0622,567.5911,-2.1844,-11.1788,667,0.0067,1.0000,0.376665,-5.8836,-13.6591,low_inlier
2955,102.0911,73.9387,567.7312,2.8765,0.1401,360,0.0029,1.0000,0.376665,7.2772,0.0758,low_inlier
2956,102.1241,69.0386,552.1765,-4.9001,-15.5547,228,0.0000,1.0000,0.376665,-12.8909,-18.9437,low_inlier
2957,102.1576,64.8882,540.4970,-4.1504,-11.6795,325,0.0028,1.0000,0.376665,-10.8702,-14.2084,low_inlier
2958,102.1910,57.9555,532.5944,-6.9327,-7.9026,237,0.0000,1.0000,0.376665,-17.7830,-9.4756,low_inlier
2959,102.2240,45.4244,518.8038,-12.5310,-13.7906,530,0.0028,1.0000,0.376665,-32.1273,-16.5210,low_inlier
2960,102.2572,35.1184,497.8219,-10.3060,-20.9820,335,0.0060,1.0000,0.376665,-26.7338,-25.4296,low_inlier
2961,102.2907,23.1658,476.1635,-11.9526,-21.6583,305,0.0089,1.0000,0.376665,-30.9188,-26.2053,low_inlier
2962,102.3237,7.3599,469.1988,-15.8059,-6.9647,505,0.0044,1.0000,0.376665,-40.1870,-8.0264,low_inlier
2963,102.3571,-7.3098,461.3307,-14.6697,-7.8681,557,0.0060,1.0000,0.376665,-37.3435,-9.1742,low_inlier
2964,102.3906,-14.7790,447.7615,-7.4692,-13.5692,384,0.0000,1.0000,0.376665,-19.3223,-16.4186,low_inlier
2965,102.4242,-24.5826,438.3752,-9.8035,-9.3864,376,0.0029,1.0000,0.376665,-25.0892,-11.2022,low_inlier
2966,102.4570,-43.7730,422.9837,-19.1904,-15.3914,381,0.0031,1.0000,0.376665,-49.0159,-18.2646,low_inlier
2967,102.4904,-59.1817,412.1218,-15.4087,-10.8619,238,0.0016,1.0000,0.376665,-39.3084,-12.8271,low_inlier
2968,102.5232,-67.4784,420.2441,-8.2967,8.1223,393,0.0047,1.0000,0.376665,-20.7145,10.2553,low_inlier
2969,102.5570,-76.5922,440.6099,-9.1138,20.3658,266,0.0073,1.0000,0.376665,-22.3854,25.3230,low_inlier
2970,102.5901,-85.4444,459.8220,-8.8522,19.2121,304,0.0210,1.0000,0.376665,-21.7612,23.8969,low_inlier
2971,102.6418,-94.7644,479.2769,-9.3199,19.4549,581,0.0032,1.0000,0.376665,-22.9359,24.2109,low_inlier
2972,102.6707,-102.2449,496.1578,-7.4805,16.8808,446,0.0000,1.0000,0.376665,-18.3684,20.9872,low_inlier
2973,102.6999,-108.7241,497.6409,-6.4792,1.4831,532,0.0029,1.0000,0.376665,-16.3336,2.0388,low_inlier
2974,102.7289,-123.8518,486.2077,-15.1277,-11.4331,262,0.0725,1.0000,0.376665,-38.6163,-13.5382,low_inlier
2975,102.7582,-137.2749,478.1162,-13.4232,-8.0915,327,0.0054,1.0000,0.376665,-34.1990,-9.4904,low_inlier
2976,102.7907,-140.1863,479.4959,-2.9114,1.3797,462,0.0344,1.0000,0.376665,-7.3163,1.7923,low_inlier
2977,102.8235,-134.9306,482.5502,5.2557,3.0543,508,0.0546,1.0000,0.376665,13.3866,3.5760,low_inlier
2978,102.8568,-136.8912,470.7089,-1.9607,-11.8413,366,0.0093,1.0000,0.376665,-5.3392,-14.4805,low_inlier
2979,102.8907,-142.8435,463.4768,-5.9523,-7.2321,351,0.0042,1.0000,0.376665,-15.2825,-8.6848,low_inlier
2980,102.9235,-142.8457,470.2027,-0.0022,6.7259,370,0.0620,1.0000,0.376665,0.2115,8.2623,low_inlier
2981,102.9570,-137.3626,468.0963,5.4831,-2.1064,513,0.0110,1.0000,0.376665,13.7949,-2.7711,low_inlier
2982,102.9902,-134.0422,460.0419,3.3204,-8.0544,372,0.0468,1.0000,0.376665,8.1352,-10.0054,low_inlier
2983,103.0239,-129.2575,460.9806,4.7847,0.9387,359,0.0784,1.0000,0.376665,12.1275,0.9929,low_inlier
2984,103.0574,-121.8590,469.8903,7.3984,8.9097,501,0.0030,1.0000,0.376665,18.9930,10.6972,low_inlier
2985,103.0913,-111.7562,468.3734,10.1029,-1.5169,446,0.0000,1.0000,0.376665,25.4942,-2.2017,low_inlier
2986,103.1241,-95.1938,471.5841,16.5624,3.2107,144,0.0047,1.0000,0.376665,41.9783,3.3895,low_inlier
2987,103.1571,-87.4898,471.8684,7.7040,0.2843,446,0.0258,1.0000,0.376665,19.4873,0.0913,low_inlier
2988,103.1903,-80.8025,471.1895,6.6873,-0.6789,232,0.0068,1.0000,0.376665,16.8857,-1.0579,low_inlier
2989,103.2235,-74.3250,473.6893,6.4775,2.4998,436,0.0081,1.0000,0.376665,16.4578,2.8539,low_inlier
2990,103.2573,-66.0076,476.3840,8.3174,2.6947,476,0.0056,1.0000,0.376665,21.1159,3.0317,low_inlier
2991,103.2903,-55.7256,480.6976,10.2820,4.3136,472,0.0155,1.0000,0.376665,26.1353,4.9547,low_inlier
2992,103.3240,-43.9613,487.2183,11.7643,6.5208,164,0.0159,1.0000,0.376665,29.9543,7.6164,low_inlier
2993,103.3570,-32.1368,483.8056,11.8244,-3.4128,250,0.0030,1.0000,0.376665,29.7857,-4.5882,low_inlier
2994,103.3905,-19.5691,465.7148,12.5677,-18.0908,532,0.0016,1.0000,0.376665,31.1914,-22.6439,low_inlier
2995,103.4239,-8.2925,451.0774,11.2766,-14.6375,389,0.0031,1.0000,0.376665,28.0383,-18.3585,low_inlier
2996,103.4573,4.7771,444.7037,13.0696,-6.3736,109,0.0017,1.0000,0.376665,32.8383,-8.2671,low_inlier
2997,103.4902,11.3785,430.0506,6.6014,-14.6531,126,0.0000,1.0000,0.376665,16.2176,-18.2212,low_inlier
2998,103.5239,10.3800,417.0390,-0.9984,-13.0116,141,0.0060,1.0000,0.376665,-2.9442,-15.9503,low_inlier
2999,103.5567,-12.1255,419.4580,-22.5056,2.4190,303,0.0015,1.0000,0.376665,-56.8230,3.7250,low_inlier
3000,103.5902,-19.7331,416.5660,-7.6076,-2.8920,466,0.0000,1.0000,0.376665,-19.3277,-3.2979,low_inlier
3001,103.6414,-24.5660,413.5869,-4.8329,-2.9791,96,0.0000,1.0000,0.376665,-12.3151,-3.4978,low_inlier
3002,103.6704,-44.6776,421.5944,-20.1116,8.0075,261,0.0000,1.0000,0.376665,-50.5898,10.5100,low_inlier
3003,103.6993,-81.5549,428.3642,-36.8774,6.7698,286,0.0000,1.0000,0.376665,-93.0189,9.5509,low_inlier
3004,103.7282,-115.5656,431.5778,-34.0107,3.2136,304,0.0029,1.0000,0.376665,-85.8858,5.0864,low_inlier
3005,103.7570,-156.9252,442.8219,-41.3596,11.2441,260,0.0000,1.0000,0.376665,-104.2069,15.1973,low_inlier
3006,103.7899,-202.7533,448.0391,-45.8281,5.2172,197,0.0025,1.0000,0.376665,-115.6993,7.9433,low_inlier
3007,103.8237,-247.3417,451.4797,-44.5883,3.4406,395,0.0000,1.0000,0.376665,-112.6220,5.7194,low_inlier
3008,103.8566,-278.7381,456.1755,-31.3964,4.6959,287,0.0000,1.0000,0.376665,-79.2282,6.8197,low_inlier
3009,103.8901,-289.1247,459.3745,-10.3867,3.1990,388,0.0000,1.0000,0.376665,-26.1575,4.2775,low_inlier
3010,103.9231,-292.0361,458.9361,-2.9113,-0.4384,270,0.0000,1.0000,0.376665,-7.3749,-0.4410,low_inlier
3011,103.9565,-301.6894,459.9937,-9.6533,1.0576,237,0.0000,1.0000,0.376665,-24.3723,1.6223,low_inlier
3012,103.9899,-303.3547,457.2740,-1.6653,-2.7197,250,0.0022,1.0000,0.376665,-4.2982,-3.2851,low_inlier
3013,104.0231,-302.1705,459.9859,1.1841,2.7118,280,0.0024,1.0000,0.376665,3.0814,3.2916,low_inlier
3014,104.0564,-300.7426,457.1705,1.4279,-2.8154,190,0.0112,1.0000,0.376665,3.5193,-3.5063,low_inlier
3015,104.0896,-299.8564,453.9831,0.8862,-3.1874,383,0.0021,1.0000,0.376665,2.1378,-3.9452,low_inlier
3016,104.1232,-298.1450,451.8076,1.7114,-2.1755,312,0.0000,1.0000,0.376665,4.2568,-2.7297,low_inlier
3017,104.1567,-297.5154,453.1900,0.6297,1.3824,253,0.0021,1.0000,0.376665,1.6366,1.6770,low_inlier
3018,104.1897,-298.3810,459.4848,-0.8657,6.2949,206,0.0000,1.0000,0.376665,-1.9856,7.7617,low_inlier
3019,104.2232,-301.7677,464.0951,-3.3867,4.6103,190,0.0023,1.0000,0.376665,-8.4138,5.7767,low_inlier
3020,104.2562,-300.6716,467.4852,1.0961,3.3901,173,0.0000,1.0000,0.376665,2.8806,4.1277,low_inlier
3021,104.2896,-301.8837,468.1438,-1.2120,0.6587,151,0.0000,1.0000,0.376665,-3.0431,0.8497,low_inlier
3022,104.3231,-303.6150,469.4513,-1.7313,1.3075,199,0.0055,1.0000,0.376665,-4.3351,1.6641,low_inlier
3023,104.3564,-304.4432,469.1110,-0.8282,-0.3403,263,0.0187,1.0000,0.376665,-2.1049,-0.3903,low_inlier
3024,104.3902,-303.0986,468.7894,1.3446,-0.3216,384,0.0066,1.0000,0.376665,3.3892,-0.4401,low_inlier
3025,104.4234,-307.5719,465.2250,-4.4733,-3.5644,244,0.0114,1.0000,0.376665,-11.4250,-4.2288,low_inlier
3026,104.4565,-308.1403,465.6343,-0.5684,0.4093,367,0.0174,1.0000,0.376665,-1.4238,0.5219,low_inlier
3027,104.4896,-308.1349,465.5382,0.0054,-0.0961,300,0.0825,1.0000,0.376665,0.0104,-0.1183,low_inlier
3028,104.5234,-308.2403,464.8948,-0.1053,-0.6434,259,0.0325,1.0000,0.376665,-0.2871,-0.7869,low_inlier
3029,104.5566,-308.6174,463.0454,-0.3771,-1.8494,233,0.0045,1.0000,0.376665,-1.0132,-2.2592,low_inlier
3030,104.5899,-305.6224,457.0679,2.9951,-5.9775,434,0.0000,1.0000,0.376665,7.3795,-7.4432,low_inlier
3031,104.6474,-308.0027,456.1176,-2.3803,-0.9503,600,0.0014,1.0000,0.376665,-6.0488,-1.0877,low_inlier
3032,104.6766,-310.4854,454.1445,-2.4827,-1.9731,368,0.0000,1.0000,0.376665,-6.3408,-2.3407,low_inlier
3033,104.7049,-315.3280,454.2714,-4.8425,0.1270,140,0.0026,1.0000,0.376665,-12.2393,0.3181,low_inlier
3034,104.7334,-317.0772,458.8525,-1.7492,4.5810,88,0.0000,1.0000,0.376665,-4.2747,5.6860,low_inlier
3035,104.7625,-321.8686,457.3231,-4.7914,-1.5294,226,0.0038,1.0000,0.376665,-12.1635,-1.7183,low_inlier
3036,104.7913,-326.2771,455.8422,-4.4086,-1.4809,199,0.0000,1.0000,0.376665,-11.1940,-1.6715,low_inlier
3037,104.8231,-330.2516,452.4059,-3.9745,-3.4363,445,0.0018,1.0000,0.376665,-10.1597,-4.0882,low_inlier
3038,104.8561,-330.7943,449.8715,-0.5427,-2.5343,219,0.0031,1.0000,0.376665,-1.4538,-3.0951,low_inlier
3039,104.8895,-331.0345,445.9963,-0.2402,-3.8752,333,0.0015,1.0000,0.376665,-0.7323,-4.7524,low_inlier
3040,104.9228,-331.1507,445.3226,-0.1162,-0.6737,305,0.0360,1.0000,0.376665,-0.3155,-0.8237,low_inlier
3041,104.9561,-332.6214,444.7408,-1.4707,-0.5818,212,0.0053,1.0000,0.376665,-3.7371,-0.6654,low_inlier
3042,104.9897,-337.0001,444.7933,-4.3787,0.0525,160,0.0000,1.0000,0.376665,-11.0690,0.2111,low_inlier
3043,105.0227,-343.9618,450.1579,-6.9617,5.3647,373,0.0017,1.0000,0.376665,-17.4283,6.8232,low_inlier
3044,105.0560,-349.3093,448.7001,-5.3475,-1.4578,463,0.0000,1.0000,0.376665,-13.5671,-1.6118,low_inlier
3045,105.0891,-352.0288,444.0630,-2.7195,-4.6371,435,0.0000,1.0000,0.376665,-7.0254,-5.6052,low_inlier
3046,105.1221,-355.8679,433.6398,-3.8391,-10.4232,439,0.0000,1.0000,0.376665,-10.0427,-12.6756,low_inlier
3047,105.1559,-357.1201,429.3300,-1.2522,-4.3098,142,0.0081,1.0000,0.376665,-3.3051,-5.2523,low_inlier
3048,105.1892,-368.6341,421.3151,-11.5140,-8.0150,82,0.0050,1.0000,0.376665,-29.3696,-9.4602,low_inlier
3049,105.2231,-378.4627,416.0436,-9.8286,-5.2715,40,0.0000,1.0000,0.376665,-25.0198,-6.1465,low_inlier
3050,105.2558,-397.7294,393.6930,-19.2667,-22.3506,208,0.0000,1.0000,0.376665,-49.4332,-26.8109,low_inlier
3051,105.2890,-411.3478,382.9657,-13.6185,-10.7274,315,0.0055,1.0000,0.376665,-34.7778,-12.7217,low_inlier
3052,105.3226,-417.9256,382.3874,-6.5777,-0.5782,386,0.0065,1.0000,0.376665,-16.6492,-0.4901,low_inlier
3053,105.3561,-421.6853,387.8311,-3.7598,5.4437,399,0.0847,1.0000,0.376665,-9.3302,6.8130,low_inlier
3054,105.3890,-424.7654,389.3443,-3.0800,1.5132,617,0.0421,1.0000,0.376665,-7.7385,1.9620,low_inlier
3055,105.4231,-427.4103,395.1563,-2.6449,5.8120,425,0.0596,1.0000,0.376665,-6.4997,7.2281,low_inlier
3056,105.4557,-430.9055,400.9242,-3.4952,5.7679,523,0.0267,1.0000,0.376665,-8.6507,7.2025,low_inlier
3057,105.4892,-435.3824,403.6794,-4.4770,2.7552,364,0.0095,1.0000,0.376665,-11.2302,3.5345,low_inlier
3058,105.5226,-437.2142,418.0051,-1.8317,14.3257,534,0.0161,1.0000,0.376665,-4.1690,17.6593,low_inlier
3059,105.5561,-436.9807,435.2386,0.2335,17.2335,536,0.0133,1.0000,0.376665,1.1464,21.1622,low_inlier
3060,105.5891,-436.0192,438.6946,0.9615,3.4559,458,0.0234,1.0000,0.376665,2.5425,4.2131,low_inlier
3061,105.6411,-435.0793,450.4231,0.9399,11.7285,312,0.2523,1.0000,0.376665,2.7547,14.3761,low_inlier
3062,105.6697,-433.2251,463.3057,1.8542,12.8826,184,0.2084,1.0000,0.376665,5.1037,15.7632,low_inlier
3063,105.6982,-428.7499,470.8914,4.4752,7.5857,382,0.0320,1.0000,0.376665,11.5594,9.1686,low_inlier
3064,105.7266,-425.1169,471.7680,3.6330,0.8766,392,0.0130,1.0000,0.376665,9.2136,0.9553,low_inlier
3065,105.7560,-423.0891,468.1602,2.0278,-3.6078,355,0.0105,1.0000,0.376665,5.0105,-4.4998,low_inlier
3066,105.7900,-419.7393,457.1812,3.3498,-10.9791,632,0.0068,1.0000,0.376665,8.1151,-13.5991,low_inlier
3067,105.8225,-409.0970,441.2979,10.6423,-15.8833,331,0.1721,1.0000,0.376665,26.3944,-19.8677,low_inlier
3068,105.8561,-404.2096,425.6408,4.8875,-15.6571,727,0.0126,1.0000,0.376665,11.8518,-19.3971,low_inlier
3069,105.8897,-404.0417,397.1721,0.1679,-28.4686,357,0.0375,1.0000,0.376665,-0.4942,-34.9771,low_inlier
3070,105.9229,-402.0013,378.7459,2.0404,-18.4262,634,0.0051,1.0000,0.376665,4.5643,-22.7035,low_inlier
3071,105.9560,-397.7676,361.4366,4.2336,-17.3093,322,0.1188,1.0000,0.376665,10.1454,-21.4049,low_inlier
3072,105.9893,-392.6524,344.0809,5.1152,-17.3557,503,0.1935,1.0000,0.376665,12.3729,-21.4913,low_inlier
3073,106.0227,-387.0057,334.7180,5.6467,-9.3630,310,0.1956,1.0000,0.376665,13.9744,-11.6907,low_inlier
3074,106.0560,-380.0286,327.9133,6.9772,-6.8047,370,0.2597,1.0000,0.376665,17.4209,-8.5926,low_inlier
3075,106.0898,-369.7427,321.7602,10.2859,-6.1531,344,0.1781,1.0000,0.376665,25.8073,-7.9030,low_inlier
3076,106.1223,-360.4791,319.7146,9.2636,-2.0456,353,0.0782,1.0000,0.376665,23.3552,-2.8231,low_inlier
3077,106.1557,-349.9493,310.9763,10.5298,-8.7383,290,0.1032,1.0000,0.376665,26.3406,-11.0869,low_inlier
3078,106.1888,-338.9160,308.6034,11.0333,-2.3729,319,0.0267,1.0000,0.376665,27.8190,-3.2843,low_inlier
3079,106.2228,-327.1982,308.4443,11.7178,-0.1591,281,0.1257,1.0000,0.376665,29.6212,-0.5878,low_inlier
3080,106.2555,-319.8763,308.2893,7.3219,-0.1550,522,0.2025,1.0000,0.376665,18.5070,-0.4355,low_inlier
3081,106.2890,-312.5112,310.2297,7.3651,1.9404,396,0.1458,1.0000,0.376665,18.6839,2.1371,low_inlier
3082,106.3224,-303.2211,310.0323,9.2901,-0.1975,402,0.0676,1.0000,0.376665,23.4819,-0.5536,low_inlier
3083,106.3555,-294.1517,307.6561,9.0694,-2.3762,425,0.1223,1.0000,0.376665,22.8535,-3.2226,low_inlier
3084,106.3890,-288.5250,307.0706,5.6267,-0.5855,396,0.1814,1.0000,0.376665,14.2071,-0.9076,low_inlier
3085,106.4218,-284.3299,308.7889,4.1951,1.7182,460,0.1548,1.0000,0.376665,10.6619,1.9702,low_inlier
3086,106.4553,-281.1006,318.2954,3.2293,9.5065,690,0.0191,1.0000,0.376665,8.4714,11.5699,low_inlier
3087,106.4889,-276.1667,323.5666,4.9339,5.2712,426,0.1445,1.0000,0.376665,12.6446,6.3101,low_inlier
3088,106.5220,-272.6798,330.6945,3.4869,7.1280,494,0.1210,1.0000,0.376665,9.0459,8.6394,low_inlier
3089,106.5559,-269.8912,341.4725,2.7886,10.7779,455,0.0117,1.0000,0.376665,7.3983,13.1465,low_inlier
3090,106.5893,-269.5547,344.1575,0.3365,2.6850,431,0.0065,1.0000,0.376665,0.9373,3.2870,low_inlier
3091,106.6413,-0.8583,13.8856,-0.8583,13.8856,749,0.0281,1.0000,0.376665,-1.7220,17.0861,low_inlier
3092,106.6685,-5.0575,16.5532,-4.1991,2.6676,754,0.0575,1.0000,0.376665,-10.5306,3.4176,low_inlier
3093,106.6965,-10.7374,27.6344,-5.6800,11.0812,669,0.0279,1.0000,0.376665,-14.0032,13.8025,low_inlier
3094,106.7243,-10.5969,40.4962,0.1406,12.8618,450,0.0106,1.0000,0.376665,0.7704,15.7950,low_inlier
3095,106.7556,-6.5322,52.7978,4.0647,12.3015,331,0.0429,1.0000,0.376665,10.6737,14.9754,low_inlier
3096,106.7895,-4.9278,62.2280,1.6044,9.4303,296,0.2529,1.0000,0.376665,4.3607,11.5307,low_inlier
3097,106.8223,-0.1992,67.6212,4.7286,5.3932,665,0.1419,1.0000,0.376665,12.1294,6.4668,low_inlier
3098,106.8559,6.0879,64.8204,6.2870,-2.8008,432,0.1280,1.0000,0.376665,15.8052,-3.6510,low_inlier
3099,106.8893,10.7894,60.4837,4.7016,-4.3368,250,0.2593,1.0000,0.376665,11.7471,-5.4848,low_inlier
3100,106.9224,16.4597,57.2722,5.6703,-3.2115,386,0.1383,1.0000,0.376665,14.2326,-4.1349,low_inlier
3101,106.9560,22.4558,59.9500,5.9961,2.6779,524,0.0848,1.0000,0.376665,15.2463,3.0888,low_inlier
3102,106.9890,28.0000,63.3290,5.5442,3.3790,354,0.3161,1.0000,0.376665,14.1266,3.9652,low_inlier
3103,107.0225,34.6528,69.1677,6.6528,5.8387,206,0.1997,1.0000,0.376665,17.0087,6.9496,low_inlier
3104,107.0560,43.8603,72.5106,9.2075,3.3429,336,0.0311,1.0000,0.376665,23.3873,3.7982,low_inlier
3105,107.0900,51.3273,77.1345,7.4670,4.6239,418,0.2347,1.0000,0.376665,19.0280,5.4300,low_inlier
3106,107.1219,58.9754,76.4711,7.6481,-0.6634,657,0.0208,1.0000,0.376665,19.3152,-1.0711,low_inlier
3107,107.1552,66.6735,71.8077,7.6982,-4.6634,723,0.0168,1.0000,0.376665,19.3129,-5.9863,low_inlier
3108,107.1885,75.3442,65.2953,8.6707,-6.5124,327,0.1031,1.0000,0.376665,21.7120,-8.2903,low_inlier
3109,107.2221,83.3094,58.1585,7.9652,-7.1368,668,0.0166,1.0000,0.376665,19.9081,-9.0336,low_inlier
3110,107.2550,91.2438,46.3562,7.9344,-11.8023,756,0.0103,1.0000,0.376665,19.6798,-14.7638,low_inlier
3111,107.2885,99.3883,28.1517,8.1445,-18.2045,263,0.0553,1.0000,0.376665,20.0045,-22.6355,low_inlier
3112,107.3219,106.8927,15.9695,7.5044,-12.1823,66,0.0040,1.0000,0.376665,18.5804,-15.2162,low_inlier
3113,107.3556,115.1229,5.9967,8.2302,-9.9728,291,0.0000,1.0000,0.376665,20.4867,-12.5263,low_inlier
3114,107.3888,121.3439,-2.7688,6.2209,-8.7655,304,0.0000,1.0000,0.376665,15.4456,-10.9760,low_inlier
3115,107.4212,131.0022,-15.9795,9.6584,-13.2108,284,0.0026,1.0000,0.376665,23.9931,-16.5518,low_inlier
3116,107.4552,138.7189,-25.4277,7.7166,-9.4482,468,0.0039,1.0000,0.376665,19.2052,-11.8647,low_inlier
3117,107.4890,140.4943,-28.6821,1.7754,-3.2544,535,0.0052,1.0000,0.376665,4.3838,-4.0572,low_inlier
3118,107.5217,146.8049,-32.3438,6.3106,-3.6617,710,0.0102,1.0000,0.376665,15.8369,-4.7094,low_inlier
3119,107.5550,149.4481,-29.0902,2.6432,3.2537,488,0.0089,1.0000,0.376665,6.7878,3.9084,low_inlier
3120,107.5888,150.6726,-27.9771,1.2245,1.1130,272,0.0064,1.0000,0.376665,3.1319,1.3263,low_inlier
3121,107.6406,161.4460,-27.1455,10.7734,0.8316,456,0.0519,1.0000,0.376665,27.2654,0.6608,low_inlier
3122,107.6682,170.2789,-25.8997,8.8328,1.2458,452,0.0342,1.0000,0.376665,22.3723,1.2346,low_inlier
3123,107.6958,179.6407,-16.8822,9.3618,9.0175,420,0.0383,1.0000,0.376665,23.9604,10.7639,low_inlier
3124,107.7236,191.0359,-10.6816,11.3952,6.2006,422,0.0172,1.0000,0.376665,29.0108,7.2354,low_inlier
3125,107.7563,201.3166,-12.8593,10.2807,-2.1777,497,0.0079,1.0000,0.376665,25.9226,-3.0194,low_inlier
3126,107.7892,208.5169,-22.6981,7.2002,-9.8388,451,0.0130,1.0000,0.376665,17.8869,-12.3272,low_inlier
3127,107.8223,214.9761,-29.5214,6.4593,-6.8233,526,0.0216,1.0000,0.376665,16.1109,-8.5981,low_inlier
3128,107.8554,222.1880,-48.5306,7.2119,-19.0092,399,0.0220,1.0000,0.376665,17.6206,-23.5928,low_inlier
3129,107.8891,227.4457,-63.9117,5.2576,-15.3811,385,0.0312,1.0000,0.376665,12.7966,-19.0705,low_inlier
3130,107.9220,232.1713,-80.4268,4.7256,-16.5151,366,0.0703,1.0000,0.376665,11.4149,-20.4457,low_inlier
3131,107.9554,236.7454,-95.8367,4.5741,-15.4099,442,0.1157,1.0000,0.376665,11.0676,-19.0830,low_inlier
3132,107.9888,238.5632,-106.2006,1.8178,-10.3639,396,0.1889,1.0000,0.376665,4.2616,-12.7920,low_inlier
3133,108.0229,239.1426,-105.4335,0.5794,0.7671,401,0.0743,1.0000,0.376665,1.4896,0.9229,low_inlier
3134,108.0550,240.4578,-104.7290,1.3152,0.7045,452,0.2675,1.0000,0.376665,3.3479,0.8214,low_inlier
3135,108.0892,240.7638,-107.8559,0.3060,-3.1269,501,0.0308,1.0000,0.376665,0.6729,-3.8514,low_inlier
3136,108.1222,239.9030,-105.3662,-0.8608,2.4897,477,0.4269,1.0000,0.376665,-2.0960,3.0872,low_inlier
3137,108.1551,240.8586,-100.7787,0.9555,4.5875,417,0.1292,1.0000,0.376665,2.5639,5.6034,low_inlier
3138,108.1887,241.6873,-96.5656,0.8287,4.2131,550,0.2592,1.0000,0.376665,2.2311,5.1477,low_inlier
3139,108.2222,-0.5327,5.3217,-0.5327,5.3217,533,0.1285,1.0000,0.376665,-1.1750,6.5552,low_inlier
3140,108.2551,-0.7873,9.7978,-0.2546,4.4761,525,0.2217,1.0000,0.376665,-0.4994,5.5070,low_inlier
3141,108.2887,-0.6448,12.6957,0.1425,2.8979,680,0.2538,1.0000,0.376665,0.4538,3.5550,low_inlier
3142,108.3221,-1.5155,13.2810,-0.8707,0.5854,667,0.3350,1.0000,0.376665,-2.1825,0.7482,low_inlier
3143,108.3543,-2.2121,16.6012,-0.6966,3.3202,570,0.0789,1.0000,0.376665,-1.6542,4.1019,low_inlier
3144,108.3890,-2.4372,25.3023,-0.2251,8.7011,404,0.0499,1.0000,0.376665,-0.2883,10.6962,low_inlier
3145,108.4222,-2.3330,31.8919,0.1042,6.5895,576,0.1397,1.0000,0.376665,0.4760,8.0912,low_inlier
3146,108.4557,-3.1091,40.9010,-0.7760,9.0091,427,0.0327,1.0000,0.376665,-1.6714,11.0930,low_inlier
3147,108.4887,-3.9405,65.7447,-0.8314,24.8437,442,0.0250,1.0000,0.376665,-1.3005,30.5464,low_inlier
3148,108.5220,-3.7517,80.9924,0.1888,15.2477,429,0.1762,1.0000,0.376665,0.9694,18.7242,low_inlier
3149,108.5551,-3.3352,101.6214,0.4165,20.6290,443,0.0440,1.0000,0.376665,1.7186,25.3271,low_inlier
3150,108.5891,-2.2530,128.3877,1.0822,26.7664,405,0.0361,1.0000,0.376665,3.5998,32.8441,low_inlier
3151,108.6405,-1.7734,140.9258,0.4796,12.5381,422,0.0817,1.0000,0.376665,1.6171,15.3860,low_inlier
3152,108.6682,-1.4855,160.2749,0.2879,19.3491,647,0.0334,1.0000,0.376665,1.3522,23.7592,low_inlier
3153,108.6957,1.1378,181.9514,2.6234,21.6765,620,0.0453,1.0000,0.376665,7.3321,26.5400,low_inlier
3154,108.7234,4.4621,198.3235,3.3243,16.3721,448,0.0500,1.0000,0.376665,8.9332,20.0005,low_inlier
3155,108.7549,7.0644,210.9028,2.6023,12.5793,464,0.0756,1.0000,0.376665,6.9853,15.3655,low_inlier
3156,108.7883,8.6222,210.5763,1.5578,-0.3265,642,0.0254,1.0000,0.376665,3.9280,-0.4532,low_inlier
3157,108.8219,10.8530,195.5712,2.2308,-15.0050,456,0.0513,1.0000,0.376665,5.1560,-18.5072,low_inlier
3158,108.8551,15.3028,183.5874,4.4498,-11.9839,529,0.0247,1.0000,0.376665,10.8637,-14.8702,low_inlier
3159,108.8891,16.5213,169.5458,1.2184,-14.0416,557,0.0440,1.0000,0.376665,2.6275,-17.2897,low_inlier
3160,108.9211,16.3462,158.3271,-0.1751,-11.2187,450,0.2081,1.0000,0.376665,-0.8046,-13.7755,low_inlier
3161,108.9552,15.9428,147.8858,-0.4034,-10.4413,552,0.0745,1.0000,0.376665,-1.3568,-12.8128,low_inlier
3162,108.9888,14.7793,143.2224,-1.1635,-4.6634,476,0.2330,1.0000,0.376665,-3.0921,-5.6896,low_inlier
3163,109.0214,13.2387,137.1602,-1.5406,-6.0622,547,0.0333,1.0000,0.376665,-4.0908,-7.3953,low_inlier
3164,109.0549,12.4376,122.0043,-0.8011,-15.1560,675,0.1077,1.0000,0.376665,-2.5146,-18.5911,low_inlier
3165,109.0880,12.0694,114.6067,-0.3682,-7.3976,543,0.0202,1.0000,0.376665,-1.1695,-9.0751,low_inlier
3166,109.1219,12.6898,108.6344,0.6204,-5.9723,374,0.0427,1.0000,0.376665,1.3759,-7.3572,low_inlier
3167,109.1549,12.9831,109.2955,0.2933,0.6611,643,0.0465,1.0000,0.376665,0.7629,0.8023,low_inlier
3168,109.1887,10.7585,125.3792,-2.2246,16.0837,601,0.0387,1.0000,0.376665,-5.1055,19.8320,low_inlier
3169,109.2222,1.9711,135.6363,-8.7874,10.2571,465,0.0209,1.0000,0.376665,-21.8864,12.8943,low_inlier
3170,109.2552,-7.7929,141.3069,-9.7640,5.6706,605,0.0363,1.0000,0.376665,-24.5035,7.2928,low_inlier
3171,109.2882,-13.1703,141.7634,-5.3773,0.4565,536,0.0443,1.0000,0.376665,-13.5808,0.7408,low_inlier
3172,109.3220,-13.0094,130.9506,0.1608,-10.8128,624,0.0956,1.0000,0.376665,0.0577,-13.2881,low_inlier
3173,109.3551,-12.0497,123.0841,0.9598,-7.8665,230,0.0114,1.0000,0.376665,2.1728,-9.6955,low_inlier
3174,109.3886,-8.0868,113.8218,3.9629,-9.2623,594,0.0429,1.0000,0.376665,9.7206,-11.5107,low_inlier
3175,109.4222,-4.5756,112.5484,3.5112,-1.2735,579,0.1910,1.0000,0.376665,8.8362,-1.6819,low_inlier
3176,109.4550,-2.4927,110.3749,2.0829,-2.1735,599,0.1129,1.0000,0.376665,5.1960,-2.7397,low_inlier
3177,109.4882,-0.4838,111.5856,2.0089,1.2107,761,0.1073,1.0000,0.376665,5.1183,1.4200,low_inlier
3178,109.5226,1.5432,115.5087,2.0270,3.9230,409,0.4230,1.0000,0.376665,5.2515,4.7513,low_inlier
3179,109.5546,3.7238,112.3658,2.1805,-3.1428,405,0.0891,1.0000,0.376665,5.4117,-3.9337,low_inlier
3180,109.5880,6.4865,108.9833,2.7627,-3.3826,636,0.2028,1.0000,0.376665,6.8759,-4.2477,low_inlier
3181,109.6374,2.2143,-0.6487,2.2143,-0.6487,586,0.2748,1.0000,0.376665,5.5776,-0.8710,low_inlier
3182,109.6637,1.1354,-1.2391,-1.0789,-0.5904,555,0.5938,1.0000,0.376665,-2.7469,-0.6891,
3183,109.6899,0.1790,-2.4620,-0.9564,-1.2229,782,0.3513,1.0000,0.376665,-2.4576,-1.4702,low_inlier
3184,109.7222,0.3214,-3.4614,0.1425,-0.9994,769,0.9613,1.0000,0.376665,0.3280,-1.2325,
3185,109.7550,-0.8381,-3.2483,-1.1595,0.2131,535,0.4298,1.0000,0.376665,-2.9248,0.3006,low_inlier
3186,109.7882,-1.6264,-5.4096,-0.7883,-2.1613,769,0.9000,1.0000,0.376665,-2.0629,-2.6285,
3187,109.8218,-2.0705,-8.0728,-0.4441,-2.6632,725,0.8213,1.0000,0.376665,-1.2087,-3.2567,
3188,109.8541,-2.2652,-9.1644,-0.1946,-1.0915,765,0.5394,1.0000,0.376665,-0.5273,-1.3344,
3189,109.8884,-2.9042,-7.9713,-0.6391,1.1930,675,0.4900,1.0000,0.376665,-1.5773,1.4869,low_inlier
3190,109.9211,-2.9328,-8.7298,-0.0286,-0.7584,751,0.5709,1.0000,0.376665,-0.0967,-0.9307,
3191,109.9544,-2.2437,-9.7346,0.6891,-1.0048,775,0.6529,1.0000,0.376665,1.7098,-1.2574,
3192,109.9878,-1.1845,-12.5392,1.0592,-2.8046,728,0.4205,1.0000,0.376665,2.5875,-3.4807,low_inlier
3193,110.0212,1.6686,-21.4256,2.8531,-8.8864,487,0.2484,1.0000,0.376665,6.9268,-11.0117,low_inlier
3194,110.0543,7.5411,-31.9831,5.8725,-10.5575,469,0.1287,1.0000,0.376665,14.5068,-13.1657,low_inlier
3195,110.0884,13.9360,-36.8779,6.3949,-4.8949,454,0.1028,1.0000,0.376665,16.0103,-6.2271,low_inlier
3196,110.1212,19.6447,-38.6875,5.7088,-1.8096,662,0.1624,1.0000,0.376665,14.3752,-2.4141,low_inlier
3197,110.1550,25.9108,-42.0827,6.2660,-3.3952,589,0.0789,1.0000,0.376665,15.7328,-4.3806,low_inlier
3198,110.1878,32.6809,-44.2145,6.7702,-2.1318,646,0.1167,1.0000,0.376665,17.0483,-2.8454,low_inlier
3199,110.2213,37.7529,-42.4362,5.0719,1.7783,562,0.1407,1.0000,0.376665,12.8808,2.0147,low_inlier
3200,110.2544,41.7517,-41.8780,3.9988,0.5582,611,0.2863,1.0000,0.376665,10.1283,0.5518,low_inlier
3201,110.2878,44.3665,-44.3322,2.6149,-2.4542,602,0.2522,1.0000,0.376665,6.5320,-3.1023,low_inlier
3202,110.3213,45.3344,-44.8526,0.9679,-0.5204,535,0.6439,1.0000,0.376665,2.4303,-0.6717,
3203,110.3546,46.0538,-47.9810,0.7194,-3.1284,533,0.5732,1.0000,0.376665,1.7180,-3.8671,
3204,110.3878,46.1958,-51.7503,0.1420,-3.7693,498,0.6090,1.0000,0.376665,0.2373,-4.6350,
3205,110.4212,46.5733,-56.1997,0.3775,-4.4494,683,0.4306,1.0000,0.376665,0.8109,-5.4784,low_inlier
3206,110.4545,47.5272,-59.1098,0.9539,-2.9101,620,0.3080,1.0000,0.376665,2.3178,-3.6068,low_inlier
3207,110.4877,48.3537,-61.7872,0.8265,-2.6774,670,0.5057,1.0000,0.376665,2.0033,-3.3166,
3208,110.5210,50.8422,-62.3708,2.4884,-0.5836,689,0.3954,1.0000,0.376665,6.2727,-0.8002,low_inlier
3209,110.5542,53.3677,-58.5280,2.5255,3.8428,706,0.1885,1.0000,0.376665,6.5092,4.6360,low_inlier
3210,110.5877,56.0948,-52.7233,2.7271,5.8047,654,0.3653,1.0000,0.376665,7.0822,7.0393,low_inlier
3211,110.6388,59.0310,-49.4181,2.9362,3.3052,781,0.4390,1.0000,0.376665,7.5303,3.9619,low_inlier
3212,110.6654,62.8327,-44.5728,3.8018,4.8453,766,0.3316,1.0000,0.376665,9.7684,5.8248,low_inlier
3213,110.6923,66.9773,-39.1053,4.1446,5.4675,751,0.3274,1.0000,0.376665,10.6552,6.5776,low_inlier
3214,110.7211,72.7430,-32.7856,5.7657,6.3197,478,0.0788,1.0000,0.376665,14.7814,7.5703,low_inlier
3215,110.7547,81.0330,-28.9758,8.2899,3.8097,548,0.1721,1.0000,0.376665,21.0824,4.4024,low_inlier
3216,110.7879,89.4516,-22.5941,8.4186,6.3817,619,0.1534,1.0000,0.376665,21.4908,7.5576,low_inlier
3217,110.8209,97.3209,-14.4571,7.8693,8.1371,330,0.0627,1.0000,0.376665,20.1587,9.7323,low_inlier
3218,110.8541,105.5246,-8.5172,8.2037,5.9399,468,0.0402,1.0000,0.376665,20.9332,7.0220,low_inlier
3219,110.8876,114.6343,-0.9634,9.1097,7.5538,540,0.0362,1.0000,0.376665,23.2759,8.9742,low_inlier
3220,110.9213,125.5553,7.4474,10.9210,8.4107,499,0.0528,1.0000,0.376665,27.8831,9.9662,low_inlier
3221,110.9542,138.1204,17.4567,12.5650,10.0093,423,0.0318,1.0000,0.376665,32.0913,11.8749,low_inlier
3222,110.9872,149.3677,26.3917,11.2473,8.9350,409,0.0450,1.0000,0.376665,28.7250,10.5994,low_inlier
3223,111.0208,159.9997,28.5299,10.6320,2.1382,334,0.0654,1.0000,0.376665,26.9500,2.2707,low_inlier
3224,111.0544,168.1325,28.6858,8.1328,0.1558,360,0.0809,1.0000,0.376665,20.5672,-0.0809,low_inlier
3225,111.0877,174.6731,30.1338,6.5406,1.4480,426,0.1263,1.0000,0.376665,16.5834,1.5598,low_inlier
3226,111.1208,180.6211,29.6246,5.9480,-0.5091,357,0.1020,1.0000,0.376665,15.0219,-0.8246,low_inlier
3227,111.1540,185.6901,28.0572,5.0690,-1.5674,325,0.0821,1.0000,0.376665,12.7654,-2.0952,low_inlier
3228,111.1878,190.5622,27.9562,4.8721,-0.1010,457,0.1495,1.0000,0.376665,12.3149,-0.2872,low_inlier
3229,111.2212,195.6429,27.6717,5.0808,-0.2845,353,0.1000,1.0000,0.376665,12.8365,-0.5197,low_inlier
3230,111.2541,200.4440,27.9039,4.8011,0.2323,444,0.1401,1.0000,0.376665,12.1461,0.1246,low_inlier
3231,111.2876,203.9585,28.7787,3.5145,0.8747,412,0.1452,1.0000,0.376665,8.9141,0.9568,low_inlier
3232,111.3207,208.1000,30.3115,4.1415,1.5329,361,0.1032,1.0000,0.376665,10.5204,1.7443,low_inlier
3233,111.3546,213.1985,32.8715,5.0984,2.5600,461,0.1247,1.0000,0.376665,12.9730,2.9741,low_inlier
3234,111.3881,217.4267,33.4264,4.2282,0.5548,402,0.1133,1.0000,0.376665,10.7080,0.5400,low_inlier
3235,111.4211,221.4818,31.7837,4.0552,-1.6426,454,0.1368,1.0000,0.376665,10.1997,-2.1536,low_inlier
3236,111.4541,225.0696,32.1346,3.5878,0.3509,456,0.1712,1.0000,0.376665,9.0823,0.3109,low_inlier
3237,111.4878,228.2829,31.7770,3.2134,-0.3576,446,0.1712,1.0000,0.376665,8.1129,-0.5468,low_inlier
3238,111.5210,231.9807,30.3726,3.6978,-1.4044,531,0.1956,1.0000,0.376665,9.3038,-1.8490,low_inlier
3239,111.5541,235.1043,28.4669,3.1235,-1.9058,480,0.2705,1.0000,0.376665,7.8357,-2.4456,low_inlier
3240,111.5878,238.3673,26.1359,3.2630,-2.3310,460,0.1641,1.0000,0.376665,8.1747,-2.9727,low_inlier
3241,111.6389,242.4550,23.6864,4.0877,-2.4494,623,0.4686,1.0000,0.376665,10.2560,-3.1458,low_inlier
3242,111.6655,244.6213,24.2715,2.1662,0.5851,657,0.2446,1.0000,0.376665,5.4958,0.6462,low_inlier
3243,111.6924,246.7527,23.3598,2.1314,-0.9117,649,0.4051,1.0000,0.376665,5.3594,-1.1913,low_inlier
3244,111.7216,249.9070,22.0927,3.1543,-1.2671,575,0.4872,1.0000,0.376665,7.9342,-1.6622,low_inlier
3245,111.7538,251.1932,19.4384,1.2862,-2.6543,557,0.1122,1.0000,0.376665,3.1664,-3.3037,low_inlier
3246,111.7870,251.6146,20.2452,0.4213,0.8069,680,0.4893,1.0000,0.376665,1.0913,0.9771,low_inlier
3247,111.8211,251.6669,22.6357,0.0523,2.3904,642,0.7494,1.0000,0.376665,0.2094,2.9347,
3248,111.8539,249.0933,23.7871,-2.5736,1.1514,597,0.5095,1.0000,0.376665,-6.4696,1.5006,
3249,111.8870,246.8744,23.4591,-2.2189,-0.3280,678,0.5671,1.0000,0.376665,-5.6207,-0.3287,
3250,111.9204,245.8257,23.2051,-1.0487,-0.2540,736,0.2751,1.0000,0.376665,-2.6596,-0.2769,low_inlier
3251,111.9537,243.0200,22.1069,-2.8057,-1.0982,739,0.3920,1.0000,0.376665,-7.1292,-1.2552,low_inlier
3252,111.9872,241.2865,21.4116,-1.7335,-0.6953,599,0.6671,1.0000,0.376665,-4.4052,-0.7960,
3253,112.0206,241.3129,21.4116,0.0264,-0.0000,652,0.8145,1.0000,0.376665,0.0668,-0.0009,
3254,112.0530,241.4178,21.6784,0.1049,0.2669,711,0.8772,1.0000,0.376665,0.2738,0.3243,
3255,112.0870,240.2039,22.8953,-1.2139,1.2169,664,0.6796,1.0000,0.376665,-3.0299,1.5355,
3256,112.1203,238.0790,26.3732,-2.1249,3.4779,740,0.4485,1.0000,0.376665,-5.2601,4.3435,low_inlier
3257,112.1538,230.6796,31.8738,-7.3994,5.5006,592,0.1098,1.0000,0.376665,-18.5305,7.0049,low_inlier
3258,112.1870,212.1121,42.2017,-18.5675,10.3279,446,0.0197,1.0000,0.376665,-46.6110,13.3086,low_inlier
3259,112.2206,180.2125,54.7860,-31.8996,12.5843,463,0.0215,1.0000,0.376665,-80.2461,16.5269,low_inlier
3260,112.2534,145.4115,65.2149,-34.8010,10.4288,365,0.0184,1.0000,0.376665,-87.6511,13.9762,low_inlier
3261,112.2868,113.4004,75.9597,-32.0111,10.7449,428,0.0162,1.0000,0.376665,-80.5873,14.2710,low_inlier
3262,112.3201,87.9613,89.0406,-25.4391,13.0809,302,0.0056,1.0000,0.376665,-63.8959,16.9206,low_inlier
3263,112.3533,66.3591,100.5933,-21.6022,11.5527,389,0.0044,1.0000,0.376665,-54.2443,14.9149,low_inlier
3264,112.3868,47.7747,112.6230,-18.5844,12.0297,571,0.0166,1.0000,0.376665,-46.5990,15.3997,low_inlier
3265,112.4201,31.0321,118.0721,-16.7426,5.4492,629,0.0224,1.0000,0.376665,-42.1546,7.2545,low_inlier
3266,112.4533,20.0033,118.1970,-11.0288,0.1248,457,0.0210,1.0000,0.376665,-27.8801,0.5226,low_inlier
3267,112.4870,10.8956,119.2801,-9.1077,1.0832,514,0.0297,1.0000,0.376665,-22.9922,1.6355,low_inlier
3268,112.5200,1.0573,112.2043,-9.8382,-7.0758,410,0.0552,1.0000,0.376665,-25.1024,-8.3627,low_inlier
3269,112.5534,-4.5710,102.1117,-5.6283,-10.0926,360,0.0915,1.0000,0.376665,-14.5557,-12.2096,low_inlier
3270,112.5868,-9.7139,92.4057,-5.1429,-9.7060,459,0.0245,1.0000,0.376665,-13.3161,-11.7509,low_inlier
3271,112.6379,-16.9365,79.2892,-7.2226,-13.1165,519,0.0911,1.0000,0.376665,-18.6841,-15.8707,low_inlier
3272,112.6653,-22.4735,69.7363,-5.5370,-9.5529,451,0.1274,1.0000,0.376665,-14.3075,-11.5496,low_inlier
3273,112.6926,-27.6180,62.5070,-5.1445,-7.2293,566,0.1185,1.0000,0.376665,-13.2402,-8.7084,low_inlier
3274,112.7202,-35.5313,51.7955,-7.9133,-10.7114,535,0.0440,1.0000,0.376665,-20.3529,-12.8932,low_inlier
3275,112.7535,-45.0271,44.4575,-9.4958,-7.3380,448,0.0485,1.0000,0.376665,-24.2450,-8.6962,low_inlier
3276,112.7869,-53.2372,39.4670,-8.2101,-4.9905,451,0.0841,1.0000,0.376665,-20.9187,-5.8555,low_inlier
3277,112.8208,-59.1984,35.6962,-5.9612,-3.7709,478,0.0868,1.0000,0.376665,-15.1934,-4.4326,low_inlier
3278,112.8538,-62.9009,27.4349,-3.7025,-8.2613,485,0.0803,1.0000,0.376665,-9.6277,-10.0244,low_inlier
3279,112.8873,-62.8842,18.5792,0.0167,-8.8557,407,0.2041,1.0000,0.376665,-0.2435,-10.8790,low_inlier
3280,112.9202,-61.2447,15.0229,1.6395,-3.5563,567,0.1738,1.0000,0.376665,4.0304,-4.4236,low_inlier
3281,112.9534,-61.3805,7.3096,-0.1358,-7.7133,399,0.0790,1.0000,0.376665,-0.5923,-9.4706,low_inlier
3282,112.9870,-61.3364,0.8183,0.0441,-6.4913,387,0.1055,1.0000,0.376665,-0.0979,-7.9755,low_inlier
3283,113.0202,-60.6858,-4.5874,0.6506,-5.4057,418,0.1357,1.0000,0.376665,1.4706,-6.6623,low_inlier
3284,113.0539,-61.1996,-16.8291,-0.5138,-12.2417,642,0.0627,1.0000,0.376665,-1.6940,-15.0208,low_inlier
3285,113.0870,-60.8652,-29.6532,0.3344,-12.8240,560,0.1054,1.0000,0.376665,0.4316,-15.7645,low_inlier
3286,113.1204,-59.1711,-46.0428,1.6941,-16.3897,460,0.0465,1.0000,0.376665,3.7543,-20.1902,low_inlier
3287,113.1537,-56.7231,-63.6456,2.4480,-17.6027,355,0.0530,1.0000,0.376665,5.6213,-21.7055,low_inlier
3288,113.1869,-51.7948,-78.9606,4.9284,-15.3150,447,0.0967,1.0000,0.376665,11.9662,-18.9783,low_inlier
3289,113.2207,-45.4834,-89.9035,6.3114,-10.9429,503,0.1475,1.0000,0.376665,15.6040,-13.6537,low_inlier
3290,113.2535,-38.6707,-100.5024,6.8127,-10.5989,493,0.1332,1.0000,0.376665,16.8825,-13.2480,low_inlier
3291,113.2869,-31.4522,-107.0118,7.2186,-6.5094,572,0.1630,1.0000,0.376665,18.0407,-8.2380,low_inlier
3292,113.3203,5.8577,-3.4236,5.8577,-3.4236,523,0.2755,1.0000,0.376665,14.6997,-4.4017,low_inlier
3293,113.3530,9.4365,-5.0473,3.5788,-1.6237,509,0.2477,1.0000,0.376665,8.9959,-2.1144,low_inlier
3294,113.3867,11.3980,-5.0151,1.9614,0.0322,608,0.3739,1.0000,0.376665,4.9601,-0.0262,low_inlier
3295,113.4197,12.7286,-3.9573,1.3307,1.0578,601,0.6498,1.0000,0.376665,3.3984,1.2549,
3296,113.4533,13.6845,-2.1963,0.9558,1.7610,574,0.6533,1.0000,0.376665,2.4735,2.1312,
3297,113.4863,13.7465,-0.3056,0.0620,1.8907,575,0.7330,1.0000,0.376665,0.2178,2.3206,
3298,113.5200,13.3662,-0.6606,-0.3803,-0.3550,587,0.6782,1.0000,0.376665,-0.9730,-0.4234,
3299,113.5530,13.4347,-0.6142,0.0685,0.0464,626,0.7276,1.0000,0.376665,0.1748,0.0547,
3300,113.5864,13.2184,0.2133,-0.2163,0.8274,671,0.5198,1.0000,0.376665,-0.5201,1.0237,
3301,113.6375,12.9475,0.0380,-0.2709,-0.1753,748,0.7950,1.0000,0.376665,-0.6907,-0.2062,
3302,113.6641,13.6611,1.1000,0.7136,1.0620,665,0.6462,1.0000,0.376665,1.8384,1.2806,
3303,113.6908,15.9467,4.0509,2.2857,2.9510,720,0.1690,1.0000,0.376665,5.8741,3.5485,low_inlier
3304,113.7199,21.5623,8.7741,5.6156,4.7232,541,0.0328,1.0000,0.376665,14.3503,5.6140,low_inlier
3305,113.7531,31.7944,17.0739,10.2321,8.2998,499,0.0205,1.0000,0.376665,26.1378,9.8531,low_inlier
3306,113.7861,46.7800,32.7881,14.9856,15.7141,417,0.0105,1.0000,0.376665,38.3953,18.8018,low_inlier
3307,113.8201,65.7454,59.0306,18.9653,26.2425,370,0.0055,1.0000,0.376665,48.7970,31.6019,low_inlier
3308,113.8530,89.9926,89.9188,24.2472,30.8882,317,0.0056,1.0000,0.376665,62.3011,37.1319,low_inlier
3309,113.8863,118.7506,118.8746,28.7580,28.9558,288,0.0130,1.0000,0.376665,73.6433,34.6070,low_inlier
3310,113.9197,148.3854,150.6255,29.6348,31.7509,320,0.0113,1.0000,0.376665,75.9505,38.0113,low_inlier
3311,113.9531,176.7122,197.6759,28.3268,47.0504,448,0.0077,1.0000,0.376665,73.1371,56.8493,low_inlier
3312,113.9861,199.5244,249.6995,22.8122,52.0236,481,0.0031,1.0000,0.376665,59.3549,63.1431,low_inlier
3313,114.0195,216.3460,293.2291,16.8216,43.5296,490,0.0000,1.0000,0.376665,43.9348,52.9094,low_inlier
3314,114.0526,233.7324,344.9354,17.3864,51.7063,406,0.0000,1.0000,0.376665,45.6266,62.9350,low_inlier
3315,114.0861,246.5517,406.4599,12.8193,61.5245,346,0.0000,1.0000,0.376665,34.3963,75.1488,low_inlier
3316,114.1198,266.9944,447.6674,20.4427,41.2075,255,0.0000,1.0000,0.376665,53.0151,49.9357,low_inlier
3317,114.1526,299.3309,475.8451,32.3365,28.1776,312,0.0016,1.0000,0.376665,82.6658,33.5313,low_inlier
3318,114.1861,337.4292,490.3121,38.0983,14.4671,284,0.0000,1.0000,0.376665,96.7910,16.4961,low_inlier
3319,114.2196,377.1868,483.9731,39.7577,-6.3390,315,0.0000,1.0000,0.376665,100.3151,-9.1182,low_inlier
3320,114.2529,420.2520,488.0715,43.0652,4.0984,327,0.0000,1.0000,0.376665,109.0144,3.5927,low_inlier
3321,114.2861,462.7890,481.7734,42.5370,-6.2981,379,0.0000,1.0000,0.376665,107.3434,-9.1609,low_inlier
3322,114.3194,512.7245,459.1526,49.9355,-22.6208,304,0.0030,1.0000,0.376665,125.5224,-29.4597,low_inlier
3323,114.3527,545.3387,441.5458,32.6142,-17.6068,360,0.0000,1.0000,0.376665,81.8907,-22.7205,low_inlier
3324,114.3861,571.8600,384.6080,26.5213,-56.9378,340,0.0028,1.0000,0.376665,65.2168,-70.8315,low_inlier
3325,114.4195,596.8463,324.4211,24.9863,-60.1869,203,0.0032,1.0000,0.376665,61.2311,-74.7714,low_inlier
3326,114.4531,636.7205,299.8844,39.8742,-24.5367,324,0.0014,1.0000,0.376665,100.0226,-31.4765,low_inlier
3327,114.4860,694.7694,309.3681,58.0488,9.4837,178,0.0016,1.0000,0.376665,147.0714,9.7064,low_inlier
3328,114.5194,762.2338,328.1691,67.4644,18.8010,260,0.0016,1.0000,0.376665,171.1776,20.8367,low_inlier
3329,114.5530,827.6887,340.2329,65.4549,12.0638,298,0.0016,1.0000,0.376665,165.8794,12.6279,low_inlier
3330,114.5862,882.8833,363.4427,55.1946,23.2098,171,0.0017,1.0000,0.376665,140.2979,26.6634,low_inlier
3331,114.6382,947.5520,376.6845,64.6687,13.2418,146,0.0000,1.0000,0.376665,163.9296,14.1013,low_inlier
3332,114.6672,1011.4197,389.0115,63.8677,12.3270,117,0.0000,1.0000,0.376665,161.8749,13.0043,low_inlier
3333,114.6951,1061.4679,391.6517,50.0482,2.6402,174,0.0000,1.0000,0.376665,126.6226,1.5676,low_inlier
3334,114.7232,1112.6874,389.9021,51.2195,-1.7496,119,0.0000,1.0000,0.376665,129.4421,-3.8642,low_inlier
3335,114.7526,1150.0934,374.0226,37.4061,-15.8795,268,0.0000,1.0000,0.376665,94.0617,-20.7591,low_inlier
3336,114.7860,1181.6421,344.6971,31.5487,-29.3255,109,0.0029,1.0000,0.376665,78.8185,-37.0804,low_inlier
3337,114.8208,1206.5461,314.6661,24.9040,-30.0311,142,0.0000,1.0000,0.376665,61.9960,-37.7246,low_inlier
3338,114.8528,1240.1037,288.8926,33.5576,-25.7734,116,0.0000,1.0000,0.376665,84.0123,-32.7842,low_inlier
3339,114.8860,1282.4598,271.2353,42.3561,-17.6574,102,0.0000,1.0000,0.376665,106.5196,-23.1089,low_inlier
3340,114.9192,1327.5086,264.6436,45.0488,-6.5916,125,0.0000,1.0000,0.376665,113.6844,-9.6056,low_inlier
3341,114.9526,1373.4384,263.8394,45.9298,-0.8042,112,0.0000,1.0000,0.376665,116.0988,-2.5258,low_inlier
3342,114.9861,1408.5800,264.4699,35.1416,0.6306,204,0.0029,1.0000,0.376665,88.8692,-0.4020,low_inlier
3343,115.0191,1434.8547,273.1829,26.2746,8.7130,279,0.0040,1.0000,0.376665,66.7115,9.8235,low_inlier
3344,115.0527,1442.5906,277.5350,7.7360,4.3521,304,0.0019,1.0000,0.376665,19.6993,5.0872,low_inlier
3345,115.0857,1437.1622,264.8879,-5.4284,-12.6471,338,0.0053,1.0000,0.376665,-14.1329,-15.3543,low_inlier
3346,115.1191,1428.8375,259.2687,-8.3247,-5.6192,283,0.0000,1.0000,0.376665,-21.2288,-6.6240,low_inlier
3347,115.1527,1415.7892,267.9441,-13.0483,8.6754,35,0.0000,1.0000,0.376665,-32.7102,11.0939,low_inlier
3348,115.1859,1396.1076,235.0027,-19.6816,-32.9414,127,0.0000,1.0000,0.376665,-50.8240,-39.8069,low_inlier
3349,115.2196,1372.0259,196.3709,-24.0817,-38.6318,268,0.0000,1.0000,0.376665,-62.1325,-46.6498,low_inlier
3350,115.2525,1362.0758,142.7071,-9.9501,-53.6638,248,0.0000,1.0000,0.376665,-26.8885,-65.5886,low_inlier
3351,115.2860,1361.9960,53.6315,-0.0798,-89.0756,99,0.0000,1.0000,0.376665,-3.0759,-109.4196,low_inlier
3352,115.3191,1357.8165,-7.7108,-4.1795,-61.3423,187,0.0000,1.0000,0.376665,-12.5464,-75.2142,low_inlier
3353,115.3527,1355.5545,-48.5516,-2.2620,-40.8408,189,0.0085,1.0000,0.376665,-7.0368,-50.0940,low_inlier
3354,115.3857,1357.9073,-83.8252,2.3528,-35.2736,206,0.0021,1.0000,0.376665,4.8105,-43.4095,low_inlier
3355,115.4190,1366.0285,-91.7263,8.1211,-7.9011,109,0.0177,1.0000,0.376665,20.2778,-9.9778,low_inlier
3356,115.4528,1361.6347,-108.0954,-4.3938,-16.3691,326,0.0054,1.0000,0.376665,-11.6370,-19.9610,low_inlier
3357,115.4857,1352.8324,-129.0898,-8.8023,-20.9945,124,0.0021,1.0000,0.376665,-22.9323,-25.4953,low_inlier
3358,115.5191,1350.7529,-141.5665,-2.0795,-12.4767,209,0.0081,1.0000,0.376665,-5.6603,-15.2570,low_inlier
3359,115.5524,1355.5920,-151.9677,4.8390,-10.4012,218,0.0088,1.0000,0.376665,11.8990,-12.9391,low_inlier
3360,115.5857,1371.2010,-142.2171,15.6090,9.7506,173,0.0024,1.0000,0.376665,39.7791,11.4552,low_inlier
3361,115.6369,1392.4086,-125.6130,21.2076,16.6041,525,0.0014,1.0000,0.376665,54.1552,19.6868,low_inlier
3362,115.6655,1412.8934,-124.6197,20.4847,0.9933,473,0.0107,1.0000,0.376665,51.8237,0.5344,low_inlier
3363,115.6947,1422.8734,-147.6027,9.9801,-22.9830,325,0.0075,1.0000,0.376665,24.4911,-28.5670,low_inlier
3364,115.7236,1428.8274,-169.3790,5.9539,-21.7763,484,0.0284,1.0000,0.376665,14.3508,-26.9498,low_inlier
3365,115.7524,1433.2445,-178.0403,4.4171,-8.6613,515,0.0026,1.0000,0.376665,10.8884,-10.7876,low_inlier
3366,115.7859,1427.3807,-173.7377,-5.8638,4.3026,602,0.0014,1.0000,0.376665,-14.6866,5.4817,low_inlier
3367,115.8202,1421.3912,-153.8135,-5.9895,19.9242,611,0.0000,1.0000,0.376665,-14.5004,24.6759,low_inlier
3368,115.8528,1418.2569,-139.1565,-3.1344,14.6570,525,0.0029,1.0000,0.376665,-7.4517,18.1099,low_inlier
3369,115.8861,1414.4486,-134.5407,-3.8083,4.6158,540,0.2381,1.0000,0.376665,-9.4797,5.7976,low_inlier
3370,115.9196,1414.0010,-129.4669,-0.4475,5.0738,680,0.1001,1.0000,0.376665,-0.9677,6.2478,low_inlier
3371,115.9528,1414.4532,-116.8019,0.4522,12.6650,567,0.1705,1.0000,0.376665,1.5519,15.5427,low_inlier
3372,115.9860,1414.0650,-105.3882,-0.3882,11.4137,502,0.0566,1.0000,0.376665,-0.6132,14.0338,low_inlier
3373,116.0193,1408.1471,-106.2485,-5.9179,-0.8602,279,0.0139,1.0000,0.376665,-14.9901,-0.8586,low_inlier
3374,116.0532,1395.1598,-120.9546,-12.9873,-14.7061,462,0.0418,1.0000,0.376665,-33.3105,-17.6305,low_inlier
3375,116.0862,1382.1322,-141.4713,-13.0275,-20.5167,438,0.0498,1.0000,0.376665,-33.5996,-24.7669,low_inlier
3376,116.1194,1373.3275,-161.8395,-8.8047,-20.3683,407,0.0179,1.0000,0.376665,-22.9182,-24.7260,low_inlier
3377,116.1523,1371.4288,-174.0600,-1.8987,-12.2205,564,0.0520,1.0000,0.376665,-5.1948,-14.9483,low_inlier
3378,116.1859,1373.2482,-168.2722,1.8194,5.7878,472,0.1201,1.0000,0.376665,4.7867,7.0489,low_inlier
3379,116.2197,1371.8904,-148.8774,-1.3578,19.3949,360,0.0490,1.0000,0.376665,-2.8071,23.8705,low_inlier
3380,116.2522,1367.6217,-117.3564,-4.2687,31.5209,179,0.0087,1.0000,0.376665,-9.7756,38.8639,low_inlier
3381,116.2860,1359.1705,-75.1374,-8.4511,42.2190,440,0.0015,1.0000,0.376665,-20.0048,52.1457,low_inlier
3382,116.3192,1349.2414,-35.4043,-9.9292,39.7331,487,0.0098,1.0000,0.376665,-23.8219,49.1414,low_inlier
3383,116.3521,1339.8100,-5.7166,-9.4313,29.6877,410,0.0057,1.0000,0.376665,-22.8874,36.7848,low_inlier
3384,116.3856,1335.2653,18.6311,-4.5448,24.3477,376,0.0115,1.0000,0.376665,-10.7050,30.0614,low_inlier
3385,116.4192,1333.3214,48.0956,-1.9439,29.4645,420,0.0150,1.0000,0.376665,-3.9640,36.2599,low_inlier
3386,116.4522,1333.9363,77.8517,0.6149,29.7561,378,0.0283,1.0000,0.376665,2.5149,36.5324,low_inlier
3387,116.4860,1333.7059,91.8472,-0.2304,13.9955,494,0.0092,1.0000,0.376665,-0.1309,17.2001,low_inlier
3388,116.5191,1330.0898,96.9820,-3.6161,5.1348,427,0.0566,1.0000,0.376665,-8.9769,6.4287,low_inlier
3389,116.5521,1326.8307,99.1522,-3.2592,2.1702,420,0.1928,1.0000,0.376665,-8.1702,2.7750,low_inlier
3390,116.5860,1325.2992,98.9121,-1.5314,-0.2401,581,0.3652,1.0000,0.376665,-3.8797,-0.2436,low_inlier
3391,116.6367,1323.8438,95.1945,-1.4555,-3.7176,663,0.1671,1.0000,0.376665,-3.7998,-4.5180,low_inlier
3392,116.6640,1322.9738,91.9909,-0.8700,-3.2036,610,0.1357,1.0000,0.376665,-2.3030,-3.9062,low_inlier
3393,116.6910,1323.6438,91.1007,0.6700,-0.8903,703,0.5975,1.0000,0.376665,1.6652,-1.1161,
3394,116.7194,1325.0133,92.6193,1.3695,1.5186,685,0.5361,1.0000,0.376665,3.5115,1.8196,
3395,116.7526,1326.5685,93.2726,1.5552,0.6534,686,0.4452,1.0000,0.376665,3.9531,0.7505,low_inlier
3396,116.7857,1329.1707,92.3178,2.6023,-0.9548,706,0.5159,1.0000,0.376665,6.5486,-1.2601,
3397,116.8207,1332.9953,93.0554,3.8245,0.7375,548,0.2510,1.0000,0.376665,9.6934,0.7780,low_inlier
3398,116.8526,1337.0740,93.1088,4.0787,0.0534,400,0.0510,1.0000,0.376665,10.3140,-0.0709,low_inlier
3399,116.8862,1340.6656,94.4682,3.5916,1.3594,436,0.0249,1.0000,0.376665,9.1245,1.5497,low_inlier
3400,116.9192,1.5123,1.7329,1.5123,1.7329,490,0.1060,1.0000,0.376665,3.8795,2.0781,low_inlier
3401,116.9524,0.3434,1.0363,-1.1689,-0.6966,600,0.1889,1.0000,0.376665,-2.9778,-0.8165,low_inlier
3402,116.9857,-0.5046,0.6731,-0.8480,-0.3632,569,0.6506,1.0000,0.376665,-2.1556,-0.4178,
3403,117.0190,0.0028,-0.2442,0.5074,-0.9173,610,0.1402,1.0000,0.376665,1.2532,-1.1438,low_inlier
3404,117.0526,0.7820,-4.9183,0.7792,-4.6741,601,0.1588,1.0000,0.376665,1.8193,-5.7679,low_inlier
3405,117.0862,1.5547,-11.5040,0.7727,-6.5857,635,0.6658,1.0000,0.376665,1.7411,-8.1158,
3406,117.1190,2.1147,-13.8945,0.5600,-2.3905,607,0.5327,1.0000,0.376665,1.3388,-2.9553,
3407,117.1520,2.0513,-16.1515,-0.0634,-2.2569,609,0.2339,1.0000,0.376665,-0.2332,-2.7704,low_inlier
3408,117.1858,0.8242,-21.5917,-1.2271,-5.4402,589,0.2403,1.0000,0.376665,-3.2780,-6.6418,low_inlier
3409,117.2194,-1.2764,-25.8273,-2.1006,-4.2357,572,0.2231,1.0000,0.376665,-5.4476,-5.1328,low_inlier
3410,117.2520,-2.7100,-26.2966,-1.4336,-0.4693,567,0.1635,1.0000,0.376665,-3.6397,-0.5285,low_inlier
3411,117.2857,-2.7491,-27.7380,-0.0392,-1.4413,476,0.1127,1.0000,0.376665,-0.1455,-1.7693,low_inlier
3412,117.3184,-2.5885,-31.9337,0.1606,-4.1957,623,0.2649,1.0000,0.376665,0.2708,-5.1595,low_inlier
3413,117.3520,-1.8863,-35.1846,0.7022,-3.2509,634,0.1777,1.0000,0.376665,1.6704,-4.0170,low_inlier
3414,117.3851,-1.4178,-39.2391,0.4685,-4.0545,586,0.4339,1.0000,0.376665,1.0536,-4.9963,low_inlier
3415,117.4179,-0.6288,-41.2266,0.7890,-1.9875,591,0.3178,1.0000,0.376665,1.9308,-2.4680,low_inlier
3416,117.4522,0.3032,-39.8479,0.9320,1.3788,645,0.4128,1.0000,0.376665,2.4008,1.6625,low_inlier
3417,117.4857,-0.1223,-37.0268,-0.4254,2.8211,614,0.3763,1.0000,0.376665,-0.9846,3.4797,low_inlier
3418,117.5186,-1.2827,-35.8541,-1.1605,1.1727,615,0.2809,1.0000,0.376665,-2.8962,1.4794,low_inlier
3419,117.5521,-0.9122,-33.2210,0.3705,2.6331,612,0.6841,1.0000,0.376665,1.0217,3.2222,
3420,117.5851,0.0841,-30.2667,0.9964,2.9543,653,0.6860,1.0000,0.376665,2.6144,3.5957,
3421,117.6356,0.1535,-29.2661,0.0694,1.0006,706,0.4668,1.0000,0.376665,0.2078,1.2269,low_inlier
3422,117.6620,-0.7019,-30.5787,-0.8554,-1.3126,766,0.9263,1.0000,0.376665,-2.2050,-1.5838,
3423,117.6880,-0.2240,-29.3921,0.4779,1.1866,665,0.1412,1.0000,0.376665,1.2465,1.4417,low_inlier
3424,117.7189,1.1115,-27.0763,1.3355,2.3158,726,0.4987,1.0000,0.376665,3.4513,2.8000,low_inlier
3425,117.7518,0.8679,-26.6209,-0.2436,0.4554,774,0.9125,1.0000,0.376665,-0.6011,0.5676,
3426,117.7852,0.0724,-24.2175,-0.7955,2.4034,716,0.8113,1.0000,0.376665,-1.9338,2.9790,
3427,117.8194,0.0712,-15.9378,-0.0012,8.2797,727,0.3576,1.0000,0.376665,0.2641,10.1711,low_inlier
3428,117.8517,-0.5649,-9.6679,-0.6361,6.2699,634,0.0986,1.0000,0.376665,-1.4059,7.7233,low_inlier
3429,117.8852,-0.4641,-5.2645,0.1008,4.4034,656,0.2028,1.0000,0.376665,0.3969,5.4059,low_inlier
3430,117.9187,0.7807,0.7265,1.2448,5.9910,617,0.5599,1.0000,0.376665,3.3406,7.3178,
3431,117.9517,1.1286,3.9521,0.3479,3.2256,530,0.3641,1.0000,0.376665,0.9836,3.9508,low_inlier
3432,117.9851,0.0714,3.7903,-1.0571,-0.1618,687,0.3170,1.0000,0.376665,-2.6780,-0.1634,low_inlier
3433,118.0185,-0.9027,3.7941,-0.9741,0.0038,643,0.7184,1.0000,0.376665,-2.4627,0.0373,
3434,118.0516,-0.9434,2.6688,-0.0407,-1.1254,675,0.3580,1.0000,0.376665,-0.1392,-1.3811,low_inlier
3435,118.0854,-0.7672,0.2266,0.1761,-2.4422,616,0.6288,1.0000,0.376665,0.3665,-3.0059,
3436,118.1185,-0.7584,-0.5035,0.0088,-0.7301,664,0.5995,1.0000,0.376665,-0.0013,-0.8972,
3437,118.1516,-0.6404,0.1351,0.1181,0.6387,709,0.5609,1.0000,0.376665,0.3191,0.7806,
3438,118.1851,-0.4976,0.0020,0.1428,-0.1331,656,0.8568,1.0000,0.376665,0.3567,-0.1683,
3439,118.2185,-0.0712,-0.6778,0.4264,-0.6798,652,0.7852,1.0000,0.376665,1.0562,-0.8494,
3440,118.2517,0.3791,-2.6938,0.4503,-2.0160,609,0.7730,1.0000,0.376665,1.0734,-2.4915,
3441,118.2853,1.0709,-4.5359,0.6918,-1.8421,670,0.4081,1.0000,0.376665,1.6896,-2.2860,low_inlier
3442,118.3182,1.4963,-6.3921,0.4255,-1.8562,646,0.4698,1.0000,0.376665,1.0158,-2.2944,low_inlier
3443,118.3515,0.9976,-7.9809,-0.4988,-1.5889,647,0.7930,1.0000,0.376665,-1.3123,-1.9351,
3444,118.3853,-0.2375,-8.0247,-1.2350,-0.0437,665,0.6915,1.0000,0.376665,-3.1239,-0.0124,
3445,118.4183,-0.9702,-6.1418,-0.7327,1.8829,647,0.7778,1.0000,0.376665,-1.7918,2.3375,
3446,118.4519,-0.9275,-3.7057,0.0427,2.4361,659,0.8168,1.0000,0.376665,0.1866,2.9911,
3447,118.4849,-0.6994,-3.5967,0.2281,0.1090,712,0.8430,1.0000,0.376665,0.5801,0.1263,
3448,118.5254,-0.0454,-3.8352,0.6541,-0.2385,687,0.7500,1.0000,0.376665,1.6460,-0.3149,
3449,118.5523,1.0884,-2.8149,1.1338,1.0203,647,0.6312,1.0000,0.376665,2.8995,1.2154,
3450,118.5849,1.5968,-2.3705,0.5084,0.4444,637,0.7965,1.0000,0.376665,1.2996,0.5289,
3451,118.6347,1.4199,-2.5480,-0.1769,-0.1775,797,1.0000,1.0000,0.376665,-0.4530,-0.2121,
3452,118.6603,1.6276,-2.1313,0.2077,0.4167,795,0.9250,1.0000,0.376665,0.5385,0.5050,
3453,118.6864,2.1130,-0.8263,0.4855,1.3050,782,0.9675,1.0000,0.376665,1.2695,1.5868,
3454,118.7184,2.1293,0.2270,0.0163,1.0533,800,1.0000,1.0000,0.376665,0.0751,1.2934,
3455,118.7518,2.3356,1.6588,0.2063,1.4318,782,0.8962,1.0000,0.376665,0.5677,1.7519,
3456,118.7849,2.1961,2.4106,-0.1395,0.7518,795,0.9463,1.0000,0.376665,-0.3283,0.9282,
3457,118.8193,2.2031,1.9806,0.0070,-0.4300,800,1.0000,1.0000,0.376665,0.0037,-0.5285,
3458,118.8515,2.7148,1.8635,0.5118,-0.1172,785,0.9850,1.0000,0.376665,1.2902,-0.1611,
3459,118.8847,2.9228,1.5283,0.2080,-0.3352,792,0.9962,1.0000,0.376665,0.5150,-0.4187,
3460,118.9184,3.0138,1.4730,0.0910,-0.0553,800,1.0000,1.0000,0.376665,0.2283,-0.0710,
3461,118.9513,3.1410,1.7710,0.1271,0.2980,799,1.0000,1.0000,0.376665,0.3311,0.3618,
3462,118.9846,2.9638,0.6747,-0.1772,-1.0963,794,0.9400,1.0000,0.376665,-0.4833,-1.3408,
3463,119.0199,2.8067,-1.3342,-0.1571,-2.0089,796,0.9975,1.0000,0.376665,-0.4621,-2.4625,
3464,119.0518,3.1096,-4.0397,0.3029,-2.7055,776,0.9300,1.0000,0.376665,0.6786,-3.3336,
3465,119.0853,3.4944,-5.9309,0.3849,-1.8912,736,0.8938,1.0000,0.376665,0.9120,-2.3361,
3466,119.1182,3.4052,-6.1904,-0.0892,-0.2595,758,0.9287,1.0000,0.376665,-0.2339,-0.3158,
3467,119.1512,3.3824,-6.0359,-0.0228,0.1546,797,0.9988,1.0000,0.376665,-0.0527,0.1906,
3468,119.1846,3.4566,-5.7146,0.0742,0.3213,774,0.8900,1.0000,0.376665,0.1980,0.3922,
3469,119.2181,3.7133,-5.3111,0.2567,0.4034,780,0.9812,1.0000,0.376665,0.6620,0.4870,
3470,119.2513,3.9187,-5.4425,0.2054,-0.1314,789,0.9800,1.0000,0.376665,0.5151,-0.1682,
3471,119.2851,3.9366,-6.2864,0.0179,-0.8439,796,0.9975,1.0000,0.376665,0.0180,-1.0372,
3472,119.3182,4.2412,-7.1575,0.3046,-0.8712,761,0.9213,1.0000,0.376665,0.7421,-1.0804,
3473,119.3512,4.8603,-8.1084,0.6191,-0.9509,754,0.9362,1.0000,0.376665,1.5345,-1.1888,
3474,119.3846,5.1291,-8.1906,0.2689,-0.0822,752,0.9298,1.0000,0.376665,0.6771,-0.1099,
3475,119.4184,5.2524,-7.2251,0.1233,0.9654,778,0.9750,1.0000,0.376665,0.3428,1.1818,
3476,119.4514,5.8566,-5.5888,0.6042,1.6364,761,0.9048,1.0000,0.376665,1.5804,1.9899,
3477,119.4850,5.6680,-4.7471,-0.1886,0.8417,776,0.9799,1.0000,0.376665,-0.4497,1.0402,
3478,119.5179,5.2697,-4.9438,-0.3983,-0.1967,769,0.9687,1.0000,0.376665,-1.0133,-0.2282,
3479,119.5513,4.7491,-5.5207,-0.5206,-0.5769,768,0.9612,1.0000,0.376665,-1.3349,-0.6913,
3480,119.5845,3.9421,-6.4753,-0.8070,-0.9547,773,0.9449,1.0000,0.376665,-2.0710,-1.1457,
3481,119.6460,3.6851,-6.2821,-0.2571,0.1932,789,0.9925,1.0000,0.376665,-0.6437,0.2459,
3482,119.6730,3.2222,-6.2985,-0.4629,-0.0163,792,0.9912,1.0000,0.376665,-1.1709,-0.0046,
3483,119.6991,3.3624,-5.8474,0.1402,0.4511,730,0.8000,1.0000,0.376665,0.3690,0.5494,
3484,119.7268,4.6301,-4.8911,1.2677,0.9563,788,0.9623,1.0000,0.376665,3.2361,1.1323,
3485,119.7532,6.0179,-2.7579,1.3878,2.1332,777,0.7922,1.0000,0.376665,3.5777,2.5740,
3486,119.7848,7.0694,-0.7372,1.0515,2.0206,713,0.2544,1.0000,0.376665,2.7237,2.4470,low_inlier
3487,119.8184,12.5796,4.5324,5.5102,5.2696,461,0.0296,1.0000,0.376665,14.1015,6.2888,low_inlier
3488,119.8512,27.3132,13.2060,14.7336,8.6736,404,0.0286,1.0000,0.376665,37.5309,10.1615,low_inlier
3489,119.8844,43.5949,19.6320,16.2817,6.4260,368,0.0820,1.0000,0.376665,41.3726,7.3487,low_inlier
3490,119.9181,57.1088,26.4366,13.5138,6.8046,443,0.1440,1.0000,0.376665,34.3867,7.9065,low_inlier
3491,119.9516,68.4143,33.0626,11.3056,6.6260,423,0.2085,1.0000,0.376665,28.7978,7.7610,low_inlier
3492,119.9848,77.9815,35.8788,9.5671,2.8162,581,0.1155,1.0000,0.376665,24.2796,3.1391,low_inlier
3493,120.0184,81.8885,30.9176,3.9071,-4.9612,557,0.0900,1.0000,0.376665,9.7182,-6.2253,low_inlier
3494,120.0513,82.4441,19.7074,0.5555,-11.2102,547,0.2769,1.0000,0.376665,1.0428,-13.7894,low_inlier
3495,120.0844,83.1014,9.2831,0.6573,-10.4243,512,0.4696,1.0000,0.376665,1.3256,-12.8275,low_inlier
3496,120.1182,81.5347,0.6650,-1.5668,-8.6181,525,0.3561,1.0000,0.376665,-4.2393,-10.5342,low_inlier
3497,120.1514,77.0110,-7.7835,-4.5236,-8.4485,496,0.1495,1.0000,0.376665,-11.7097,-10.2268,low_inlier
3498,120.1843,73.6506,-13.7589,-3.3604,-5.9754,413,0.2780,1.0000,0.376665,-8.6890,-7.2277,low_inlier
3499,120.2203,71.7550,-18.1116,-1.8956,-4.3528,592,0.4385,1.0000,0.376665,-4.9331,-5.2836,low_inlier
3500,120.2511,70.0705,-22.4251,-1.6845,-4.3135,531,0.5590,1.0000,0.376665,-4.3981,-5.2424,
3501,120.2843,67.8970,-26.5745,-2.1735,-4.1494,576,0.5279,1.0000,0.376665,-5.6291,-5.0244,
3502,120.3182,66.7459,-28.7764,-1.1511,-2.2018,620,0.6730,1.0000,0.376665,-2.9815,-2.6662,
3503,120.3515,66.0463,-30.0887,-0.6996,-1.3123,649,0.7054,1.0000,0.376665,-1.8112,-1.5886,
3504,120.3847,66.5680,-30.1893,0.5217,-0.1006,630,0.6061,1.0000,0.376665,1.3157,-0.1411,
3505,120.4186,68.0437,-29.1838,1.4757,1.0054,627,0.6701,1.0000,0.376665,3.7635,1.1857,
3506,120.4511,68.2561,-28.3612,0.2124,0.8226,655,0.4449,1.0000,0.376665,0.5636,1.0034,low_inlier
3507,120.4845,68.8683,-26.2333,0.6122,2.1279,648,0.6081,1.0000,0.376665,1.6165,2.5935,
3508,120.5181,70.3509,-21.8666,1.4826,4.3667,687,0.2018,1.0000,0.376665,3.8895,5.3145,low_inlier
3509,120.5512,70.3717,-18.4216,0.0207,3.4450,625,0.5114,1.0000,0.376665,0.1635,4.2312,
3510,120.5844,69.8239,-16.0322,-0.5478,2.3894,600,0.4550,1.0000,0.376665,-1.3079,2.9535,low_inlier
3511,120.6372,69.5035,-13.1783,-0.3204,2.8540,691,0.5513,1.0000,0.376665,-0.7179,3.5166,
3512,120.6645,68.4685,-13.0709,-1.0351,0.1073,653,0.2425,1.0000,0.376665,-2.6135,0.1665,low_inlier
3513,120.6916,66.6526,-18.5531,-1.8158,-5.4822,565,0.0603,1.0000,0.376665,-4.7679,-6.6736,low_inlier
3514,120.7195,64.3368,-26.6756,-2.3159,-8.1225,594,0.0668,1.0000,0.376665,-6.1173,-9.9003,low_inlier
3515,120.7511,62.2544,-36.4399,-2.0824,-9.7643,568,0.1237,1.0000,0.376665,-5.5799,-11.9249,low_inlier
3516,120.7843,61.0460,-43.6672,-1.2084,-7.2273,636,0.2503,1.0000,0.376665,-3.2884,-8.8377,low_inlier
3517,120.8185,60.0029,-49.4758,-1.0431,-5.8086,546,0.0896,1.0000,0.376665,-2.8247,-7.1005,low_inlier
3518,120.8513,57.9741,-55.0237,-2.0288,-5.5479,609,0.2857,1.0000,0.376665,-5.3085,-6.7472,low_inlier
3519,120.8842,53.3290,-61.7276,-4.6451,-6.7039,490,0.2638,1.0000,0.376665,-11.9605,-8.0796,low_inlier
3520,120.9176,47.0376,-70.8442,-6.2914,-9.1167,456,0.3193,1.0000,0.376665,-16.2007,-10.9885,low_inlier
3521,120.9508,41.2696,-82.7881,-5.7680,-11.9439,590,0.1089,1.0000,0.376665,-14.9687,-14.4790,low_inlier
3522,120.9843,36.4601,-94.5824,-4.8095,-11.7943,536,0.0470,1.0000,0.376665,-12.5406,-14.3274,low_inlier
3523,121.0174,30.2150,-105.0835,-6.2451,-10.5010,539,0.1087,1.0000,0.376665,-16.1283,-12.6906,low_inlier
3524,121.0507,22.6487,-112.0184,-7.5663,-6.9350,463,0.1164,1.0000,0.376665,-19.3537,-8.2657,low_inlier
3525,121.0843,13.7819,-112.8042,-8.8668,-0.7857,501,0.1767,1.0000,0.376665,-22.4434,-0.6683,low_inlier
3526,121.1178,3.7236,-112.4319,-10.0584,0.3723,435,0.1753,1.0000,0.376665,-25.4186,0.7941,low_inlier
3527,121.1533,-5.6674,-111.0254,-9.3910,1.4065,535,0.2010,1.0000,0.376665,-23.6979,2.0421,low_inlier
3528,121.1842,-13.3827,-105.8510,-7.7152,5.1745,632,0.1740,1.0000,0.376665,-19.3395,6.6147,low_inlier
3529,121.2174,-20.0086,-99.9914,-6.6259,5.8595,526,0.3096,1.0000,0.376665,-16.5632,7.4198,low_inlier
3530,121.2512,-25.3657,-95.0263,-5.3572,4.9651,500,0.2105,1.0000,0.376665,-13.3844,6.2786,low_inlier
3531,121.2848,-29.0201,-89.8838,-3.6544,5.1425,561,0.3225,1.0000,0.376665,-9.0735,6.4395,low_inlier
3532,121.3176,-31.6264,-84.1744,-2.6062,5.7095,581,0.3843,1.0000,0.376665,-6.4052,7.1009,low_inlier
3533,121.3515,-34.4231,-78.9086,-2.7968,5.2657,516,0.3151,1.0000,0.376665,-6.9012,6.5622,low_inlier
3534,121.3841,-37.1577,-70.9200,-2.7345,7.9886,568,0.1724,1.0000,0.376665,-6.6560,9.9050,low_inlier
3535,121.4182,-39.9453,-60.0613,-2.7877,10.8587,498,0.1938,1.0000,0.376665,-6.6977,13.4324,low_inlier
3536,121.4514,-43.4245,-49.9743,-3.4792,10.0870,398,0.0771,1.0000,0.376665,-8.4709,12.5075,low_inlier
3537,121.4843,-44.3291,-36.5262,-0.9046,13.4481,473,0.0863,1.0000,0.376665,-1.8533,16.5503,low_inlier
3538,121.5176,-43.9605,-22.9702,0.3687,13.5560,475,0.0874,1.0000,0.376665,1.3695,16.6401,low_inlier
3539,121.5513,-43.2459,-12.2978,0.7146,10.6724,507,0.1614,1.0000,0.376665,2.1512,13.0862,low_inlier
3540,121.5849,-40.6423,-0.9056,2.6036,11.3922,538,0.2097,1.0000,0.376665,6.9503,13.9073,low_inlier
3541,121.6429,-36.8224,11.9980,3.8199,12.9035,641,0.2874,1.0000,0.376665,10.0742,15.7231,low_inlier
3542,121.6704,-34.1065,23.4179,2.7159,11.4200,590,0.2235,1.0000,0.376665,7.2351,13.9376,low_inlier
3543,121.6986,-31.8382,35.2063,2.2683,11.7883,451,0.3726,1.0000,0.376665,6.1154,14.4051,low_inlier
3544,121.7259,-29.1761,44.8076,2.6621,9.6013,562,0.2367,1.0000,0.376665,7.0403,11.7053,low_inlier
3545,121.7545,-26.1462,51.3742,3.0299,6.5666,403,0.3491,1.0000,0.376665,7.8725,7.9651,low_inlier
3546,121.7841,-22.3204,57.4151,3.8258,6.0409,462,0.1766,1.0000,0.376665,9.8676,7.2927,low_inlier
3547,121.8175,-18.7297,61.6112,3.5907,4.1961,519,0.1586,1.0000,0.376665,9.2138,5.0343,low_inlier
3548,121.8510,-15.3805,63.9630,3.3492,2.3518,482,0.0762,1.0000,0.376665,8.5436,2.7769,low_inlier
3549,121.8842,-11.4678,64.2225,3.9127,0.2595,671,0.0959,1.0000,0.376665,9.9009,0.1877,low_inlier
3550,121.9173,-8.3102,61.4260,3.1577,-2.7965,476,0.1268,1.0000,0.376665,7.8933,-3.5410,low_inlier
3551,121.9502,-7.2428,55.2139,1.0673,-6.2121,476,0.2790,1.0000,0.376665,2.4981,-7.6668,low_inlier
3552,121.9842,-6.9285,50.6286,0.3143,-4.5854,652,0.2490,1.0000,0.376665,0.6468,-5.6433,low_inlier
3553,122.0178,-6.2658,46.3903,0.6627,-4.2383,688,0.1951,1.0000,0.376665,1.5387,-5.2286,low_inlier
3554,122.0508,-5.7773,43.2067,0.4886,-3.1836,557,0.1913,1.0000,0.376665,1.1325,-3.9272,low_inlier
3555,122.0843,-4.9019,40.2694,0.8754,-2.9373,637,0.2169,1.0000,0.376665,2.1185,-3.6375,low_inlier
3556,122.1171,-3.7126,36.7051,1.1893,-3.5643,539,0.2576,1.0000,0.376665,2.8920,-4.4183,low_inlier
3557,122.1509,-2.7745,34.8984,0.9380,-1.8067,520,0.5271,1.0000,0.376665,2.3134,-2.2509,
3558,122.1841,-2.7885,34.3798,-0.0140,-0.5186,575,0.5903,1.0000,0.376665,-0.0522,-0.6366,
3559,122.2177,-2.8500,33.8831,-0.0615,-0.4967,564,0.4347,1.0000,0.376665,-0.1715,-0.6081,low_inlier
3560,122.2508,-2.2178,34.0899,0.6322,0.2069,562,0.5545,1.0000,0.376665,1.6052,0.2330,
3561,122.2842,-1.7249,33.9587,0.4929,-0.1312,520,0.6052,1.0000,0.376665,1.2419,-0.1777,
3562,122.3177,-1.3699,34.1721,0.3550,0.2134,597,0.6231,1.0000,0.376665,0.9045,0.2503,
3563,122.3560,-1.4434,34.4232,-0.0735,0.2511,664,0.6229,1.0000,0.376665,-0.1778,0.3109,
3564,122.3839,-2.1608,33.3222,-0.7174,-1.1010,667,0.3865,1.0000,0.376665,-1.8495,-1.3285,low_inlier
3565,122.4173,-2.7288,31.2963,-0.5680,-2.0259,602,0.6485,1.0000,0.376665,-1.5014,-2.4697,
3566,122.4507,-2.5734,30.5778,0.1554,-0.7185,635,0.5766,1.0000,0.376665,0.3696,-0.8878,
3567,122.4840,-2.2942,28.9688,0.2793,-1.6090,621,0.5853,1.0000,0.376665,0.6541,-1.9859,
3568,122.5188,-2.0734,26.1381,0.2208,-2.8307,637,0.5797,1.0000,0.376665,0.4669,-3.4847,
3569,122.5506,-1.5884,25.6970,0.4850,-0.4411,668,0.6667,1.0000,0.376665,1.2120,-0.5581,
3570,122.5842,-1.3884,27.5399,0.2000,1.8429,634,0.5672,1.0000,0.376665,0.5650,2.2571,
3571,122.6346,-2.2718,30.0872,-0.8833,2.5473,655,0.2000,1.0000,0.376665,-2.1512,3.1588,low_inlier
3572,122.6619,-2.7899,34.2106,-0.5181,4.1234,726,0.1675,1.0000,0.376665,-1.1769,5.0826,low_inlier
3573,122.6895,-3.0826,42.1343,-0.2927,7.9238,535,0.1656,1.0000,0.376665,-0.4844,9.7435,low_inlier
3574,122.7175,-6.4404,50.5784,-3.3578,8.4440,614,0.0735,1.0000,0.376665,-8.2170,10.4853,low_inlier
3575,122.7507,-9.7901,59.5784,-3.3498,9.0001,499,0.0832,1.0000,0.376665,-8.1788,11.1680,low_inlier
3576,122.7839,-12.4082,66.6990,-2.6180,7.1206,547,0.0679,1.0000,0.376665,-6.3895,8.8347,low_inlier
3577,122.8182,-14.8651,73.7682,-2.4569,7.0692,580,0.1365,1.0000,0.376665,-5.9837,8.7662,low_inlier
3578,122.8501,-17.2985,77.6775,-2.4334,3.9092,593,0.2138,1.0000,0.376665,-6.0263,4.8837,low_inlier
3579,122.8838,-19.5946,78.4628,-2.2961,0.7853,610,0.4271,1.0000,0.376665,-5.7799,1.0416,low_inlier
3580,122.9178,-21.9239,77.0264,-2.3293,-1.4364,593,0.4848,1.0000,0.376665,-5.9355,-1.6865,low_inlier
3581,122.9501,-24.8027,73.7326,-2.8787,-3.2938,560,0.4255,1.0000,0.376665,-7.3846,-3.9498,low_inlier
3582,122.9837,-27.1141,70.1201,-2.3114,-3.6125,562,0.3774,1.0000,0.376665,-5.9606,-4.3602,low_inlier
3583,123.0171,-29.4843,67.4858,-2.3703,-2.6343,567,0.3011,1.0000,0.376665,-6.0777,-3.1567,low_inlier
3584,123.0506,-32.4075,63.5029,-2.9232,-3.9828,551,0.3851,1.0000,0.376665,-7.5192,-4.7947,low_inlier
3585,123.0838,-35.3817,58.5813,-2.9742,-4.9216,536,0.2789,1.0000,0.376665,-7.6785,-5.9463,low_inlier
3586,123.1170,-38.4106,55.2311,-3.0289,-3.3502,576,0.1767,1.0000,0.376665,-7.7661,-4.0141,low_inlier
3587,123.1501,-42.1646,50.5901,-3.7540,-4.6410,416,0.3931,1.0000,0.376665,-9.6410,-5.5754,low_inlier
3588,123.1839,-45.1818,46.9613,-3.0172,-3.6287,528,0.3295,1.0000,0.376665,-7.7455,-4.3566,low_inlier
3589,123.2174,-47.3286,46.1045,-2.1468,-0.8569,626,0.1965,1.0000,0.376665,-5.4554,-0.9807,low_inlier
3590,123.2505,-50.1099,44.0393,-2.7813,-2.0652,568,0.2548,1.0000,0.376665,-7.0987,-2.4438,low_inlier
3591,123.2838,-53.2902,39.7011,-3.1803,-4.3382,552,0.4091,1.0000,0.376665,-8.1808,-5.2227,low_inlier
3592,123.3170,-55.2595,36.4818,-1.9692,-3.2192,580,0.1554,1.0000,0.376665,-5.0827,-3.8886,low_inlier
3593,123.3501,-55.3753,33.0000,-0.1159,-3.4818,557,0.0834,1.0000,0.376665,-0.4053,-4.2733,low_inlier
3594,123.3833,-54.6438,24.8743,0.7315,-8.1257,495,0.1698,1.0000,0.376665,1.5873,-10.0063,low_inlier
3595,123.4170,-52.0410,14.9064,2.6029,-9.9679,476,0.0819,1.0000,0.376665,6.2592,-12.3319,low_inlier
3596,123.4501,-47.6133,6.5487,4.4277,-8.3577,571,0.0366,1.0000,0.376665,10.9249,-10.4150,low_inlier
3597,123.4833,-44.3264,-3.2300,3.2869,-9.7787,548,0.1667,1.0000,0.376665,7.9947,-12.1224,low_inlier
3598,123.5171,-42.0063,-12.0277,2.3201,-8.7977,503,0.2348,1.0000,0.376665,5.5820,-10.8849,low_inlier
3599,123.5498,-39.4730,-14.0878,2.5333,-2.0601,596,0.1476,1.0000,0.376665,6.3385,-2.6155,low_inlier
3600,123.5838,-37.8905,-14.8755,1.5825,-0.7876,616,0.5115,1.0000,0.376665,3.9755,-1.0205,
3601,123.6346,-37.6921,-18.4124,0.1985,-3.5370,682,0.8611,1.0000,0.376665,0.3876,-4.3515,
3602,123.6618,-37.4586,-19.6566,0.2335,-1.2442,574,0.3892,1.0000,0.376665,0.5502,-1.5362,low_inlier
3603,123.6890,-37.3450,-18.5087,0.1136,1.1479,654,0.8037,1.0000,0.376665,0.3241,1.4063,
3604,123.7169,-38.0603,-18.4742,-0.7152,0.0345,770,0.9625,1.0000,0.376665,-1.8073,0.0663,
3605,123.7498,-38.7376,-18.4325,-0.6773,0.0417,694,0.7325,1.0000,0.376665,-1.7111,0.0739,
3606,123.7831,-38.7916,-17.4657,-0.0540,0.9668,648,0.7588,1.0000,0.376665,-0.1054,1.1894,
3607,123.8177,-39.0524,-16.6715,-0.2608,0.7942,685,0.8300,1.0000,0.376665,-0.6337,0.9843,
3608,123.8504,-39.7072,-17.7612,-0.6548,-1.0896,748,0.9287,1.0000,0.376665,-1.6908,-1.3166,
3609,123.8832,-39.1985,-19.3763,0.5087,-1.6152,761,0.5550,1.0000,0.376665,1.2340,-2.0011,
3610,123.9173,-38.0327,-20.1419,1.1658,-0.7656,630,0.5088,1.0000,0.376665,2.9228,-0.9795,
3611,123.9503,-37.4588,-20.8056,0.5739,-0.6636,673,0.8425,1.0000,0.376665,1.4297,-0.8344,
3612,123.9833,-36.5661,-22.2015,0.8927,-1.3959,631,0.7797,1.0000,0.376665,2.2119,-1.7446,
3613,124.0170,-34.8199,-24.5340,1.7462,-2.3326,575,0.6518,1.0000,0.376665,4.3397,-2.9238,
3614,124.0501,-33.0474,-27.5981,1.7725,-3.0640,604,0.4961,1.0000,0.376665,4.3826,-3.8233,low_inlier
3615,124.0836,-32.0783,-31.4375,0.9691,-3.8395,633,0.7221,1.0000,0.376665,2.3263,-4.7489,
3616,124.1168,-30.7603,-33.3458,1.3180,-1.9083,567,0.5351,1.0000,0.376665,3.2707,-2.3883,
3617,124.1502,-28.5567,-36.1352,2.2036,-2.7893,452,0.1445,1.0000,0.376665,5.4813,-3.5003,low_inlier
3618,124.1834,-25.7762,-43.9246,2.7805,-7.7894,552,0.1673,1.0000,0.376665,6.7787,-9.6617,low_inlier
3619,124.2163,-22.0426,-49.6884,3.7336,-5.7638,549,0.2153,1.0000,0.376665,9.2536,-7.2054,low_inlier
3620,124.2502,-18.0018,-54.5311,4.0408,-4.8427,532,0.2865,1.0000,0.376665,10.0602,-6.0842,low_inlier
3621,124.2836,-13.7500,-59.6637,4.2518,-5.1327,498,0.2000,1.0000,0.376665,10.5842,-6.4474,low_inlier
3622,124.3162,-8.2758,-64.7661,5.4743,-5.1024,437,0.1257,1.0000,0.376665,13.6760,-6.4512,low_inlier
3623,124.3497,-2.1380,-66.5934,6.1377,-1.8272,433,0.1380,1.0000,0.376665,15.4591,-2.4501,low_inlier
3624,124.3832,2.9289,-67.9331,5.0670,-1.3397,398,0.3676,1.0000,0.376665,12.7676,-1.8154,low_inlier
3625,124.4163,8.0685,-72.3194,5.1396,-4.3863,448,0.3581,1.0000,0.376665,12.8530,-5.5603,low_inlier
3626,124.4498,13.0443,-77.1493,4.9758,-4.8299,520,0.4168,1.0000,0.376665,12.4245,-6.0998,low_inlier
3627,124.4831,17.3677,-77.7530,4.3234,-0.6037,486,0.3462,1.0000,0.376665,10.9113,-0.8863,low_inlier
3628,124.5163,20.4074,-77.6688,3.0397,0.0842,564,0.3360,1.0000,0.376665,7.6880,0.0017,low_inlier
3629,124.5496,23.6660,-79.1428,3.2586,-1.4740,477,0.4537,1.0000,0.376665,8.1912,-1.9198,low_inlier
3630,124.5830,27.9617,-80.1360,4.2957,-0.9932,444,0.4409,1.0000,0.376665,10.8289,-1.3639,low_inlier
3631,124.6344,32.2944,-83.8355,4.3327,-3.6995,655,0.4944,1.0000,0.376665,10.8351,-4.6896,low_inlier
3632,124.6622,36.5194,-89.5415,4.2250,-5.7060,537,0.5505,1.0000,0.376665,10.4980,-7.1509,
3633,124.6895,40.1224,-92.9087,3.6029,-3.3672,660,0.5856,1.0000,0.376665,9.0007,-4.2569,
3634,124.7171,42.3261,-93.3902,2.2037,-0.4815,669,0.7257,1.0000,0.376665,5.5561,-0.6653,
3635,124.7493,42.3174,-95.1380,-0.0087,-1.7479,652,0.7803,1.0000,0.376665,-0.0784,-2.1468,
3636,124.7838,41.9360,-97.9794,-0.3813,-2.8413,672,0.7929,1.0000,0.376665,-1.0558,-3.4776,
3637,124.8167,41.1918,-98.8135,-0.7442,-0.8341,599,0.6991,1.0000,0.376665,-1.9084,-0.9997,
3638,124.8494,38.4608,-99.8703,-2.7310,-1.0568,622,0.2398,1.0000,0.376665,-6.9389,-1.2068,low_inlier
3639,124.8833,34.5364,-102.8594,-3.9244,-2.9891,646,0.1765,1.0000,0.376665,-10.0185,-3.5405,low_inlier
3640,124.9171,30.1022,-106.9388,-4.4342,-4.0794,479,0.2968,1.0000,0.376665,-11.3427,-4.8628,low_inlier
3641,124.9503,24.0003,-112.9744,-6.1019,-6.0356,467,0.2641,1.0000,0.376665,-15.6223,-7.2100,low_inlier
3642,124.9834,16.9477,-117.8028,-7.0526,-4.8284,495,0.2371,1.0000,0.376665,-17.9869,-5.6951,low_inlier
3643,125.0163,10.3893,-120.0725,-6.5585,-2.2697,453,0.3363,1.0000,0.376665,-16.6551,-2.5685,low_inlier
3644,125.0499,3.7812,-122.9337,-6.6081,-2.8612,428,0.3582,1.0000,0.376665,-16.7996,-3.2936,low_inlier
3645,125.0834,-2.2830,-124.9944,-6.0642,-2.0606,574,0.2796,1.0000,0.376665,-15.3987,-2.3283,low_inlier
3646,125.1166,-7.7048,-123.2156,-5.4218,1.7787,612,0.2943,1.0000,0.376665,-13.6506,2.3666,low_inlier
3647,125.1499,-13.1747,-121.0389,-5.4699,2.1767,370,0.3137,1.0000,0.376665,-13.7593,2.8571,low_inlier
3648,125.1831,-18.2791,-118.4223,-5.1044,2.6166,541,0.2416,1.0000,0.376665,-12.8210,3.3852,low_inlier
3649,125.2176,-22.5578,-113.0777,-4.2787,5.3447,499,0.2603,1.0000,0.376665,-10.6454,6.7087,low_inlier
3650,125.2493,-27.7541,-103.9558,-5.1964,9.1219,461,0.0734,1.0000,0.376665,-12.8437,11.3795,low_inlier
3651,125.2833,-33.8069,-92.0673,-6.0528,11.8884,527,0.0275,1.0000,0.376665,-14.9197,14.8067,low_inlier
3652,125.3161,-39.4683,-76.6803,-5.6614,15.3871,476,0.0158,1.0000,0.376665,-13.8173,19.0913,low_inlier
3653,125.3496,-46.2646,-59.6147,-6.7963,17.0656,266,0.0094,1.0000,0.376665,-16.6324,21.1913,low_inlier
3654,125.3827,-55.2292,-52.6233,-8.9646,6.9914,285,0.0095,1.0000,0.376665,-22.4398,8.8885,low_inlier
3655,125.4164,-62.3982,-50.5535,-7.1689,2.0698,386,0.0026,1.0000,0.376665,-18.0585,2.7826,low_inlier
3656,125.4494,-66.6964,-45.2431,-4.2983,5.3104,421,0.0194,1.0000,0.376665,-10.6960,6.6673,low_inlier
3657,125.4826,-68.1487,-35.2876,-1.4523,9.9555,344,0.0414,1.0000,0.376665,-3.3506,12.2782,low_inlier
3658,125.5162,-66.9717,-27.4765,1.1771,7.8111,327,0.0194,1.0000,0.376665,3.2280,9.5559,low_inlier
3659,125.5491,-62.5592,-14.9851,4.4124,12.4914,361,0.0334,1.0000,0.376665,11.5590,15.1970,low_inlier
3660,125.5830,-56.2091,-2.8657,6.3502,12.1194,397,0.0306,1.0000,0.376665,16.4462,14.6751,low_inlier
3661,125.6343,-51.0673,11.5069,5.1418,14.3726,566,0.0573,1.0000,0.376665,13.4637,17.4834,low_inlier
3662,125.6620,-46.7440,24.3075,4.3233,12.8006,454,0.0755,1.0000,0.376665,11.3437,15.5798,low_inlier
3663,125.6902,-41.7751,34.3999,4.9689,10.0923,466,0.1688,1.0000,0.376665,12.8885,12.2313,low_inlier
3664,125.7184,-33.2049,47.1856,8.5702,12.7857,480,0.0594,1.0000,0.376665,22.0807,15.4193,low_inlier
3665,125.7495,-22.6802,61.1181,10.5247,13.9325,403,0.0497,1.0000,0.376665,27.0593,16.7626,low_inlier
3666,125.7829,-13.2403,72.6332,9.4399,11.5151,415,0.0816,1.0000,0.376665,24.2386,13.8293,low_inlier
3667,125.8166,-5.3048,83.5064,7.9355,10.8732,414,0.0812,1.0000,0.376665,20.4142,13.0912,low_inlier
3668,125.8495,1.9095,94.6226,7.2143,11.1162,550,0.0643,1.0000,0.376665,18.5987,13.4138,low_inlier
3669,125.8828,7.9277,106.2133,6.0182,11.5908,471,0.0440,1.0000,0.376665,15.5900,14.0368,low_inlier
3670,125.9167,11.2033,114.1134,3.2756,7.9000,604,0.0240,1.0000,0.376665,8.5365,9.5949,low_inlier
3671,125.9496,12.0674,114.3872,0.8642,0.2738,499,0.0624,1.0000,0.376665,2.1938,0.3074,low_inlier
3672,125.9833,12.0840,112.1414,0.0166,-2.2458,451,0.0753,1.0000,0.376665,-0.0306,-2.7593,low_inlier
3673,126.0172,12.2373,110.9900,0.1533,-1.1514,465,0.0211,1.0000,0.376665,0.3505,-1.4196,low_inlier
3674,126.0497,12.2186,110.7081,-0.0187,-0.2819,507,0.0349,1.0000,0.376665,-0.0564,-0.3456,low_inlier
3675,126.0829,10.5375,105.4358,-1.6811,-5.2723,386,0.0518,1.0000,0.376665,-4.4205,-6.4203,low_inlier
3676,126.1161,8.1198,97.6695,-2.4177,-7.7663,488,0.0286,1.0000,0.376665,-6.3633,-9.4594,low_inlier
3677,126.1491,5.9547,87.0540,-2.1652,-10.6154,507,0.0176,1.0000,0.376665,-5.8167,-12.9677,low_inlier
3678,126.1828,3.3490,75.0320,-2.6057,-12.0220,499,0.0257,1.0000,0.376665,-6.9759,-14.6809,low_inlier
3679,126.2159,0.4286,64.9992,-2.9204,-10.0328,487,0.0419,1.0000,0.376665,-7.7073,-12.2267,low_inlier
3680,126.2492,-2.1372,58.2336,-2.5658,-6.7655,508,0.0942,1.0000,0.376665,-6.7055,-8.2250,low_inlier
3681,126.2822,-4.0322,54.4049,-1.8950,-3.8287,553,0.0690,1.0000,0.376665,-4.9147,-4.6398,low_inlier
3682,126.3160,-5.8050,54.2125,-1.7728,-0.1924,576,0.4156,1.0000,0.376665,-4.4884,-0.1770,low_inlier
3683,126.3483,-6.6856,57.8337,-0.8806,3.6211,540,0.4607,1.0000,0.376665,-2.1096,4.4778,low_inlier
3684,126.3822,-6.6677,61.8582,0.0180,4.0246,500,0.4073,1.0000,0.376665,0.1753,4.9433,low_inlier
3685,126.4157,-6.2197,64.7412,0.4480,2.8830,560,0.5887,1.0000,0.376665,1.2257,3.5265,
3686,126.4490,-5.8248,64.9661,0.3949,0.2250,654,0.5409,1.0000,0.376665,1.0056,0.2631,
3687,126.4821,-5.3803,63.5936,0.4445,-1.3726,540,0.6278,1.0000,0.376665,1.0795,-1.7010,
3688,126.5154,-4.5378,61.8567,0.8426,-1.7369,530,0.5802,1.0000,0.376665,2.0742,-2.1618,
3689,126.5494,-4.0354,60.0658,0.5023,-1.7909,462,0.6110,1.0000,0.376665,1.2122,-2.2168,
3690,126.5822,-3.8732,58.1556,0.1623,-1.9102,528,0.6003,1.0000,0.376665,0.3486,-2.3520,
3691,126.6328,-3.5446,57.9621,0.3285,-0.1934,756,0.9437,1.0000,0.376665,0.8244,-0.2486,
3692,126.6594,-4.0337,58.9879,-0.4891,1.0258,765,0.9038,1.0000,0.376665,-1.2034,1.2765,
3693,126.6862,-5.3732,60.4979,-1.3395,1.5100,747,0.8949,1.0000,0.376665,-3.3379,1.8997,
3694,126.7156,-6.3292,61.4879,-0.9560,0.9900,731,0.9050,1.0000,0.376665,-2.3851,1.2481,
3695,126.7493,-7.0550,61.5514,-0.7258,0.0635,780,0.9750,1.0000,0.376665,-1.8331,0.1023,
3696,126.7824,-8.1639,63.1658,-1.1089,1.6144,679,0.8058,1.0000,0.376665,-2.7515,2.0203,
3697,126.8156,-10.2061,65.6607,-2.0422,2.4949,694,0.2519,1.0000,0.376665,-5.0829,3.1332,low_inlier
3698,126.8489,-13.1423,67.8352,-2.9362,2.1746,642,0.1862,1.0000,0.376665,-7.3534,2.7696,low_inlier
3699,126.8822,-19.0263,66.0386,-5.8840,-1.7966,510,0.0667,1.0000,0.376665,-14.9346,-2.0100,low_inlier
3700,126.9152,-25.5036,66.6084,-6.4772,0.5697,460,0.1382,1.0000,0.376665,-16.3580,0.9167,low_inlier
3701,126.9487,-30.4994,66.8718,-4.9958,0.2634,489,0.2265,1.0000,0.376665,-12.6225,0.4909,low_inlier
3702,126.9822,-33.8047,67.4120,-3.3053,0.5403,503,0.3714,1.0000,0.376665,-8.3394,0.7743,low_inlier
3703,127.0152,-36.2118,67.9951,-2.4071,0.5830,644,0.1771,1.0000,0.376665,-6.0670,0.7968,low_inlier
3704,127.0486,-38.1019,70.7658,-1.8902,2.7707,652,0.0548,1.0000,0.376665,-4.6896,3.4669,low_inlier
3705,127.0821,-40.7480,73.9409,-2.6460,3.1751,592,0.0396,1.0000,0.376665,-6.5875,3.9890,low_inlier
3706,127.1151,-43.8499,75.6290,-3.1019,1.6881,549,0.0390,1.0000,0.376665,-7.7882,2.1776,low_inlier
3707,127.1488,-46.8375,79.7865,-2.9875,4.1575,631,0.0091,1.0000,0.376665,-7.4193,5.2072,low_inlier
3708,127.1819,-48.1119,89.5244,-1.2744,9.7379,555,0.0079,1.0000,0.376665,-2.9079,12.0049,low_inlier
3709,127.2182,-49.0459,101.5227,-0.9341,11.9983,397,0.0233,1.0000,0.376665,-1.9745,14.7703,low_inlier
3710,127.2487,-49.1342,115.2823,-0.0883,13.7596,460,0.0167,1.0000,0.376665,0.2208,16.9055,low_inlier
3711,127.2820,-47.7936,136.1026,1.3406,20.8203,395,0.0320,1.0000,0.376665,4.0613,25.5312,low_inlier
3712,127.3151,-47.7549,152.8482,0.0387,16.7456,379,0.0174,1.0000,0.376665,0.6382,20.5693,low_inlier
3713,127.3485,-49.5602,158.4979,-1.8053,5.6497,603,0.0235,1.0000,0.376665,-4.3821,7.0006,low_inlier
3714,127.3818,-51.3351,161.0822,-1.7750,2.5843,533,0.0230,1.0000,0.376665,-4.4043,3.2340,low_inlier
3715,127.4151,-51.7765,164.0453,-0.4413,2.9632,602,0.2345,1.0000,0.376665,-1.0202,3.6548,low_inlier
3716,127.4484,-51.8429,163.1410,-0.0665,-0.9043,714,0.5657,1.0000,0.376665,-0.1972,-1.1086,
3717,127.4818,-51.6666,159.4472,0.1764,-3.6938,583,0.3869,1.0000,0.376665,0.3268,-4.5435,low_inlier
3718,127.5152,-51.5090,154.7181,0.1576,-4.7291,569,0.2928,1.0000,0.376665,0.2458,-5.8146,low_inlier
3719,127.5484,-51.8435,149.1018,-0.3345,-5.6163,515,0.3108,1.0000,0.376665,-1.0269,-6.8880,low_inlier
3720,127.5818,-52.0034,146.0313,-0.1600,-3.0705,489,0.2975,1.0000,0.376665,-0.5035,-3.7665,low_inlier
3721,127.6331,-51.6023,144.9325,0.4011,-1.0988,787,0.6896,1.0000,0.376665,0.9786,-1.3632,
3722,127.6602,-51.0612,144.0270,0.5411,-0.9055,741,0.9223,1.0000,0.376665,1.3389,-1.1304,
3723,127.6869,-50.0077,144.4621,1.0535,0.4351,646,0.7947,1.0000,0.376665,2.6776,0.4993,
3724,127.7154,-48.6136,144.5882,1.3941,0.1261,631,0.5723,1.0000,0.376665,3.5287,0.1082,
3725,127.7489,-47.5094,143.1318,1.1042,-1.4564,757,0.5680,1.0000,0.376665,2.7449,-1.8260,
3726,127.7823,-46.5391,141.3206,0.9703,-1.8112,714,0.8876,1.0000,0.376665,2.3947,-2.2574,
3727,127.8154,-45.8822,140.4535,0.6569,-0.8671,709,0.8523,1.0000,0.376665,1.6328,-1.0871,
3728,127.8484,-45.7205,140.2106,0.1617,-0.2429,676,0.7382,1.0000,0.376665,0.4010,-0.3038,
3729,127.8819,-45.6480,140.9179,0.0725,0.7073,604,0.6957,1.0000,0.376665,0.2062,0.8665,
3730,127.9153,-45.5186,141.7768,0.1294,0.8589,719,0.7557,1.0000,0.376665,0.3550,1.0507,
3731,127.9489,-45.0818,141.6747,0.4368,-0.1021,719,0.9246,1.0000,0.376665,1.1010,-0.1400,
3732,127.9819,-44.2386,140.9997,0.8432,-0.6750,704,0.9009,1.0000,0.376665,2.1100,-0.8574,
3733,128.0154,-43.5678,139.9579,0.6708,-1.0418,688,0.8877,1.0000,0.376665,1.6624,-1.3022,
3734,128.0489,-42.6711,136.7721,0.8967,-3.1858,555,0.3856,1.0000,0.376665,2.1643,-3.9435,low_inlier
3735,128.0821,-40.1346,131.9936,2.5366,-4.7785,569,0.1496,1.0000,0.376665,6.2590,-5.9549,low_inlier
3736,128.1153,-37.1888,127.2503,2.9458,-4.7433,566,0.1729,1.0000,0.376665,7.2948,-5.9254,low_inlier
3737,128.1484,-35.2894,122.2693,1.8994,-4.9810,623,0.3083,1.0000,0.376665,4.6417,-6.1824,low_inlier
3738,128.1823,-34.3060,118.9609,0.9834,-3.3084,636,0.5294,1.0000,0.376665,2.3795,-4.0970,
3739,128.2153,-33.9335,118.4851,0.3725,-0.4758,703,0.6391,1.0000,0.376665,0.9265,-0.5970,
3740,128.2488,-34.5233,118.9643,-0.5898,0.4792,640,0.7459,1.0000,0.376665,-1.4757,0.6084,
3741,128.2823,-35.5289,119.6408,-1.0056,0.6765,694,0.6696,1.0000,0.376665,-2.5207,0.8647,
3742,128.3155,-1.0632,3.9322,-1.0632,3.9322,615,0.5611,1.0000,0.376665,-2.5613,4.8660,
3743,128.3487,-3.6094,7.7284,-2.5461,3.7963,437,0.1240,1.0000,0.376665,-6.3150,4.7487,low_inlier
3744,128.3819,-5.8358,12.4464,-2.2264,4.7180,526,0.1911,1.0000,0.376665,-5.4767,5.8702,low_inlier
3745,128.4154,-6.0958,16.4814,-0.2600,4.0349,555,0.3752,1.0000,0.376665,-0.5272,4.9653,low_inlier
3746,128.4483,-5.4805,17.8471,0.6153,1.3658,577,0.6482,1.0000,0.376665,1.5996,1.6571,
3747,128.4817,-4.5615,17.9471,0.9190,0.1000,678,0.7600,1.0000,0.376665,2.3267,0.0921,
3748,128.5154,-3.6339,16.2591,0.9276,-1.6880,582,0.4264,1.0000,0.376665,2.2908,-2.1046,low_inlier
3749,128.5483,-2.6366,12.7019,0.9973,-3.5573,497,0.1493,1.0000,0.376665,2.4068,-4.4032,low_inlier
3750,128.5819,-1.0262,8.4472,1.6104,-4.2546,462,0.1427,1.0000,0.376665,3.9343,-5.2804,low_inlier
3751,128.6320,0.2282,5.0748,1.2544,-3.3724,633,0.1230,1.0000,0.376665,3.0627,-4.1848,low_inlier
3752,128.6585,0.9771,1.3013,0.7489,-3.7735,536,0.1575,1.0000,0.376665,1.7716,-4.6606,low_inlier
3753,128.6851,1.3628,0.1203,0.3858,-1.1810,665,0.5913,1.0000,0.376665,0.9372,-1.4637,
3754,128.7150,0.7948,-0.3689,-0.5680,-0.4892,714,0.8750,1.0000,0.376665,-1.4518,-0.5820,
3755,128.7487,-0.0918,-1.2460,-0.8866,-0.8770,729,0.9062,1.0000,0.376665,-2.2700,-1.0477,
3756,128.7819,-0.2400,-0.4636,-0.1482,0.7823,778,0.9637,1.0000,0.376665,-0.3495,0.9660,
3757,128.8152,-0.4559,1.2268,-0.2160,1.6905,770,0.9563,1.0000,0.376665,-0.4915,2.0838,
3758,128.8483,-1.0365,3.1994,-0.5806,1.9726,630,0.7497,1.0000,0.376665,-1.4042,2.4426,
3759,128.8812,-1.5059,5.3031,-0.4694,2.1037,640,0.1531,1.0000,0.376665,-1.1190,2.5999,low_inlier
3760,128.9149,-2.0401,9.3342,-0.5342,4.0312,542,0.1108,1.0000,0.376665,-1.2204,4.9698,low_inlier
3761,128.9481,-4.0373,15.7993,-1.9972,6.4651,534,0.1295,1.0000,0.376665,-4.8409,8.0087,low_inlier
3762,128.9818,-7.1554,23.5030,-3.1181,7.7036,432,0.0758,1.0000,0.376665,-7.6350,9.5677,low_inlier
3763,129.0152,-10.1022,32.5778,-2.9468,9.0749,372,0.0391,1.0000,0.376665,-7.1575,11.2464,low_inlier
3764,129.0481,-13.3610,41.8030,-3.2588,9.2252,336,0.0343,1.0000,0.376665,-7.9416,11.4415,low_inlier
3765,129.0814,-16.0569,52.9112,-2.6959,11.1082,384,0.0578,1.0000,0.376665,-6.4577,13.7358,low_inlier
3766,129.1152,-17.0595,63.0863,-1.0026,10.1751,391,0.0785,1.0000,0.376665,-2.2066,12.5328,low_inlier
3767,129.1482,-17.8459,71.9978,-0.7863,8.9116,466,0.0573,1.0000,0.376665,-1.7006,10.9735,low_inlier
3768,129.1813,-18.5286,79.6065,-0.6828,7.6086,610,0.2038,1.0000,0.376665,-1.4808,9.3695,low_inlier
3769,129.2148,-18.3982,85.5254,0.1304,5.9189,514,0.4462,1.0000,0.376665,0.5207,7.2665,low_inlier
3770,129.2481,-18.0061,91.5105,0.3921,5.9852,448,0.2632,1.0000,0.376665,1.1846,7.3392,low_inlier
3771,129.2811,-18.8148,96.4828,-0.8087,4.9723,650,0.2391,1.0000,0.376665,-1.8843,6.1351,low_inlier
3772,129.3146,-19.7805,100.8173,-0.9657,4.3345,520,0.4392,1.0000,0.376665,-2.3016,5.3569,low_inlier
3773,129.3480,-20.8375,105.5140,-1.0570,4.6967,525,0.3719,1.0000,0.376665,-2.5209,5.8049,low_inlier
3774,129.3812,-22.5801,110.6246,-1.7426,5.1106,599,0.2764,1.0000,0.376665,-4.2410,6.3363,low_inlier
3775,129.4151,-24.8637,115.6342,-2.2836,5.0096,572,0.2081,1.0000,0.376665,-5.6119,6.2303,low_inlier
3776,129.4482,-27.0728,122.1942,-2.2091,6.5600,615,0.1023,1.0000,0.376665,-5.3736,8.1324,low_inlier
3777,129.4813,-28.8690,128.8564,-1.7962,6.6622,617,0.1923,1.0000,0.376665,-4.3264,8.2441,low_inlier
3778,129.5144,-30.5123,134.3097,-1.6434,5.4533,625,0.2028,1.0000,0.376665,-3.9790,6.7540,low_inlier
3779,129.5483,-32.0996,137.3311,-1.5872,3.0214,655,0.1756,1.0000,0.376665,-3.9156,3.7648,low_inlier
3780,129.5818,-32.7679,140.0875,-0.6683,2.7564,653,0.2589,1.0000,0.376665,-1.6006,3.4084,low_inlier
3781,129.6327,-32.9526,141.7882,-0.1847,1.7007,776,0.5213,1.0000,0.376665,-0.4121,2.0953,
3782,129.6591,-33.1199,142.8159,-0.1674,1.0277,773,0.6175,1.0000,0.376665,-0.3900,1.2680,
3783,129.6851,-33.1694,144.5367,-0.0495,1.7208,654,0.2595,1.0000,0.376665,-0.0696,2.1155,low_inlier
3784,129.7149,-33.1142,147.0640,0.0552,2.5273,517,0.3363,1.0000,0.376665,0.2212,3.1027,low_inlier
3785,129.7484,-33.0132,149.5622,0.1010,2.4982,476,0.4796,1.0000,0.376665,0.3359,3.0654,low_inlier
3786,129.7816,-33.0034,150.2717,0.0097,0.7096,436,0.4031,1.0000,0.376665,0.0475,0.8713,low_inlier
3787,129.8149,-32.8161,152.5006,0.1873,2.2289,555,0.6593,1.0000,0.376665,0.5455,2.7317,
3788,129.8487,-32.6960,154.9765,0.1201,2.4758,687,0.5964,1.0000,0.376665,0.3836,3.0374,
3789,129.8815,-33.0438,154.6685,-0.3478,-0.3080,477,0.5420,1.0000,0.376665,-0.8892,-0.3667,
3790,129.9148,-33.0279,152.3886,0.0159,-2.2799,597,0.6142,1.0000,0.376665,-0.0334,-2.8012,
3791,129.9481,-32.5954,149.9624,0.4324,-2.4262,652,0.3239,1.0000,0.376665,1.0150,-2.9948,low_inlier
3792,129.9820,-31.6463,146.2985,0.9491,-3.6639,735,0.2448,1.0000,0.376665,2.2814,-4.5326,low_inlier
3793,130.0153,-30.7005,143.5853,0.9458,-2.7132,700,0.4170,1.0000,0.376665,2.3038,-3.3646,low_inlier
3794,130.0483,-30.7555,141.1529,-0.0550,-2.4324,578,0.6675,1.0000,0.376665,-0.2175,-2.9862,
3795,130.0815,-29.8700,139.5060,0.8855,-1.6469,486,0.2938,1.0000,0.376665,2.1857,-2.0527,low_inlier
3796,130.1144,-28.3847,139.1938,1.4853,-0.3122,645,0.4268,1.0000,0.376665,3.7453,-0.4333,low_inlier
3797,130.1478,-28.0586,135.9218,0.3261,-3.2720,655,0.6158,1.0000,0.376665,0.7189,-4.0303,
3798,130.1813,-27.9984,129.9554,0.0601,-5.9664,586,0.1564,1.0000,0.376665,-0.0405,-7.3313,low_inlier
3799,130.2140,-27.4938,120.9697,0.5047,-8.9857,535,0.0405,1.0000,0.376665,0.9860,-11.0552,low_inlier
3800,130.2482,-23.6026,102.0510,3.8912,-18.9187,363,0.0079,1.0000,0.376665,9.2276,-23.3704,low_inlier
3801,130.2813,-16.9654,79.0911,6.6373,-22.9599,241,0.0057,1.0000,0.376665,16.0402,-28.4267,low_inlier
3802,130.3142,-11.4593,57.9216,5.5061,-21.1695,277,0.0015,1.0000,0.376665,13.2380,-26.1894,low_inlier
3803,130.3469,-5.8691,35.1867,5.5902,-22.7349,418,0.0071,1.0000,0.376665,13.4002,-28.1152,low_inlier
3804,130.3809,-0.6719,15.3904,5.1971,-19.7963,385,0.0257,1.0000,0.376665,12.5012,-24.4922,low_inlier
3805,130.4143,2.3632,-1.6954,3.0351,-17.0858,428,0.0405,1.0000,0.376665,7.1224,-21.0901,low_inlier
3806,130.4478,4.0696,-13.8116,1.7064,-12.1162,373,0.0777,1.0000,0.376665,3.9234,-14.9410,low_inlier
3807,130.4814,3.9756,-20.1493,-0.0940,-6.3377,467,0.3141,1.0000,0.376665,-0.4420,-7.7822,low_inlier
3808,130.5143,3.2778,-22.8760,-0.6978,-2.7267,515,0.3544,1.0000,0.376665,-1.8522,-3.3261,low_inlier
3809,130.5480,2.5724,-22.6691,-0.7054,0.2068,686,0.5995,1.0000,0.376665,-1.7769,0.2777,
3810,130.5812,2.0420,-19.6905,-0.5303,2.9786,606,0.5389,1.0000,0.376665,-1.2448,3.6768,
3811,130.6317,0.9392,-17.6926,-1.1028,1.9979,745,0.7368,1.0000,0.376665,-2.7238,2.4912,
3812,130.6585,0.3542,-15.9339,-0.5850,1.7587,742,0.9325,1.0000,0.376665,-1.4222,2.1800,
3813,130.6849,0.0483,-14.9729,-0.3059,0.9610,748,0.9337,1.0000,0.376665,-0.7425,1.1907,
3814,130.7145,-0.7033,-16.2456,-0.7516,-1.2727,730,0.9009,1.0000,0.376665,-1.9414,-1.5383,
3815,130.7473,-0.3847,-17.3078,0.3186,-1.0622,766,0.8775,1.0000,0.376665,0.7712,-1.3155,
3816,130.7812,0.8487,-18.6273,1.2334,-1.3195,691,0.6263,1.0000,0.376665,3.0759,-1.6622,
3817,130.8142,2.1397,-20.6741,1.2910,-2.0468,740,0.6266,1.0000,0.376665,3.1981,-2.5576,
3818,130.8473,3.1407,-22.2346,1.0010,-1.5604,723,0.7942,1.0000,0.376665,2.4804,-1.9504,
3819,130.8813,4.1364,-23.0271,0.9957,-0.7926,658,0.7026,1.0000,0.376665,2.4918,-1.0069,
3820,130.9143,5.1762,-23.5497,1.0398,-0.5226,644,0.5887,1.0000,0.376665,2.6120,-0.6767,
3821,130.9472,5.0834,-25.6050,-0.0928,-2.0553,676,0.7782,1.0000,0.376665,-0.3009,-2.5216,
3822,130.9811,4.7665,-29.1423,-0.3169,-3.5373,603,0.5307,1.0000,0.376665,-0.9153,-4.3347,
3823,131.0143,5.8480,-30.7048,1.0815,-1.5625,602,0.3438,1.0000,0.376665,2.6839,-1.9556,low_inlier
3824,131.0473,7.3263,-30.8354,1.4784,-0.1306,657,0.5191,1.0000,0.376665,3.7336,-0.2100,
3825,131.0805,9.5345,-29.4727,2.2081,1.3627,615,0.5537,1.0000,0.376665,5.6268,1.6000,
3826,131.1142,13.5497,-25.4850,4.0153,3.9877,508,0.4221,1.0000,0.376665,10.2805,4.7641,low_inlier
3827,131.1472,15.3065,-23.0869,1.7567,2.3981,553,0.2765,1.0000,0.376665,4.5189,2.8871,low_inlier
3828,131.1807,12.3277,-25.9822,-2.9788,-2.8952,550,0.3975,1.0000,0.376665,-7.6247,-3.4568,low_inlier
3829,131.2142,8.4753,-26.8569,-3.8524,-0.8748,481,0.3756,1.0000,0.376665,-9.7682,-0.9456,low_inlier
3830,131.2473,5.5338,-25.2534,-2.9416,1.6035,638,0.4778,1.0000,0.376665,-7.3854,2.0683,low_inlier
3831,131.2811,2.7198,-25.2640,-2.8140,-0.0105,634,0.5426,1.0000,0.376665,-7.1149,0.0813,
3832,131.3141,0.8653,-24.2711,-1.8545,0.9929,621,0.6391,1.0000,0.376665,-4.6567,1.2818,
3833,131.3473,-0.8136,-21.1271,-1.6789,3.1439,523,0.6314,1.0000,0.376665,-4.1433,3.9183,
3834,131.3807,-2.7816,-16.6847,-1.9680,4.4425,524,0.6264,1.0000,0.376665,-4.8323,5.5231,
3835,131.4143,-4.8928,-13.8760,-2.1113,2.8087,568,0.6419,1.0000,0.376665,-5.2473,3.5209,
3836,131.4474,-6.1188,-11.0353,-1.2260,2.8407,541,0.3081,1.0000,0.376665,-3.0080,3.5306,low_inlier
3837,131.4806,-6.6890,-6.4533,-0.5702,4.5820,587,0.2886,1.0000,0.376665,-1.2938,5.6477,low_inlier
3838,131.5139,-9.3468,-5.4213,-2.6577,1.0320,518,0.2870,1.0000,0.376665,-6.6863,1.3568,low_inlier
3839,131.5474,-14.6161,-6.1381,-5.2693,-0.7168,448,0.2891,1.0000,0.376665,-13.3456,-0.7041,low_inlier
3840,131.5804,-19.9235,-3.3353,-5.3074,2.8028,498,0.2068,1.0000,0.376665,-13.3284,3.6207,low_inlier
3841,131.6309,-25.3842,1.7842,-5.4607,5.1195,538,0.2234,1.0000,0.376665,-13.6411,6.4717,low_inlier
3842,131.6582,-32.0777,5.8804,-6.6935,4.0962,508,0.3039,1.0000,0.376665,-16.7911,5.2560,low_inlier
3843,131.6856,-39.3426,6.5925,-7.2649,0.7121,469,0.2521,1.0000,0.376665,-18.3449,1.1180,low_inlier
3844,131.7138,-46.1060,6.8292,-6.7634,0.2367,403,0.1559,1.0000,0.376665,-17.0924,0.5172,low_inlier
3845,131.7470,-55.0920,-2.0809,-8.9860,-8.9101,415,0.0000,1.0000,0.376665,-23.0070,-10.6445,low_inlier
3846,131.7802,-67.9263,2.1981,-12.8343,4.2790,348,0.0025,1.0000,0.376665,-32.3109,5.6861,low_inlier
3847,131.8137,-70.5476,5.6096,-2.6213,3.4115,102,0.1120,1.0000,0.376665,-6.5173,4.2785,low_inlier
3848,131.8471,-73.4890,8.3222,-2.9414,2.7126,361,0.1739,1.0000,0.376665,-7.3493,3.4307,low_inlier
3849,131.8801,-75.1685,9.7628,-1.6795,1.4407,322,0.4073,1.0000,0.376665,-4.1999,1.8260,low_inlier
3850,131.9136,-76.1006,10.4816,-0.9321,0.7187,561,0.4937,1.0000,0.376665,-2.3334,0.9141,low_inlier
3851,131.9471,-75.6757,12.8899,0.4249,2.4084,536,0.6101,1.0000,0.376665,1.1521,2.9443,
3852,131.9803,-75.3432,13.1922,0.3325,0.3023,669,0.5522,1.0000,0.376665,0.8504,0.3602,
3853,132.0137,-74.3309,12.1993,1.0122,-0.9929,577,0.4484,1.0000,0.376665,2.5272,-1.2536,low_inlier
3854,132.0472,-71.5810,12.1338,2.7500,-0.0655,341,0.2649,1.0000,0.376665,6.9507,-0.1725,low_inlier
3855,132.0805,-66.1326,13.3427,5.4484,1.2089,174,0.0122,1.0000,0.376665,13.8143,1.3027,low_inlier
3856,132.1139,-53.5285,2.2961,12.6041,-11.0467,193,0.0000,1.0000,0.376665,31.5106,-13.9919,low_inlier
3857,132.1473,-53.1618,2.8869,0.3667,0.5909,180,0.0051,1.0000,0.376665,0.9462,0.7136,low_inlier
3858,132.1803,-58.1663,-13.1504,-5.0045,-16.0373,203,0.0000,1.0000,0.376665,-13.1705,-19.5330,low_inlier
3859,132.2137,-60.8811,-22.4565,-2.7147,-9.3061,211,0.0219,1.0000,0.376665,-7.1640,-11.3409,low_inlier
3860,132.2472,-59.6563,-21.8795,1.2247,0.5769,463,0.1768,1.0000,0.376665,3.1151,0.6677,low_inlier
3861,132.2808,-56.2024,-20.0086,3.4539,1.8709,455,0.1061,1.0000,0.376665,8.7929,2.1826,low_inlier
3862,132.3141,-51.6496,-20.7854,4.5529,-0.7768,541,0.2439,1.0000,0.376665,11.4860,-1.1067,low_inlier
3863,132.3473,-49.0042,-21.5635,2.6454,-0.7781,580,0.4275,1.0000,0.376665,6.6632,-1.0444,low_inlier
3864,132.3801,-48.9927,-20.7412,0.0116,0.8223,663,0.7768,1.0000,0.376665,0.0558,1.0098,
3865,132.4140,-51.2404,-21.7021,-2.2477,-0.9609,627,0.5269,1.0000,0.376665,-5.7139,-1.1052,
3866,132.4473,-53.5309,-23.2154,-2.2906,-1.5133,546,0.2931,1.0000,0.376665,-5.8401,-1.7822,low_inlier
3867,132.4803,-55.7344,-22.9949,-2.2034,0.2205,535,0.3008,1.0000,0.376665,-5.5639,0.3446,low_inlier
3868,132.5137,-59.1293,-21.1395,-3.3949,1.8554,513,0.3560,1.0000,0.376665,-8.5236,2.3929,low_inlier
3869,132.5471,-63.4006,-19.1097,-4.2713,2.0298,419,0.2249,1.0000,0.376665,-10.7336,2.6365,low_inlier
3870,132.5802,-71.2383,-60.7171,-7.8377,-41.6074,322,0.0000,1.0000,0.376665,-21.1587,-50.8489,low_inlier
3871,132.6304,-71.2383,-60.7171,0.0000,0.0000,322,0.0000,1.0000,0.376665,0.0000,0.0000,track_lost
3872,132.6803,-71.4271,-62.0303,-0.1888,-1.3132,300,0.0097,1.0000,0.376665,-0.5197,-1.6068,low_inlier
3873,132.7063,-71.5248,-63.2373,-0.0977,-1.2070,267,0.0132,1.0000,0.376665,-0.2860,-1.4795,low_inlier
3874,132.7325,-72.0123,-65.5512,-0.4875,-2.3139,91,0.0039,1.0000,0.376665,-1.3073,-2.8261,low_inlier
3875,132.7598,-73.2557,-66.0971,-1.2434,-0.5459,246,0.2068,1.0000,0.376665,-3.1613,-0.6289,low_inlier
3876,132.7882,-74.6003,-66.0435,-1.3446,0.0536,451,0.3132,1.0000,0.376665,-3.3978,0.1108,low_inlier
3877,132.8154,-75.4082,-65.7274,-0.8079,0.3161,455,0.3869,1.0000,0.376665,-2.0323,0.4154,low_inlier
3878,132.8473,-75.1013,-63.9922,0.3069,1.7352,353,0.2607,1.0000,0.376665,0.8320,2.1212,low_inlier
3879,132.8801,-73.6715,-62.6556,1.4297,1.3366,168,0.0256,1.0000,0.376665,3.6580,1.5940,low_inlier
3880,132.9134,-72.7075,-61.8319,0.9641,0.8238,98,0.0128,1.0000,0.376665,2.4640,0.9796,low_inlier
3881,132.9469,-73.5827,-63.0889,-0.8753,-1.2570,206,0.0154,1.0000,0.376665,-2.2536,-1.5148,low_inlier
3882,132.9803,-73.7558,-62.4154,-0.1731,0.6735,179,0.0172,1.0000,0.376665,-0.4158,0.8331,low_inlier
3883,133.0134,-71.9164,-64.4664,1.8394,-2.0510,126,0.0000,1.0000,0.376665,4.5843,-2.5810,low_inlier
3884,133.0471,-69.1795,-65.5655,2.7370,-1.0991,87,0.1486,1.0000,0.376665,6.8844,-1.4418,low_inlier
3885,133.0797,-67.9504,-66.3326,1.2291,-0.7671,185,0.3376,1.0000,0.376665,3.0828,-0.9835,low_inlier
3886,133.1137,-68.2064,-67.9680,-0.2561,-1.6354,381,0.4112,1.0000,0.376665,-0.7002,-2.0004,low_inlier
3887,133.1471,-68.5373,-68.4956,-0.3309,-0.5276,448,0.3632,1.0000,0.376665,-0.8537,-0.6371,low_inlier
3888,133.1801,-68.1181,-67.2474,0.4192,1.2482,392,0.4630,1.0000,0.376665,1.1001,1.5193,low_inlier
3889,133.2132,-68.1360,-67.5752,-0.0178,-0.3278,518,0.4612,1.0000,0.376665,-0.0557,-0.4021,low_inlier
3890,133.2486,-69.0088,-69.5819,-0.8728,-2.0067,495,0.3083,1.0000,0.376665,-2.2714,-2.4359,low_inlier
3891,133.2799,-69.2979,-69.8087,-0.2891,-0.2268,571,0.4075,1.0000,0.376665,-0.7383,-0.2690,low_inlier
3892,133.3133,-69.4250,-69.8511,-0.1271,-0.0424,468,0.4533,1.0000,0.376665,-0.3228,-0.0478,low_inlier
3893,133.3471,-70.4388,-71.5621,-1.0138,-1.7110,436,0.3141,1.0000,0.376665,-2.6184,-2.0679,low_inlier
3894,133.3798,-71.0347,-73.0301,-0.5959,-1.4680,450,0.2214,1.0000,0.376665,-1.5540,-1.7834,low_inlier
3895,133.4130,-70.9736,-72.8866,0.0611,0.1435,448,0.4151,1.0000,0.376665,0.1592,0.1742,low_inlier
3896,133.4468,-72.0815,-73.8933,-1.1080,-1.0067,216,0.3247,1.0000,0.376665,-2.8337,-1.1996,low_inlier
3897,133.4917,-72.3891,-73.8297,-0.3076,0.0636,100,0.1942,1.0000,0.376665,-0.7756,0.0885,low_inlier
3898,133.5210,-73.2799,-73.1656,-0.8908,0.6641,120,0.0035,1.0000,0.376665,-2.2307,0.8456,low_inlier
3899,133.5490,-73.5741,-73.7114,-0.2942,-0.5458,118,0.0045,1.0000,0.376665,-0.7614,-0.6606,low_inlier
3900,133.5801,-71.5893,-75.9035,1.9847,-2.1922,156,0.0046,1.0000,0.376665,4.9473,-2.7593,low_inlier
3901,133.6132,-77.5588,-81.5002,-5.9695,-5.5966,216,0.0000,1.0000,0.376665,-15.2733,-6.6751,low_inlier
3902,133.6637,-78.6030,-80.7255,-1.0442,0.7747,144,0.5679,1.0000,0.376665,-2.6151,0.9866,
3903,133.6914,-79.6698,-81.2763,-1.0667,-0.5509,174,0.7532,1.0000,0.376665,-2.7148,-0.6410,
3904,133.7188,-79.5251,-79.8217,0.1447,1.4546,188,0.5512,1.0000,0.376665,0.4127,1.7820,
3905,133.7487,-78.2724,-77.3290,1.2527,2.4928,177,0.6226,1.0000,0.376665,3.2477,3.0202,
3906,133.7797,-77.6494,-76.7347,0.6230,0.5943,162,0.6846,1.0000,0.376665,1.5944,0.7092,
3907,133.8133,-79.7997,-96.2855,-2.1503,-19.5508,124,0.0000,1.0000,0.376665,-6.0675,-23.9447,low_inlier
3908,133.8465,-108.3415,-126.0267,-28.5418,-29.7412,85,0.0000,1.0000,0.376665,-73.1220,-35.5791,low_inlier
3909,133.8797,-95.8801,-129.7998,12.4614,-3.7731,34,0.0000,1.0000,0.376665,31.3844,-5.0522,low_inlier
3910,133.9134,-96.7834,-128.8223,-0.9033,0.9775,50,0.0000,1.0000,0.376665,-2.2523,1.2310,low_inlier
3911,133.9463,-98.5739,-126.3810,-1.7905,2.4413,51,0.0000,1.0000,0.376665,-4.4482,3.0589,low_inlier
3912,133.9796,-97.6260,-126.7587,0.9479,-0.3777,84,0.7241,1.0000,0.376665,2.3845,-0.4957,
3913,134.0132,-97.7334,-127.6978,-0.1074,-0.9390,97,0.4802,1.0000,0.376665,-0.3018,-1.1499,low_inlier
3914,134.0462,-98.2606,-128.6316,-0.5273,-0.9338,263,0.9081,1.0000,0.376665,-1.3633,-1.1295,
3915,134.0796,-97.9006,-128.9794,0.3600,-0.3478,258,0.9213,1.0000,0.376665,0.8990,-0.4393,
3916,134.1133,-97.5080,-129.3659,0.3926,-0.3865,254,0.9248,1.0000,0.376665,0.9802,-0.4880,
3917,134.1463,-97.7005,-130.8844,-0.1925,-1.5185,252,0.8821,1.0000,0.376665,-0.5357,-1.8589,
3918,134.1841,-97.6958,-131.0502,0.0046,-0.1658,259,0.9253,1.0000,0.376665,0.0063,-0.2038,
3919,134.2136,-97.0249,-131.4722,0.6709,-0.4220,248,0.8408,1.0000,0.376665,1.6827,-0.5408,
3920,134.2462,-95.7122,-133.8078,1.3127,-2.3357,238,0.6384,1.0000,0.376665,3.2436,-2.9131,
3921,134.2794,-95.3904,-136.6872,0.3217,-2.8794,236,0.5105,1.0000,0.376665,0.7205,-3.5479,
3922,134.3131,-96.0238,-139.1421,-0.6333,-2.4549,244,0.5632,1.0000,0.376665,-1.6804,-2.9945,
3923,134.3462,-96.5472,-139.1824,-0.5234,-0.0402,167,0.2809,1.0000,0.376665,-1.3246,-0.0319,low_inlier
3924,134.3794,-97.1189,-138.2711,-0.5717,0.9112,54,0.3857,1.0000,0.376665,-1.4161,1.1385,low_inlier
3925,134.4133,-103.2748,-135.9993,-6.1559,2.2719,142,0.0000,1.0000,0.376665,-15.4907,2.9969,low_inlier
3926,134.4463,-94.4525,-135.4909,8.8223,0.5083,56,0.0000,1.0000,0.376665,22.3219,0.3291,low_inlier
3927,134.4794,-108.5840,-137.4648,-14.1315,-1.9739,81,0.0111,1.0000,0.376665,-35.7926,-1.9516,low_inlier
3928,134.5128,-110.2249,-137.4796,-1.6409,-0.0148,145,0.5472,1.0000,0.376665,-4.1492,0.0368,
3929,134.5462,-110.6371,-135.9398,-0.4122,1.5398,228,0.8062,1.0000,0.376665,-0.9924,1.9053,
3930,134.5794,-110.5099,-135.1770,0.1272,0.7628,268,0.8651,1.0000,0.376665,0.3463,0.9328,
3931,134.6132,-110.7171,-134.8582,-0.2073,0.3188,254,0.8893,1.0000,0.376665,-0.5137,0.3986,
3932,134.6632,-110.1630,-134.6558,0.5542,0.2024,487,0.0838,1.0000,0.376665,1.4077,0.2301,low_inlier
3933,134.6914,-109.0912,-133.8777,1.0718,0.7781,462,0.2954,1.0000,0.376665,2.7349,0.9199,low_inlier
3934,134.7192,-108.2414,-132.8459,0.8498,1.0318,746,0.9183,1.0000,0.376665,2.1818,1.2391,
3935,134.7460,-107.8796,-132.3498,0.3618,0.4961,733,0.9321,1.0000,0.376665,0.9306,0.5973,
3936,134.7800,-108.3518,-131.8488,-0.4721,0.5009,733,0.9258,1.0000,0.376665,-1.1776,0.6312,
3937,134.8132,-109.1063,-131.6825,-0.7545,0.1664,758,0.9396,1.0000,0.376665,-1.9023,0.2296,
3938,134.8471,-109.6783,-130.9318,-0.5720,0.7506,660,0.8114,1.0000,0.376665,-1.4220,0.9413,
3939,134.8798,-110.2410,-129.9392,-0.5627,0.9926,317,0.3516,1.0000,0.376665,-1.3906,1.2382,low_inlier
3940,134.9132,-111.2081,-128.8096,-0.9671,1.1296,217,0.1125,1.0000,0.376665,-2.4087,1.4200,low_inlier
3941,134.9462,-109.1074,-132.2991,2.1007,-3.4895,210,0.0000,1.0000,0.376665,5.1986,-4.3569,low_inlier
3942,134.9794,-90.1822,-134.8082,18.9252,-2.5091,138,0.0034,1.0000,0.376665,47.7678,-3.7159,low_inlier
3943,135.0127,-89.5033,-134.6672,0.6789,0.1410,138,0.2180,1.0000,0.376665,1.7211,0.1505,low_inlier
3944,135.0462,-89.0023,-135.3604,0.5010,-0.6931,530,0.8268,1.0000,0.376665,1.2443,-0.8682,
3945,135.0795,-88.3830,-136.3820,0.6194,-1.0217,712,0.8953,1.0000,0.376665,1.5330,-1.2758,
3946,135.1131,-88.0573,-137.4076,0.3257,-1.0256,710,0.9020,1.0000,0.376665,0.7903,-1.2708,
3947,135.1464,-87.6443,-137.8083,0.4129,-0.4007,723,0.9207,1.0000,0.376665,1.0311,-0.5060,
3948,135.1793,-86.8793,-138.2952,0.7650,-0.4868,744,0.9245,1.0000,0.376665,1.9184,-0.6237,
3949,135.2129,-86.3247,-140.6179,0.5546,-2.3227,717,0.8756,1.0000,0.376665,1.3273,-2.8718,
3950,135.2460,-86.2075,-143.9490,0.1172,-3.3311,743,0.8830,1.0000,0.376665,0.1888,-4.0959,
3951,135.2803,-86.1226,-145.4762,0.0849,-1.5272,731,0.8832,1.0000,0.376665,0.1654,-1.8789,
3952,135.3130,-86.1782,-145.7375,-0.0556,-0.2613,740,0.8860,1.0000,0.376665,-0.1490,-0.3191,
3953,135.3458,-86.8623,-146.7737,-0.6842,-1.0361,652,0.7494,1.0000,0.376665,-1.7632,-1.2499,
3954,135.3793,-87.3647,-147.2534,-0.5023,-0.4797,654,0.7080,1.0000,0.376665,-1.2855,-0.5724,
3955,135.4132,-88.2116,-147.7953,-0.8470,-0.5420,717,0.8896,1.0000,0.376665,-2.1589,-0.6374,
3956,135.4461,-89.7881,-149.0655,-1.5765,-1.2702,510,0.6360,1.0000,0.376665,-4.0268,-1.5075,
3957,135.4793,-56.1110,-262.6160,33.6771,-113.5505,78,0.0000,1.0000,0.376665,81.4822,-140.6153,low_inlier
3958,135.5124,-56.2733,-262.6977,-0.1623,-0.0817,371,0.0208,1.0000,0.376665,-0.4131,-0.0949,low_inlier
3959,135.5458,-56.5421,-262.3916,-0.2688,0.3061,202,0.0274,1.0000,0.376665,-0.6696,0.3850,low_inlier
3960,135.5792,-56.9312,-263.1754,-0.3891,-0.7838,445,0.3992,1.0000,0.376665,-1.0092,-0.9498,low_inlier
3961,135.6124,-56.9306,-262.9526,0.0007,0.2228,737,0.8906,1.0000,0.376665,0.0089,0.2736,
3962,135.6750,-56.5449,-261.9616,0.3856,0.9910,690,0.6880,1.0000,0.376665,1.0070,1.2044,
3963,135.7017,-56.7981,-263.1227,-0.2531,-1.1611,645,0.6880,1.0000,0.376665,-0.6775,-1.4178,
3964,135.7287,-57.0341,-264.6550,-0.2360,-1.5323,631,0.7854,1.0000,0.376665,-0.6461,-1.8745,
3965,135.7555,-57.3059,-264.7198,-0.2718,-0.0648,698,0.8561,1.0000,0.376665,-0.6893,-0.0705,
3966,135.7820,-57.7953,-264.8776,-0.4895,-0.1578,692,0.8285,1.0000,0.376665,-1.2426,-0.1775,
3967,135.8124,-57.5698,-265.1684,0.2255,-0.2908,681,0.8548,1.0000,0.376665,0.5608,-0.3647,
3968,135.8466,-56.8398,-264.3705,0.7300,0.7979,659,0.7985,1.0000,0.376665,1.8714,0.9557,
3969,135.8790,-56.4193,-263.1752,0.4205,1.1953,659,0.5711,1.0000,0.376665,1.1017,1.4543,
3970,135.9123,-56.2447,-262.4975,0.1746,0.6777,605,0.5669,1.0000,0.376665,0.4632,0.8266,
3971,135.9460,-55.2565,-261.6103,0.9882,0.8872,275,0.1685,1.0000,0.376665,2.5272,1.0567,low_inlier
3972,135.9791,-50.1380,-280.7680,5.1186,-19.1577,457,0.0021,1.0000,0.376665,12.3231,-23.7050,low_inlier
3973,136.0123,-50.4857,-281.4134,-0.3477,-0.6455,103,0.1187,1.0000,0.376665,-0.9000,-0.7812,low_inlier
3974,136.0455,-50.7566,-281.8263,-0.2709,-0.4129,169,0.1996,1.0000,0.376665,-0.6981,-0.4982,low_inlier
3975,136.0794,-50.4484,-281.9429,0.3082,-0.1166,524,0.8230,1.0000,0.376665,0.7755,-0.1535,
3976,136.1122,-50.7133,-283.0541,-0.2649,-1.1112,641,0.8355,1.0000,0.376665,-0.7057,-1.3561,
3977,136.1456,-50.8120,-284.0208,-0.0987,-0.9667,670,0.8348,1.0000,0.376665,-0.2808,-1.1842,
3978,136.1789,-50.0589,-283.9337,0.7531,0.0871,668,0.8335,1.0000,0.376665,1.9069,0.0818,
3979,136.2122,-49.1955,-284.2911,0.8634,-0.3573,675,0.8360,1.0000,0.376665,2.1713,-0.4679,
3980,136.2458,-48.8146,-285.7225,0.3809,-1.4315,653,0.7506,1.0000,0.376665,0.9168,-1.7712,
3981,136.2788,-48.7675,-287.2362,0.0471,-1.5137,664,0.7171,1.0000,0.376665,0.0703,-1.8610,
3982,136.3122,-48.6411,-287.9470,0.1264,-0.7108,678,0.8213,1.0000,0.376665,0.2966,-0.8774,
3983,136.3459,-48.9310,-288.4145,-0.2898,-0.4674,665,0.8335,1.0000,0.376665,-0.7479,-0.5645,
3984,136.3849,-48.9971,-288.1727,-0.0661,0.2418,691,0.8550,1.0000,0.376665,-0.1593,0.2992,
3985,136.4182,-49.5718,-287.0132,-0.5747,1.1595,639,0.7397,1.0000,0.376665,-1.4156,1.4436,
3986,136.4453,-51.4437,-287.6283,-1.8719,-0.6151,654,0.5588,1.0000,0.376665,-4.7527,-0.6929,
3987,136.4788,-50.9053,-288.4244,0.5384,-0.7961,629,0.6658,1.0000,0.376665,1.3356,-0.9959,
3988,136.5121,-48.1182,-288.3334,2.7871,0.0909,654,0.4740,1.0000,0.376665,7.0496,0.0184,low_inlier
3989,136.5453,-46.5162,-288.3560,1.6020,-0.0225,436,0.5833,1.0000,0.376665,4.0495,-0.0813,
3990,136.5788,-46.3276,-303.4057,0.1887,-15.0498,428,0.0000,1.0000,0.376665,-0.0086,-18.4938,low_inlier
3991,136.6122,-46.7175,-303.5467,-0.3899,-0.1409,188,0.0611,1.0000,0.376665,-0.9903,-0.1601,low_inlier
3992,136.6662,-46.9943,-302.8288,-0.2769,0.7178,251,0.1364,1.0000,0.376665,-0.6768,0.8911,low_inlier
3993,136.6966,-48.2156,-302.3011,-1.2213,0.5278,537,0.6530,1.0000,0.376665,-3.0707,0.6892,
3994,136.7240,-49.7614,-301.9976,-1.5458,0.3035,591,0.6553,1.0000,0.376665,-3.8985,0.4245,
3995,136.7508,-50.6844,-300.7281,-0.9229,1.2695,562,0.6947,1.0000,0.376665,-2.2925,1.5904,
3996,136.7785,-50.4889,-298.3536,0.1954,2.3745,560,0.6705,1.0000,0.376665,0.5708,2.9104,
3997,136.8120,-50.2337,-296.3845,0.2553,1.9691,619,0.5599,1.0000,0.376665,0.7089,2.4103,
3998,136.8460,-49.7720,-294.6688,0.4616,1.7156,570,0.5730,1.0000,0.376665,1.2225,2.0921,
3999,136.8785,-49.1597,-293.8299,0.6124,0.8390,566,0.6185,1.0000,0.376665,1.5753,1.0101,
4000,136.9116,-49.3784,-294.3961,-0.2188,-0.5662,598,0.7601,1.0000,0.376665,-0.5714,-0.6882,
4001,136.9456,-49.4705,-294.6044,-0.0921,-0.2083,611,0.7692,1.0000,0.376665,-0.2396,-0.2528,
4002,136.9785,-49.1586,-294.3308,0.3119,0.2736,641,0.4707,1.0000,0.376665,0.7975,0.3256,low_inlier
4003,137.0119,-50.2266,-298.2712,-1.0680,-3.9404,663,0.0794,1.0000,0.376665,-2.8275,-4.8047,low_inlier
4004,137.0453,-51.7938,-303.7749,-1.5672,-5.5037,671,0.1299,1.0000,0.376665,-4.1399,-6.7084,low_inlier
4005,137.0786,-51.4285,-306.8420,0.3654,-3.0671,673,0.3287,1.0000,0.376665,0.8248,-3.7799,low_inlier
4006,137.1153,-50.3039,-308.1064,1.1245,-1.2645,285,0.0808,1.0000,0.376665,2.8024,-1.5909,low_inlier
4007,137.1568,-47.9850,-316.8250,2.3189,-8.7186,425,0.0022,1.0000,0.376665,5.5815,-10.7877,low_inlier
4008,137.1863,-47.6488,-317.6064,0.3363,-0.7814,143,0.0000,1.0000,0.376665,0.8250,-0.9711,low_inlier
4009,137.2135,-47.4499,-317.6757,0.1989,-0.0693,228,0.4631,1.0000,0.376665,0.5005,-0.0918,low_inlier
4010,137.2452,-46.9499,-318.3886,0.5001,-0.7129,543,0.7141,1.0000,0.376665,1.2413,-0.8925,
4011,137.2783,-45.5816,-317.5644,1.3683,0.8242,556,0.6176,1.0000,0.376665,3.4861,0.9666,
4012,137.3119,-44.3135,-317.6503,1.2680,-0.0859,583,0.6734,1.0000,0.376665,3.2032,-0.1480,
4013,137.3457,-43.6254,-317.7262,0.6882,-0.0758,649,0.5627,1.0000,0.376665,1.7374,-0.1162,
4014,137.3790,-43.6170,-317.7896,0.0083,-0.0634,641,0.8122,1.0000,0.376665,0.0190,-0.0782,
4015,137.4123,-43.6085,-318.2990,0.0085,-0.5094,642,0.7766,1.0000,0.376665,0.0051,-0.6260,
4016,137.4452,-43.7308,-318.8662,-0.1223,-0.5673,639,0.7069,1.0000,0.376665,-0.3275,-0.6927,
4017,137.4791,-44.1699,-319.7599,-0.4391,-0.8937,628,0.5266,1.0000,0.376665,-1.1390,-1.0831,
4018,137.5118,-44.7062,-320.7650,-0.5363,-1.0051,667,0.4460,1.0000,0.376665,-1.3884,-1.2167,low_inlier
4019,137.5454,-44.8554,-320.5103,-0.1492,0.2547,631,0.6852,1.0000,0.376665,-0.3689,0.3179,
4020,137.5789,-44.8121,-319.4371,0.0433,1.0732,639,0.7058,1.0000,0.376665,0.1440,1.3169,
4021,137.6118,-45.5724,-318.7789,-0.7602,0.6582,583,0.5748,1.0000,0.376665,-1.9009,0.8340,
4022,137.6634,-47.2645,-318.4094,-1.6921,0.3695,653,0.6889,1.0000,0.376665,-4.2663,0.5106,
4023,137.6942,-48.6186,-317.4528,-1.3540,0.9566,633,0.7057,1.0000,0.376665,-3.3926,1.2205,
4024,137.7217,-50.0437,-316.9662,-1.4252,0.4866,623,0.7055,1.0000,0.376665,-3.5876,0.6454,
4025,137.7494,-51.8646,-332.5608,-1.8208,-15.5946,394,0.0000,1.0000,0.376665,-5.1068,-19.0958,low_inlier
4026,137.7804,-54.4386,-331.5998,-2.5740,0.9610,117,0.0402,1.0000,0.376665,-6.4769,1.2667,low_inlier
4027,137.8123,-56.6198,-329.1836,-2.1813,2.4162,177,0.0701,1.0000,0.376665,-5.4370,3.0412,low_inlier
4028,137.8469,-59.5349,-327.3701,-2.9150,1.8135,461,0.4268,1.0000,0.376665,-7.3116,2.3254,low_inlier
4029,137.8787,-63.6139,-327.0460,-4.0790,0.3241,537,0.2803,1.0000,0.376665,-10.3026,0.5347,low_inlier
4030,137.9122,-67.8921,-325.5960,-4.2782,1.4500,505,0.2483,1.0000,0.376665,-10.7697,1.9244,low_inlier
4031,137.9462,-71.7792,-323.3781,-3.8871,2.2180,476,0.3172,1.0000,0.376665,-9.7563,2.8548,low_inlier
4032,137.9786,-75.8829,-321.5595,-4.1037,1.8185,496,0.2644,1.0000,0.376665,-10.3168,2.3713,low_inlier
4033,138.0117,-80.1970,-319.2606,-4.3141,2.2989,416,0.2616,1.0000,0.376665,-10.8331,2.9685,low_inlier
4034,138.0454,-85.1312,-316.6235,-4.9342,2.6371,446,0.1918,1.0000,0.376665,-12.3900,3.4047,low_inlier
4035,138.0783,-91.1602,-313.8823,-6.0290,2.7412,353,0.1398,1.0000,0.376665,-15.1547,3.5692,low_inlier
4036,138.1118,-97.5070,-310.0899,-6.3469,3.7924,407,0.1222,1.0000,0.376665,-15.9245,4.8711,low_inlier
4037,138.1447,-105.4635,-303.9807,-7.9564,6.1092,353,0.0742,1.0000,0.376665,-19.9192,7.7710,low_inlier
4038,138.1783,-117.6438,-297.4744,-12.1803,6.5064,340,0.0358,1.0000,0.376665,-30.5856,8.4004,low_inlier
4039,138.2113,-134.2120,-287.2918,-16.5682,10.1825,275,0.0281,1.0000,0.376665,-41.5611,13.0632,low_inlier
4040,138.2527,-155.0715,-270.3423,-20.8595,16.9495,264,0.0177,1.0000,0.376665,-52.1924,21.5196,low_inlier
4041,138.2858,-180.5807,-243.6599,-25.5091,26.6824,204,0.0000,1.0000,0.376665,-63.6340,33.6313,low_inlier
4042,138.3150,-211.2726,-206.9334,-30.6919,36.7265,286,0.0078,1.0000,0.376665,-76.4136,46.1432,low_inlier
4043,138.3485,-242.3964,-165.2671,-31.1238,41.6663,304,0.0081,1.0000,0.376665,-77.3462,52.2258,low_inlier
4044,138.3828,-277.1216,-122.0852,-34.7252,43.1819,211,0.0020,1.0000,0.376665,-86.4026,54.2083,low_inlier
4045,138.4120,-311.0463,-68.0040,-33.9247,54.0812,382,0.0000,1.0000,0.376665,-84.0271,67.5703,low_inlier
4046,138.4506,-344.6143,-3.6186,-33.5680,64.3853,267,0.0040,1.0000,0.376665,-82.7928,80.2162,low_inlier
4047,138.4804,-376.3496,44.1278,-31.7353,47.7465,290,0.0020,1.0000,0.376665,-78.6961,59.7153,low_inlier
4048,138.5114,-405.4577,74.4879,-29.1081,30.3601,226,0.0020,1.0000,0.376665,-72.6147,38.2696,low_inlier
4049,138.5450,-439.6732,113.8518,-34.2154,39.3639,276,0.0000,1.0000,0.376665,-85.2370,49.5010,low_inlier
4050,138.5782,-480.5956,160.4476,-40.9225,46.5958,261,0.0018,1.0000,0.376665,-101.9612,58.6094,low_inlier
4051,138.6113,-517.7395,193.2040,-37.1438,32.7564,214,0.0000,1.0000,0.376665,-92.8541,41.4822,low_inlier
4052,138.6641,-546.7174,232.4748,-28.9779,39.2708,42,0.0000,1.0000,0.376665,-71.9980,49.2113,low_inlier
4053,138.6943,-585.3326,272.5418,-38.6152,40.0670,171,0.0000,1.0000,0.376665,-96.3383,50.5121,low_inlier
4054,138.7241,-616.2225,297.7005,-30.8899,25.1586,313,0.0000,1.0000,0.376665,-77.2874,31.9396,low_inlier
4055,138.7545,-662.3122,317.3799,-46.0897,19.6795,317,0.0115,1.0000,0.376665,-115.8939,25.7178,low_inlier
4056,138.7844,-715.2720,338.2447,-52.9598,20.8647,264,0.0000,1.0000,0.376665,-133.2256,27.4038,low_inlier
4057,138.8129,-768.5643,346.5807,-53.2923,8.3360,282,0.0036,1.0000,0.376665,-134.4703,12.0245,low_inlier
4058,138.8459,-824.3305,348.8268,-55.7662,2.2461,133,0.0147,1.0000,0.376665,-140.9217,4.6263,low_inlier
4059,138.8781,-868.0237,352.1509,-43.6932,3.3242,371,0.0000,1.0000,0.376665,-110.3625,5.5464,low_inlier
4060,138.9112,-868.0439,349.9706,-0.0202,-2.1803,264,0.0019,1.0000,0.376665,-0.1215,-2.6777,low_inlier
4061,138.9451,-868.6429,346.1259,-0.5989,-3.8447,320,0.0018,1.0000,0.376665,-1.6384,-4.7029,low_inlier
4062,138.9782,-870.8540,335.4529,-2.2112,-10.6730,475,0.0000,1.0000,0.376665,-5.9349,-13.0369,low_inlier
4063,139.0113,-872.5187,319.5662,-1.6647,-15.8867,232,0.0022,1.0000,0.376665,-4.7214,-19.4599,low_inlier
4064,139.0445,-889.9764,311.6791,-17.4577,-7.8870,56,0.0000,1.0000,0.376665,-44.3929,-9.1041,low_inlier
4065,139.0779,-892.6495,309.1062,-2.6731,-2.5729,326,0.0024,1.0000,0.376665,-6.8415,-3.0711,low_inlier
4066,139.1113,-894.2860,304.8689,-1.6365,-4.2372,356,0.0000,1.0000,0.376665,-4.2743,-5.1503,low_inlier
4067,139.1445,-898.3196,298.6533,-4.0336,-6.2156,410,0.0000,1.0000,0.376665,-10.3987,-7.5003,low_inlier
4068,139.1777,-940.8658,289.6816,-42.5462,-8.9717,70,0.0020,1.0000,0.376665,-107.8594,-9.5965,low_inlier
4069,139.2110,-949.7495,289.5125,-8.8837,-0.1691,395,0.0000,1.0000,0.376665,-22.4662,0.0897,low_inlier
4070,139.2445,-951.2840,288.4910,-1.5345,-1.0215,267,0.0043,1.0000,0.376665,-3.9127,-1.2034,low_inlier
4071,139.2777,-953.4248,288.5451,-2.1408,0.0541,214,0.0022,1.0000,0.376665,-5.4108,0.1381,low_inlier
4072,139.3111,-953.6368,288.6156,-0.2120,0.0705,250,0.0431,1.0000,0.376665,-0.5338,0.0937,low_inlier
4073,139.3442,-953.7144,286.0602,-0.0776,-2.5554,260,0.0082,1.0000,0.376665,-0.2786,-3.1365,low_inlier
4074,139.3781,-953.9375,286.4505,-0.2230,0.3902,243,0.0232,1.0000,0.376665,-0.5513,0.4868,low_inlier
4075,139.4113,-955.6837,285.3466,-1.7463,-1.1039,290,0.0018,1.0000,0.376665,-4.4507,-1.2976,low_inlier
4076,139.4443,-958.1914,279.7760,-2.5076,-5.5706,453,0.0000,1.0000,0.376665,-6.5198,-6.7591,low_inlier
4077,139.4779,-964.1919,276.4071,-6.0006,-3.3688,395,0.0000,1.0000,0.376665,-15.2800,-3.9374,low_inlier
4078,139.5115,-972.7755,241.3831,-8.5836,-35.0240,174,0.0101,1.0000,0.376665,-22.8320,-42.7368,low_inlier
4079,139.5449,-975.8097,195.4656,-3.0343,-45.9175,140,0.0168,1.0000,0.376665,-9.1531,-56.3045,low_inlier
4080,139.5777,-978.3905,180.3681,-2.5807,-15.0975,413,0.0083,1.0000,0.376665,-7.0120,-18.4597,low_inlier
4081,139.6112,-981.6703,169.8683,-3.2799,-10.4998,355,0.0052,1.0000,0.376665,-8.6313,-12.7883,low_inlier
4082,139.6685,-986.9219,148.1347,-5.2516,-21.7336,254,0.0000,1.0000,0.376665,-13.9789,-26.5221,low_inlier
4083,139.6978,-985.5080,142.0602,1.4139,-6.0745,293,0.0566,1.0000,0.376665,3.3788,-7.5094,low_inlier
4084,139.7269,-980.5376,139.8688,4.9704,-2.1914,503,0.1243,1.0000,0.376665,12.4960,-2.8584,low_inlier
4085,139.7554,-974.9799,140.1831,5.5577,0.3142,344,0.0627,1.0000,0.376665,14.0618,0.1999,low_inlier
4086,139.7838,-975.8427,134.0399,-0.8628,-6.1432,371,0.4190,1.0000,0.376665,-2.3796,-7.5175,low_inlier
4087,139.8118,-974.9294,142.4920,0.9133,8.4521,366,0.3548,1.0000,0.376665,2.5818,10.3522,low_inlier
4088,139.8460,-968.2571,130.8089,6.6723,-11.6832,736,0.0052,1.0000,0.376665,16.4926,-14.5753,low_inlier
4089,139.8778,-961.2865,113.7249,6.9706,-17.0840,299,0.0892,1.0000,0.376665,17.0726,-21.2197,low_inlier
4090,139.9114,-956.3299,108.2112,4.9566,-5.5136,38,0.0039,1.0000,0.376665,12.3539,-6.9390,low_inlier
4091,139.9451,-953.0338,105.4886,3.2961,-2.7226,410,0.2659,1.0000,0.376665,8.2457,-3.4549,low_inlier
4092,139.9779,-952.3280,107.7958,0.7058,2.3072,458,0.0738,1.0000,0.376665,1.8589,2.8106,low_inlier
4093,140.0116,-953.9023,111.2895,-1.5743,3.4937,356,0.0296,1.0000,0.376665,-3.8677,4.3444,low_inlier
4094,140.0448,-954.9376,113.6204,-1.0353,2.3309,500,0.1029,1.0000,0.376665,-2.5422,2.8980,low_inlier
4095,140.0786,-956.0479,117.4030,-1.1103,3.7825,500,0.5660,1.0000,0.376665,-2.6851,4.6837,
4096,140.1113,-958.7910,124.1398,-2.7431,6.7368,551,0.5902,1.0000,0.376665,-6.7180,8.3675,
4097,140.1446,-960.9219,126.6669,-2.1309,2.5271,544,0.3766,1.0000,0.376665,-5.3062,3.1757,low_inlier
4098,140.1780,-959.7314,125.0658,1.1905,-1.6011,594,0.5069,1.0000,0.376665,2.9583,-2.0067,
4099,140.2112,-956.9349,120.4565,2.7965,-4.6093,563,0.5941,1.0000,0.376665,6.9216,-5.7558,
4100,140.2447,-954.8471,115.8882,2.0878,-4.5683,482,0.4750,1.0000,0.376665,5.1312,-5.6817,low_inlier
4101,140.2783,-953.7802,116.9456,1.0669,1.0574,633,0.5497,1.0000,0.376665,2.7316,1.2632,
4102,140.3113,-953.0970,122.7155,0.6833,5.7699,537,0.5357,1.0000,0.376665,1.9137,7.0650,
4103,140.3447,-953.5050,123.9616,-0.4081,1.2461,618,0.7157,1.0000,0.376665,-0.9916,1.5444,
4104,140.3793,-954.7215,125.8402,-1.2165,1.8786,600,0.6432,1.0000,0.376665,-3.0150,2.3484,
4105,140.4125,-0.4290,9.8746,-0.4290,9.8746,549,0.3367,1.0000,0.376665,-0.7661,12.1446,low_inlier
4106,140.4443,-0.6134,17.2049,-0.1844,7.3303,499,0.4728,1.0000,0.376665,-0.2296,9.0108,low_inlier
4107,140.4777,-0.6535,20.1937,-0.0401,2.9888,550,0.2260,1.0000,0.376665,-0.0049,3.6728,low_inlier
4108,140.5107,-2.1485,20.5978,-1.4951,0.4042,550,0.4166,1.0000,0.376665,-3.7669,0.5465,low_inlier
4109,140.5442,-4.5974,15.3606,-2.4489,-5.2372,611,0.7794,1.0000,0.376665,-6.3606,-6.3515,
4110,140.5779,-4.9560,10.0318,-0.3586,-5.3288,617,0.6532,1.0000,0.376665,-1.0786,-6.5340,
4111,140.6109,-3.4713,3.7018,1.4848,-6.3300,622,0.5694,1.0000,0.376665,3.5497,-7.8256,
4112,140.6617,-2.2499,-4.0027,1.2214,-7.7046,470,0.1423,1.0000,0.376665,2.8396,-9.5053,low_inlier
4113,140.6891,-1.1279,-14.5723,1.1220,-10.5695,458,0.0716,1.0000,0.376665,2.4957,-13.0214,low_inlier
4114,140.7164,1.4999,-25.2313,2.6278,-10.6590,448,0.1280,1.0000,0.376665,6.2999,-13.1817,low_inlier
4115,140.7439,6.5090,-34.1273,5.0091,-8.8960,470,0.0102,1.0000,0.376665,12.3776,-11.0957,low_inlier
4116,140.7779,10.9364,-38.4610,4.4274,-4.3337,503,0.0228,1.0000,0.376665,11.0539,-5.4719,low_inlier
4117,140.8108,14.3577,-40.7178,3.4213,-2.2568,650,0.1289,1.0000,0.376665,8.5772,-2.8868,low_inlier
4118,140.8452,17.6898,-42.5117,3.3321,-1.7939,659,0.1144,1.0000,0.376665,8.3666,-2.3153,low_inlier
4119,140.8775,21.6392,-45.6745,3.9495,-3.1628,427,0.2578,1.0000,0.376665,9.8834,-4.0175,low_inlier
4120,140.9108,26.4759,-49.9667,4.8367,-4.2922,493,0.0343,1.0000,0.376665,12.0901,-5.4346,low_inlier
4121,140.9441,32.5653,-53.9023,6.0894,-3.9356,659,0.0064,1.0000,0.376665,15.2690,-5.0384,low_inlier
4122,140.9774,41.4376,-59.4822,8.8722,-5.5799,651,0.0000,1.0000,0.376665,22.2517,-7.1516,low_inlier
4123,141.0107,49.6875,-71.5697,8.2499,-12.0875,487,0.0170,1.0000,0.376665,20.4683,-15.1248,low_inlier
4124,141.0440,52.0057,-83.9551,2.3182,-12.3854,426,0.0274,1.0000,0.376665,5.4616,-15.2921,low_inlier
4125,141.0774,50.2512,-90.0415,-1.7545,-6.0864,527,0.0581,1.0000,0.376665,-4.6323,-7.4179,low_inlier
4126,141.1110,41.6259,-87.5220,-8.6253,2.5195,132,0.0013,1.0000,0.376665,-21.7261,3.3838,low_inlier
4127,141.1441,30.0842,-82.0486,-11.5417,5.4734,508,0.0000,1.0000,0.376665,-29.0043,7.1100,low_inlier
4128,141.1776,13.2452,-60.6484,-16.8390,21.4003,393,0.0000,1.0000,0.376665,-41.8838,26.8523,low_inlier
4129,141.2107,-10.1455,-29.8517,-23.3907,30.7967,511,0.0000,1.0000,0.376665,-58.1451,38.6145,low_inlier
4130,141.2442,-28.3718,-9.1026,-18.2263,20.7490,327,0.0015,1.0000,0.376665,-45.4121,26.0988,low_inlier
4131,141.2774,-36.1311,-6.6432,-7.7594,2.4594,33,0.0000,1.0000,0.376665,-19.5387,3.2810,low_inlier
4132,141.3109,-46.9486,23.7574,-10.8175,30.4007,502,0.0017,1.0000,0.376665,-26.3691,37.7070,low_inlier
4133,141.3439,-53.8515,55.5686,-6.9029,31.8112,434,0.0277,1.0000,0.376665,-16.4261,39.3087,low_inlier
4134,141.3780,-58.8205,87.8934,-4.9690,32.3248,308,0.0147,1.0000,0.376665,-11.5202,39.8748,low_inlier
4135,141.4104,-66.5433,102.1355,-7.7228,14.2421,605,0.0134,1.0000,0.376665,-19.0660,17.7538,low_inlier
4136,141.4439,-74.8258,109.6052,-8.2825,7.4698,626,0.0180,1.0000,0.376665,-20.6997,9.4533,low_inlier
4137,141.4773,-83.9455,114.4666,-9.1197,4.8614,661,0.0199,1.0000,0.376665,-22.9006,6.2772,low_inlier
4138,141.5106,-94.0517,115.1571,-10.1062,0.6905,558,0.0266,1.0000,0.376665,-25.5293,1.1866,low_inlier
4139,141.5439,-101.4191,113.6433,-7.3674,-1.5138,515,0.0079,1.0000,0.376665,-18.6758,-1.6129,low_inlier
4140,141.5772,-106.6256,104.0409,-5.2065,-9.6024,465,0.0210,1.0000,0.376665,-13.4736,-11.6215,low_inlier
4141,141.6103,-110.0353,95.6258,-3.4097,-8.4150,549,0.0091,1.0000,0.376665,-8.8923,-10.2230,low_inlier
4142,141.6612,-2.6879,-7.9202,-2.6879,-7.9202,388,0.2093,1.0000,0.376665,-7.0513,-9.6394,low_inlier
4143,141.6883,-4.4184,-16.5417,-1.7305,-8.6215,468,0.3409,1.0000,0.376665,-4.6535,-10.5329,low_inlier
4144,141.7158,-4.2298,-25.4215,0.1886,-8.8798,530,0.3304,1.0000,0.376665,0.1904,-10.9144,low_inlier
4145,141.7437,-1.7819,-31.8729,2.4478,-6.4514,467,0.3575,1.0000,0.376665,5.9807,-8.0070,low_inlier
4146,141.7770,-0.0000,-38.7887,1.7819,-6.9158,526,0.5544,1.0000,0.376665,4.2821,-8.5552,
4147,141.8105,1.8921,-46.3949,1.8922,-7.6062,478,0.3762,1.0000,0.376665,4.5385,-9.4070,low_inlier
4148,141.8454,3.1101,-50.0394,1.2179,-3.6444,800,0.0000,1.0000,0.376665,2.9617,-4.5177,low_inlier
4149,141.8780,2.6609,-59.4216,-0.4492,-9.3822,417,0.2350,1.0000,0.376665,-1.4385,-11.5103,low_inlier
4150,141.9169,-0.4246,-69.5255,-3.0854,-10.1039,770,0.2191,1.0000,0.376665,-8.1270,-12.3085,low_inlier
4151,141.9449,-2.3897,-81.2663,-1.9652,-11.7409,313,0.3111,1.0000,0.376665,-5.3474,-14.3569,low_inlier
4152,141.9773,-1.8074,-91.5421,0.5823,-10.2757,371,0.1263,1.0000,0.376665,1.1406,-12.6424,low_inlier
4153,142.0109,0.4905,-2.5189,0.4905,-2.5189,727,0.0113,1.0000,0.376665,1.1588,-3.1107,low_inlier
4154,142.0443,4.8196,-21.3675,4.3291,-18.8486,595,0.0152,1.0000,0.376665,10.3370,-23.2990,low_inlier
4155,142.0775,13.9943,-44.1420,9.1748,-22.7745,378,0.0697,1.0000,0.376665,22.4618,-28.2838,low_inlier
4156,142.1102,22.0330,-74.7071,8.0387,-30.5651,580,0.0240,1.0000,0.376665,19.3380,-37.8159,low_inlier
4157,142.1436,25.4209,-91.4758,3.3879,-16.7687,598,0.0013,1.0000,0.376665,8.0246,-20.7124,low_inlier
4158,142.1772,26.6054,-95.5402,1.1845,-4.0644,505,0.1792,1.0000,0.376665,2.8636,-5.0325,low_inlier
4159,142.2102,26.9503,-92.6841,0.3449,2.8561,538,0.1900,1.0000,0.376665,0.9642,3.4969,low_inlier
4160,142.2440,27.2857,-86.9970,0.3354,5.6870,718,0.4562,1.0000,0.376665,1.0315,6.9748,low_inlier
4161,142.2773,25.1664,-79.4388,-2.1193,7.5583,572,0.2794,1.0000,0.376665,-5.1145,9.3557,low_inlier
4162,142.3103,20.6407,-62.3840,-4.5257,17.0547,616,0.0127,1.0000,0.376665,-10.8919,21.1019,low_inlier
4163,142.3437,-11.2784,49.6942,-11.2784,49.6942,523,0.0127,1.0000,0.376665,-26.9119,61.4230,low_inlier
4164,142.3763,-23.7244,99.8191,-12.4460,50.1249,588,0.0393,1.0000,0.376665,-29.8499,61.9912,low_inlier
4165,142.4104,-40.7542,149.3118,-17.0298,49.4927,493,0.0195,1.0000,0.376665,-41.4595,61.3680,low_inlier
4166,142.4432,-58.9143,190.0429,-18.1601,40.7312,98,0.0067,1.0000,0.376665,-44.6000,50.6430,low_inlier
4167,142.4768,-73.8720,218.5458,-14.9577,28.5028,339,0.0083,1.0000,0.376665,-36.8980,35.5143,low_inlier
4168,142.5101,-87.3282,245.6887,-13.4563,27.1429,293,0.0629,1.0000,0.376665,-33.1458,33.7935,low_inlier
4169,142.5434,-99.7408,270.1153,-12.4125,24.4266,269,0.0193,1.0000,0.376665,-30.5945,30.4218,low_inlier
4170,142.5767,-106.1417,280.4371,-6.4010,10.3218,301,0.0250,1.0000,0.376665,-15.8506,12.8939,low_inlier
4171,142.6101,-109.7523,285.4927,-3.6105,5.0556,247,0.0720,1.0000,0.376665,-8.9654,6.3312,low_inlier
4172,142.6598,-1.9610,-1.4852,-1.9610,-1.4852,547,0.6683,1.0000,0.376665,-5.0060,-1.7589,
4173,142.6862,-0.6333,-6.0201,1.3277,-4.5348,453,0.1019,1.0000,0.376665,3.2105,-5.6151,low_inlier
4174,142.7135,0.4040,-14.6538,1.0373,-8.6337,234,0.1142,1.0000,0.376665,2.3441,-10.6406,low_inlier
4175,142.7438,-0.0289,-26.4925,-0.4329,-11.8387,287,0.1732,1.0000,0.376665,-1.4765,-14.5284,low_inlier
4176,142.7772,-1.7376,-40.1521,-1.7087,-13.6596,251,0.0759,1.0000,0.376665,-4.7609,-16.7225,low_inlier
4177,142.8099,-1.2168,-49.0702,0.5207,-8.9180,415,0.0783,1.0000,0.376665,1.0288,-10.9725,low_inlier
4178,142.8446,-0.2708,-54.8785,0.9461,-5.8084,482,0.2188,1.0000,0.376665,2.2045,-7.1668,low_inlier
4179,142.8772,-0.8329,-61.8571,-0.5622,-6.9786,455,0.3725,1.0000,0.376665,-1.6465,-8.5539,low_inlier
4180,142.9104,0.7020,-9.8440,0.7020,-9.8440,378,0.1174,1.0000,0.376665,1.4572,-12.1160,low_inlier
4181,142.9439,1.8845,-18.0633,1.1825,-8.2193,426,0.1642,1.0000,0.376665,2.7245,-10.1363,low_inlier
4182,142.9772,2.8544,-26.8405,0.9699,-8.7772,469,0.4144,1.0000,0.376665,2.1690,-10.8146,low_inlier
4183,143.0107,4.6830,-32.2423,1.8286,-5.4018,442,0.5469,1.0000,0.376665,4.4491,-6.6970,
4184,143.0436,5.1380,-33.5210,0.4550,-1.2787,545,0.6675,1.0000,0.376665,1.1090,-1.5861,
4185,143.0769,4.8379,-33.4132,-0.3001,0.1079,504,0.6261,1.0000,0.376665,-0.7553,0.1426,
4186,143.1105,4.7750,-32.2233,-0.0628,1.1899,521,0.6193,1.0000,0.376665,-0.1205,1.4637,
4187,143.1438,5.7565,-33.8982,0.9815,-1.6749,550,0.6692,1.0000,0.376665,2.4274,-2.0903,
4188,143.1770,7.6262,-36.3943,1.8697,-2.4962,505,0.2314,1.0000,0.376665,4.6466,-3.1290,low_inlier
4189,143.2104,9.8264,-37.5904,2.2002,-1.1961,519,0.3384,1.0000,0.376665,5.5242,-1.5430,low_inlier
4190,143.2439,2.6307,-2.9563,2.6307,-2.9563,512,0.5689,1.0000,0.376665,6.5559,-3.7196,
4191,143.2830,4.8338,-6.8362,2.2031,-3.8799,538,0.6683,1.0000,0.376665,5.4448,-4.8400,
4192,143.3104,6.3484,-10.2199,1.5146,-3.3837,556,0.5788,1.0000,0.376665,3.7202,-4.2073,
4193,143.3437,7.2339,-10.2187,0.8855,0.0012,561,0.5106,1.0000,0.376665,2.2388,-0.0282,
4194,143.3772,8.5363,-8.7608,1.3024,1.4579,518,0.3170,1.0000,0.376665,3.3400,1.7473,low_inlier
4195,143.4101,12.3606,-8.1815,3.8243,0.5793,371,0.2160,1.0000,0.376665,9.6877,0.5836,low_inlier
4196,143.4440,19.6613,-7.0936,7.3007,1.0879,380,0.2433,1.0000,0.376665,18.4935,1.0920,low_inlier
4197,143.4769,29.1411,-7.9754,9.4798,-0.8819,353,0.1416,1.0000,0.376665,23.9395,-1.4007,low_inlier
4198,143.5104,44.3623,-3.7374,15.2211,4.2380,363,0.0528,1.0000,0.376665,38.6205,4.6964,low_inlier
4199,143.5430,59.2942,-0.7552,14.9320,2.9822,634,0.0284,1.0000,0.376665,37.8489,3.1635,low_inlier
4200,143.5765,74.0401,1.5343,14.7459,2.2895,640,0.0183,1.0000,0.376665,37.3561,2.3188,low_inlier
4201,143.6132,91.3031,-2.4949,17.2630,-4.0291,490,0.0041,1.0000,0.376665,43.5161,-5.5275,low_inlier
4202,143.6658,98.0292,-29.5041,6.7261,-27.0092,520,0.0126,1.0000,0.376665,16.1341,-33.4039,low_inlier
4203,143.6942,96.3577,-41.9367,-1.6715,-12.4326,317,0.0000,1.0000,0.376665,-4.6273,-15.2166,low_inlier
4204,143.7224,97.3480,-35.4617,0.9903,6.4751,511,0.2920,1.0000,0.376665,2.7127,7.9209,low_inlier
4205,143.7497,94.5727,-30.2329,-2.7753,5.2288,535,0.1264,1.0000,0.376665,-6.8481,6.5161,low_inlier
4206,143.7774,85.1505,-34.3207,-9.4221,-4.0879,441,0.2098,1.0000,0.376665,-23.9540,-4.7061,low_inlier
4207,143.8102,80.2844,-21.9528,-4.8661,12.3679,128,0.0164,1.0000,0.376665,-11.9040,15.3559,low_inlier
4208,143.8434,71.5744,8.1573,-8.7100,30.1101,377,0.0227,1.0000,0.376665,-21.0499,37.2795,low_inlier
4209,143.8764,47.0091,20.4364,-24.5653,12.2791,520,0.0031,1.0000,0.376665,-61.7125,15.9064,low_inlier
4210,143.9098,0.2361,22.2370,-46.7730,1.8006,391,0.0000,1.0000,0.376665,-118.1985,3.7780,low_inlier
4211,143.9429,-33.6924,47.0560,-33.9285,24.8190,332,0.0000,1.0000,0.376665,-84.9808,31.6241,low_inlier
4212,143.9763,-45.3989,68.7147,-11.7065,21.6588,173,0.0040,1.0000,0.376665,-28.8988,26.9980,low_inlier
4213,144.0097,-44.5673,67.7688,0.8315,-0.9460,392,0.0578,1.0000,0.376665,2.0719,-1.1899,low_inlier
4214,144.0431,-35.3707,49.7854,9.1966,-17.9834,412,0.0053,1.0000,0.376665,22.6716,-22.3991,low_inlier
4215,144.0763,-24.2163,38.3679,11.1544,-11.4175,409,0.0057,1.0000,0.376665,27.8334,-14.3989,low_inlier
4216,144.1100,-11.1030,25.9148,13.1133,-12.4531,248,0.0066,1.0000,0.376665,32.7526,-15.7367,low_inlier
4217,144.1427,-4.9952,22.0526,6.1079,-3.8622,364,0.0087,1.0000,0.376665,15.3179,-4.9489,low_inlier
4218,144.1762,-1.7979,24.4204,3.1973,2.3678,429,0.0716,1.0000,0.376665,8.1601,2.8016,low_inlier
4219,144.2095,1.1965,30.2081,2.9944,5.7878,364,0.0676,1.0000,0.376665,7.7575,7.0095,low_inlier
4220,144.2429,6.2389,30.8596,5.0424,0.6514,545,0.0038,1.0000,0.376665,12.7697,0.6314,low_inlier
4221,144.2764,13.6569,23.8051,7.4180,-7.0545,508,0.0627,1.0000,0.376665,18.5274,-8.9143,low_inlier
4222,144.3095,23.6922,10.3524,10.0353,-13.4527,602,0.0541,1.0000,0.376665,24.9382,-16.8615,low_inlier
4223,144.3435,29.1736,4.0174,5.4814,-6.3350,565,0.0026,1.0000,0.376665,13.6543,-7.9656,low_inlier
4224,144.3765,32.0906,-0.8113,2.9170,-4.8287,249,0.0769,1.0000,0.376665,7.2194,-6.0293,low_inlier
4225,144.4099,30.9192,-1.7826,-1.1714,-0.9713,637,0.2412,1.0000,0.376665,-2.9930,-1.1539,low_inlier
4226,144.4432,30.3517,-6.3258,-0.5675,-4.5432,576,0.3663,1.0000,0.376665,-1.5815,-5.5620,low_inlier
4227,144.4760,32.6751,-10.6214,2.3234,-4.2955,642,0.0853,1.0000,0.376665,5.7356,-5.3545,low_inlier
4228,144.5100,36.7321,-15.5284,4.0570,-4.9070,697,0.0354,1.0000,0.376665,10.0990,-6.1637,low_inlier
4229,144.5433,40.8682,-22.8535,4.1361,-7.3251,386,0.0152,1.0000,0.376665,10.2210,-9.1368,low_inlier
4230,144.5768,44.0608,-34.9109,3.1927,-12.0574,640,0.0116,1.0000,0.376665,7.6830,-14.9184,low_inlier
4231,144.6096,48.8050,-48.4373,4.7442,-13.5264,615,0.0077,1.0000,0.376665,11.5582,-16.7750,low_inlier
4232,144.6610,54.8966,-58.3554,6.0916,-9.9181,310,0.0301,1.0000,0.376665,15.0815,-12.3876,low_inlier
4233,144.6884,59.8781,-68.9318,4.9815,-10.5764,376,0.2143,1.0000,0.376665,12.2535,-13.1590,low_inlier
4234,144.7163,61.2286,-75.3745,1.3505,-6.4427,516,0.3500,1.0000,0.376665,3.2066,-7.9596,low_inlier
4235,144.7440,61.3936,-75.5525,0.1649,-0.1780,565,0.7113,1.0000,0.376665,0.4112,-0.2242,
4236,144.7763,63.3930,-80.8450,1.9994,-5.2925,480,0.3912,1.0000,0.376665,4.8844,-6.5684,low_inlier
4237,144.8092,66.0120,-88.3019,2.6190,-7.4569,521,0.4250,1.0000,0.376665,6.3810,-9.2479,low_inlier
4238,144.8438,67.5985,-95.0732,1.5865,-6.7712,488,0.5238,1.0000,0.376665,3.7928,-8.3710,
4239,144.8784,66.7010,-99.8726,-0.8975,-4.7994,590,0.3350,1.0000,0.376665,-2.4241,-5.8656,low_inlier
4240,144.9094,65.9869,-104.6367,-0.7141,-4.7641,604,0.3287,1.0000,0.376665,-1.9592,-5.8284,low_inlier
4241,144.9425,67.9199,-108.5706,1.9330,-3.9340,542,0.6162,1.0000,0.376665,4.7604,-4.8973,
4242,144.9758,70.6247,-115.4446,2.7048,-6.8740,340,0.4030,1.0000,0.376665,6.6168,-8.5347,low_inlier
4243,145.0093,77.0836,-126.7796,6.4589,-11.3350,433,0.1264,1.0000,0.376665,15.9644,-14.1404,low_inlier
4244,145.0427,87.0486,-140.4244,9.9650,-13.6448,341,0.1193,1.0000,0.376665,24.7543,-17.0952,low_inlier
4245,145.0758,99.4009,-160.2458,12.3523,-19.8214,326,0.0338,1.0000,0.376665,30.5908,-24.7626,low_inlier
4246,145.1091,114.8270,-186.7685,15.4261,-26.5227,244,0.0476,1.0000,0.376665,38.1461,-33.0975,low_inlier
4247,145.1424,131.8913,-213.4940,17.0643,-26.7255,248,0.0513,1.0000,0.376665,42.2816,-33.4014,low_inlier
4248,145.1758,143.4081,-231.1258,11.5167,-17.6318,519,0.0065,1.0000,0.376665,28.5490,-22.0448,low_inlier
4249,145.2092,150.4609,-238.8743,7.0528,-7.7485,449,0.0453,1.0000,0.376665,17.5817,-9.7546,low_inlier
4250,145.2427,152.9526,-239.1221,2.4916,-0.2479,420,0.2600,1.0000,0.376665,6.2916,-0.3879,low_inlier
4251,145.2764,150.6567,-237.0666,-2.2958,2.0556,635,0.4387,1.0000,0.376665,-5.7382,2.6020,low_inlier
4252,145.3093,147.8926,-233.6333,-2.7641,3.4333,659,0.5795,1.0000,0.376665,-6.8778,4.3101,
4253,145.3432,146.1681,-233.3316,-1.7245,0.3017,609,0.5775,1.0000,0.376665,-4.3503,0.4283,
4254,145.3761,145.1851,-233.9227,-0.9830,-0.5911,714,0.7875,1.0000,0.376665,-2.5045,-0.6932,
4255,145.4095,144.1945,-232.4859,-0.9905,1.4368,598,0.1737,1.0000,0.376665,-2.4580,1.7982,low_inlier
4256,145.4431,143.5700,-231.5222,-0.6245,0.9637,780,0.7762,1.0000,0.376665,-1.5478,1.2047,
4257,145.4758,141.6625,-231.3432,-1.9076,0.1790,658,0.3680,1.0000,0.376665,-4.8172,0.2838,low_inlier
4258,145.5090,137.5983,-226.2847,-4.0642,5.0585,530,0.0375,1.0000,0.376665,-10.1123,6.3501,low_inlier
4259,145.5423,131.5660,-217.1040,-6.0322,9.1806,475,0.0339,1.0000,0.376665,-14.9551,11.4796,low_inlier
4260,145.5757,127.6954,-212.4610,-3.8706,4.6431,322,0.0904,1.0000,0.376665,-9.6364,5.8333,low_inlier
4261,145.6094,126.7688,-214.6548,-0.9266,-2.1939,742,0.2637,1.0000,0.376665,-2.4135,-2.6640,low_inlier
4262,145.6602,127.6311,-221.4210,0.8623,-6.7661,457,0.2579,1.0000,0.376665,1.9619,-8.3405,low_inlier
4263,145.6873,129.0338,-222.0527,1.4026,-0.6317,535,0.5012,1.0000,0.376665,3.5259,-0.8230,
4264,145.7144,127.6373,-221.0301,-1.3965,1.0226,512,0.6288,1.0000,0.376665,-3.4977,1.3029,
4265,145.7421,127.0189,-220.6690,-0.6184,0.3611,509,0.2365,1.0000,0.376665,-1.5518,0.4643,low_inlier
4266,145.7752,127.0935,-221.0585,0.0746,-0.3895,719,0.7125,1.0000,0.376665,0.1760,-0.4809,
4267,145.8091,127.3312,-224.9745,0.2378,-3.9160,492,0.3617,1.0000,0.376665,0.4748,-4.8185,low_inlier
4268,145.8425,127.6305,-230.7621,0.2993,-5.7876,521,0.5949,1.0000,0.376665,0.5699,-7.1196,
4269,145.8756,126.9948,-232.8062,-0.6357,-2.0442,537,0.6083,1.0000,0.376665,-1.6732,-2.4898,
4270,145.9093,126.2481,-235.5990,-0.7467,-2.7928,505,0.6333,1.0000,0.376665,-1.9780,-3.4057,
4271,145.9429,126.3674,-237.5838,0.1193,-1.9848,507,0.4575,1.0000,0.376665,0.2376,-2.4421,low_inlier
4272,145.9762,126.0221,-241.2502,-0.3453,-3.6664,655,0.7301,1.0000,0.376665,-0.9913,-4.4923,
4273,146.0095,124.6922,-246.1926,-1.3299,-4.9424,495,0.6118,1.0000,0.376665,-3.5218,-6.0268,
4274,146.0426,123.9166,-250.9326,-0.7756,-4.7400,503,0.6021,1.0000,0.376665,-2.1140,-5.7967,
4275,146.0761,123.8855,-255.7305,-0.0311,-4.7979,664,0.8303,1.0000,0.376665,-0.2336,-5.8928,
4276,146.1093,123.7366,-260.0858,-0.1489,-4.3553,509,0.6018,1.0000,0.376665,-0.5169,-5.3451,
4277,146.1425,123.4906,-261.8484,-0.2460,-1.7626,518,0.6214,1.0000,0.376665,-0.6789,-2.1569,
4278,146.1761,124.6460,-262.3385,1.1554,-0.4902,417,0.3899,1.0000,0.376665,2.9053,-0.6408,low_inlier
4279,146.2090,127.2181,-261.9867,2.5722,0.3518,745,0.0188,1.0000,0.376665,6.5146,0.3461,low_inlier
4280,146.2425,130.6586,-263.5752,3.4404,-1.5885,158,0.0488,1.0000,0.376665,8.6472,-2.0665,low_inlier
4281,146.2755,129.8793,-271.8723,-0.7792,-8.2971,400,0.2816,1.0000,0.376665,-2.2379,-10.1663,low_inlier
4282,146.3088,127.1054,-276.7716,-2.7739,-4.8993,495,0.3866,1.0000,0.376665,-7.1713,-5.9255,low_inlier
4283,146.3424,123.9119,-280.0096,-3.1935,-3.2379,483,0.5133,1.0000,0.376665,-8.1786,-3.8706,
4284,146.3754,121.7846,-282.9397,-2.1274,-2.9301,498,0.4489,1.0000,0.376665,-5.4732,-3.5282,low_inlier
4285,146.4132,121.5237,-285.4616,-0.2609,-2.5219,526,0.6641,1.0000,0.376665,-0.7410,-3.0893,
4286,146.4423,120.9663,-287.5428,-0.5574,-2.0812,408,0.0878,1.0000,0.376665,-1.4765,-2.5380,low_inlier
4287,146.4754,120.6653,-286.3532,-0.3010,1.1896,423,0.0790,1.0000,0.376665,-0.7226,1.4714,low_inlier
4288,146.5087,121.4879,-283.1216,0.8226,3.2317,441,0.0840,1.0000,0.376665,2.1841,3.9423,low_inlier
4289,146.5421,122.7334,-279.7234,1.2455,3.3981,486,0.1704,1.0000,0.376665,3.2585,4.1326,low_inlier
4290,146.5753,121.7531,-279.7986,-0.9802,-0.0752,467,0.1910,1.0000,0.376665,-2.4807,-0.0595,low_inlier
4291,146.6087,121.2708,-277.3019,-0.4823,2.4967,372,0.0668,1.0000,0.376665,-1.1389,3.0831,low_inlier
4292,146.6598,122.1055,-269.1349,0.8347,8.1670,285,0.0477,1.0000,0.376665,2.3739,10.0046,low_inlier
4293,146.6869,120.8223,-267.1913,-1.2832,1.9436,624,0.5349,1.0000,0.376665,-3.1816,2.4305,
4294,146.7136,120.6812,-269.6073,-0.1411,-2.4160,610,0.9540,1.0000,0.376665,-0.4346,-2.9632,
4295,146.7422,121.6352,-270.3476,0.9540,-0.7402,611,0.9241,1.0000,0.376665,2.3881,-0.9412,
4296,146.7756,121.4202,-272.2893,-0.2150,-1.9418,459,0.7086,1.0000,0.376665,-0.6061,-2.3781,
4297,146.8091,120.9458,-273.0428,-0.4744,-0.7535,629,0.9889,1.0000,0.376665,-1.2238,-0.9097,
4298,146.8429,120.9714,-272.9077,0.0256,0.1351,457,0.7484,1.0000,0.376665,0.0691,0.1651,
4299,146.8752,120.7687,-273.7815,-0.2028,-0.8738,453,0.7690,1.0000,0.376665,-0.5409,-1.0667,
4300,146.9087,121.1086,-274.8574,0.3399,-1.0759,495,0.8054,1.0000,0.376665,0.8246,-1.3330,
4301,146.9419,121.4083,-275.6643,0.2997,-0.8069,624,0.9889,1.0000,0.376665,0.7317,-1.0013,
4302,146.9751,121.3284,-274.7274,-0.0799,0.9369,475,0.7991,1.0000,0.376665,-0.1718,1.1536,
4303,147.0084,120.6828,-275.4967,-0.6456,-0.7694,615,0.9778,1.0000,0.376665,-1.6570,-0.9235,
4304,147.0423,120.2082,-276.9313,-0.4746,-1.4345,496,0.7794,1.0000,0.376665,-1.2462,-1.7463,
4305,147.0752,120.3910,-276.7797,0.1829,0.1516,604,0.9715,1.0000,0.376665,0.4672,0.1801,
4306,147.1084,120.0273,-276.5844,-0.3638,0.1953,453,0.7199,1.0000,0.376665,-0.9134,0.2520,
4307,147.1422,118.9913,-275.1281,-1.0359,1.4563,419,0.6345,1.0000,0.376665,-2.5722,1.8237,
4308,147.1748,118.1469,-272.1908,-0.8445,2.9373,427,0.6735,1.0000,0.376665,-2.0403,3.6366,
4309,147.2084,119.5208,-271.3169,1.3739,0.8739,261,0.0965,1.0000,0.376665,3.5020,1.0275,low_inlier
4310,147.2419,121.3501,-270.9141,1.8293,0.4028,449,0.0000,1.0000,0.376665,4.6379,0.4335,low_inlier
4311,147.2759,124.4951,-276.7090,3.1450,-5.7949,47,0.0048,1.0000,0.376665,7.7646,-7.2239,low_inlier
4312,147.3083,132.3726,-291.2722,7.8775,-14.5632,575,0.0067,1.0000,0.376665,19.4469,-18.1535,low_inlier
4313,147.3420,134.9799,-296.0714,2.6072,-4.7992,222,0.0303,1.0000,0.376665,6.4370,-5.9827,low_inlier
4314,147.3755,131.4701,-293.0919,-3.5098,2.9795,133,0.0250,1.0000,0.376665,-8.7777,3.7775,low_inlier
4315,147.4086,131.4378,-284.4350,-0.0323,8.6569,532,0.0383,1.0000,0.376665,0.1977,10.6354,low_inlier
4316,147.4425,127.9438,-284.3569,-3.4940,0.0781,426,0.0050,1.0000,0.376665,-8.8313,0.2129,low_inlier
4317,147.4752,123.8255,-280.9506,-4.1183,3.4063,395,0.0000,1.0000,0.376665,-10.3024,4.3223,low_inlier
4318,147.5084,111.8842,-286.4903,-11.9413,-5.5397,180,0.0000,1.0000,0.376665,-30.3701,-6.4052,low_inlier
4319,147.5423,107.1870,-294.7071,-4.6973,-8.2169,348,0.0087,1.0000,0.376665,-12.1412,-9.9365,low_inlier
4320,147.5784,107.7335,-276.2570,0.5465,18.4501,473,0.0017,1.0000,0.376665,1.9771,22.6462,low_inlier
4321,147.6083,100.9424,-224.9234,-6.7911,51.3337,220,0.0332,1.0000,0.376665,-15.5136,63.2867,low_inlier
4322,147.6681,90.8537,-154.5619,-10.0887,70.3615,311,0.0075,1.0000,0.376665,-23.2369,86.7713,low_inlier
4323,147.6963,83.2782,-81.7155,-7.5755,72.8464,182,0.0016,1.0000,0.376665,-16.8026,89.7396,low_inlier
4324,147.7252,86.7028,-16.1641,3.4245,65.5514,499,0.0000,1.0000,0.376665,10.7734,80.4101,low_inlier
4325,147.7542,90.9072,-5.9398,4.2044,10.2243,485,0.0000,1.0000,0.376665,10.9600,12.4190,low_inlier
4326,147.7826,95.7649,22.4601,4.8577,28.3999,305,0.0066,1.0000,0.376665,13.1982,34.7243,low_inlier
4327,147.8141,96.1604,48.7902,0.3955,26.3301,649,0.0052,1.0000,0.376665,1.8494,32.3312,low_inlier
4328,147.8425,96.2979,53.3976,0.1375,4.6075,311,0.0000,1.0000,0.376665,0.4964,5.6553,low_inlier
4329,147.8755,89.9790,37.0198,-6.3189,-16.3779,349,0.0000,1.0000,0.376665,-16.5045,-19.9073,low_inlier
4330,147.9085,64.3161,4.5997,-25.6630,-32.4201,69,0.0000,1.0000,0.376665,-65.9300,-38.9662,low_inlier
4331,147.9415,51.9853,-35.6241,-12.3308,-40.2238,276,0.0000,1.0000,0.376665,-32.4740,-48.9989,low_inlier
4332,147.9748,28.9197,-67.6564,-23.0656,-32.0322,284,0.0000,1.0000,0.376665,-59.3504,-38.5768,low_inlier
4333,148.0082,0.5108,-100.4767,-28.4089,-32.8204,151,0.0020,1.0000,0.376665,-72.8854,-39.3661,low_inlier
4334,148.0414,-29.2547,-124.3956,-29.7655,-23.9189,502,0.0162,1.0000,0.376665,-76.0282,-28.3858,low_inlier
4335,148.0751,-51.7719,-161.3934,-22.5172,-36.9978,313,0.0046,1.0000,0.376665,-58.1241,-44.6950,low_inlier
4336,148.1087,-54.6914,-180.3706,-2.9195,-18.9771,369,0.0623,1.0000,0.376665,-7.9938,-23.2141,low_inlier
4337,148.1419,-57.9015,-176.1999,-3.2101,4.1707,485,0.0143,1.0000,0.376665,-7.9815,5.2308,low_inlier
4338,148.1751,-58.4250,-170.9864,-0.5236,5.2135,324,0.0028,1.0000,0.376665,-1.1555,6.4219,low_inlier
4339,148.2083,-87.7261,-114.6863,-29.3011,56.3001,269,0.0000,1.0000,0.376665,-72.2655,70.1413,low_inlier
4340,148.2418,-97.5346,-90.8297,-9.8085,23.8566,128,0.0031,1.0000,0.376665,-24.0292,29.6343,low_inlier
4341,148.2753,-86.2095,-93.7802,11.3251,-2.9505,580,0.0042,1.0000,0.376665,28.5382,-4.0037,low_inlier
4342,148.3083,-64.0670,-115.2505,22.1425,-21.4702,299,0.0034,1.0000,0.376665,55.2904,-27.1158,low_inlier
4343,148.3421,-38.8363,-110.3289,25.2307,4.9216,576,0.0000,1.0000,0.376665,63.9497,5.2010,low_inlier
4344,148.3754,-13.4398,-80.7505,25.3965,29.5783,294,0.0000,1.0000,0.376665,65.1646,35.4843,low_inlier
4345,148.4083,-4.8061,-51.0479,8.6337,29.7027,646,0.0026,1.0000,0.376665,22.7870,36.1983,low_inlier
4346,148.4422,6.1965,-20.3131,11.0026,30.7348,641,0.0013,1.0000,0.376665,28.8098,37.3869,low_inlier
4347,148.4755,8.1620,-19.1961,1.9655,1.1169,229,0.0015,1.0000,0.376665,5.0054,1.3063,low_inlier
4348,148.5084,14.6549,-7.4463,6.4929,11.7498,513,0.0000,1.0000,0.376665,16.7951,14.2163,low_inlier
4349,148.5425,13.1668,21.2704,-1.4881,28.7167,324,0.0000,1.0000,0.376665,-2.8358,35.3260,low_inlier
4350,148.5755,2.3859,46.4905,-10.7809,25.2201,236,0.0039,1.0000,0.376665,-26.4437,31.3419,low_inlier
4351,148.6086,1.9720,59.3071,-0.4139,12.8166,372,0.0025,1.0000,0.376665,-0.6328,15.7581,low_inlier
4352,148.6605,-15.1405,29.1568,-17.1125,-30.1504,495,0.0013,1.0000,0.376665,-44.2386,-36.4644,low_inlier
4353,148.6889,-31.7182,-3.9681,-16.5777,-33.1249,450,0.0039,1.0000,0.376665,-42.9824,-40.1362,low_inlier
4354,148.7179,-42.1068,-30.9109,-10.3885,-26.9428,620,0.0013,1.0000,0.376665,-27.1348,-32.7493,low_inlier
4355,148.7502,-41.6184,-67.6152,0.4884,-36.7043,106,0.0026,1.0000,0.376665,0.0505,-45.1047,low_inlier
4356,148.7825,-28.6567,-107.0182,12.9617,-39.4029,399,0.0026,1.0000,0.376665,31.4999,-48.8374,low_inlier
4357,148.8183,-13.9435,-144.7959,14.7132,-37.7777,313,0.0038,1.0000,0.376665,35.9805,-46.8996,low_inlier
4358,148.8473,-13.6374,-147.6875,0.3061,-2.8916,286,0.0051,1.0000,0.376665,0.6806,-3.5624,low_inlier
4359,148.8779,-12.8070,-161.1221,0.8304,-13.4345,499,0.0068,1.0000,0.376665,1.6660,-16.5310,low_inlier
4360,148.9091,-12.1892,-170.7265,0.6178,-9.6044,377,0.0027,1.0000,0.376665,1.2521,-11.8190,low_inlier
4361,148.9469,-11.5254,-184.6289,0.6638,-13.9024,402,0.0067,1.0000,0.376665,1.2298,-17.1003,low_inlier
4362,148.9763,-12.6788,-191.7198,-1.1535,-7.0909,327,0.0665,1.0000,0.376665,-3.1451,-8.6720,low_inlier
4363,149.0073,-13.0345,-191.0951,-0.3557,0.6247,615,0.0351,1.0000,0.376665,-0.8792,0.7793,low_inlier
4364,149.0413,-13.1018,-183.5597,-0.0673,7.5354,471,0.0437,1.0000,0.376665,0.0731,9.2589,low_inlier
4365,149.0750,-14.1783,-176.4253,-1.0765,7.1344,271,0.0052,1.0000,0.376665,-2.4914,8.8001,low_inlier
4366,149.1083,-17.3445,-160.3883,-3.1662,16.0369,341,0.0040,1.0000,0.376665,-7.4878,19.8061,low_inlier
4367,149.1412,-19.9523,-141.8477,-2.6078,18.5407,569,0.0038,1.0000,0.376665,-5.9950,22.8630,low_inlier
4368,149.1744,-15.7275,-133.0580,4.2248,8.7897,443,0.0051,1.0000,0.376665,10.9652,10.6559,low_inlier
4369,149.2178,-9.0126,-120.5752,6.7149,12.4828,476,0.0729,1.0000,0.376665,17.3801,15.1093,low_inlier
4370,149.2466,-4.0453,-101.6484,4.9673,18.9268,646,0.0013,1.0000,0.376665,13.1696,23.0837,low_inlier
4371,149.2751,-2.9416,-81.4177,1.1037,20.2308,599,0.0090,1.0000,0.376665,3.4432,24.8150,low_inlier
4372,149.3079,-6.9821,-66.9630,-4.0405,14.4547,272,0.1103,1.0000,0.376665,-9.7493,17.8917,low_inlier
4373,149.3412,-12.8757,-60.3834,-5.8935,6.5796,277,0.0188,1.0000,0.376665,-14.6884,8.2798,low_inlier
4374,149.3744,-12.4128,-55.1160,0.4629,5.2674,304,0.0201,1.0000,0.376665,1.3403,6.4551,low_inlier
4375,149.4083,-10.5393,-44.2305,1.8735,10.8855,606,0.0401,1.0000,0.376665,5.0881,13.3092,low_inlier
4376,149.4412,-12.1908,-31.2276,-1.6515,13.0029,738,0.0075,1.0000,0.376665,-3.7560,16.0284,low_inlier
4377,149.4755,-14.8444,-9.8110,-2.6536,21.4166,406,0.0125,1.0000,0.376665,-6.0181,26.3974,low_inlier
4378,149.5082,-14.2191,-7.4434,0.6252,2.3676,587,0.0038,1.0000,0.376665,1.6572,2.8875,low_inlier
4379,149.5414,-13.6331,-1.3554,0.5861,6.0880,308,0.0609,1.0000,0.376665,1.6782,7.4590,low_inlier
4380,149.5752,-10.6843,-3.8175,2.9488,-2.4620,388,0.4585,1.0000,0.376665,7.3760,-3.1232,low_inlier
4381,149.6083,-5.0133,-14.7767,5.6710,-10.9592,247,0.0402,1.0000,0.376665,13.9844,-13.6524,low_inlier
4382,149.6698,-1.4837,-28.4721,3.5296,-13.6955,709,0.0375,1.0000,0.376665,8.4821,-16.9420,low_inlier
4383,149.6982,5.3676,-55.5383,6.8513,-27.0662,734,0.0807,1.0000,0.376665,16.4489,-33.4781,low_inlier
4384,149.7267,8.9830,-72.6533,3.6153,-17.1149,542,0.0013,1.0000,0.376665,8.5884,-21.1454,low_inlier
4385,149.7561,10.2933,-71.4693,1.3103,1.1839,378,0.0163,1.0000,0.376665,3.3512,1.4105,low_inlier
4386,149.7844,11.1257,-62.3874,0.8324,9.0820,656,0.0138,1.0000,0.376665,2.3976,11.1286,low_inlier
4387,149.8122,10.9297,-46.6877,-0.1960,15.6997,613,0.0163,1.0000,0.376665,0.0110,19.2923,low_inlier
4388,149.8453,8.7202,-36.5816,-2.2095,10.1061,255,0.0981,1.0000,0.376665,-5.2601,12.4885,low_inlier
4389,149.8808,6.0166,-34.6728,-2.7037,1.9089,470,0.1557,1.0000,0.376665,-6.7741,2.4354,low_inlier
4390,149.9093,5.7777,-35.2132,-0.2389,-0.5405,479,0.2368,1.0000,0.376665,-0.6215,-0.6559,low_inlier
4391,149.9408,5.7966,-38.1905,0.0190,-2.9773,565,0.6700,1.0000,0.376665,-0.0482,-3.6580,
4392,149.9746,3.3420,-38.1672,-2.4546,0.0233,519,0.0663,1.0000,0.376665,-6.2053,0.1108,low_inlier
4393,150.0197,0.4769,-32.7132,-2.8651,5.4540,356,0.2444,1.0000,0.376665,-7.0680,6.7958,low_inlier
4394,150.0475,-2.8054,-21.5669,-3.2823,11.1463,310,0.3592,1.0000,0.376665,-7.9390,13.8022,low_inlier
4395,150.0751,-6.5124,-11.5339,-3.7070,10.0331,462,0.2628,1.0000,0.376665,-9.0487,12.4489,low_inlier
4396,150.1075,-9.6543,-1.2321,-3.1419,10.3018,310,0.1900,1.0000,0.376665,-7.6112,12.7601,low_inlier
4397,150.1402,-10.5743,6.5314,-0.9200,7.7635,493,0.2687,1.0000,0.376665,-2.0754,9.5677,low_inlier
4398,150.1742,-11.8070,7.1862,-1.2327,0.6547,517,0.4531,1.0000,0.376665,-3.0955,0.8456,low_inlier
4399,150.2073,-13.7161,5.4158,-1.9092,-1.7703,333,0.1014,1.0000,0.376665,-4.8841,-2.1108,low_inlier
4400,150.2410,-14.2592,3.1089,-0.5431,-2.3070,346,0.1388,1.0000,0.376665,-1.4475,-2.8158,low_inlier
4401,150.2743,-14.1346,-1.3585,0.1246,-4.4673,472,0.4700,1.0000,0.376665,0.1709,-5.4919,low_inlier
4402,150.3074,-13.6325,-7.1328,0.5021,-5.7743,536,0.6737,1.0000,0.376665,1.0831,-7.1101,
4403,150.3408,-13.5774,-11.8816,0.0551,-4.7488,545,0.6737,1.0000,0.376665,-0.0139,-5.8354,
4404,150.3741,-13.6363,-17.1128,-0.0588,-5.2312,453,0.3438,1.0000,0.376665,-0.3176,-6.4241,low_inlier
4405,150.4073,-13.2282,-23.7857,0.4081,-6.6729,349,0.2087,1.0000,0.376665,0.8164,-8.2108,low_inlier
4406,150.4407,-11.4324,-29.8484,1.7958,-6.0627,457,0.4593,1.0000,0.376665,4.3447,-7.5077,low_inlier
4407,150.4740,-9.6012,-33.3095,1.8312,-3.4611,491,0.4712,1.0000,0.376665,4.5182,-4.3130,low_inlier
4408,150.5072,-8.3800,-34.6976,1.2211,-1.3881,544,0.6750,1.0000,0.376665,3.0426,-1.7460,
4409,150.5406,-7.6078,-35.7609,0.7722,-1.0633,556,0.7013,1.0000,0.376665,1.9182,-1.3321,
4410,150.5740,-6.1293,-36.7620,1.4785,-1.0010,533,0.3825,1.0000,0.376665,3.7057,-1.2792,low_inlier
4411,150.6073,-4.5038,-38.1512,1.6255,-1.3892,548,0.5700,1.0000,0.376665,4.0650,-1.7610,
4412,150.6580,-2.6576,-38.3474,1.8462,-0.1962,515,0.6488,1.0000,0.376665,4.6613,-0.3028,
4413,150.6851,-0.8770,-37.3704,1.7806,0.9770,486,0.6045,1.0000,0.376665,4.5334,1.1405,
4414,150.7121,0.9933,-35.1767,1.8703,2.1937,524,0.6663,1.0000,0.376665,4.7996,2.6321,
4415,150.7408,2.4845,-35.2576,1.4911,-0.0809,518,0.6438,1.0000,0.376665,3.7674,-0.1493,
4416,150.7739,3.8605,-39.9421,1.3760,-4.6845,472,0.4612,1.0000,0.376665,3.3278,-5.8006,low_inlier
4417,150.8071,6.0084,-45.0922,2.1480,-5.1501,293,0.0762,1.0000,0.376665,5.2646,-6.3984,low_inlier
4418,150.8404,8.9422,-50.5623,2.9338,-5.4701,435,0.1888,1.0000,0.376665,7.2410,-6.8179,low_inlier
4419,150.8743,10.1183,-53.2864,1.1760,-2.7241,636,0.6341,1.0000,0.376665,2.8855,-3.3857,
4420,150.9077,10.9243,-53.7253,0.8061,-0.4389,532,0.6625,1.0000,0.376665,2.0238,-0.5661,
4421,150.9409,12.3654,-54.4838,1.4411,-0.7585,510,0.6349,1.0000,0.376665,3.6191,-0.9800,
4422,150.9745,13.9749,-55.1233,1.6095,-0.6395,501,0.5799,1.0000,0.376665,4.0487,-0.8394,
4423,151.0070,16.2129,-55.0435,2.2380,0.0798,547,0.6893,1.0000,0.376665,5.6609,0.0231,
4424,151.0410,18.7145,-56.3770,2.5016,-1.3334,504,0.3053,1.0000,0.376665,6.2817,-1.7218,low_inlier
4425,151.0740,21.0136,-59.6948,2.2991,-3.3178,500,0.3137,1.0000,0.376665,5.7057,-4.1526,low_inlier
4426,151.1072,23.2284,-63.5793,2.2148,-3.8845,535,0.5201,1.0000,0.376665,5.4744,-4.8460,
4427,151.1405,24.8807,-65.4570,1.6524,-1.8777,554,0.6093,1.0000,0.376665,4.1172,-2.3619,
4428,151.1737,27.3365,-67.0576,2.4557,-1.6006,485,0.5899,1.0000,0.376665,6.1572,-2.0485,
4429,151.2071,29.7768,-68.7755,2.4403,-1.7179,599,0.5785,1.0000,0.376665,6.1144,-2.1920,
4430,151.2408,30.5430,-70.1793,0.7662,-1.4038,613,0.7503,1.0000,0.376665,1.8919,-1.7501,
4431,151.2737,31.5952,-72.4920,1.0523,-2.3127,511,0.5997,1.0000,0.376665,2.5858,-2.8762,
4432,151.3074,32.9539,-75.6977,1.3587,-3.2057,557,0.6805,1.0000,0.376665,3.3317,-3.9835,
4433,151.3430,34.3660,-79.7550,1.4122,-4.0573,621,0.6429,1.0000,0.376665,3.4395,-5.0313,
4434,151.3740,35.4915,-84.7375,1.1254,-4.9826,607,0.6901,1.0000,0.376665,2.6846,-6.1584,
4435,151.4075,36.8053,-88.3037,1.3138,-3.5662,575,0.6043,1.0000,0.376665,3.2067,-4.4248,
4436,151.4404,37.6749,-89.1867,0.8696,-0.8830,571,0.5519,1.0000,0.376665,2.1702,-1.1138,
4437,151.4741,37.2775,-89.1363,-0.3974,0.0504,607,0.7481,1.0000,0.376665,-1.0031,0.0752,
4438,151.5076,36.9275,-88.0029,-0.3500,1.1334,593,0.7206,1.0000,0.376665,-0.8483,1.4040,
4439,151.5404,37.1841,-85.9032,0.2566,2.0998,565,0.6930,1.0000,0.376665,0.7165,2.5708,
4440,151.5736,37.4719,-84.5874,0.2878,1.3158,597,0.6679,1.0000,0.376665,0.7700,1.6067,
4441,151.6069,37.2614,-85.2793,-0.2105,-0.6920,703,0.8648,1.0000,0.376665,-0.5544,-0.8430,
4442,151.6578,36.7906,-88.1283,-0.4708,-2.8489,512,0.6349,1.0000,0.376665,-1.2822,-3.4839,
4443,151.6848,37.1273,-91.9058,0.3367,-3.7776,526,0.6421,1.0000,0.376665,0.7293,-4.6517,
4444,151.7120,37.0854,-94.5347,-0.0419,-2.6289,587,0.7177,1.0000,0.376665,-0.1908,-3.2280,
4445,151.7407,36.4420,-96.3283,-0.6434,-1.7935,504,0.6358,1.0000,0.376665,-1.6846,-2.1817,
4446,151.7739,35.4931,-98.6349,-0.9489,-2.3067,507,0.4877,1.0000,0.376665,-2.4736,-2.8018,low_inlier
4447,151.8070,34.3997,-101.6322,-1.0934,-2.9973,644,0.8152,1.0000,0.376665,-2.8612,-3.6453,
4448,151.8488,33.7729,-106.1060,-0.6267,-4.4738,515,0.6449,1.0000,0.376665,-1.7289,-5.4747,
4449,151.8776,32.8777,-110.2556,-0.8952,-4.1496,485,0.5953,1.0000,0.376665,-2.3973,-5.0675,
4450,151.9067,31.6264,-112.1899,-1.2513,-1.9343,513,0.6150,1.0000,0.376665,-3.2261,-2.3342,
4451,151.9401,29.4736,-112.7915,-2.1528,-0.6016,505,0.5396,1.0000,0.376665,-5.4623,-0.6670,
4452,151.9742,28.3208,-113.4447,-1.1528,-0.6532,609,0.7720,1.0000,0.376665,-2.9356,-0.7638,
4453,152.0069,-0.0226,-1.4033,-0.0226,-1.4033,620,0.7952,1.0000,0.376665,-0.1023,-1.7231,
4454,152.0405,-0.0339,-2.7782,-0.0113,-1.3749,523,0.6464,1.0000,0.376665,-0.0730,-1.6886,
4455,152.0733,0.1749,-3.8754,0.2087,-1.0971,509,0.5178,1.0000,0.376665,0.4924,-1.3547,
4456,152.1073,0.7599,-7.6390,0.5851,-3.7637,460,0.5837,1.0000,0.376665,1.3578,-4.6430,
4457,152.1404,1.0611,-14.2730,0.3011,-6.6340,616,0.7207,1.0000,0.376665,0.5473,-8.1594,
4458,152.1734,1.8243,-20.8475,0.7632,-6.5745,485,0.6123,1.0000,0.376665,1.7176,-8.1017,
4459,152.2068,2.7528,-27.7366,0.9285,-6.8891,623,0.5567,1.0000,0.376665,2.1252,-8.4938,
4460,152.2404,2.5714,-33.8094,-0.1815,-6.0728,539,0.6456,1.0000,0.376665,-0.6548,-7.4539,
4461,152.2735,2.4369,-38.6525,-0.1344,-4.8431,630,0.7855,1.0000,0.376665,-0.4961,-5.9448,
4462,152.3072,2.9109,-42.6106,0.4740,-3.9582,519,0.6193,1.0000,0.376665,1.0706,-4.8781,
4463,152.3403,3.4933,-45.7160,0.5824,-3.1054,678,0.6198,1.0000,0.376665,1.3723,-3.8342,
4464,152.3739,3.9479,-49.0893,0.4546,-3.3733,519,0.6777,1.0000,0.376665,1.0404,-4.1590,
4465,152.4069,4.9115,-52.6299,0.9636,-3.5406,506,0.6294,1.0000,0.376665,2.3220,-4.3816,
4466,152.4401,6.1225,-55.7617,1.2111,-3.1318,607,0.6537,1.0000,0.376665,2.9609,-3.8878,
4467,152.4734,6.8514,-56.7906,0.7289,-1.0289,611,0.6995,1.0000,0.376665,1.8097,-1.2883,
4468,152.5068,6.8399,-56.6332,-0.0116,0.1574,697,0.9087,1.0000,0.376665,-0.0242,0.1938,
4469,152.5403,6.9534,-56.9328,0.1136,-0.2997,557,0.7168,1.0000,0.376665,0.2775,-0.3719,
4470,152.5734,7.1461,-58.4089,0.1926,-1.4761,681,0.8690,1.0000,0.376665,0.4393,-1.8197,
4471,152.6070,7.8642,-59.9049,0.7181,-1.4960,677,0.8659,1.0000,0.376665,1.7674,-1.8617,
4472,152.6760,8.2695,-62.0319,0.4053,-2.1270,726,0.8512,1.0000,0.376665,0.9562,-2.6264,
4473,152.7021,8.1122,-64.8613,-0.1573,-2.8295,691,0.9049,1.0000,0.376665,-0.4890,-3.4705,
4474,152.7294,8.3673,-67.6498,0.2551,-2.7884,501,0.6299,1.0000,0.376665,0.5550,-3.4339,
4475,152.7558,8.8707,-71.0559,0.5033,-3.4061,732,0.9265,1.0000,0.376665,1.1627,-4.2010,
4476,152.7822,8.6818,-76.1385,-0.1888,-5.0827,688,0.7825,1.0000,0.376665,-0.6414,-6.2374,
4477,152.8126,7.8692,-79.6990,-0.8126,-3.5605,508,0.6098,1.0000,0.376665,-2.1694,-4.3465,
4478,152.8406,8.2198,-80.8401,0.3506,-1.1410,517,0.4215,1.0000,0.376665,0.8495,-1.4134,low_inlier
4479,152.8736,8.6747,-82.3655,0.4549,-1.5254,505,0.6228,1.0000,0.376665,1.1008,-1.8891,
4480,152.9068,9.1280,-86.0301,0.4533,-3.6646,508,0.6439,1.0000,0.376665,1.0279,-4.5169,
4481,152.9406,10.0618,-90.8101,0.9338,-4.7800,467,0.5659,1.0000,0.376665,2.2067,-5.9032,
4482,152.9737,11.5846,-97.2431,1.5228,-6.4330,489,0.4498,1.0000,0.376665,3.6425,-7.9534,low_inlier
4483,153.0071,11.9485,-104.5498,0.3639,-7.3067,651,0.6615,1.0000,0.376665,0.6843,-8.9879,
4484,153.0402,12.2679,-112.0367,0.3194,-7.4869,539,0.6264,1.0000,0.376665,0.5660,-9.2077,
4485,153.0738,13.1259,-118.3807,0.8581,-6.3440,457,0.4587,1.0000,0.376665,1.9647,-7.8218,low_inlier
4486,153.1063,14.5058,-124.8168,1.3799,-6.4361,459,0.4172,1.0000,0.376665,3.2811,-7.9525,low_inlier
4487,153.1403,15.1334,-132.5882,0.6276,-7.7715,597,0.6390,1.0000,0.376665,1.3361,-9.5676,
4488,153.1731,0.1663,-9.4001,0.1663,-9.4001,599,0.5913,1.0000,0.376665,0.1171,-11.5528,
4489,153.2071,0.4207,-19.1236,0.2544,-9.7236,560,0.5909,1.0000,0.376665,0.3294,-11.9531,
4490,153.2511,1.9047,-28.8429,1.4840,-9.7193,405,0.4534,1.0000,0.376665,3.4384,-11.9890,low_inlier
4491,153.2790,2.3444,-37.2104,0.4398,-8.3675,383,0.4257,1.0000,0.376665,0.8419,-10.2935,low_inlier
4492,153.3064,2.2084,-43.1927,-0.1361,-5.9823,623,0.7018,1.0000,0.376665,-0.5370,-7.3443,
4493,153.3399,2.6927,-46.8957,0.4843,-3.7030,704,0.5919,1.0000,0.376665,1.1050,-4.5651,
4494,153.3732,3.4354,-48.7234,0.7427,-1.8277,762,0.6617,1.0000,0.376665,1.8187,-2.2700,
4495,153.4064,3.4934,-49.9666,0.0581,-1.2432,510,0.6253,1.0000,0.376665,0.1067,-1.5291,
4496,153.4438,3.6240,-52.1786,0.1306,-2.2120,486,0.5479,1.0000,0.376665,0.2588,-2.7217,
4497,153.4739,4.5166,-55.7655,0.8926,-3.5869,498,0.5339,1.0000,0.376665,2.1411,-4.4361,
4498,153.5067,5.6991,-61.2061,1.1825,-5.4406,510,0.5385,1.0000,0.376665,2.8141,-6.7229,
4499,153.5401,6.7020,-68.4883,1.0029,-7.2822,712,0.5433,1.0000,0.376665,2.3007,-8.9792,
4500,153.5732,7.3530,-75.3603,0.6510,-6.8719,474,0.5196,1.0000,0.376665,1.4241,-8.4634,
4501,153.6070,8.5108,-80.6028,1.1578,-5.2425,466,0.2962,1.0000,0.376665,2.7580,-6.4788,low_inlier
4502,153.6596,8.4836,-84.7469,-0.0271,-4.1441,758,0.3599,1.0000,0.376665,-0.2023,-5.0898,low_inlier
4503,153.6874,8.3110,-87.4419,-0.1726,-2.6950,432,0.5327,1.0000,0.376665,-0.5233,-3.3048,
4504,153.7141,8.1657,-90.9278,-0.1454,-3.4859,500,0.5353,1.0000,0.376665,-0.4800,-4.2773,
4505,153.7404,7.5937,-94.8357,-0.5720,-3.9079,764,0.1551,1.0000,0.376665,-1.5723,-4.7814,low_inlier
4506,153.7731,8.0301,-97.8892,0.4364,-3.0535,761,0.3069,1.0000,0.376665,1.0048,-3.7656,low_inlier
4507,153.8061,8.3961,-102.5013,0.3660,-4.6121,748,0.2607,1.0000,0.376665,0.7766,-5.6779,low_inlier
4508,153.8401,8.7308,-107.9952,0.3347,-5.4939,554,0.3185,1.0000,0.376665,0.6691,-6.7600,low_inlier
4509,153.8729,9.5610,-113.4668,0.8302,-5.4716,357,0.2918,1.0000,0.376665,1.9224,-6.7492,low_inlier
4510,153.9062,9.4867,-117.5734,-0.0743,-4.1067,726,0.1975,1.0000,0.376665,-0.3203,-5.0422,low_inlier
4511,153.9393,8.8687,-120.4968,-0.6181,-2.9234,747,0.2250,1.0000,0.376665,-1.6570,-3.5705,low_inlier
4512,153.9822,8.6665,-123.4220,-0.2022,-2.9251,748,0.2895,1.0000,0.376665,-0.6055,-3.5865,low_inlier
4513,154.0113,9.2920,-126.3027,0.6256,-2.8808,501,0.3295,1.0000,0.376665,1.4886,-3.5597,low_inlier
4514,154.0400,0.1348,-6.2125,0.1348,-6.2125,629,0.1610,1.0000,0.376665,0.1403,-7.6361,low_inlier
4515,154.0728,0.4552,-11.6636,0.3205,-5.4510,724,0.1922,1.0000,0.376665,0.6343,-6.7069,low_inlier
4516,154.1061,0.1586,-16.8245,-0.2966,-5.1610,705,0.1753,1.0000,0.376665,-0.9165,-6.3299,low_inlier
4517,154.1395,0.1997,-22.6926,0.0410,-5.8681,702,0.1159,1.0000,0.376665,-0.0856,-7.2099,low_inlier
4518,154.1730,0.5968,-25.8540,0.3971,-3.1613,698,0.1633,1.0000,0.376665,0.9020,-3.8967,low_inlier
4519,154.2062,0.4725,-27.1062,-0.1243,-1.2522,733,0.5019,1.0000,0.376665,-0.3547,-1.5341,
4520,154.2400,0.7603,-28.5126,0.2879,-1.4065,740,0.5075,1.0000,0.376665,0.6825,-1.7374,
4521,154.2729,1.2748,-28.5981,0.5145,-0.0855,689,0.8582,1.0000,0.376665,1.2980,-0.1223,
4522,154.3062,1.2173,-27.6452,-0.0575,0.9529,632,0.4008,1.0000,0.376665,-0.1147,1.1725,low_inlier
4523,154.3391,0.1370,-25.4235,-1.0803,2.2217,276,0.2411,1.0000,0.376665,-2.6596,2.7654,low_inlier
4524,154.3730,0.5552,-15.0188,0.4182,10.4046,480,0.0357,1.0000,0.376665,1.3931,12.7673,low_inlier
4525,154.4061,-0.5561,-7.3144,-1.1114,7.7044,283,0.2129,1.0000,0.376665,-2.5613,9.5015,low_inlier
4526,154.4395,-0.1374,1.7118,0.4187,9.0262,585,0.0705,1.0000,0.376665,1.3499,11.0740,low_inlier
4527,154.4729,-1.2162,9.6888,-1.0787,7.9769,291,0.2365,1.0000,0.376665,-2.4700,9.8352,low_inlier
4528,154.5063,-1.9218,28.9778,-0.7057,19.2890,504,0.0545,1.0000,0.376665,-1.1617,23.7187,low_inlier
4529,154.5399,-2.5406,53.3577,-0.6187,24.3799,500,0.0238,1.0000,0.376665,-0.7777,29.9695,low_inlier
4530,154.5748,-2.9585,79.9655,-0.4179,26.6078,397,0.0713,1.0000,0.376665,-0.1981,32.6996,low_inlier
4531,154.6067,-4.4914,106.7867,-1.5329,26.8212,660,0.0014,1.0000,0.376665,-3.0103,32.9990,low_inlier
4532,154.6575,-3.1798,32.9005,-3.1798,32.9005,642,0.0207,1.0000,0.376665,-6.9780,40.5222,low_inlier
4533,154.6848,-8.9761,50.5622,-5.7963,17.6616,676,0.0179,1.0000,0.376665,-14.0850,21.8900,low_inlier
4534,154.7124,-13.5117,60.0712,-4.5355,9.5091,289,0.0337,1.0000,0.376665,-11.1604,11.8330,low_inlier
4535,154.7401,-17.3102,70.5833,-3.7985,10.5121,215,0.0270,1.0000,0.376665,-9.2646,13.0404,low_inlier
4536,154.7730,-22.1498,85.0688,-4.8396,14.4855,492,0.0097,1.0000,0.376665,-11.7685,17.9563,low_inlier
4537,154.8060,-24.8726,102.2568,-2.7228,17.1880,579,0.0014,1.0000,0.376665,-6.3296,21.2053,low_inlier
4538,154.8404,-25.5983,138.2695,-0.7256,36.0128,461,0.0000,1.0000,0.376665,-0.6726,44.2631,low_inlier
4539,154.8723,-2.6978,37.6009,-2.6978,37.6009,531,0.0191,1.0000,0.376665,-5.6077,46.2800,low_inlier
4540,154.9062,-3.2832,79.4396,-0.5854,41.8387,576,0.0014,1.0000,0.376665,-0.1300,51.4151,low_inlier
4541,154.9401,-1.6342,86.7455,1.6490,7.3059,694,0.0013,1.0000,0.376665,4.4050,8.9195,low_inlier
4542,154.9729,-1.2752,89.6849,0.3590,2.9394,450,0.0085,1.0000,0.376665,1.0025,3.5988,low_inlier
4543,155.0063,-0.9905,90.6997,0.2847,1.0148,473,0.0260,1.0000,0.376665,0.7526,1.2371,low_inlier
4544,155.0396,-1.0946,92.5419,-0.1041,1.8421,427,0.0028,1.0000,0.376665,-0.2039,2.2664,low_inlier
4545,155.0730,-1.1399,-0.1466,-1.1399,-0.1466,416,0.0126,1.0000,0.376665,-2.8868,-0.1420,low_inlier
4546,155.1056,-1.5032,0.1657,-0.3632,0.3124,517,0.0432,1.0000,0.376665,-0.9083,0.3959,low_inlier
4547,155.1391,-1.8295,-0.0074,-0.3264,-0.1731,503,0.0779,1.0000,0.376665,-0.8307,-0.2017,low_inlier
4548,155.1723,-1.6798,-0.1888,0.1497,-0.1815,428,0.0317,1.0000,0.376665,0.3727,-0.2279,low_inlier
4549,155.2061,-1.6255,-0.0321,0.0543,0.1567,511,0.0801,1.0000,0.376665,0.1424,0.1906,low_inlier
4550,155.2396,-0.1378,-0.2574,-0.1378,-0.2574,560,0.0404,1.0000,0.376665,-0.3567,-0.3115,low_inlier
4551,155.2726,0.6454,0.4558,0.7832,0.7131,534,0.0040,1.0000,0.376665,2.0032,0.8498,low_inlier
4552,155.3063,0.5949,5.5209,-0.0505,5.0651,388,0.0027,1.0000,0.376665,0.0358,6.2238,low_inlier
4553,155.3392,0.7222,6.9201,0.1273,1.3992,475,0.0119,1.0000,0.376665,0.3669,1.7146,low_inlier
4554,155.3724,2.0603,7.9800,1.3381,1.0598,496,0.0026,1.0000,0.376665,3.4173,1.2571,low_inlier
4555,155.4066,1.9472,13.6546,1.9472,13.6546,158,0.0000,1.0000,0.376665,5.3637,16.7085,low_inlier
4556,155.4390,1.8522,17.7559,-0.0950,4.1013,623,0.0025,1.0000,0.376665,-0.1079,5.0413,low_inlier
4557,155.4728,1.8803,19.9059,0.0281,2.1500,629,0.0013,1.0000,0.376665,0.1405,2.6402,low_inlier
4558,155.5060,2.1067,21.0260,0.2264,1.1201,641,0.0193,1.0000,0.376665,0.6086,1.3683,low_inlier
4559,155.5391,0.6188,21.9082,-1.4879,0.8823,614,0.0051,1.0000,0.376665,-3.7335,1.1336,low_inlier
4560,155.5726,-0.8618,22.4627,-1.4805,0.5545,541,0.0039,1.0000,0.376665,-3.7253,0.7307,low_inlier
4561,155.6055,-0.6755,22.7780,0.1862,0.3153,599,0.1294,1.0000,0.376665,0.4811,0.3811,low_inlier
4562,155.6555,-0.7392,27.2925,-0.0636,4.5145,504,0.2125,1.0000,0.376665,-0.0152,5.5479,low_inlier
4563,155.6817,-1.2977,25.5750,-0.5585,-1.7175,670,0.1702,1.0000,0.376665,-1.4676,-2.0911,low_inlier
4564,155.7078,-1.0750,15.5809,0.2226,-9.9941,308,0.1024,1.0000,0.376665,0.2404,-12.2844,low_inlier
4565,155.7398,-0.9911,9.2219,0.0840,-6.3590,542,0.0199,1.0000,0.376665,0.0071,-7.8144,low_inlier
4566,155.7721,-0.8677,6.9599,0.1233,-2.2620,380,0.0249,1.0000,0.376665,0.2388,-2.7829,low_inlier
4567,155.8061,-0.4911,4.2339,0.3767,-2.7259,359,0.0512,1.0000,0.376665,0.8643,-3.3612,low_inlier
4568,155.8393,-0.7964,4.2655,-0.3053,0.0316,559,0.3588,1.0000,0.376665,-0.7710,0.0490,low_inlier
4569,155.8730,-0.4953,4.8083,0.3011,0.5428,410,0.1187,1.0000,0.376665,0.7789,0.6566,low_inlier
4570,155.9060,-0.9193,7.0348,-0.4240,2.2265,193,0.0552,1.0000,0.376665,-1.0001,2.7493,low_inlier
4571,155.9393,-1.0673,7.7316,-0.1480,0.6968,490,0.0965,1.0000,0.376665,-0.3518,0.8609,low_inlier
4572,155.9725,-0.5968,5.5405,0.4705,-2.1911,570,0.1859,1.0000,0.376665,1.1190,-2.7074,low_inlier
4573,156.0059,-0.6087,6.5498,-0.0119,1.0093,498,0.0238,1.0000,0.376665,0.0026,1.2402,low_inlier
4574,156.0393,-0.4019,6.5794,0.2068,0.0296,475,0.0717,1.0000,0.376665,0.5238,0.0295,low_inlier
4575,156.0733,0.0931,4.5144,0.4950,-2.0650,641,0.1332,1.0000,0.376665,1.1849,-2.5533,low_inlier
4576,156.1062,0.4392,4.5304,0.3460,0.0160,553,0.3088,1.0000,0.376665,0.8754,0.0081,low_inlier
4577,156.1391,0.4426,6.5402,0.0034,2.0098,571,0.0890,1.0000,0.376665,0.0735,2.4688,low_inlier
4578,156.1732,0.3313,5.8697,-0.1113,-0.6705,606,0.2516,1.0000,0.376665,-0.3030,-0.8199,low_inlier
4579,156.2061,0.0790,3.7723,-0.2523,-2.0974,625,0.1843,1.0000,0.376665,-0.7056,-2.5680,low_inlier
4580,156.2389,-0.1065,3.9840,-0.1854,0.2117,445,0.0711,1.0000,0.376665,-0.4620,0.2663,low_inlier
4581,156.2721,-0.1713,3.0016,-0.0649,-0.9824,615,0.3066,1.0000,0.376665,-0.1957,-1.2047,low_inlier
4582,156.3054,0.1421,1.2293,0.3135,-1.7723,594,0.3321,1.0000,0.376665,0.7353,-2.1877,low_inlier
4583,156.3393,0.5160,0.5103,0.3738,-0.7190,480,0.4637,1.0000,0.376665,0.9220,-0.8958,low_inlier
4584,156.3723,0.7127,-0.0614,0.1968,-0.5716,568,0.5550,1.0000,0.376665,0.4790,-0.7088,
4585,156.4054,0.6998,-1.9007,-0.0129,-1.8394,576,0.2841,1.0000,0.376665,-0.0921,-2.2591,low_inlier
4586,156.4389,0.7063,-3.6355,0.0065,-1.7348,546,0.3488,1.0000,0.376665,-0.0396,-2.1313,low_inlier
4587,156.4719,0.7519,-3.8806,0.0456,-0.2450,543,0.5325,1.0000,0.376665,0.1074,-0.3025,
4588,156.5051,0.9432,-5.3804,0.1913,-1.4998,533,0.4143,1.0000,0.376665,0.4353,-1.8488,low_inlier
4589,156.5509,0.9353,-4.7838,-0.0079,0.5966,562,0.4275,1.0000,0.376665,-0.0008,0.7332,low_inlier
4590,156.5776,1.0557,-5.0434,0.1204,-0.2596,650,0.4213,1.0000,0.376665,0.2961,-0.3230,low_inlier
4591,156.6051,1.0541,-7.0197,-0.0016,-1.9763,569,0.1439,1.0000,0.376665,-0.0679,-2.4277,low_inlier
4592,156.6532,0.0391,1.1638,0.0391,1.1638,277,0.6443,1.0000,0.376665,0.1363,1.4283,
4593,156.6783,0.0350,1.7038,-0.0041,0.5400,322,0.6907,1.0000,0.376665,0.0071,0.6635,
4594,156.7052,0.0342,0.2994,-0.0008,-1.4044,301,0.3634,1.0000,0.376665,-0.0474,-1.7251,low_inlier
4595,156.7391,0.0923,-1.8073,0.0582,-2.1068,334,0.3582,1.0000,0.376665,0.0791,-2.5899,low_inlier
4596,156.7720,0.1550,-0.2325,0.0627,1.5749,275,0.2990,1.0000,0.376665,0.2093,1.9325,low_inlier
4597,156.8053,0.1167,-0.9266,-0.0383,-0.6942,341,0.4974,1.0000,0.376665,-0.1192,-0.8514,low_inlier
4598,156.8393,-0.1511,-4.1833,-0.2679,-3.2567,252,0.4637,1.0000,0.376665,-0.7824,-3.9917,low_inlier
4599,156.8717,-0.1565,-6.2304,-0.0053,-2.0471,242,0.5335,1.0000,0.376665,-0.0796,-2.5145,
4600,156.9054,-0.0921,-12.0175,0.0643,-5.7871,194,0.1447,1.0000,0.376665,-0.0240,-7.1111,low_inlier
4601,156.9384,0.0229,-22.8837,0.1150,-10.8662,134,0.3085,1.0000,0.376665,-0.0598,-13.3522,low_inlier
4602,156.9720,0.1607,-34.1847,0.1378,-11.3009,117,0.1063,1.0000,0.376665,-0.0162,-13.8869,low_inlier
4603,157.0052,-0.3794,-40.0491,-0.5401,-5.8645,260,0.0204,1.0000,0.376665,-1.5548,-7.1859,low_inlier
4604,157.0384,-0.5402,-40.4985,-0.1607,-0.4494,111,0.0315,1.0000,0.376665,-0.4208,-0.5467,low_inlier
4605,157.0720,-1.4904,-48.2528,-0.9503,-7.7543,132,0.0000,1.0000,0.376665,-2.6528,-9.4937,low_inlier
4606,157.1054,-1.9760,-63.5311,-0.4855,-15.2783,138,0.0083,1.0000,0.376665,-1.7206,-18.7520,low_inlier
4607,157.1389,-3.0534,-83.6757,-1.0774,-20.1445,124,0.0000,1.0000,0.376665,-3.3740,-24.7099,low_inlier
4608,157.1720,-3.1781,-86.7399,-0.1247,-3.0642,173,0.0037,1.0000,0.376665,-0.4141,-3.7600,low_inlier
4609,157.2058,-3.9848,-88.6428,-0.8068,-1.9029,233,0.0000,1.0000,0.376665,-2.1011,-2.3106,low_inlier
4610,157.2384,-4.7527,-89.0857,-0.7679,-0.4429,138,0.0183,1.0000,0.376665,-1.9557,-0.5183,low_inlier
4611,157.2723,-4.1923,-92.7979,0.5604,-3.7122,194,0.0147,1.0000,0.376665,1.2971,-4.5789,low_inlier
4612,157.3054,-3.3535,-104.8776,0.8388,-12.0797,279,0.0000,1.0000,0.376665,1.7310,-14.8671,low_inlier
4613,157.3384,-3.1591,-108.3110,0.1943,-3.4333,104,0.0057,1.0000,0.376665,0.3806,-4.2241,low_inlier
4614,157.3718,-2.2073,-130.7042,0.9518,-22.3932,118,0.0032,1.0000,0.376665,1.6839,-27.5402,low_inlier
4615,157.4092,-0.4104,-152.6974,1.7969,-21.9932,164,0.0030,1.0000,0.376665,3.8335,-27.0771,low_inlier
4616,157.4382,0.1096,-164.4390,0.5200,-11.7416,302,0.0110,1.0000,0.376665,0.9358,-14.4410,low_inlier
4617,157.4717,0.6978,-173.5041,0.5883,-9.0651,216,0.1204,1.0000,0.376665,1.1949,-11.1555,low_inlier
4618,157.5052,1.5055,-173.1867,0.8076,0.3174,299,0.2181,1.0000,0.376665,2.0522,0.3629,low_inlier
4619,157.5384,3.3968,-166.8544,1.8913,6.3324,166,0.1141,1.0000,0.376665,4.9862,7.7155,low_inlier
4620,157.5717,4.7549,-159.8416,1.3581,7.0127,189,0.0842,1.0000,0.376665,3.6601,8.5691,low_inlier
4621,157.6053,6.2220,-153.1008,1.4670,6.7409,236,0.1925,1.0000,0.376665,3.9266,8.2315,low_inlier
4622,157.6585,8.6251,-145.8443,2.4032,7.2564,460,0.5600,1.0000,0.376665,6.3101,8.8335,
4623,157.6856,11.3943,-139.5571,2.7691,6.2873,459,0.5737,1.0000,0.376665,7.2040,7.6307,
4624,157.7126,14.5433,-136.6164,3.1491,2.9407,511,0.6388,1.0000,0.376665,8.0568,3.5070,
4625,157.7396,16.6501,-136.6596,2.1067,-0.0432,581,0.7046,1.0000,0.376665,5.3251,-0.1236,
4626,157.7721,18.3293,-137.2398,1.6793,-0.5802,488,0.4962,1.0000,0.376665,4.2270,-0.7690,low_inlier
4627,157.8051,19.4844,-138.8063,1.1550,-1.5665,411,0.1652,1.0000,0.376665,2.8697,-1.9630,low_inlier
4628,157.8391,20.7989,-141.5693,1.3146,-2.7630,505,0.5747,1.0000,0.376665,3.2344,-3.4381,
4629,157.8726,21.0062,-142.5910,0.2073,-1.0217,542,0.4931,1.0000,0.376665,0.4912,-1.2620,low_inlier
4630,157.9052,20.0861,-141.3794,-0.9202,1.2116,522,0.6393,1.0000,0.376665,-2.2874,1.5192,
4631,157.9385,20.2211,-141.5385,0.1350,-0.1592,487,0.4068,1.0000,0.376665,0.3363,-0.2001,low_inlier
4632,157.9723,20.9896,-141.1341,0.7685,0.4044,515,0.6195,1.0000,0.376665,1.9561,0.4711,
4633,158.0065,22.8126,-140.4204,1.8230,0.7137,589,0.5845,1.0000,0.376665,4.6321,0.8157,
4634,158.0383,26.3056,-141.5899,3.4930,-1.1694,518,0.5832,1.0000,0.376665,8.7937,-1.5535,
4635,158.0719,30.2891,-145.6482,3.9835,-4.0584,391,0.3191,1.0000,0.376665,9.9406,-5.1187,low_inlier
4636,158.1049,32.7347,-153.7684,2.4456,-8.1202,437,0.1310,1.0000,0.376665,5.9211,-10.0569,low_inlier
4637,158.1381,34.1025,-149.6813,1.3678,4.0872,413,0.1313,1.0000,0.376665,3.5902,4.9750,low_inlier
4638,158.1712,34.3840,-137.3622,0.2814,12.3191,555,0.0625,1.0000,0.376665,1.1090,15.1236,low_inlier
4639,158.2046,27.9830,-135.5018,-6.4009,1.8604,590,0.0146,1.0000,0.376665,-16.1235,2.4996,low_inlier
4640,158.2379,16.4368,-159.3516,-11.5462,-23.8498,156,0.0062,1.0000,0.376665,-29.9619,-28.9110,low_inlier
4641,158.2713,7.5686,-190.7105,-8.8682,-31.3589,332,0.0858,1.0000,0.376665,-23.4334,-38.2251,low_inlier
4642,158.3045,-7.1883,-232.6810,-14.7569,-41.9704,307,0.0163,1.0000,0.376665,-38.6642,-51.0633,low_inlier
4643,158.3373,-17.6464,-225.0831,-10.4581,7.5978,625,0.0079,1.0000,0.376665,-26.1962,9.6835,low_inlier
4644,158.3713,-19.5920,-222.2098,-1.9456,2.8733,283,0.0508,1.0000,0.376665,-4.8264,3.5948,low_inlier
4645,158.4048,-27.0947,-210.6306,-7.5027,11.5792,204,0.0137,1.0000,0.376665,-18.5956,14.4754,low_inlier
4646,158.4378,-34.8418,-177.2170,-7.7471,33.4136,454,0.0201,1.0000,0.376665,-18.5089,41.3054,low_inlier
4647,158.4712,-39.9115,-145.2871,-5.0696,31.9299,599,0.0030,1.0000,0.376665,-11.7873,39.3931,low_inlier
4648,158.5046,-47.6402,-115.4476,-7.7287,29.8395,452,0.0089,1.0000,0.376665,-18.5778,36.9142,low_inlier
4649,158.5381,-53.4575,-111.2254,-5.8174,4.2222,425,0.0000,1.0000,0.376665,-14.5718,5.3815,low_inlier
4650,158.5711,-57.9497,-106.4261,-4.4922,4.7993,472,0.0067,1.0000,0.376665,-11.2028,6.0460,low_inlier
4651,158.6048,-59.0510,-106.0310,-1.1013,0.3951,183,0.0064,1.0000,0.376665,-2.7717,0.5222,low_inlier
4652,158.6573,-63.2056,-92.0105,-4.1546,14.0205,233,0.0518,1.0000,0.376665,-10.0516,17.3621,low_inlier
4653,158.6856,-64.0271,-81.4402,-0.8215,10.5703,261,0.0546,1.0000,0.376665,-1.7359,13.0123,low_inlier
4654,158.7128,-66.4649,-71.4070,-2.4378,10.0332,253,0.0253,1.0000,0.376665,-5.8398,12.4066,low_inlier
4655,158.7402,-58.4569,-58.9090,8.0080,12.4980,559,0.0171,1.0000,0.376665,20.6498,15.0847,low_inlier
4656,158.7710,-60.2026,-37.9529,-1.7456,20.9561,529,0.0025,1.0000,0.376665,-3.7373,25.8013,low_inlier
4657,158.8046,-61.0475,-14.5544,-0.8449,23.3985,489,0.0013,1.0000,0.376665,-1.3813,28.7715,low_inlier
4658,158.8378,-52.7128,14.9400,8.3347,29.4943,302,0.0200,1.0000,0.376665,22.0245,35.9524,low_inlier
4659,158.8718,-44.1675,21.7282,8.5453,6.7883,527,0.0444,1.0000,0.376665,21.8241,8.0527,low_inlier
4660,158.9044,-33.2498,18.4888,10.9177,-3.2395,391,0.0353,1.0000,0.376665,27.4988,-4.3450,low_inlier
4661,158.9378,-20.6983,10.7929,12.5515,-7.6958,595,0.0042,1.0000,0.376665,31.4857,-9.8740,low_inlier
4662,158.9712,-9.6381,3.8861,11.0602,-6.9068,607,0.0144,1.0000,0.376665,27.7407,-8.8548,low_inlier
4663,159.0049,-5.1920,2.2030,4.4461,-1.6831,408,0.0201,1.0000,0.376665,11.1869,-2.2164,low_inlier
4664,159.0382,-2.5611,10.0398,2.6309,7.8368,377,0.2293,1.0000,0.376665,6.9045,9.5388,low_inlier
4665,159.0713,1.1007,19.9955,3.6618,9.9557,336,0.2103,1.0000,0.376665,9.5794,12.1071,low_inlier
4666,159.1052,4.4538,21.7415,3.3531,1.7460,445,0.1860,1.0000,0.376665,8.5341,2.0326,low_inlier
4667,159.1381,7.9206,14.7329,3.4668,-7.0086,253,0.1644,1.0000,0.376665,8.5390,-8.7256,low_inlier
4668,159.1714,9.8369,3.8247,1.9163,-10.9082,363,0.1139,1.0000,0.376665,4.4929,-13.4640,low_inlier
4669,159.2048,11.1597,-3.4566,1.3228,-7.2813,442,0.1232,1.0000,0.376665,3.1096,-8.9888,low_inlier
4670,159.2386,9.9082,-6.5629,-1.2515,-3.1063,638,0.2673,1.0000,0.376665,-3.2645,-3.7740,low_inlier
4671,159.2710,6.3635,-4.2837,-3.5446,2.2792,499,0.1990,1.0000,0.376665,-8.8884,2.9185,low_inlier
4672,159.3042,2.6300,0.4168,-3.7336,4.7005,496,0.3967,1.0000,0.376665,-9.2880,5.8992,low_inlier
4673,159.3377,-3.0867,0.7542,-5.7167,0.3374,487,0.1377,1.0000,0.376665,-14.4427,0.6059,low_inlier
4674,159.3711,-13.7491,-2.0073,-10.6624,-2.7615,345,0.1192,1.0000,0.376665,-27.0469,-3.0352,low_inlier
4675,159.4044,-22.3854,-2.2448,-8.6363,-0.2375,250,0.1729,1.0000,0.376665,-21.8428,-0.0026,low_inlier
4676,159.4374,-26.3871,-4.8996,-4.0017,-2.6549,476,0.4409,1.0000,0.376665,-10.2032,-3.1273,low_inlier
4677,159.4711,-29.6463,-9.3344,-3.2592,-4.4348,621,0.3040,1.0000,0.376665,-8.3834,-5.3386,low_inlier
4678,159.5043,-31.7294,-9.9645,-2.0831,-0.6301,453,0.2807,1.0000,0.376665,-5.2872,-0.7043,low_inlier
4679,159.5376,-31.9983,-10.1806,-0.2689,-0.2161,616,0.6897,1.0000,0.376665,-0.6868,-0.2565,
4680,159.5703,-32.4766,-13.6155,-0.4783,-3.4349,579,0.6738,1.0000,0.376665,-1.3201,-4.2034,
4681,159.6045,-31.7689,-17.3498,0.7077,-3.7343,616,0.6926,1.0000,0.376665,1.6688,-4.6110,
4682,159.6552,-30.1751,-20.8608,1.5938,-3.5110,490,0.6299,1.0000,0.376665,3.9164,-4.3664,
4683,159.6823,-29.6627,-21.3643,0.5124,-0.5036,544,0.6708,1.0000,0.376665,1.2793,-0.6357,
4684,159.7089,-30.9172,-18.7656,-1.2546,2.5988,522,0.5539,1.0000,0.376665,-3.0881,3.2344,
4685,159.7382,-32.4091,-14.4198,-1.4918,4.3458,448,0.5564,1.0000,0.376665,-3.6315,5.3884,
4686,159.7711,-34.3072,-7.8425,-1.8981,6.5773,409,0.3841,1.0000,0.376665,-4.5869,8.1432,low_inlier
4687,159.8045,-39.0748,-0.0320,-4.7676,7.8105,457,0.4848,1.0000,0.376665,-11.8019,9.7542,low_inlier
4688,159.8380,-47.0062,6.4326,-7.9314,6.4646,309,0.2446,1.0000,0.376665,-19.8445,8.2068,low_inlier
4689,159.8718,-55.3445,11.4060,-8.3383,4.9734,329,0.2481,1.0000,0.376665,-20.9213,6.3886,low_inlier
4690,159.9045,-61.2369,12.2292,-5.8924,0.8232,267,0.2429,1.0000,0.376665,-14.8713,1.2085,low_inlier
4691,159.9378,-66.1011,9.8681,-4.8642,-2.3611,249,0.2661,1.0000,0.376665,-12.3743,-2.7375,low_inlier
4692,159.9712,-67.8012,7.2343,-1.7001,-2.6339,358,0.1516,1.0000,0.376665,-4.3834,-3.1786,low_inlier
4693,160.0046,-66.8605,3.1193,0.9407,-4.1150,305,0.3680,1.0000,0.376665,2.2456,-5.0864,low_inlier
4694,160.0376,-66.3255,-0.0599,0.5350,-3.1791,488,0.4180,1.0000,0.376665,1.2501,-3.9232,low_inlier
4695,160.0712,-66.0460,-4.6284,0.2794,-4.5685,409,0.3187,1.0000,0.376665,0.5591,-5.6214,low_inlier
4696,160.1050,-65.3360,-9.6507,0.7101,-5.0224,417,0.4856,1.0000,0.376665,1.6332,-6.1934,low_inlier
4697,160.1377,-65.3508,-14.3254,-0.0148,-4.6747,442,0.5307,1.0000,0.376665,-0.1883,-5.7420,
4698,160.1711,-66.3058,-17.4020,-0.9550,-3.0766,441,0.5088,1.0000,0.376665,-2.5139,-3.7474,
4699,160.2045,-66.5667,-20.5682,-0.2609,-3.1662,373,0.3619,1.0000,0.376665,-0.7617,-3.8807,low_inlier
4700,160.2379,-65.7248,-24.6098,0.8419,-4.0416,423,0.4465,1.0000,0.376665,1.9983,-4.9930,low_inlier
4701,160.2713,-64.9300,-25.4848,0.7947,-0.8749,464,0.5069,1.0000,0.376665,1.9810,-1.1014,
4702,160.3049,-65.5554,-22.9203,-0.6253,2.5645,317,0.4102,1.0000,0.376665,-1.4983,3.1713,low_inlier
4703,160.3516,-65.1561,-17.5236,0.3993,5.3966,384,0.1705,1.0000,0.376665,1.1837,6.6159,low_inlier
4704,160.3798,-65.4206,-10.3420,-0.2645,7.1816,328,0.1414,1.0000,0.376665,-0.4371,8.8309,low_inlier
4705,160.4070,-66.9873,-1.1955,-1.5667,9.1465,323,0.3840,1.0000,0.376665,-3.6660,11.2882,low_inlier
4706,160.4372,-68.8738,4.2549,-1.8865,5.4504,297,0.3333,1.0000,0.376665,-4.5938,6.7585,low_inlier
4707,160.4706,-69.1528,3.8512,-0.2790,-0.4036,554,0.5799,1.0000,0.376665,-0.7185,-0.4865,
4708,160.5039,-68.4468,-0.6122,0.7061,-4.4634,289,0.1154,1.0000,0.376665,1.6412,-5.5066,low_inlier
4709,160.5372,-67.2481,-4.7423,1.1987,-4.1301,336,0.4131,1.0000,0.376665,2.8973,-5.1136,low_inlier
4710,160.5706,-65.9456,-5.7140,1.3025,-0.9717,530,0.5910,1.0000,0.376665,3.2617,-1.2372,
4711,160.6039,-64.6115,-3.5597,1.3342,2.1543,440,0.4963,1.0000,0.376665,3.4427,2.6017,low_inlier
4712,160.6547,-64.3842,-2.3884,0.2272,1.1712,554,0.5426,1.0000,0.376665,0.6123,1.4312,
4713,160.6814,-64.2681,-4.2759,0.1161,-1.8875,489,0.5727,1.0000,0.376665,0.2327,-2.3225,
4714,160.7080,-63.7840,-6.4747,0.4841,-2.1988,432,0.5414,1.0000,0.376665,1.1529,-2.7173,
4715,160.7378,-64.3190,-5.8619,-0.5350,0.6128,420,0.5276,1.0000,0.376665,-1.3328,0.7707,
4716,160.7704,-66.4861,-4.8209,-2.1671,1.0410,409,0.3367,1.0000,0.376665,-5.4456,1.3514,low_inlier
4717,160.8039,-69.6728,-3.2571,-3.1867,1.5638,429,0.5208,1.0000,0.376665,-8.0066,2.0277,
4718,160.8373,-73.0765,-3.8153,-3.4037,-0.5582,431,0.5353,1.0000,0.376665,-8.6237,-0.5717,
4719,160.8715,-73.8146,-4.0014,-0.7380,-0.1861,545,0.3312,1.0000,0.376665,-1.8719,-0.2039,low_inlier
4720,160.9043,-73.4051,-5.4678,0.4095,-1.4664,414,0.5088,1.0000,0.376665,0.9879,-1.8151,
4721,160.9380,-73.8817,-8.0783,-0.4766,-2.6105,562,0.7059,1.0000,0.376665,-1.2891,-3.1908,
4722,160.9710,-73.7087,-8.0090,0.1730,0.0693,546,0.4118,1.0000,0.376665,0.4396,0.0793,low_inlier
4723,161.0043,-73.5101,-4.7948,0.1986,3.2142,375,0.4003,1.0000,0.376665,0.6058,3.9418,low_inlier
4724,161.0376,-74.1181,-1.0616,-0.6080,3.7331,474,0.6238,1.0000,0.376665,-1.4169,4.6062,
4725,161.0710,-74.0786,0.1021,0.0395,1.1637,419,0.5262,1.0000,0.376665,0.1374,1.4282,
4726,161.1039,-73.6208,-1.1448,0.4578,-1.2470,568,0.7087,1.0000,0.376665,1.1173,-1.5471,
4727,161.1373,-73.2679,-3.2629,0.3529,-2.1180,425,0.6025,1.0000,0.376665,0.8239,-2.6136,
4728,161.1710,-73.2227,-3.5003,0.0452,-0.2375,571,0.7159,1.0000,0.376665,0.1067,-0.2932,
4729,161.2042,-73.1711,-2.4326,0.0516,1.0677,550,0.6905,1.0000,0.376665,0.1650,1.3099,
4730,161.2374,-0.5326,1.6440,-0.5326,1.6440,521,0.6525,1.0000,0.376665,-1.2935,2.0374,
4731,161.2704,-1.1640,1.9196,-0.6314,0.2755,443,0.5563,1.0000,0.376665,-1.5875,0.3596,
4732,161.3043,-0.5387,-0.3215,0.6253,-2.2411,511,0.6412,1.0000,0.376665,1.5085,-2.7739,
4733,161.3372,0.3252,-3.2289,0.8639,-2.9074,430,0.5407,1.0000,0.376665,2.0905,-3.6005,
4734,161.3706,0.9579,-4.1715,0.6326,-0.9425,553,0.7196,1.0000,0.376665,1.5691,-1.1790,
4735,161.4039,1.3800,-5.5027,0.4222,-1.3313,421,0.5181,1.0000,0.376665,1.0245,-1.6495,
4736,161.4371,1.6762,-7.5909,0.2961,-2.0882,513,0.6562,1.0000,0.376665,0.6813,-2.5751,
4737,161.4706,2.0823,-8.0435,0.4061,-0.4526,428,0.5338,1.0000,0.376665,1.0121,-0.5695,
4738,161.5038,2.3281,-7.4636,0.2458,0.5799,553,0.4481,1.0000,0.376665,0.6402,0.7041,low_inlier
4739,161.5370,2.0889,-8.2814,-0.2392,-0.8178,421,0.5269,1.0000,0.376665,-0.6311,-0.9966,
4740,161.5706,2.7515,-8.9870,0.6626,-0.7056,443,0.5563,1.0000,0.376665,1.6526,-0.8889,
4741,161.6037,2.5289,-8.9083,-0.2227,0.0787,513,0.6759,1.0000,0.376665,-0.5604,0.1041,
4742,161.6543,2.2000,-9.1122,-0.3289,-0.2039,417,0.5226,1.0000,0.376665,-0.8381,-0.2395,
4743,161.6806,2.7456,-10.6916,0.5456,-1.5794,461,0.6161,1.0000,0.376665,1.3284,-1.9584,
4744,161.7072,3.4671,-12.3625,0.7216,-1.6709,424,0.5320,1.0000,0.376665,1.7704,-2.0767,
4745,161.7373,3.4950,-14.0668,0.0279,-1.7043,477,0.6220,1.0000,0.376665,0.0156,-2.0945,
4746,161.7703,3.1817,-15.3836,-0.3133,-1.3168,413,0.5194,1.0000,0.376665,-0.8347,-1.6071,
4747,161.8041,3.6156,-17.8042,0.4339,-2.4206,479,0.5990,1.0000,0.376665,1.0190,-2.9880,
4748,161.8371,4.3435,-19.7314,0.7279,-1.9272,424,0.5370,1.0000,0.376665,1.7780,-2.3918,
4749,161.8713,4.3690,-21.0535,0.0255,-1.3221,536,0.6073,1.0000,0.376665,0.0219,-1.6250,
4750,161.9041,4.2032,-24.5385,-0.1658,-3.4850,340,0.3041,1.0000,0.376665,-0.5316,-4.2755,low_inlier
4751,161.9373,4.7931,-28.6792,0.5899,-4.1407,469,0.5779,1.0000,0.376665,1.3577,-5.1063,
4752,161.9702,5.6242,-34.4354,0.8311,-5.7561,447,0.5222,1.0000,0.376665,1.9155,-7.0988,
4753,162.0041,6.4828,-40.6694,0.8586,-6.2340,395,0.3711,1.0000,0.376665,1.9696,-7.6867,low_inlier
4754,162.0371,6.8783,-47.7668,0.3955,-7.0974,419,0.4747,1.0000,0.376665,0.7709,-8.7318,low_inlier
4755,162.0702,7.5930,-53.3849,0.7147,-5.6181,419,0.5358,1.0000,0.376665,1.6257,-6.9254,
4756,162.1034,7.9444,-57.9817,0.3515,-4.5968,422,0.3910,1.0000,0.376665,0.7403,-5.6586,low_inlier
4757,162.1371,8.0126,-61.7550,0.0682,-3.7732,405,0.3851,1.0000,0.376665,0.0506,-4.6374,low_inlier
4758,162.1702,8.4282,-65.4250,0.4156,-3.6700,405,0.4868,1.0000,0.376665,0.9323,-4.5223,low_inlier
4759,162.2039,8.4469,-69.2819,0.0188,-3.8569,504,0.6236,1.0000,0.376665,-0.0770,-4.7385,
4760,162.2372,7.9899,-72.3606,-0.4570,-3.0787,474,0.5985,1.0000,0.376665,-1.2548,-3.7666,
4761,162.2703,7.2032,-74.0462,-0.7868,-1.6856,471,0.5748,1.0000,0.376665,-2.0436,-2.0443,
4762,162.3034,7.0160,-76.3185,-0.1872,-2.2724,487,0.5834,1.0000,0.376665,-0.5465,-2.7852,
4763,162.3369,7.1959,-78.3320,0.1799,-2.0135,412,0.4931,1.0000,0.376665,0.3899,-2.4794,low_inlier
4764,162.3701,5.4301,-79.3718,-1.7658,-1.0398,459,0.5184,1.0000,0.376665,-4.4981,-1.2182,
4765,162.4035,2.7894,-80.7796,-2.6407,-1.4078,394,0.2960,1.0000,0.376665,-6.7219,-1.6410,low_inlier
4766,162.4372,0.8715,-84.4651,-1.9179,-3.6854,333,0.3850,1.0000,0.376665,-4.9680,-4.4630,low_inlier
4767,162.4702,-1.2926,-91.2949,-2.1641,-6.8299,373,0.3941,1.0000,0.376665,-5.6919,-8.3175,low_inlier
4768,162.5036,-3.6088,-100.5347,-2.3162,-9.2398,279,0.2896,1.0000,0.376665,-6.1542,-11.2728,low_inlier
4769,162.5371,-4.7376,-110.4698,-1.1288,-9.9350,298,0.3472,1.0000,0.376665,-3.1744,-12.1666,low_inlier
4770,162.5701,-4.9414,-119.2472,-0.2038,-8.7774,406,0.4169,1.0000,0.376665,-0.7985,-10.7755,low_inlier
4771,162.6039,-6.5361,-127.2766,-1.5948,-8.0294,322,0.2617,1.0000,0.376665,-4.2911,-9.8101,low_inlier
4772,162.6551,-8.2177,-135.0602,-1.6815,-7.7837,325,0.1688,1.0000,0.376665,-4.5026,-9.5053,low_inlier
4773,162.6824,-9.8413,-143.1668,-1.6237,-8.1066,367,0.2100,1.0000,0.376665,-4.3667,-9.9039,low_inlier
4774,162.7099,-10.3443,-153.7317,-0.5029,-10.5649,360,0.1967,1.0000,0.376665,-1.6125,-12.9613,low_inlier
4775,162.7428,-11.1778,-165.1046,-0.8335,-11.3729,391,0.4218,1.0000,0.376665,-2.4744,-13.9427,low_inlier
4776,162.7701,-12.4186,-175.3515,-1.2408,-10.2469,386,0.4738,1.0000,0.376665,-3.4678,-12.5460,low_inlier
4777,162.8032,-11.7883,-186.5222,0.6303,-11.1707,363,0.3745,1.0000,0.376665,1.2332,-13.7434,low_inlier
4778,162.8370,-10.8610,-196.7652,0.9273,-10.2431,350,0.4167,1.0000,0.376665,2.0139,-12.6139,low_inlier
4779,162.8712,-10.5964,-204.7508,0.2647,-7.9856,352,0.4380,1.0000,0.376665,0.4115,-9.8185,low_inlier
4780,162.9032,-10.2618,-211.5396,0.3346,-6.7888,421,0.4432,1.0000,0.376665,0.6268,-8.3506,low_inlier
4781,162.9366,-8.8866,-220.2394,1.3752,-8.6999,410,0.4342,1.0000,0.376665,3.1962,-10.7331,low_inlier
4782,162.9697,-7.0159,-230.0101,1.8707,-9.7707,388,0.4781,1.0000,0.376665,4.4144,-12.0652,low_inlier
4783,163.0034,-5.4519,-238.1702,1.5641,-8.1601,423,0.5267,1.0000,0.376665,3.6912,-10.0764,
4784,163.0366,-4.8279,-245.7074,0.6239,-7.5372,452,0.4747,1.0000,0.376665,1.3343,-9.2797,low_inlier
4785,163.0699,-3.8487,-253.6413,0.9792,-7.9339,476,0.5283,1.0000,0.376665,2.2198,-9.7789,
4786,163.1032,-2.3058,-261.6340,1.5429,-7.9927,462,0.5631,1.0000,0.376665,3.6430,-9.8701,
4787,163.1369,-1.1335,-268.5185,1.1723,-6.8845,482,0.5714,1.0000,0.376665,2.7418,-8.4963,
4788,163.1698,-0.4160,-274.4249,0.7175,-5.9064,550,0.6005,1.0000,0.376665,1.6236,-7.2796,
4789,163.2036,1.0399,-280.5957,1.4558,-6.1708,515,0.6066,1.0000,0.376665,3.4817,-7.6291,
4790,163.2363,2.5242,-286.8509,1.4844,-6.2551,515,0.6064,1.0000,0.376665,3.5511,-7.7336,
4791,163.2698,3.0727,-292.2037,0.5485,-5.3529,561,0.6466,1.0000,0.376665,1.2141,-6.5940,
4792,163.3031,2.8039,-294.8475,-0.2688,-2.6438,611,0.7556,1.0000,0.376665,-0.7650,-3.2387,
4793,163.3374,2.3158,-296.6944,-0.4881,-1.8469,608,0.7563,1.0000,0.376665,-1.2937,-2.2524,
4794,163.3702,2.4200,-298.3718,0.1042,-1.6774,610,0.7657,1.0000,0.376665,0.2094,-2.0641,
4795,163.4036,2.3288,-299.1530,-0.0912,-0.7812,583,0.7166,1.0000,0.376665,-0.2557,-0.9565,
4796,163.4368,2.0072,-298.9196,-0.3216,0.2334,619,0.7726,1.0000,0.376665,-0.8057,0.2975,
4797,163.4702,1.9099,-298.8710,-0.0973,0.0486,633,0.7802,1.0000,0.376665,-0.2445,0.0630,
4798,163.5034,1.9515,-299.9144,0.0417,-1.0434,604,0.7487,1.0000,0.376665,0.0717,-1.2832,
4799,163.5367,1.2780,-301.0513,-0.6735,-1.1368,558,0.6771,1.0000,0.376665,-1.7396,-1.3740,
4800,163.5702,0.0352,-301.3800,-1.2428,-0.3287,576,0.7014,1.0000,0.376665,-3.1529,-0.3622,
4801,163.6039,0.0367,-302.0692,0.0016,-0.6892,607,0.7215,1.0000,0.376665,-0.0182,-0.8466,
4802,163.6547,0.6205,-304.1261,0.5838,-2.0569,407,0.5152,1.0000,0.376665,1.4097,-2.5463,
4803,163.6815,0.6963,-307.0887,0.0758,-2.9626,458,0.5594,1.0000,0.376665,0.0960,-3.6419,
4804,163.7088,1.2374,-310.1662,0.5411,-3.0775,392,0.4780,1.0000,0.376665,1.2687,-3.7986,low_inlier
4805,163.7368,2.5154,-315.2459,1.2780,-5.0797,413,0.5165,1.0000,0.376665,3.0672,-6.2828,
4806,163.7696,3.4198,-321.6361,0.9044,-6.3902,496,0.5063,1.0000,0.376665,2.0804,-7.8801,
4807,163.8033,2.6287,-328.2118,-0.7911,-6.5757,355,0.3615,1.0000,0.376665,-2.2122,-8.0512,low_inlier
4808,163.8367,0.4927,-334.6623,-2.1361,-6.4505,381,0.2302,1.0000,0.376665,-5.6088,-7.8524,low_inlier
4809,163.8711,-1.5284,-341.5104,-2.0211,-6.8481,407,0.4780,1.0000,0.376665,-5.3309,-8.3447,low_inlier
4810,163.9032,-2.7007,-349.9541,-1.1723,-8.4437,393,0.4149,1.0000,0.376665,-3.2363,-10.3332,low_inlier
4811,163.9354,-4.2694,-358.4365,-1.5687,-8.4824,371,0.3710,1.0000,0.376665,-4.2399,-10.3674,low_inlier
4812,163.9693,-5.9274,-363.1767,-1.6580,-4.7403,583,0.4091,1.0000,0.376665,-4.3449,-5.7675,low_inlier
4813,164.0033,-6.8452,-364.9253,-0.9178,-1.7485,512,0.5802,1.0000,0.376665,-2.3770,-2.1172,
4814,164.0362,-7.1529,-365.8507,-0.3077,-0.9255,572,0.7113,1.0000,0.376665,-0.8078,-1.1266,
4815,164.0703,-6.7357,-366.1569,0.4172,-0.3062,563,0.7021,1.0000,0.376665,1.0449,-0.3901,
4816,164.1026,-6.0473,-365.7427,0.6885,0.4142,485,0.6471,1.0000,0.376665,1.7540,0.4858,
4817,164.1361,-5.3423,-364.8143,0.7050,0.9284,453,0.5857,1.0000,0.376665,1.8124,1.1168,
4818,164.1698,-4.7090,-363.3748,0.6333,1.4396,459,0.5809,1.0000,0.376665,1.6475,1.7472,
4819,164.2054,-3.9522,-363.3778,0.7568,-0.0030,559,0.7130,1.0000,0.376665,1.9133,-0.0290,
4820,164.2361,-3.7476,-364.2438,0.2046,-0.8660,446,0.5550,1.0000,0.376665,0.4893,-1.0707,
4821,164.2699,-3.9357,-365.5155,-0.1880,-1.2717,457,0.5687,1.0000,0.376665,-0.5164,-1.5559,
4822,164.3033,-4.0840,-367.4158,-0.1483,-1.9003,547,0.6863,1.0000,0.376665,-0.4363,-2.3294,
4823,164.3429,-3.9712,-369.4078,0.1127,-1.9921,450,0.5646,1.0000,0.376665,0.2207,-2.4509,
4824,164.3813,-4.0509,-370.9572,-0.0797,-1.5493,557,0.6985,1.0000,0.376665,-0.2515,-1.9006,
4825,164.4089,-3.7829,-372.8965,0.2680,-1.9393,417,0.5351,1.0000,0.376665,0.6151,-2.3912,
4826,164.4362,-2.6096,-376.3560,1.1733,-3.4595,534,0.6432,1.0000,0.376665,2.8548,-4.2890,
4827,164.4695,-2.1187,-379.7991,0.4909,-3.4431,475,0.5101,1.0000,0.376665,1.1300,-4.2460,
4828,164.5032,-2.0002,-380.4812,0.1186,-0.6821,595,0.6721,1.0000,0.376665,0.2778,-0.8419,
4829,164.5362,-1.3657,-379.0016,0.6344,1.4796,561,0.6996,1.0000,0.376665,1.6518,1.7964,
4830,164.5699,-0.2422,-376.8749,1.1235,2.1267,518,0.6591,1.0000,0.376665,2.9091,2.5749,
4831,164.6031,1.1130,-376.4525,1.3552,0.4224,473,0.5847,1.0000,0.376665,3.4399,0.4735,
4832,164.6541,2.7940,-378.4338,1.6811,-1.9813,558,0.6990,1.0000,0.376665,4.1864,-2.4902,
4833,164.6813,3.5993,-380.6768,0.8053,-2.2430,374,0.4638,1.0000,0.376665,1.9637,-2.7823,low_inlier
4834,164.7090,4.2363,-382.0095,0.6370,-1.3327,370,0.4860,1.0000,0.376665,1.5674,-1.6585,low_inlier
4835,164.7364,4.0572,-384.6098,-0.1791,-2.6002,557,0.3506,1.0000,0.376665,-0.5367,-3.1882,low_inlier
4836,164.7697,3.8083,-387.7934,-0.2489,-3.1837,366,0.4611,1.0000,0.376665,-0.7321,-3.9025,low_inlier
4837,164.8024,4.2315,-389.9577,0.4232,-2.1642,594,0.7103,1.0000,0.376665,1.0002,-2.6728,
4838,164.8359,4.2258,-391.5967,-0.0057,-1.6391,589,0.7468,1.0000,0.376665,-0.0673,-2.0133,
4839,164.8707,4.3582,-393.1305,0.1324,-1.5337,404,0.5509,1.0000,0.376665,0.2852,-1.8885,
4840,164.9026,4.7454,-394.2849,0.3872,-1.1545,579,0.4690,1.0000,0.376665,0.9418,-1.4311,low_inlier
4841,164.9363,5.4198,-394.1899,0.6744,0.0950,572,0.7326,1.0000,0.376665,1.7083,0.0941,
4842,164.9697,5.8764,-393.4349,0.4565,0.7550,578,0.7266,1.0000,0.376665,1.1786,0.9122,
4843,165.0034,6.0389,-392.1496,0.1626,1.2853,497,0.6459,1.0000,0.376665,0.4525,1.5734,
4844,165.0361,5.8611,-391.2525,-0.1778,0.8971,584,0.5399,1.0000,0.376665,-0.4206,1.1079,
4845,165.0691,5.1979,-391.0350,-0.6633,0.2175,573,0.7154,1.0000,0.376665,-1.6699,0.2894,
4846,165.1025,4.5502,-390.6672,-0.6477,0.3678,581,0.7374,1.0000,0.376665,-1.6257,0.4735,
4847,165.1356,4.4435,-390.0202,-0.1067,0.6471,584,0.7402,1.0000,0.376665,-0.2489,0.7984,
4848,165.1692,4.6015,-389.3805,0.1580,0.6397,383,0.4956,1.0000,0.376665,0.4202,0.7805,low_inlier
4849,165.2024,4.3184,-388.7978,-0.2831,0.5827,588,0.5556,1.0000,0.376665,-0.6970,0.7253,
4850,165.2359,3.6563,-387.9689,-0.6620,0.8290,593,0.7535,1.0000,0.376665,-1.6471,1.0405,
4851,165.2693,3.5095,-387.6346,-0.1468,0.3343,592,0.6747,1.0000,0.376665,-0.3605,0.4156,
4852,165.3023,3.7752,-388.5612,0.2657,-0.9266,568,0.6209,1.0000,0.376665,0.6419,-1.1471,
4853,165.3362,3.9651,-390.3187,0.1899,-1.7576,583,0.7443,1.0000,0.376665,0.4234,-2.1654,
4854,165.3690,4.1035,-391.8248,0.1385,-1.5061,585,0.4968,1.0000,0.376665,0.3015,-1.8547,low_inlier
4855,165.4029,4.7069,-392.3428,0.6033,-0.5180,561,0.6124,1.0000,0.376665,1.5087,-0.6565,
4856,165.4362,4.7605,-392.4856,0.0536,-0.1429,582,0.6528,1.0000,0.376665,0.1310,-0.1773,
4857,165.4691,4.3600,-392.1555,-0.4005,0.3302,384,0.4981,1.0000,0.376665,-1.0019,0.4190,low_inlier
4858,165.5023,4.0987,-391.7593,-0.2613,0.3962,518,0.4525,1.0000,0.376665,-0.6479,0.4954,low_inlier
4859,165.5363,4.3155,-392.1710,0.2168,-0.4117,567,0.6038,1.0000,0.376665,0.5347,-0.5130,
4860,165.5690,4.6286,-393.8287,0.3131,-1.6577,371,0.4691,1.0000,0.376665,0.7381,-2.0469,low_inlier
4861,165.6025,4.4458,-394.6824,-0.1827,-0.8537,574,0.4829,1.0000,0.376665,-0.4895,-1.0426,low_inlier
4862,165.6540,3.9855,-393.4413,-0.4604,1.2411,364,0.4548,1.0000,0.376665,-1.1239,1.5400,low_inlier
4863,165.6816,3.7990,-392.6567,-0.1865,0.7846,597,0.7547,1.0000,0.376665,-0.4461,0.9700,
4864,165.7089,3.8509,-392.7471,0.0518,-0.0904,605,0.4217,1.0000,0.376665,0.1282,-0.1128,low_inlier
4865,165.7362,4.0418,-393.6529,0.1909,-0.9057,594,0.7491,1.0000,0.376665,0.4535,-1.1190,
4866,165.7690,3.8021,-394.5615,-0.2397,-0.9086,603,0.7591,1.0000,0.376665,-0.6354,-1.1081,
4867,165.8021,3.5640,-394.5168,-0.2381,0.0446,627,0.7887,1.0000,0.376665,-0.6006,0.0628,
4868,165.8354,3.2451,-394.2878,-0.3189,0.2290,619,0.6696,1.0000,0.376665,-0.7988,0.2920,
4869,165.8699,3.4552,-394.6061,0.2101,-0.3183,599,0.7551,1.0000,0.376665,0.5209,-0.3980,
4870,165.9046,3.7872,-395.2872,0.3319,-0.6811,610,0.7399,1.0000,0.376665,0.8173,-0.8478,
4871,165.9355,3.7489,-396.0883,-0.0383,-0.8011,614,0.7792,1.0000,0.376665,-0.1227,-0.9828,
4872,165.9691,3.4674,-396.6388,-0.2814,-0.5505,628,0.7919,1.0000,0.376665,-0.7293,-0.6668,
4873,166.0033,3.0920,-396.7377,-0.3755,-0.0990,626,0.7995,1.0000,0.376665,-0.9525,-0.1090,
4874,166.0358,3.2403,-396.2155,0.1483,0.5223,629,0.7912,1.0000,0.376665,0.3918,0.6366,
4875,166.0693,3.2358,-396.6669,-0.0045,-0.4514,637,0.7393,1.0000,0.376665,-0.0259,-0.5544,
4876,166.1022,3.4002,-396.9207,0.1644,-0.2538,428,0.5503,1.0000,0.376665,0.4075,-0.3173,
4877,166.1354,4.0313,-394.4883,0.6311,2.4324,618,0.5082,1.0000,0.376665,1.6741,2.9669,
4878,166.1693,4.0819,-390.6928,0.0506,3.7955,632,0.4478,1.0000,0.376665,0.2505,4.6607,low_inlier
4879,166.2024,4.2411,-386.9200,0.1591,3.7728,559,0.6834,1.0000,0.376665,0.5240,4.6293,
4880,166.2354,4.7974,-383.0108,0.5563,3.9092,608,0.3170,1.0000,0.376665,1.5327,4.7836,low_inlier
4881,166.2691,4.4632,-376.8370,-0.3342,6.1737,325,0.3262,1.0000,0.376665,-0.6458,7.5951,low_inlier
4882,166.3027,1.4056,-371.9946,-3.0576,4.8425,498,0.0000,1.0000,0.376665,-7.5743,6.0510,low_inlier
4883,166.3357,-1.5801,-359.0866,-2.9857,12.9080,538,0.0000,1.0000,0.376665,-7.1322,15.9564,low_inlier
4884,166.3688,-2.4152,-305.9069,-0.8352,53.1797,178,0.0202,1.0000,0.376665,-0.3956,65.3551,low_inlier
4885,166.4020,-2.0362,-244.0844,0.3790,61.8225,419,0.0038,1.0000,0.376665,2.9531,75.9314,low_inlier
4886,166.4358,-1.1026,-174.6462,0.9336,69.4381,365,0.0205,1.0000,0.376665,4.6010,85.2679,low_inlier
4887,166.4692,-1.1101,-113.4500,-0.0075,61.1962,586,0.0015,1.0000,0.376665,1.9555,75.1750,low_inlier
4888,166.5020,-1.1621,-113.7771,-0.0519,-0.3271,284,0.0361,1.0000,0.376665,-0.1419,-0.4001,low_inlier
4889,166.5354,-0.5459,-113.1960,0.6161,0.5811,427,0.0100,1.0000,0.376665,1.5765,0.6932,low_inlier
4890,166.5692,-0.4640,-112.8607,0.0819,0.3353,472,0.0694,1.0000,0.376665,0.2180,0.4092,low_inlier
4891,166.6020,-0.5076,-109.9942,-0.0436,2.8665,326,0.0097,1.0000,0.376665,-0.0178,3.5228,low_inlier
4892,166.6550,1.4010,-107.6795,1.9086,2.3147,173,0.0016,1.0000,0.376665,4.9001,2.7795,low_inlier
4893,166.6825,3.8523,-107.3434,2.4514,0.3361,263,0.0000,1.0000,0.376665,6.2086,0.3309,low_inlier
4894,166.7097,4.7208,-104.1584,0.8685,3.1849,452,0.0034,1.0000,0.376665,2.2987,3.8834,low_inlier
4895,166.7373,4.7595,-101.5511,0.0387,2.6073,617,0.0179,1.0000,0.376665,0.1819,3.2015,low_inlier
4896,166.7686,5.1002,-101.7508,0.3407,-0.1997,413,0.2481,1.0000,0.376665,0.8550,-0.2567,low_inlier
4897,166.8022,5.0888,-102.7142,-0.0114,-0.9633,290,0.0430,1.0000,0.376665,-0.0600,-1.1830,low_inlier
4898,166.8352,5.6718,-105.4578,0.5830,-2.7437,491,0.0164,1.0000,0.376665,1.3854,-3.3899,low_inlier
4899,166.8699,6.0838,-106.3729,0.4120,-0.9151,603,0.0119,1.0000,0.376665,1.0122,-1.1379,low_inlier
4900,166.9100,6.0489,-107.4751,-0.0349,-1.1021,625,0.0219,1.0000,0.376665,-0.1238,-1.3527,low_inlier
4901,166.9372,5.2114,-113.6753,-0.8375,-6.2003,387,0.1772,1.0000,0.376665,-2.3174,-7.5885,low_inlier
4902,166.9690,3.9754,-115.9157,-1.2360,-2.2403,497,0.5277,1.0000,0.376665,-3.1973,-2.7107,
4903,167.0029,1.2239,-116.3221,-2.7516,-0.4064,417,0.2050,1.0000,0.376665,-6.9699,-0.4071,low_inlier
4904,167.0356,-1.2783,-119.0026,-2.5022,-2.6805,482,0.2897,1.0000,0.376665,-6.4128,-3.2090,low_inlier
4905,167.0692,-3.7466,-120.9362,-2.4683,-1.9336,456,0.4468,1.0000,0.376665,-6.3030,-2.2926,low_inlier
4906,167.1021,-5.4357,-124.1594,-1.6891,-3.2233,347,0.0238,1.0000,0.376665,-4.3745,-3.9030,low_inlier
4907,167.1353,-5.9459,-126.2852,-0.5102,-2.1258,361,0.0103,1.0000,0.376665,-1.3586,-2.5943,low_inlier
4908,167.1684,-6.5433,-128.8906,-0.5974,-2.6054,400,0.0028,1.0000,0.376665,-1.5945,-3.1805,low_inlier
4909,167.2023,-17.2906,-168.2824,-10.7473,-39.3918,659,0.0071,1.0000,0.376665,-28.4435,-48.0298,low_inlier
4910,167.2354,-33.0757,-224.3622,-15.7851,-56.0798,234,0.0000,1.0000,0.376665,-41.7190,-68.3611,low_inlier
4911,167.2689,-42.5231,-296.8174,-9.4474,-72.4552,131,0.0050,1.0000,0.376665,-26.2238,-88.6891,low_inlier
4912,167.3023,-45.6892,-378.0415,-3.1662,-81.2241,117,0.0121,1.0000,0.376665,-10.6259,-99.6714,low_inlier
4913,167.3351,-46.5820,-462.4169,-0.8928,-84.3753,366,0.0081,1.0000,0.376665,-4.9798,-103.6185,low_inlier
4914,167.3684,-46.4686,-484.1240,0.1134,-21.7072,509,0.0029,1.0000,0.376665,-0.4137,-26.6693,low_inlier
4915,167.4021,-47.4441,-491.8182,-0.9755,-7.6942,377,0.0027,1.0000,0.376665,-2.7145,-9.4190,low_inlier
4916,167.4352,-48.8692,-500.0073,-1.4251,-8.1891,387,0.0138,1.0000,0.376665,-3.8674,-10.0120,low_inlier
4917,167.4686,-50.3771,-498.2135,-1.5079,1.7938,520,0.3333,1.0000,0.376665,-3.7546,2.2540,low_inlier
4918,167.5020,-50.3455,-492.4618,0.0316,5.7517,464,0.1162,1.0000,0.376665,0.2655,7.0645,low_inlier
4919,167.5353,-48.6125,-482.8105,1.7331,9.6513,370,0.0904,1.0000,0.376665,4.6931,11.7978,low_inlier
4920,167.5687,-46.6991,-473.4018,1.9133,9.4086,561,0.0081,1.0000,0.376665,5.1411,11.4937,low_inlier
4921,167.6015,-45.8642,-461.6728,0.8349,11.7290,589,0.0086,1.0000,0.376665,2.4894,14.3802,low_inlier
4922,167.6538,-48.1240,-439.6387,-2.2598,22.0341,373,0.4542,1.0000,0.376665,-5.0025,27.1429,low_inlier
4923,167.6819,-50.5610,-417.6865,-2.4370,21.9522,275,0.1364,1.0000,0.376665,-5.4531,27.0481,low_inlier
4924,167.7105,-36.3692,-389.3503,14.1918,28.3362,187,0.0690,1.0000,0.376665,36.7956,34.3336,low_inlier
4925,167.7393,0.8934,-377.3824,37.2626,11.9679,587,0.0060,1.0000,0.376665,94.5975,13.4540,low_inlier
4926,167.7684,65.9445,-375.1114,65.0511,2.2711,239,0.0037,1.0000,0.376665,164.5426,0.6118,low_inlier
4927,167.8016,73.3133,-377.4800,7.3688,-2.3687,213,0.0000,1.0000,0.376665,18.5541,-3.1565,low_inlier
4928,167.8347,81.3973,-372.5221,8.0840,4.9580,123,0.0047,1.0000,0.376665,20.5988,5.8198,low_inlier
4929,167.8688,120.2733,-372.4766,38.8760,0.0455,394,0.0000,1.0000,0.376665,98.2919,-1.2457,low_inlier
4930,167.9027,145.1053,-367.1298,24.8320,5.3468,484,0.0000,1.0000,0.376665,62.9555,5.7367,low_inlier
4931,167.9355,158.2720,-361.4004,13.1668,5.7294,187,0.0000,1.0000,0.376665,33.4745,6.5973,low_inlier
4932,167.9684,160.3262,-361.4551,2.0542,-0.0548,191,0.0026,1.0000,0.376665,5.1918,-0.1360,low_inlier
4933,168.0024,160.6156,-363.7089,0.2894,-2.2538,410,0.0746,1.0000,0.376665,0.6590,-2.7783,low_inlier
4934,168.0352,155.6952,-366.9867,-4.9204,-3.2778,434,0.1536,1.0000,0.376665,-12.5460,-3.8618,low_inlier
4935,168.0684,150.6521,-368.0504,-5.0431,-1.0637,395,0.1039,1.0000,0.376665,-12.7848,-1.1378,low_inlier
4936,168.1018,145.4433,-369.8296,-5.2088,-1.7792,357,0.0504,1.0000,0.376665,-13.2268,-2.0112,low_inlier
4937,168.1353,139.2109,-372.2205,-6.2324,-2.3909,580,0.0222,1.0000,0.376665,-15.8346,-2.7284,low_inlier
4938,168.1682,134.7555,-373.9475,-4.4554,-1.7270,525,0.0365,1.0000,0.376665,-11.3203,-1.9723,low_inlier
4939,168.2016,131.8539,-375.0878,-2.9017,-1.1403,311,0.0967,1.0000,0.376665,-7.3731,-1.3036,low_inlier
4940,168.2348,127.1662,-372.4592,-4.6876,2.6286,518,0.0248,1.0000,0.376665,-11.7670,3.3859,low_inlier
4941,168.2683,96.0028,-371.1712,-31.1634,1.2881,284,0.0000,1.0000,0.376665,-78.7491,2.6257,low_inlier
4942,168.3012,98.6852,-365.5416,2.6824,5.6295,299,0.0000,1.0000,0.376665,6.9636,6.8256,low_inlier
4943,168.3352,25.4362,-372.0978,-73.2491,-6.5561,188,0.0094,1.0000,0.376665,-185.4077,-5.6012,low_inlier
4944,168.3686,18.7059,-374.4536,-6.7302,-2.3558,292,0.0000,1.0000,0.376665,-17.0921,-2.6686,low_inlier
4945,168.4010,-18.1265,-372.6162,-36.8325,1.8374,322,0.0035,1.0000,0.376665,-93.0646,3.4903,low_inlier
4946,168.4349,-24.9795,-371.4012,-6.8530,1.2150,170,0.0013,1.0000,0.376665,-17.2873,1.7219,low_inlier
4947,168.4683,-25.7930,-369.0124,-0.8134,2.3889,317,0.0103,1.0000,0.376665,-1.9796,2.9618,low_inlier
4948,168.5017,-20.2475,-365.9958,5.5455,3.0166,389,0.0698,1.0000,0.376665,14.1181,3.5200,low_inlier
4949,168.5352,-15.5774,-366.3808,4.6701,-0.3851,384,0.2901,1.0000,0.376665,11.7950,-0.6294,low_inlier
4950,168.5685,-11.0677,-374.2207,4.5097,-7.8399,251,0.1570,1.0000,0.376665,11.1489,-9.7817,low_inlier
4951,168.6016,-4.7888,-388.3965,6.2789,-14.1758,256,0.1731,1.0000,0.376665,15.4175,-17.6240,low_inlier
4952,168.6546,1.2752,-399.5405,6.0640,-11.1440,302,0.0446,1.0000,0.376665,14.9722,-13.8926,low_inlier
4953,168.6836,3.5726,-402.7745,2.2973,-3.2340,400,0.3650,1.0000,0.376665,5.7040,-4.0496,low_inlier
4954,168.7119,2.6742,-403.3224,-0.8984,-0.5479,302,0.0905,1.0000,0.376665,-2.2891,-0.6430,low_inlier
4955,168.7398,1.1279,-405.3387,-1.5463,-2.0163,326,0.2787,1.0000,0.376665,-3.9747,-2.4251,low_inlier
4956,168.7679,0.2459,-407.2483,-0.8820,-1.9096,446,0.2598,1.0000,0.376665,-2.2915,-2.3163,low_inlier
4957,168.8013,-0.4229,-1.8396,-0.4229,-1.8396,455,0.5752,1.0000,0.376665,-1.1285,-2.2456,
4958,168.8352,-0.3693,-4.8709,0.0535,-3.0313,414,0.3194,1.0000,0.376665,0.0376,-3.7255,low_inlier
4959,168.8698,0.8253,-9.8172,1.1946,-4.9463,412,0.5293,1.0000,0.376665,2.8607,-6.1162,
4960,168.9031,3.1935,-13.7147,2.3682,-3.8974,398,0.2155,1.0000,0.376665,5.8617,-4.8669,low_inlier
4961,168.9343,4.5887,-13.3251,1.3952,0.3896,450,0.4760,1.0000,0.376665,3.5401,0.4318,low_inlier
4962,168.9682,-0.7350,1.4469,-0.7350,1.4469,400,0.2459,1.0000,0.376665,-1.8117,1.8021,low_inlier
4963,169.0015,-1.6643,0.7717,-0.9293,-0.6753,457,0.5605,1.0000,0.376665,-2.3713,-0.7984,
4964,169.0349,-1.4614,-2.1440,0.2029,-2.9157,442,0.4679,1.0000,0.376665,0.4190,-3.5885,low_inlier
4965,169.0688,-1.3810,-4.7455,0.0804,-2.6015,436,0.5530,1.0000,0.376665,0.1193,-3.1984,
4966,169.1016,-1.9650,-7.1705,-0.5840,-2.4249,469,0.4340,1.0000,0.376665,-1.5548,-2.9593,low_inlier
4967,169.1348,-0.4173,-1.2227,-0.4173,-1.2227,481,0.6073,1.0000,0.376665,-1.0945,-1.4880,
4968,169.1682,-0.2495,-1.5484,0.1678,-0.3256,483,0.6066,1.0000,0.376665,0.4136,-0.4056,
4969,169.2024,0.2845,-2.1373,0.5341,-0.5889,475,0.5768,1.0000,0.376665,1.3313,-0.7413,
4970,169.2344,0.3286,-4.6601,0.0441,-2.5228,446,0.5526,1.0000,0.376665,0.0300,-3.1005,
4971,169.2679,1.1757,-8.3581,0.8471,-3.6980,455,0.5725,1.0000,0.376665,2.0224,-4.5711,
4972,169.3009,1.5600,-3.0101,1.5600,-3.0101,499,0.6308,1.0000,0.376665,3.8469,-3.7499,
4973,169.3344,2.5259,-5.9044,0.9659,-2.8943,504,0.6302,1.0000,0.376665,2.3488,-3.5878,
4974,169.3676,2.7129,-8.7151,0.1870,-2.8106,464,0.5372,1.0000,0.376665,0.3820,-3.4589,
4975,169.4010,4.5752,-12.6729,1.8623,-3.9578,371,0.4434,1.0000,0.376665,4.5807,-4.9242,low_inlier
4976,169.4344,7.6059,-17.5433,3.0308,-4.8705,502,0.6074,1.0000,0.376665,7.5056,-6.0844,
4977,169.4681,1.7563,-2.7951,1.7563,-2.7951,431,0.4407,1.0000,0.376665,4.3504,-3.4924,low_inlier
4978,169.5009,1.8225,-2.5034,0.0662,0.2917,506,0.4500,1.0000,0.376665,0.1768,0.3562,low_inlier
4979,169.5342,3.4575,-3.3790,1.6349,-0.8756,375,0.3410,1.0000,0.376665,4.1053,-1.1304,low_inlier
4980,169.5680,5.7782,-5.9796,2.3208,-2.6006,453,0.4836,1.0000,0.376665,5.7837,-3.2723,low_inlier
4981,169.6009,0.3308,-1.7916,0.3308,-1.7916,500,0.6206,1.0000,0.376665,0.7785,-2.2120,
4982,169.6514,0.9846,-2.3435,0.6538,-0.5518,432,0.3975,1.0000,0.376665,1.6353,-0.6998,low_inlier
4983,169.6782,1.9475,-4.0092,0.9628,-1.6657,511,0.6462,1.0000,0.376665,2.3806,-2.0784,
4984,169.7047,2.3661,-6.6307,0.4187,-2.6215,409,0.5151,1.0000,0.376665,0.9739,-3.2344,
4985,169.7345,2.4572,-8.5566,0.0910,-1.9259,479,0.6245,1.0000,0.376665,0.1680,-2.3688,
4986,169.7673,0.6007,-2.3747,0.6007,-2.3747,403,0.5050,1.0000,0.376665,1.4420,-2.9372,
4987,169.8007,0.9370,-5.9173,0.3363,-3.5426,421,0.5302,1.0000,0.376665,0.7361,-4.3631,
4988,169.8341,0.3289,-8.5659,-0.6081,-2.6486,449,0.5784,1.0000,0.376665,-1.6230,-3.2332,
4989,169.8682,-0.2908,-9.8700,-0.6197,-1.3041,420,0.5056,1.0000,0.376665,-1.6088,-1.5812,
4990,169.9007,-0.5548,-12.6671,-0.2640,-2.7971,474,0.5842,1.0000,0.376665,-0.7578,-3.4272,
4991,169.9340,-0.7542,-18.4072,-0.1994,-5.7401,406,0.5000,1.0000,0.376665,-0.6894,-7.0446,
4992,169.9674,-1.4630,-23.4293,-0.7088,-5.0221,404,0.4881,1.0000,0.376665,-1.9541,-6.1455,low_inlier
4993,170.0008,-3.0960,-27.2297,-1.6330,-3.8004,494,0.5146,1.0000,0.376665,-4.2513,-4.6139,
4994,170.0341,-5.2737,-31.1488,-2.1777,-3.9191,415,0.5338,1.0000,0.376665,-5.6324,-4.7414,
4995,170.0673,-7.2347,-36.9031,-1.9609,-5.7543,390,0.5057,1.0000,0.376665,-5.1435,-7.0031,
4996,170.1009,-10.0596,-43.2793,-2.8249,-6.3762,382,0.2563,1.0000,0.376665,-7.3481,-7.7380,low_inlier
4997,170.1339,-13.5767,-46.6579,-3.5171,-3.3786,411,0.2755,1.0000,0.376665,-9.0014,-4.0325,low_inlier
4998,170.1677,-17.3804,-47.5531,-3.8037,-0.8953,331,0.4008,1.0000,0.376665,-9.6459,-0.9724,low_inlier
4999,170.2066,-23.1499,-47.6494,-5.7695,-0.0963,289,0.2513,1.0000,0.376665,-14.5901,0.0749,low_inlier
5000,170.2351,-26.7669,-44.9795,-3.6170,2.6699,285,0.2279,1.0000,0.376665,-9.0587,3.4008,low_inlier
5001,170.2675,-28.5306,-42.7433,-1.7637,2.2362,430,0.5488,1.0000,0.376665,-4.3871,2.8061,
5002,170.3005,-31.4344,-43.0791,-2.9038,-0.3358,346,0.4437,1.0000,0.376665,-7.3525,-0.3152,low_inlier
5003,170.3339,-34.6826,-41.7160,-3.2481,1.3631,271,0.2651,1.0000,0.376665,-8.1683,1.7832,low_inlier
5004,170.3673,-40.5404,-33.7077,-5.8578,8.0083,687,0.1172,1.0000,0.376665,-14.5519,10.0336,low_inlier
5005,170.4004,-48.1778,-20.5396,-7.6374,13.1682,653,0.2763,1.0000,0.376665,-18.8848,16.4318,low_inlier
5006,170.4338,-57.2943,-5.5119,-9.1166,15.0277,652,0.0208,1.0000,0.376665,-22.5646,18.7656,low_inlier
5007,170.4673,-64.9643,10.7630,-7.6700,16.2749,489,0.0163,1.0000,0.376665,-18.8669,20.2492,low_inlier
5008,170.5011,-68.7824,23.0884,-3.8181,12.3255,378,0.0251,1.0000,0.376665,-9.2556,15.2687,low_inlier
5009,170.5339,-68.2099,28.4415,0.5725,5.3531,329,0.0311,1.0000,0.376665,1.6201,6.5567,low_inlier
5010,170.5671,-64.2390,26.8847,3.9710,-1.5568,269,0.0746,1.0000,0.376665,9.9896,-2.0454,low_inlier
5011,170.6035,-58.1029,23.2971,6.1360,-3.5876,284,0.1534,1.0000,0.376665,15.3980,-4.6125,low_inlier
5012,170.6554,-50.4525,20.1399,7.6504,-3.1572,384,0.1891,1.0000,0.376665,19.2407,-4.1345,low_inlier
5013,170.6826,-42.3195,16.6700,8.1331,-3.4699,284,0.0321,1.0000,0.376665,20.4509,-4.5348,low_inlier
5014,170.7101,-40.3172,16.7777,2.0022,0.1077,288,0.0428,1.0000,0.376665,5.0658,0.0653,low_inlier
5015,170.7399,-37.7871,17.7794,2.5301,1.0017,297,0.0422,1.0000,0.376665,6.4293,1.1458,low_inlier
5016,170.7705,-35.5775,14.8794,2.2096,-2.9000,300,0.0591,1.0000,0.376665,5.4930,-3.6364,low_inlier
5017,170.8006,-31.1385,4.7381,4.4390,-10.1413,359,0.2975,1.0000,0.376665,10.8958,-12.6064,low_inlier
5018,170.8342,-25.9911,-7.5317,5.1474,-12.2698,351,0.0797,1.0000,0.376665,12.6183,-15.2448,low_inlier
5019,170.8677,-21.3714,-19.0104,4.6197,-11.4787,328,0.0583,1.0000,0.376665,11.3096,-14.2553,low_inlier
5020,170.9005,-15.4069,-26.5991,5.9645,-7.5887,357,0.1107,1.0000,0.376665,14.8352,-9.5218,low_inlier
5021,170.9338,-9.2907,-34.1796,6.1162,-7.5805,450,0.2548,1.0000,0.376665,15.2191,-9.5168,low_inlier
5022,170.9673,-4.8630,-45.5575,4.4277,-11.3779,399,0.2598,1.0000,0.376665,10.8275,-14.1251,low_inlier
5023,171.0006,-0.7161,-56.4830,4.1469,-10.9255,396,0.0923,1.0000,0.376665,10.1321,-13.5599,low_inlier
5024,171.0343,6.0172,-61.4329,6.7333,-4.9499,429,0.1087,1.0000,0.376665,16.8642,-6.3060,low_inlier
5025,171.0670,12.0780,-66.4024,6.0607,-4.9695,446,0.1475,1.0000,0.376665,15.1631,-6.3076,low_inlier
5026,171.1007,17.5524,-71.8751,5.4744,-5.4727,461,0.1034,1.0000,0.376665,13.6645,-6.9061,low_inlier
5027,171.1342,26.4731,-76.3336,8.9207,-4.4585,392,0.1057,1.0000,0.376665,22.4103,-5.7756,low_inlier
5028,171.1683,33.5973,-81.0949,7.1243,-4.7613,388,0.0510,1.0000,0.376665,17.8587,-6.0874,low_inlier
5029,171.2006,36.1603,-84.2867,2.5630,-3.1918,329,0.1460,1.0000,0.376665,6.3771,-4.0067,low_inlier
5030,171.2337,36.0944,-85.2122,-0.0659,-0.9255,419,0.1657,1.0000,0.376665,-0.1965,-1.1347,low_inlier
5031,171.2671,32.8633,-86.1428,-3.2311,-0.9307,293,0.0991,1.0000,0.376665,-8.1993,-1.0351,low_inlier
5032,171.3003,27.1414,-88.2926,-5.7219,-2.1498,280,0.0138,1.0000,0.376665,-14.5361,-2.4493,low_inlier
5033,171.3340,7.2695,-67.8578,-19.8718,20.4348,400,0.0070,1.0000,0.376665,-49.5828,25.7679,low_inlier
5034,171.3675,-2.1132,-58.1148,-9.3827,9.7430,428,0.0212,1.0000,0.376665,-23.4081,12.2827,low_inlier
5035,171.4008,-11.3727,-53.1488,-9.2594,4.9660,330,0.0355,1.0000,0.376665,-23.2505,6.4103,low_inlier
5036,171.4334,-16.2574,-53.7652,-4.8848,-0.6163,447,0.4295,1.0000,0.376665,-12.3701,-0.5936,low_inlier
5037,171.4677,-22.7445,-63.8120,-6.4871,-10.0468,722,0.0501,1.0000,0.376665,-16.7255,-12.1245,low_inlier
5038,171.5007,-29.7958,-74.2324,-7.0513,-10.4204,355,0.0119,1.0000,0.376665,-18.1641,-12.5646,low_inlier
5039,171.5342,-35.2713,-74.6185,-5.4755,-0.3861,701,0.0208,1.0000,0.376665,-13.8561,-0.2910,low_inlier
5040,171.5688,-36.1234,-69.6646,-0.8521,4.9539,337,0.3472,1.0000,0.376665,-1.9946,6.1140,low_inlier
5041,171.6005,-38.3603,-61.6869,-2.2369,7.9778,365,0.1815,1.0000,0.376665,-5.3982,9.8749,low_inlier
5042,171.6516,-46.4045,-53.4886,-8.0442,8.1983,800,0.0000,1.0000,0.376665,-20.0736,10.3402,low_inlier
5043,171.6793,-56.3700,-47.5552,-9.9655,5.9334,279,0.0126,1.0000,0.376665,-25.0043,7.6224,low_inlier
5044,171.7078,-58.9576,-43.3074,-2.5876,4.2479,614,0.1652,1.0000,0.376665,-6.4052,5.3048,low_inlier
5045,171.7355,-62.1666,-40.7283,-3.2090,2.5791,639,0.2979,1.0000,0.376665,-8.0301,3.2757,low_inlier
5046,171.7667,-64.2691,-35.2240,-2.1025,5.5043,37,0.0013,1.0000,0.376665,-5.1381,6.8320,low_inlier
5047,171.8000,-72.6337,-24.5992,-8.3646,10.6248,731,0.0315,1.0000,0.376665,-20.8055,13.3318,low_inlier
5048,171.8333,-70.4772,-18.2855,2.1565,6.3137,561,0.0163,1.0000,0.376665,5.6561,7.6837,low_inlier
5049,171.8674,-67.3591,-4.8727,3.1180,13.4128,465,0.0000,1.0000,0.376665,8.3162,16.3722,low_inlier
5050,171.8999,-65.8591,-3.8739,1.5000,0.9988,492,0.2105,1.0000,0.376665,3.8247,1.1768,low_inlier
5051,171.9349,-66.1517,-2.4101,-0.2925,1.4637,567,0.2737,1.0000,0.376665,-0.6924,1.8079,low_inlier
5052,171.9665,-70.0656,-9.4942,-3.9139,-7.0841,501,0.0088,1.0000,0.376665,-10.1242,-8.5713,low_inlier
5053,171.9999,-77.4464,-40.1099,-7.3808,-30.6157,140,0.0102,1.0000,0.376665,-19.6489,-37.3618,low_inlier
5054,172.0371,-76.4212,-40.6311,1.0252,-0.5212,72,0.0041,1.0000,0.376665,2.5753,-0.6745,low_inlier
5055,172.0677,-75.3512,-38.7285,1.0699,1.9026,527,0.2210,1.0000,0.376665,2.7665,2.3014,low_inlier
5056,172.1011,-71.5775,-44.5551,3.7737,-5.8266,402,0.0988,1.0000,0.376665,9.3531,-7.2838,low_inlier
5057,172.1341,-67.6394,-40.7388,3.9381,3.8162,506,0.2790,1.0000,0.376665,10.0800,4.5561,low_inlier
5058,172.1671,-72.4928,-45.0394,-4.8534,-4.3006,373,0.3762,1.0000,0.376665,-12.4096,-5.1204,low_inlier
5059,172.2034,-70.8524,-52.3928,1.6404,-7.3533,637,0.1412,1.0000,0.376665,3.9101,-9.0879,low_inlier
5060,172.2341,-66.1225,-53.4516,4.7299,-1.0589,774,0.0650,1.0000,0.376665,11.9245,-1.4591,low_inlier
5061,172.2670,-65.4636,-53.9557,0.6589,-0.5040,799,0.0000,1.0000,0.376665,1.6497,-0.6412,low_inlier
5062,172.3006,-61.8066,-59.4269,3.6569,-5.4712,381,0.0239,1.0000,0.376665,9.0693,-6.8434,low_inlier
5063,172.3418,-64.2404,-52.7652,-2.4338,6.6617,366,0.0464,1.0000,0.376665,-5.9384,8.2649,low_inlier
5064,172.3703,-65.8879,-24.1310,-1.6475,28.6341,63,0.0013,1.0000,0.376665,-3.2415,35.2299,low_inlier
5065,172.4003,-65.1146,-13.0422,0.7733,11.0888,657,0.0000,1.0000,0.376665,2.3130,13.5958,low_inlier
5066,172.4336,-66.8939,-3.3182,-1.7793,9.7240,562,0.0000,1.0000,0.376665,-4.1848,12.0047,low_inlier
5067,172.4673,-66.5497,-3.7560,0.3442,-0.4378,603,0.0214,1.0000,0.376665,0.8561,-0.5493,low_inlier
5068,172.5001,-65.9493,-6.2195,0.6003,-2.4635,409,0.0015,1.0000,0.376665,1.4384,-3.0463,low_inlier
5069,172.5337,-62.0452,-5.7379,3.9042,0.4816,313,0.0163,1.0000,0.376665,9.8865,0.4609,low_inlier
5070,172.5662,-61.4403,-2.5487,0.6049,3.1891,439,0.0150,1.0000,0.376665,1.6323,3.8974,low_inlier
5071,172.6000,-63.7711,-8.8619,-2.3308,-6.3131,621,0.0013,1.0000,0.376665,-6.0967,-7.6771,low_inlier
5072,172.6565,-60.9445,-15.4016,2.8265,-6.5397,102,0.0092,1.0000,0.376665,6.9354,-8.1282,low_inlier
5073,172.6859,-62.5536,-12.3669,-1.6091,3.0347,366,0.0379,1.0000,0.376665,-3.9704,3.7818,low_inlier
5074,172.7217,-58.7704,-11.7990,3.7832,0.5679,390,0.0329,1.0000,0.376665,9.5835,0.5710,low_inlier
5075,172.7509,-53.9947,-18.6658,4.7757,-6.8668,334,0.1828,1.0000,0.376665,11.8530,-8.5952,low_inlier
5076,172.7788,-49.0618,-16.4788,4.9329,2.1869,542,0.2494,1.0000,0.376665,12.5424,2.5213,low_inlier
5077,172.8058,-53.2959,-9.5981,-4.2341,6.8808,596,0.0790,1.0000,0.376665,-10.4831,8.5943,low_inlier
5078,172.8338,-51.3007,-21.1156,1.9952,-11.5176,242,0.0674,1.0000,0.376665,4.6729,-14.2152,low_inlier
5079,172.8672,-48.6141,-30.8187,2.6866,-9.7031,382,0.1248,1.0000,0.376665,6.4794,-12.0094,low_inlier
5080,172.9004,-53.8447,-35.6230,-5.2306,-4.8043,413,0.1297,1.0000,0.376665,-13.3796,-5.7266,low_inlier
5081,172.9333,-50.5978,-44.5973,3.2469,-8.9743,322,0.1602,1.0000,0.376665,7.9195,-11.1329,low_inlier
5082,172.9733,-56.4534,-42.9481,-5.8555,1.6492,352,0.1111,1.0000,0.376665,-14.7513,2.2220,low_inlier
5083,173.0016,-60.9135,-41.7838,-4.4602,1.1643,402,0.1465,1.0000,0.376665,-11.2392,1.5795,low_inlier
5084,173.0334,-54.3055,-41.4944,6.6081,0.2894,593,0.1888,1.0000,0.376665,16.7166,0.1343,low_inlier
5085,173.0669,-54.3743,-54.8479,-0.0688,-13.3535,297,0.0825,1.0000,0.376665,-0.6049,-16.4014,low_inlier
5086,173.1004,-48.4334,-54.5362,5.9409,0.3117,780,0.0475,1.0000,0.376665,15.0305,0.1839,low_inlier
5087,173.1359,-48.7948,-41.8277,-0.3614,12.7085,414,0.2203,1.0000,0.376665,-0.5036,15.6235,low_inlier
5088,173.1669,-44.3979,-43.8881,4.3968,-2.0604,777,0.0000,1.0000,0.376665,11.0501,-2.6782,low_inlier
5089,173.2003,-44.4263,-52.2687,-0.0284,-8.3806,663,0.3016,1.0000,0.376665,-0.3421,-10.2939,low_inlier
5090,173.2333,-44.2179,-61.7833,0.2084,-9.5147,667,0.5625,1.0000,0.376665,0.2198,-11.6950,
5091,173.2668,-43.4619,-71.3483,0.7560,-9.5649,629,0.2503,1.0000,0.376665,1.6028,-11.7751,low_inlier
5092,173.3001,-46.9704,-74.1075,-3.5085,-2.7593,714,0.5637,1.0000,0.376665,-8.9596,-3.2721,
5093,173.3342,-49.2795,-77.6730,-2.3092,-3.5654,682,0.7972,1.0000,0.376665,-5.9534,-4.3026,
5094,173.3663,-50.1088,-84.5813,-0.8293,-6.9084,675,0.6238,1.0000,0.376665,-2.3196,-8.4586,
5095,173.4002,-51.2748,-90.5854,-1.1660,-6.0040,736,0.8438,1.0000,0.376665,-3.1416,-7.3364,
5096,173.4332,-52.8115,-96.9296,-1.5368,-6.3442,638,0.5887,1.0000,0.376665,-4.0901,-7.7419,
5097,173.4664,-54.5924,-103.1799,-1.7809,-6.2504,691,0.6512,1.0000,0.376665,-4.7042,-7.6185,
5098,173.4996,-55.2557,-109.0367,-0.6633,-5.8568,642,0.7334,1.0000,0.376665,-1.8661,-7.1724,
5099,173.5330,-57.3914,-112.4302,-2.1357,-3.3935,747,0.5038,1.0000,0.376665,-5.5091,-4.0971,
5100,173.5665,-58.1627,-112.7275,-0.7713,-0.2972,738,0.9275,1.0000,0.376665,-1.9597,-0.3393,
5101,173.5996,-57.4752,-114.8365,0.6875,-2.1090,750,0.9213,1.0000,0.376665,1.6701,-2.6138,
5102,173.6564,-57.5876,-117.8901,-0.1124,-3.0537,767,0.9325,1.0000,0.376665,-0.3827,-3.7474,
5103,173.6835,-58.3078,-117.9197,-0.7202,-0.0295,751,0.8712,1.0000,0.376665,-1.8218,-0.0122,
5104,173.7109,-57.5092,-117.8884,0.7986,0.0313,740,0.8346,1.0000,0.376665,2.0200,0.0117,
5105,173.7392,-56.4940,-119.0745,1.0153,-1.1861,708,0.9123,1.0000,0.376665,2.5286,-1.4910,
5106,173.7666,-56.8737,-118.5786,-0.3797,0.4959,792,0.9187,1.0000,0.376665,-0.9441,0.6219,
5107,173.8000,-56.7172,-117.7547,0.1565,0.8239,687,0.7000,1.0000,0.376665,0.4224,1.0068,
5108,173.8328,-56.2022,-117.9680,0.5149,-0.2133,685,0.8298,1.0000,0.376665,1.2950,-0.2793,
5109,173.8662,-55.3809,-115.6213,0.8214,2.3467,686,0.8695,1.0000,0.376665,2.1524,2.8553,
5110,173.8994,-54.4430,-114.7118,0.9378,0.9095,711,0.9060,1.0000,0.376665,2.4005,1.0858,
5111,173.9329,-52.9101,-113.4193,1.5330,1.2925,687,0.8643,1.0000,0.376665,3.9175,1.5364,
5112,173.9662,-51.4387,-113.2898,1.4714,0.1294,695,0.8709,1.0000,0.376665,3.7243,0.1097,
5113,173.9997,-49.7625,-113.0562,1.6762,0.2337,682,0.8679,1.0000,0.376665,4.2455,0.2309,
5114,174.0329,-48.6217,-112.2462,1.1408,0.8099,676,0.8335,1.0000,0.376665,2.9105,0.9567,
5115,174.0661,-48.0199,-110.4490,0.6018,1.7972,681,0.8400,1.0000,0.376665,1.5795,2.1876,
5116,174.0995,-48.1197,-109.0252,-0.0998,1.4239,691,0.8221,1.0000,0.376665,-0.2064,1.7524,
5117,174.1326,-49.4047,-107.2264,-1.2851,1.7988,701,0.8028,1.0000,0.376665,-3.1910,2.2527,
5118,174.1660,-50.4999,-103.9797,-1.0952,3.2466,684,0.8596,1.0000,0.376665,-2.6641,4.0249,
5119,174.1995,-51.2314,-103.0350,-0.7316,0.9448,690,0.8661,1.0000,0.376665,-1.8191,1.1851,
5120,174.2332,-52.0919,-101.7321,-0.8605,1.3029,679,0.7937,1.0000,0.376665,-2.1336,1.6293,
5121,174.2755,-51.7240,-99.4621,0.3680,2.2700,676,0.8325,1.0000,0.376665,1.0036,2.7762,
5122,174.3025,-50.4652,-97.4344,1.2587,2.0276,671,0.8463,1.0000,0.376665,3.2479,2.4486,
5123,174.3331,-49.7934,-93.4060,0.6719,4.0285,654,0.7842,1.0000,0.376665,1.8287,4.9262,
5124,174.3722,-48.2683,-91.5917,1.5251,1.8143,670,0.8408,1.0000,0.376665,3.9144,2.1777,
5125,174.4135,-46.2129,-91.2325,2.0554,0.3591,668,0.8803,1.0000,0.376665,5.2083,0.3723,
5126,174.4406,-44.3961,-90.7254,1.8168,0.5071,674,0.8638,1.0000,0.376665,4.6097,0.5622,
5127,174.4690,-43.5354,-89.2858,0.8607,1.4396,668,0.8430,1.0000,0.376665,2.2226,1.7396,
5128,174.4999,-42.9212,-88.7432,0.6142,0.5425,675,0.8553,1.0000,0.376665,1.5703,0.6459,
5129,174.5331,-42.6038,-89.2031,0.3174,-0.4598,680,0.8548,1.0000,0.376665,0.7877,-0.5755,
5130,174.5660,-42.3877,-88.4033,0.2161,0.7998,687,0.8598,1.0000,0.376665,0.5721,0.9753,
5131,174.5992,-42.4693,-88.3052,-0.0816,0.0980,741,0.9213,1.0000,0.376665,-0.2031,0.1232,
5132,174.6492,-42.8838,-88.3894,-0.4145,-0.0841,797,0.9962,1.0000,0.376665,-1.0508,-0.0895,
5133,174.6755,-43.4639,-88.2838,-0.5801,0.1056,797,0.9962,1.0000,0.376665,-1.4633,0.1491,
5134,174.7019,-44.1656,-87.8569,-0.7017,0.4268,795,0.9950,1.0000,0.376665,-1.7603,0.5478,
5135,174.7330,-44.8848,-87.6708,-0.7192,0.1861,792,0.9912,1.0000,0.376665,-1.8123,0.2527,
5136,174.7664,-45.0836,-87.3208,-0.1988,0.3500,794,0.9950,1.0000,0.376665,-0.4913,0.4366,
5137,174.8036,-45.5615,-86.9038,-0.4779,0.4169,794,0.9925,1.0000,0.376665,-1.1949,0.5282,
5138,174.8326,-46.1399,-86.1700,-0.5784,0.7339,792,0.9900,1.0000,0.376665,-1.4386,0.9209,
5139,174.8660,-46.7903,-84.4367,-0.6504,1.7333,791,0.9912,1.0000,0.376665,-1.5885,2.1510,
5140,174.8991,-46.7248,-82.4150,0.0655,2.0217,790,0.9938,1.0000,0.376665,0.2309,2.4813,
5141,174.9322,-47.2387,-80.1700,-0.5139,2.2450,788,0.9875,1.0000,0.376665,-1.2270,2.7750,
5142,174.9656,-47.7485,-78.8662,-0.5098,1.3038,783,0.9762,1.0000,0.376665,-1.2469,1.6187,
5143,174.9990,-47.6081,-78.3168,0.1404,0.5494,790,0.9950,1.0000,0.376665,0.3727,0.6702,
5144,175.0325,-47.6466,-77.6154,-0.0385,0.7015,792,0.9988,1.0000,0.376665,-0.0746,0.8630,
5145,175.0655,-47.9108,-75.9579,-0.2643,1.6574,786,0.9862,1.0000,0.376665,-0.6147,2.0449,
5146,175.0991,-47.4573,-75.2615,0.4536,0.6964,789,0.9688,1.0000,0.376665,1.1693,0.8403,
5147,175.1323,-46.8021,-75.3404,0.6551,-0.0789,783,0.9862,1.0000,0.376665,1.6539,-0.1188,
5148,175.1655,-47.2280,-74.6530,-0.4259,0.6874,781,0.9862,1.0000,0.376665,-1.0546,0.8587,
5149,175.1991,-47.1850,-73.8725,0.0430,0.7805,785,0.9663,1.0000,0.376665,0.1340,0.9573,
5150,175.2323,-47.1292,-72.1390,0.0558,1.7336,782,0.9888,1.0000,0.376665,0.1970,2.1277,
5151,175.2762,-47.5830,-70.7169,-0.4538,1.4221,780,0.9812,1.0000,0.376665,-1.1015,1.7621,
5152,175.3040,-48.1842,-69.9845,-0.6011,0.7325,783,0.9725,1.0000,0.376665,-1.4962,0.9199,
5153,175.3322,-48.1247,-71.2144,0.0595,-1.2299,767,0.9587,1.0000,0.376665,0.1107,-1.5129,
5154,175.3660,-48.3554,-72.4977,-0.2307,-1.2833,762,0.9125,1.0000,0.376665,-0.6247,-1.5687,
5155,175.3988,-49.1043,-73.6676,-0.7490,-1.1699,763,0.9350,1.0000,0.376665,-1.9313,-1.4120,
5156,175.4327,-49.7059,-74.3861,-0.6016,-0.7185,762,0.8512,1.0000,0.376665,-1.5441,-0.8625,
5157,175.4660,-50.1374,-74.3344,-0.4315,0.0517,769,0.9300,1.0000,0.376665,-1.0893,0.0780,
5158,175.4990,-50.4878,-73.3774,-0.3504,0.9570,753,0.8163,1.0000,0.376665,-0.8552,1.1874,
5159,175.5323,-51.8662,-71.2245,-1.3784,2.1529,748,0.6350,1.0000,0.376665,-3.4155,2.6908,
5160,175.5656,-52.1330,-69.7796,-0.2668,1.4449,705,0.4713,1.0000,0.376665,-0.6279,1.7838,low_inlier
5161,175.5988,-53.0067,-72.5897,-0.8737,-2.8101,456,0.1256,1.0000,0.376665,-2.2996,-3.4227,low_inlier
5162,175.6500,-54.4268,-70.2812,-1.4201,2.3085,440,0.0550,1.0000,0.376665,-3.5160,2.8834,low_inlier
5163,175.6784,-56.2825,-61.3069,-1.8558,8.9743,352,0.0512,1.0000,0.376665,-4.4024,11.0864,low_inlier
5164,175.7089,-57.4073,-53.2417,-1.1247,8.0651,520,0.0714,1.0000,0.376665,-2.5834,9.9451,low_inlier
5165,175.7369,-56.1882,-51.8074,1.2191,1.4343,454,0.0451,1.0000,0.376665,3.1286,1.7211,low_inlier
5166,175.7653,-57.0227,-56.1094,-0.8346,-4.3020,308,0.0226,1.0000,0.376665,-2.2489,-5.2567,low_inlier
5167,175.7990,-57.4843,-54.4738,-0.4615,1.6356,288,0.0151,1.0000,0.376665,-1.1141,2.0247,low_inlier
5168,175.8321,-59.3094,-45.5076,-1.8251,8.9662,535,0.0163,1.0000,0.376665,-4.3252,11.0753,low_inlier
5169,175.8655,-59.3511,-45.1708,-0.0417,0.3368,472,0.0301,1.0000,0.376665,-0.0945,0.4151,low_inlier
5170,175.8986,-62.6521,-50.6489,-3.3011,-5.4782,213,0.0100,1.0000,0.376665,-8.5229,-6.6190,low_inlier
5171,175.9319,-60.4738,-44.6648,2.1784,5.9842,254,0.0025,1.0000,0.376665,5.7007,7.2781,low_inlier
5172,175.9651,-60.6608,-47.8901,-0.1870,-3.2253,362,0.0075,1.0000,0.376665,-0.5770,-3.9558,low_inlier
5173,175.9987,-62.6343,-50.4708,-1.9735,-2.5807,199,0.0088,1.0000,0.376665,-5.0729,-3.1041,low_inlier
5174,176.0320,-66.6673,-57.2605,-4.0331,-6.7897,253,0.0088,1.0000,0.376665,-10.4159,-8.2055,low_inlier
5175,176.0655,-67.8667,-57.2859,-1.1993,-0.0255,357,0.0088,1.0000,0.376665,-3.0331,0.0089,low_inlier
5176,176.0988,-67.5581,-57.0197,0.3086,0.2662,389,0.0025,1.0000,0.376665,0.7889,0.3167,low_inlier
5177,176.1319,-69.9269,-64.1232,-2.3688,-7.1035,76,0.0063,1.0000,0.376665,-6.2183,-8.6468,low_inlier
5178,176.1651,-73.9222,-76.8279,-3.9953,-12.7046,186,0.0050,1.0000,0.376665,-10.5114,-15.4729,low_inlier
5179,176.1987,-71.0397,-72.1194,2.8826,4.7085,744,0.0038,1.0000,0.376665,7.4400,5.6875,low_inlier
5180,176.2318,-74.0057,-73.5469,-2.9660,-1.4276,391,0.0038,1.0000,0.376665,-7.5451,-1.6544,low_inlier
5181,176.2652,-74.6162,-62.8737,-0.6105,10.6733,647,0.0013,1.0000,0.376665,-1.1992,13.1317,low_inlier
5182,176.2987,-83.7400,-46.5417,-9.1238,16.3320,797,0.0000,1.0000,0.376665,-22.5408,20.3680,low_inlier
5183,176.3317,-80.1077,-28.6638,3.6323,17.8779,421,0.0114,1.0000,0.376665,9.7606,21.8399,low_inlier
5184,176.3654,-86.0798,-28.7359,-5.9722,-0.0721,335,0.0151,1.0000,0.376665,-15.1018,0.1114,low_inlier
5185,176.3991,-87.3353,-41.9721,-1.2555,-13.2362,369,0.0153,1.0000,0.376665,-3.6013,-16.2175,low_inlier
5186,176.4321,-88.0339,-70.2931,-0.6986,-28.3210,353,0.0127,1.0000,0.376665,-2.6802,-34.7667,low_inlier
5187,176.4659,-75.6553,-58.0915,12.3787,12.2016,346,0.0113,1.0000,0.376665,31.6908,14.5743,low_inlier
5188,176.4991,-73.8391,-71.2930,1.8161,-13.2015,469,0.0113,1.0000,0.376665,4.1657,-16.2778,low_inlier
5189,176.5417,-63.3589,-63.7847,10.4803,7.5083,379,0.0214,1.0000,0.376665,26.7396,8.8724,low_inlier
5190,176.5745,-57.1128,-58.5698,6.2460,5.2149,464,0.0341,1.0000,0.376665,15.9602,6.1970,low_inlier
5191,176.6033,-55.5660,-61.1997,1.5469,-2.6299,531,0.0364,1.0000,0.376665,3.8261,-3.2824,low_inlier
5192,176.6570,-56.4331,-61.4116,-0.8672,-0.2120,125,0.0079,1.0000,0.376665,-2.1993,-0.2314,low_inlier
5193,176.6857,-58.1735,-65.2759,-1.7404,-3.8643,296,0.0013,1.0000,0.376665,-4.5249,-4.6887,low_inlier
5194,176.7144,-58.2843,-76.2628,-0.1108,-10.9869,354,0.0064,1.0000,0.376665,-0.6347,-13.4928,low_inlier
5195,176.7429,-60.9351,-91.0403,-2.6507,-14.7775,517,0.0218,1.0000,0.376665,-7.1787,-18.0643,low_inlier
5196,176.7718,-64.9259,-111.7157,-3.9908,-20.6754,459,0.0602,1.0000,0.376665,-10.7571,-25.2645,low_inlier
5197,176.8003,-68.8288,-129.1916,-3.9029,-17.4759,516,0.0381,1.0000,0.376665,-10.4317,-21.3371,low_inlier
5198,176.8316,-70.9900,-143.3993,-2.1612,-14.2077,323,0.0120,1.0000,0.376665,-5.9226,-17.3806,low_inlier
5199,176.8651,-72.6557,-153.0190,-1.6657,-9.6197,404,0.0786,1.0000,0.376665,-4.5218,-11.7612,low_inlier
5200,176.8986,-74.2509,-162.6429,-1.5953,-9.6239,547,0.2073,1.0000,0.376665,-4.3439,-11.7688,low_inlier
5201,176.9324,-76.7228,-174.6473,-2.4718,-12.0045,560,0.2310,1.0000,0.376665,-6.6369,-14.6638,low_inlier
5202,176.9651,-78.8051,-184.0973,-2.0823,-9.4500,535,0.1462,1.0000,0.376665,-5.5696,-11.5388,low_inlier
5203,176.9979,-80.9648,-192.2114,-2.1598,-8.1141,482,0.1669,1.0000,0.376665,-5.7223,-9.8953,low_inlier
5204,177.0320,-83.5297,-198.8546,-2.5649,-6.6432,481,0.1391,1.0000,0.376665,-6.6992,-8.0747,low_inlier
5205,177.0652,-86.5094,-206.2094,-2.9797,-7.3548,568,0.2610,1.0000,0.376665,-7.7709,-8.9350,low_inlier
5206,177.0988,-88.9105,-213.6282,-2.4011,-7.4188,541,0.2345,1.0000,0.376665,-6.3101,-9.0330,low_inlier
5207,177.1318,-91.1479,-218.6561,-2.2374,-5.0280,574,0.3040,1.0000,0.376665,-5.8190,-6.1016,low_inlier
5208,177.1651,-92.9086,-222.8078,-1.7607,-4.1517,574,0.2028,1.0000,0.376665,-4.5856,-5.0411,low_inlier
5209,177.1985,-93.3426,-228.6417,-0.4340,-5.8339,145,0.0218,1.0000,0.376665,-1.2856,-7.1519,low_inlier
5210,177.2323,-90.9958,-233.0599,2.3468,-4.4181,241,0.0096,1.0000,0.376665,5.7909,-5.5059,low_inlier
5211,177.2655,-84.6451,-232.6942,6.3507,0.3656,176,0.0068,1.0000,0.376665,16.0683,0.2365,low_inlier
5212,177.2981,-77.5403,-241.2875,7.1048,-8.5933,305,0.0170,1.0000,0.376665,17.6858,-10.7941,low_inlier
5213,177.3321,-72.2846,-254.8515,5.2558,-13.5640,388,0.0530,1.0000,0.376665,12.8506,-16.8383,low_inlier
5214,177.3651,-69.0882,-272.0827,3.1963,-17.2312,115,0.0172,1.0000,0.376665,7.5254,-21.2742,low_inlier
5215,177.3987,-71.5098,-270.1796,-2.4216,1.9032,221,0.0068,1.0000,0.376665,-6.0612,2.4190,low_inlier
5216,177.4319,-77.6585,-269.9452,-6.1486,0.2343,561,0.0027,1.0000,0.376665,-15.5381,0.4937,low_inlier
5217,177.4650,-79.3700,-270.2974,-1.7115,-0.3522,509,0.0117,1.0000,0.376665,-4.3386,-0.3753,low_inlier
5218,177.4985,-69.7439,-268.7515,9.6261,1.5459,343,0.0030,1.0000,0.376665,24.3877,1.5767,low_inlier
5219,177.5314,-58.7095,-275.5078,11.0343,-6.7563,469,0.0156,1.0000,0.376665,27.6802,-8.6690,low_inlier
5220,177.5652,-51.3180,-283.6877,7.3915,-8.1799,467,0.0567,1.0000,0.376665,18.4241,-10.2959,low_inlier
5221,177.5983,-45.3913,-284.0794,5.9267,-0.3917,167,0.0135,1.0000,0.376665,14.9719,-0.6796,low_inlier
5222,177.6512,-45.5627,-282.9246,-0.1713,1.1548,731,0.1814,1.0000,0.376665,-0.3959,1.4243,low_inlier
5223,177.6789,-45.8848,-289.6346,-0.3222,-6.7100,356,0.0531,1.0000,0.376665,-1.0311,-8.2320,low_inlier
5224,177.7067,-46.5514,-294.1104,-0.6666,-4.4758,587,0.0455,1.0000,0.376665,-1.8297,-5.4758,low_inlier
5225,177.7346,-44.9873,-295.5858,1.5641,-1.4754,393,0.0651,1.0000,0.376665,3.9069,-1.8647,low_inlier
5226,177.7653,-41.9732,-298.0973,3.0141,-2.5115,454,0.0485,1.0000,0.376665,7.5395,-3.1861,low_inlier
5227,177.7987,-35.8206,-308.1977,6.1526,-10.1003,474,0.0528,1.0000,0.376665,15.2297,-12.6135,low_inlier
5228,177.8316,-29.6869,-318.6425,6.1337,-10.4449,322,0.0173,1.0000,0.376665,15.1709,-13.0361,low_inlier
5229,177.8648,-22.9342,-329.9668,6.7527,-11.3242,316,0.0517,1.0000,0.376665,16.7076,-14.1370,low_inlier
5230,177.9057,-19.0653,-335.6569,3.8689,-5.6902,429,0.2079,1.0000,0.376665,9.5982,-7.1194,low_inlier
5231,177.9349,-18.8007,-340.3014,0.2646,-4.6444,578,0.3095,1.0000,0.376665,0.5191,-5.7142,low_inlier
5232,177.9653,-20.1784,-342.3111,-1.3777,-2.0097,475,0.2396,1.0000,0.376665,-3.5481,-2.4227,low_inlier
5233,177.9982,-20.3937,-342.1155,-0.2153,0.1956,633,0.3110,1.0000,0.376665,-0.5381,0.2475,low_inlier
5234,178.0323,-20.2315,-340.4345,0.1622,1.6810,623,0.4751,1.0000,0.376665,0.4643,2.0596,low_inlier
5235,178.0649,-21.8031,-334.2401,-1.5716,6.1944,495,0.1401,1.0000,0.376665,-3.7736,7.6619,low_inlier
5236,178.0984,-24.3552,-324.7336,-2.5521,9.5065,583,0.1796,1.0000,0.376665,-6.1457,11.7634,low_inlier
5237,178.1316,-26.3321,-317.1079,-1.9769,7.6258,626,0.2774,1.0000,0.376665,-4.7522,9.4338,low_inlier
5238,178.1648,-29.3900,-308.1805,-3.0579,8.9274,510,0.1090,1.0000,0.376665,-7.4434,11.0690,low_inlier
5239,178.1985,-32.2778,-294.3681,-2.8878,13.8124,421,0.0970,1.0000,0.376665,-6.8555,17.0641,low_inlier
5240,179.9894,-29.7115,-291.5359,2.5663,2.8322,461,0.0000,1.0000,0.171236,-3.9951,33.0536,low_inlier
5241,180.0202,-30.0211,-291.8076,-0.3096,-0.2716,620,0.3550,1.0000,0.171236,0.0132,-3.1936,low_inlier
5242,180.0489,-30.1596,-291.8629,-0.1385,-0.0553,624,0.6500,1.0000,0.171236,-0.4377,-0.6783,
5243,180.0770,-30.2383,-291.9132,-0.0787,-0.0503,626,0.6725,1.0000,0.171236,-0.1223,-0.5990,
5244,180.1050,-30.3342,-291.9088,-0.0959,0.0044,599,0.6312,1.0000,0.171236,-0.5887,0.0145,
5245,180.1335,-30.3587,-291.9037,-0.0245,0.0051,633,0.4793,1.0000,0.171236,-0.1769,0.0485,low_inlier
5246,180.1614,-30.2467,-291.7402,0.1120,0.1635,615,0.4166,1.0000,0.171236,-0.4413,1.8944,low_inlier
5247,180.1901,-30.0867,-291.6745,0.1600,0.0658,589,0.1258,1.0000,0.171236,0.4927,0.8045,low_inlier
5248,180.2184,-30.0613,-291.6795,0.0254,-0.0050,637,0.4155,1.0000,0.171236,0.1818,-0.0474,low_inlier
5249,180.2465,-29.9094,-291.5637,0.1519,0.1158,591,0.4931,1.0000,0.171236,0.1105,1.3692,low_inlier
5250,180.2750,-29.8587,-291.5581,0.0507,0.0056,563,0.1203,1.0000,0.171236,0.2587,0.0817,low_inlier
5251,180.3034,-30.1764,-291.8957,-0.3178,-0.3376,498,0.0977,1.0000,0.171236,0.4072,-3.9450,low_inlier
5252,180.3602,-30.5803,-292.1141,-0.4039,-0.2184,508,0.1902,1.0000,0.171236,-0.8935,-2.6248,low_inlier
5253,180.3889,-30.5979,-292.1118,-0.0176,0.0023,710,0.3825,1.0000,0.171236,-0.1182,0.0197,low_inlier
5254,180.4170,-30.7578,-292.1645,-0.1598,-0.0527,684,0.1830,1.0000,0.171236,-0.5794,-0.6563,low_inlier
5255,180.4452,-30.9522,-292.5336,-0.1945,-0.3691,527,0.1892,1.0000,0.171236,1.3367,-4.2556,low_inlier
5256,180.4742,-30.9995,-292.8082,-0.0472,-0.2747,713,0.4232,1.0000,0.171236,1.5636,-3.1311,low_inlier
5257,180.5025,-31.0777,-293.0299,-0.0783,-0.2217,711,0.6360,1.0000,0.171236,1.0281,-2.5423,
5258,180.5307,-31.0343,-293.2418,0.0435,-0.2119,673,0.2103,1.0000,0.171236,1.6721,-2.3856,low_inlier
5259,180.5594,-31.0628,-293.3298,-0.0285,-0.0880,720,0.2610,1.0000,0.171236,0.4230,-1.0081,low_inlier
5260,180.5878,-30.7341,-293.4316,0.3287,-0.1018,656,0.3879,1.0000,0.171236,2.5992,-1.0332,low_inlier
5261,180.6163,-30.1741,-293.4781,0.5600,-0.0465,627,0.7159,1.0000,0.171236,3.5781,-0.3205,
5262,180.6447,-29.4267,-293.3009,0.7474,0.1772,622,0.5795,1.0000,0.171236,3.1733,2.2841,
5263,180.6732,-28.8650,-293.1734,0.5617,0.1275,652,0.4269,1.0000,0.171236,2.4229,1.6526,low_inlier
5264,180.7023,-28.5205,-293.1059,0.3445,0.0676,609,0.6154,1.0000,0.171236,1.5570,0.8932,
5265,180.7308,-28.1974,-293.0144,0.3231,0.0914,651,0.6380,1.0000,0.171236,1.2722,1.1558,
5266,180.7593,-27.5556,-292.7626,0.6418,0.2518,660,0.5391,1.0000,0.171236,2.0573,3.0917,
5267,180.7877,-27.2690,-292.5992,0.2866,0.1633,644,0.4390,1.0000,0.171236,0.5783,1.9574,low_inlier
5268,180.8179,-27.0497,-292.4822,0.2192,0.1170,672,0.6043,1.0000,0.171236,0.4952,1.4076,
5269,180.8462,-26.8517,-292.3480,0.1981,0.1342,594,0.4259,1.0000,0.171236,0.2565,1.5949,low_inlier
5270,180.8748,-27.1048,-292.2943,-0.2532,0.0537,588,0.5635,1.0000,0.171236,-1.8362,0.5154,
5271,180.9033,-27.4814,-292.2779,-0.3766,0.0163,636,0.5050,1.0000,0.171236,-2.3059,0.0462,
5272,180.9317,-27.5453,-292.2665,-0.0639,0.0114,676,0.4636,1.0000,0.171236,-0.4493,0.1057,low_inlier
5273,180.9599,-27.7041,-292.2936,-0.1588,-0.0271,621,0.5338,1.0000,0.171236,-0.7451,-0.3655,
5274,180.9882,-28.1161,-292.2495,-0.4119,0.0441,602,0.1985,1.0000,0.171236,-2.6985,0.3484,low_inlier
5275,181.0168,-28.1909,-292.0935,-0.0748,0.1560,689,0.5564,1.0000,0.171236,-1.4809,1.7411,
5276,181.0455,-27.7971,-291.9339,0.3938,0.1596,708,0.7259,1.0000,0.171236,1.2284,1.9544,
5277,181.0735,-27.9222,-291.8078,-0.1251,0.1261,648,0.4724,1.0000,0.171236,-1.5739,1.3835,low_inlier
5278,181.1019,-27.9193,-291.5972,0.0028,0.2106,718,0.4812,1.0000,0.171236,-1.3938,2.3885,low_inlier
5279,181.1301,-27.5142,-291.3818,0.4051,0.2154,715,0.7610,1.0000,0.171236,0.9210,2.5908,
5280,181.1585,-27.2106,-291.2943,0.3036,0.0875,623,0.8093,1.0000,0.171236,1.1853,1.1039,
5281,181.1869,-26.6900,-291.1446,0.5206,0.1497,647,0.7119,1.0000,0.171236,2.0339,1.8893,
5282,181.2394,-26.1167,-290.9782,0.5733,0.1664,736,0.8872,1.0000,0.171236,2.2299,2.0978,
5283,181.2678,-25.5801,-290.9430,0.5366,0.0352,737,0.8684,1.0000,0.171236,2.8944,0.5971,
5284,181.2961,-25.1233,-290.8061,0.4568,0.1369,660,0.3955,1.0000,0.171236,1.7481,1.7199,low_inlier
5285,181.3246,-24.6376,-290.6519,0.4857,0.1543,715,0.8596,1.0000,0.171236,1.8003,1.9280,
5286,181.3530,-24.1126,-290.5576,0.5251,0.0943,734,0.8285,1.0000,0.171236,2.4314,1.2626,
5287,181.3812,-24.0712,-290.5223,0.0414,0.0353,720,0.7920,1.0000,0.171236,0.0052,0.4151,
5288,181.4091,-24.0585,-290.3982,0.0127,0.1241,702,0.2886,1.0000,0.171236,-0.7566,1.4112,low_inlier
5289,181.4377,-24.0148,-290.2767,0.0436,0.1215,668,0.5501,1.0000,0.171236,-0.5590,1.3935,
5290,181.4659,-24.0730,-290.2521,-0.0581,0.0246,707,0.8287,1.0000,0.171236,-0.5039,0.2575,
5291,181.4937,-23.9655,-290.2433,0.1075,0.0088,727,0.8761,1.0000,0.171236,0.5677,0.1398,
5292,181.5215,-24.2612,-290.1964,-0.2956,0.0469,690,0.6412,1.0000,0.171236,-2.0387,0.4228,
5293,181.5500,-24.3929,-290.2854,-0.1317,-0.0890,727,0.4768,1.0000,0.171236,-0.1723,-1.0576,low_inlier
5294,181.5783,-24.4223,-290.4152,-0.0295,-0.1299,691,0.8498,1.0000,0.171236,0.6978,-1.4831,
5295,181.6069,-24.4931,-290.5516,-0.0708,-0.1363,693,0.8688,1.0000,0.171236,0.5001,-1.5718,
5296,181.6352,-24.7600,-290.7841,-0.2669,-0.2325,694,0.8634,1.0000,0.171236,-0.0002,-2.7337,
5297,181.6632,-25.0737,-291.0277,-0.3137,-0.2436,673,0.7915,1.0000,0.171236,-0.1985,-2.8776,
5298,181.6914,-24.8284,-291.0880,0.2453,-0.0603,698,0.8423,1.0000,0.171236,1.8347,-0.5929,
5299,181.7196,-24.7759,-291.1697,0.0525,-0.0817,707,0.8085,1.0000,0.171236,0.8534,-0.9071,
5300,181.7479,-25.0732,-291.3127,-0.2973,-0.1430,710,0.6709,1.0000,0.171236,-0.7771,-1.7304,
5301,181.7760,-25.0764,-291.3475,-0.0032,-0.0349,734,0.8375,1.0000,0.171236,0.2150,-0.3964,
5302,181.8039,-25.1207,-291.4967,-0.0443,-0.1492,703,0.8455,1.0000,0.171236,0.7410,-1.7079,
5303,181.8321,-25.2075,-291.6053,-0.0868,-0.1086,694,0.8285,1.0000,0.171236,0.2204,-1.2627,
5304,181.8603,-25.3159,-291.7374,-0.1084,-0.1321,635,0.7907,1.0000,0.171236,0.2522,-1.5374,
5305,181.8889,-25.5922,-291.9184,-0.2763,-0.1810,640,0.7889,1.0000,0.171236,-0.3996,-2.1542,
5306,181.9170,-25.8307,-292.0126,-0.2385,-0.0942,634,0.7975,1.0000,0.171236,-0.7609,-1.1554,
5307,181.9451,-26.2855,-292.2610,-0.4547,-0.2484,626,0.6999,1.0000,0.171236,-0.9892,-2.9839,
5308,181.9735,-26.9587,-292.5003,-0.6732,-0.2393,629,0.5987,1.0000,0.171236,-2.3245,-2.9613,
5309,182.0019,-27.2816,-292.5266,-0.3230,-0.0262,656,0.6683,1.0000,0.171236,-1.7081,-0.4167,
5310,182.0300,-27.6825,-292.4544,-0.4008,0.0721,645,0.6228,1.0000,0.171236,-2.8212,0.6698,
5311,182.0566,-0.0206,0.0878,-0.0206,0.0878,651,0.7215,1.0000,0.171236,-0.7079,0.9879,
5312,182.1072,0.1498,0.2938,0.1703,0.2060,737,0.8532,1.0000,0.171236,-0.3856,2.3978,
5313,182.1337,0.2194,0.2378,0.0696,-0.0560,691,0.4450,1.0000,0.171236,0.7805,-0.6088,low_inlier
5314,182.1604,0.3571,0.1956,0.1377,-0.0423,775,0.3217,1.0000,0.171236,1.0862,-0.4283,low_inlier
5315,182.1869,0.8147,0.4211,0.4576,0.2256,471,0.3275,1.0000,0.171236,1.1588,2.7261,low_inlier
5316,182.2140,1.0244,0.3876,0.2097,-0.0335,728,0.7688,1.0000,0.171236,1.4477,-0.3024,
5317,182.2403,1.0475,0.3631,0.0231,-0.0246,761,0.9550,1.0000,0.171236,0.2990,-0.2699,
5318,182.2660,1.2279,0.4516,0.1804,0.0885,757,0.9537,1.0000,0.171236,0.4598,1.0695,
5319,182.2922,1.2280,0.4162,0.0001,-0.0354,771,0.9663,1.0000,0.171236,0.2373,-0.4007,
5320,182.3177,1.2594,0.4021,0.0314,-0.0141,760,0.9613,1.0000,0.171236,0.2774,-0.1479,
5321,182.3440,1.3182,0.4156,0.0588,0.0134,755,0.9550,1.0000,0.171236,0.2534,0.1737,
5322,182.3700,1.5097,0.4399,0.1915,0.0244,752,0.9350,1.0000,0.171236,0.9540,0.3468,
5323,182.3958,1.7405,0.5382,0.2308,0.0983,740,0.8688,1.0000,0.171236,0.6882,1.1991,
5324,182.4223,1.9775,0.6777,0.2370,0.1395,737,0.9073,1.0000,0.171236,0.4484,1.6689,
5325,182.4489,2.1628,0.7417,0.1853,0.0640,731,0.9024,1.0000,0.171236,0.6522,0.7941,
5326,182.4754,2.2583,0.8780,0.0955,0.1363,728,0.8673,1.0000,0.171236,-0.3557,1.5807,
5327,182.5017,2.4860,1.0132,0.2277,0.1352,710,0.8661,1.0000,0.171236,0.4231,1.6163,
5328,182.5281,2.6086,1.1087,0.1225,0.0955,724,0.8575,1.0000,0.171236,0.0754,1.1275,
5329,182.5547,2.5486,1.0426,-0.0599,-0.0661,708,0.7875,1.0000,0.171236,0.0932,-0.7716,
5330,182.5814,2.4492,0.9941,-0.0994,-0.0485,719,0.5312,1.0000,0.171236,-0.2551,-0.5863,
5331,182.6076,2.1554,0.9608,-0.2939,-0.0333,697,0.8137,1.0000,0.171236,-1.4916,-0.4855,
5332,182.6342,1.8833,0.8277,-0.2721,-0.1331,707,0.6112,1.0000,0.171236,-0.6954,-1.6097,
5333,182.6608,1.4673,0.6796,-0.4160,-0.1481,707,0.8237,1.0000,0.171236,-1.4353,-1.8318,
5334,182.6874,0.9298,0.5435,-0.5375,-0.1361,716,0.6608,1.0000,0.171236,-2.2236,-1.7414,
5335,182.7140,0.6536,0.3809,-0.2762,-0.1626,742,0.9136,1.0000,0.171236,-0.5225,-1.9452,
5336,182.7405,0.2241,0.1356,-0.4295,-0.2453,751,0.9060,1.0000,0.171236,-0.8626,-2.9391,
5337,182.7672,-0.0286,0.0264,-0.2527,-0.1092,764,0.8698,1.0000,0.171236,-0.7431,-1.3309,
5338,182.7936,-0.3526,-0.0147,-0.3240,-0.0411,757,0.7177,1.0000,0.171236,-1.6149,-0.5853,
5339,182.8201,-0.6661,-0.1275,-0.3135,-0.1129,764,0.7604,1.0000,0.171236,-1.0732,-1.3951,
5340,182.8468,-1.0474,-0.2455,-0.3813,-0.1179,749,0.7240,1.0000,0.171236,-1.4344,-1.4776,
5341,182.8733,-1.3388,-0.2524,-0.2914,-0.0069,743,0.8181,1.0000,0.171236,-1.6539,-0.1855,
5342,182.9234,-1.3219,-0.2549,0.0169,-0.0025,763,0.9537,1.0000,0.171236,0.1158,-0.0226,
5343,182.9493,-1.1641,-0.3221,0.1578,-0.0672,753,0.9363,1.0000,0.171236,1.3707,-0.7039,
5344,182.9757,-1.1761,-0.3866,-0.0120,-0.0645,750,0.9563,1.0000,0.171236,0.3618,-0.7356,
5345,183.0018,-1.1964,-0.3869,-0.0203,-0.0003,765,0.9550,1.0000,0.171236,-0.1166,-0.0104,
5346,183.0276,-1.1353,-0.3911,0.0610,-0.0043,761,0.9550,1.0000,0.171236,0.3846,-0.0258,
5347,183.0535,-0.7018,-0.3442,0.4335,0.0469,704,0.5375,1.0000,0.171236,2.2149,0.6915,
5348,183.0804,-0.2950,-0.3120,0.4068,0.0322,661,0.7218,1.0000,0.171236,2.1571,0.5150,
5349,183.1070,0.1800,-0.1259,0.4751,0.1862,744,0.7869,1.0000,0.171236,1.5245,2.2857,
5350,183.1380,0.8959,0.1636,0.7159,0.2894,700,0.7008,1.0000,0.171236,2.2377,3.5452,
5351,183.1672,1.5440,0.4230,0.6481,0.2594,650,0.6722,1.0000,0.171236,2.0437,3.1797,
5352,183.1962,2.2734,0.7446,0.7294,0.3216,640,0.6121,1.0000,0.171236,2.1011,3.9148,
5353,183.2304,2.6276,1.0086,0.3542,0.2640,615,0.4645,1.0000,0.171236,0.2983,3.1235,low_inlier
5354,183.2631,2.8994,1.1954,0.2718,0.1868,653,0.5803,1.0000,0.171236,0.3346,2.2185,
5355,183.2963,3.4157,1.4846,0.5163,0.2892,686,0.4785,1.0000,0.171236,1.0749,3.4690,low_inlier
5356,183.3301,3.4864,1.5969,0.0707,0.1122,675,0.4566,1.0000,0.171236,-0.3390,1.2985,low_inlier
5357,183.3634,3.6344,1.7253,0.1479,0.1285,632,0.5146,1.0000,0.171236,0.0028,1.5109,
5358,183.3969,4.1326,1.9631,0.4982,0.2378,690,0.3776,1.0000,0.171236,1.3141,2.8790,low_inlier
5359,183.4301,4.3179,2.0596,0.1854,0.0965,695,0.4726,1.0000,0.171236,0.4354,1.1619,low_inlier
5360,183.4635,4.3820,2.1157,0.0640,0.0562,666,0.6043,1.0000,0.171236,-0.0027,0.6605,
5361,183.4962,4.4655,2.1077,0.0835,-0.0080,659,0.5990,1.0000,0.171236,0.5409,-0.0599,
5362,183.5301,4.4195,2.0303,-0.0460,-0.0775,652,0.5619,1.0000,0.171236,0.2504,-0.8953,
5363,183.5634,4.0297,2.0585,-0.3898,0.0282,561,0.1982,1.0000,0.171236,-2.4629,0.1763,low_inlier
5364,183.5969,4.0962,2.3581,0.0665,0.2996,634,0.3619,1.0000,0.171236,-1.6183,3.4210,low_inlier
5365,183.6298,5.1619,2.7854,1.0657,0.4273,658,0.2341,1.0000,0.171236,3.3548,5.2375,low_inlier
5366,183.6632,5.9772,3.2376,0.8153,0.4522,586,0.2863,1.0000,0.171236,1.7282,5.4269,low_inlier
5367,183.6962,6.1325,3.4227,0.1553,0.1851,657,0.3944,1.0000,0.171236,-0.3334,2.1552,low_inlier
5368,183.7302,5.8134,3.4986,-0.3191,0.0759,591,0.4206,1.0000,0.171236,-2.3694,0.7427,low_inlier
5369,183.7630,5.9468,3.6785,0.1334,0.1799,619,0.4484,1.0000,0.171236,-0.4265,2.0885,low_inlier
5370,183.7964,6.3636,3.8501,0.4168,0.1716,611,0.4860,1.0000,0.171236,1.2823,2.0991,low_inlier
5371,183.8302,6.3440,3.8068,-0.0196,-0.0433,582,0.6498,1.0000,0.171236,0.1752,-0.4977,
5372,183.8810,6.2701,3.7670,-0.0739,-0.0398,749,0.8100,1.0000,0.171236,-0.1647,-0.4780,
5373,183.9072,6.3299,3.7638,0.0598,-0.0033,773,0.7975,1.0000,0.171236,0.3707,-0.0148,
5374,183.9333,6.6052,3.8223,0.2753,0.0586,748,0.9250,1.0000,0.171236,1.2136,0.7654,
5375,183.9627,6.8720,3.8602,0.2668,0.0379,563,0.4600,1.0000,0.171236,1.3026,0.5277,low_inlier
5376,183.9961,7.0900,3.8979,0.2181,0.0377,706,0.7475,1.0000,0.171236,1.0194,0.5081,
5377,184.0297,7.2047,3.9669,0.1147,0.0690,773,0.8750,1.0000,0.171236,0.2068,0.8246,
5378,184.0626,7.3308,4.0385,0.1261,0.0716,765,0.7997,1.0000,0.171236,0.2565,0.8578,
5379,184.0961,7.4809,4.2680,0.1501,0.2295,743,0.9384,1.0000,0.171236,-0.6614,2.6571,
5380,184.1293,7.8536,4.6028,0.3727,0.3348,746,0.9014,1.0000,0.171236,-0.0675,3.9324,
5381,184.1626,8.7440,5.0667,0.8905,0.4639,690,0.4778,1.0000,0.171236,2.0878,5.5875,low_inlier
5382,184.1958,10.3999,5.5604,1.6558,0.4937,670,0.2705,1.0000,0.171236,6.3529,6.2077,low_inlier
5383,184.2294,12.2800,6.0618,1.8801,0.5014,657,0.1778,1.0000,0.171236,7.6099,6.3773,low_inlier
5384,184.2625,14.8777,6.9506,2.5977,0.8888,489,0.0552,1.0000,0.171236,9.2012,11.0344,low_inlier
5385,184.2959,18.1620,8.1663,3.2843,1.2156,420,0.0532,1.0000,0.171236,11.0178,14.9921,low_inlier
5386,184.3295,21.0677,9.3477,2.9057,1.1815,463,0.0773,1.0000,0.171236,9.0385,14.4652,low_inlier
5387,184.3626,23.8676,10.4873,2.7999,1.1396,468,0.1313,1.0000,0.171236,8.7016,13.9519,low_inlier
5388,184.3959,26.6730,11.6311,2.8054,1.1438,544,0.0591,1.0000,0.171236,8.7059,14.0007,low_inlier
5389,184.4295,29.3577,12.7450,2.6846,1.1139,613,0.0683,1.0000,0.171236,8.2012,13.6180,low_inlier
5390,184.4627,32.4124,13.6985,3.0547,0.9535,525,0.0609,1.0000,0.171236,11.4345,11.9352,low_inlier
5391,184.4958,35.1087,14.4535,2.6963,0.7550,525,0.0988,1.0000,0.171236,10.6727,9.5531,low_inlier
5392,184.5292,37.8741,15.2471,2.7654,0.7937,532,0.1147,1.0000,0.171236,10.8168,10.0172,low_inlier
5393,184.5625,40.7157,16.0188,2.8416,0.7717,659,0.0784,1.0000,0.171236,11.4081,9.7964,low_inlier
5394,184.5958,43.3583,16.6912,2.6426,0.6724,613,0.0596,1.0000,0.171236,10.9126,8.5971,low_inlier
5395,184.6291,45.9308,17.3059,2.5724,0.6146,592,0.1134,1.0000,0.171236,10.8901,7.9163,low_inlier
5396,184.6624,48.1371,17.9446,2.2064,0.6388,640,0.1423,1.0000,0.171236,8.5930,8.0550,low_inlier
5397,184.6957,50.2274,18.6116,2.0903,0.6670,659,0.1954,1.0000,0.171236,7.7268,8.3320,low_inlier
5398,184.7295,52.3627,19.4346,2.1353,0.8229,643,0.1567,1.0000,0.171236,6.9449,10.1167,low_inlier
5399,184.7626,54.4806,20.2459,2.1179,0.8113,612,0.1607,1.0000,0.171236,6.9215,9.9788,low_inlier
5400,184.7957,56.4791,21.2045,1.9985,0.9587,561,0.1412,1.0000,0.171236,5.2383,11.6048,low_inlier
5401,184.8290,58.4692,22.1494,1.9901,0.9448,607,0.1187,1.0000,0.171236,5.2822,11.4450,low_inlier
5402,184.8808,60.3015,23.0514,1.8323,0.9020,595,0.1628,1.0000,0.171236,4.6484,10.9012,low_inlier
5403,184.9084,61.8094,23.8026,1.5079,0.7512,551,0.1423,1.0000,0.171236,3.7657,9.0723,low_inlier
5404,184.9362,63.1327,24.4245,1.3233,0.6219,564,0.2415,1.0000,0.171236,3.5542,7.5386,low_inlier
5405,184.9636,64.4768,25.0767,1.3441,0.6522,520,0.1650,1.0000,0.171236,3.4732,7.8892,low_inlier
5406,184.9961,65.6640,25.7038,1.1872,0.6271,525,0.1371,1.0000,0.171236,2.7262,7.5468,low_inlier
5407,185.0290,66.6333,26.0924,0.9693,0.3886,585,0.2055,1.0000,0.171236,3.0521,4.7628,low_inlier
5408,185.0622,67.2084,26.4270,0.5751,0.3345,484,0.3040,1.0000,0.171236,1.1144,4.0046,low_inlier
5409,185.0955,68.0525,26.8739,0.8441,0.4470,667,0.2762,1.0000,0.171236,1.9309,5.3783,low_inlier
5410,185.1289,69.2734,27.3731,1.2209,0.4992,556,0.1578,1.0000,0.171236,3.7791,6.1096,low_inlier
5411,185.1622,70.5926,27.8708,1.3192,0.4977,535,0.1447,1.0000,0.171236,4.3624,6.1286,low_inlier
5412,185.1956,71.4998,28.4012,0.9072,0.5304,521,0.3020,1.0000,0.171236,1.7407,6.3470,low_inlier
5413,185.2293,72.7180,29.0459,1.2182,0.6447,531,0.2778,1.0000,0.171236,2.7890,7.7584,low_inlier
5414,185.2625,73.9307,29.7237,1.2126,0.6778,665,0.4063,1.0000,0.171236,2.5352,8.1306,low_inlier
5415,185.2955,76.1279,30.6852,2.1973,0.9615,497,0.1591,1.0000,0.171236,6.3788,11.7106,low_inlier
5416,185.3289,78.7526,31.8270,2.6247,1.1418,555,0.0985,1.0000,0.171236,7.6646,13.9121,low_inlier
5417,185.3619,80.7804,32.7951,2.0278,0.9681,626,0.1326,1.0000,0.171236,5.3464,11.7224,low_inlier
5418,185.3960,83.4439,33.8436,2.6634,1.0485,493,0.0663,1.0000,0.171236,8.5156,12.8683,low_inlier
5419,185.4295,85.9584,34.8075,2.5145,0.9639,491,0.1031,1.0000,0.171236,8.2131,11.8550,low_inlier
5420,185.4621,88.1773,35.5117,2.2189,0.7042,503,0.1277,1.0000,0.171236,8.2283,8.8010,low_inlier
5421,185.4955,90.2287,36.1619,2.0514,0.6502,668,0.1658,1.0000,0.171236,7.6125,8.1277,low_inlier
5422,185.5288,92.3246,36.8558,2.0958,0.6939,673,0.1731,1.0000,0.171236,7.5793,8.6387,low_inlier
5423,185.5622,94.3266,37.5645,2.0021,0.7088,555,0.1622,1.0000,0.171236,6.9326,8.7733,low_inlier
5424,185.5956,95.9281,38.1419,1.6014,0.5774,665,0.2637,1.0000,0.171236,5.4753,7.1360,low_inlier
5425,185.6290,97.4098,38.6634,1.4817,0.5215,654,0.4023,1.0000,0.171236,5.1515,6.4581,low_inlier
5426,185.6621,99.1525,39.2463,1.7427,0.5829,680,0.3354,1.0000,0.171236,6.2624,7.2504,low_inlier
5427,185.6955,100.8574,39.8665,1.7050,0.6202,642,0.2656,1.0000,0.171236,5.7926,7.6596,low_inlier
5428,185.7297,102.3504,40.4430,1.4930,0.5766,672,0.3766,1.0000,0.171236,4.8478,7.0871,low_inlier
5429,185.7621,104.0192,41.1107,1.6688,0.6677,650,0.3686,1.0000,0.171236,5.2636,8.1848,low_inlier
5430,185.7953,105.8126,41.8388,1.7934,0.7280,596,0.1643,1.0000,0.171236,5.5862,8.9147,low_inlier
5431,185.8291,107.3404,42.4498,1.5278,0.6110,566,0.2657,1.0000,0.171236,4.8208,7.4899,low_inlier
5432,185.8810,108.6267,43.0922,1.2863,0.6424,762,0.5220,1.0000,0.171236,3.2014,7.7570,
5433,185.9086,109.7745,43.6388,1.1478,0.5466,628,0.3489,1.0000,0.171236,3.0350,6.6203,low_inlier
5434,185.9363,110.7693,44.1817,0.9948,0.5429,688,0.2364,1.0000,0.171236,2.1677,6.5215,low_inlier
5435,185.9642,111.8424,44.8080,1.0731,0.6263,653,0.5266,1.0000,0.171236,2.0663,7.4953,
5436,185.9957,112.6582,45.3684,0.8157,0.5604,674,0.7494,1.0000,0.171236,1.0061,6.6535,
5437,186.0291,113.5535,45.8947,0.8954,0.5263,702,0.7913,1.0000,0.171236,1.6986,6.2967,
5438,186.0621,114.3809,46.5085,0.8273,0.6139,720,0.8647,1.0000,0.171236,0.7156,7.2641,
5439,186.0961,115.1875,47.0560,0.8066,0.5475,683,0.8199,1.0000,0.171236,1.0387,6.5044,
5440,186.1298,116.0918,47.5936,0.9043,0.5376,674,0.8008,1.0000,0.171236,1.6755,6.4275,
5441,186.1623,117.0663,48.1165,0.9746,0.5229,669,0.7624,1.0000,0.171236,2.1835,6.2872,
5442,186.1961,117.8808,48.6088,0.8144,0.4923,682,0.7734,1.0000,0.171236,1.4544,5.8812,
5443,186.2296,118.8870,49.1231,1.0062,0.5143,692,0.6479,1.0000,0.171236,2.4254,6.2017,
5444,186.2627,120.0263,49.6349,1.1394,0.5118,653,0.7616,1.0000,0.171236,3.2192,6.2220,
5445,186.2964,120.9493,50.1320,0.9230,0.4971,630,0.6876,1.0000,0.171236,2.0554,5.9756,
5446,186.3292,121.7920,50.6064,0.8427,0.4744,661,0.2619,1.0000,0.171236,1.7390,5.6886,low_inlier
5447,186.3625,123.0054,51.0990,1.2134,0.4926,583,0.3025,1.0000,0.171236,3.7794,6.0324,low_inlier
5448,186.3957,124.2258,51.6792,1.2204,0.5802,695,0.5808,1.0000,0.171236,3.2338,7.0272,
5449,186.4287,125.4594,52.2916,1.2336,0.6124,702,0.4753,1.0000,0.171236,3.0950,7.3979,low_inlier
5450,186.4622,126.8368,52.7841,1.3774,0.4924,714,0.3004,1.0000,0.171236,4.7369,6.0905,low_inlier
5451,186.4952,127.9914,53.1831,1.1547,0.3991,751,0.5019,1.0000,0.171236,4.0634,4.9498,
5452,186.5287,129.2543,53.5980,1.2629,0.4148,729,0.7057,1.0000,0.171236,4.5890,5.1682,
5453,186.5623,129.7768,53.9777,0.5225,0.3797,742,0.6291,1.0000,0.171236,0.5053,4.4973,
5454,186.5953,130.5143,54.4120,0.7375,0.4343,709,0.5634,1.0000,0.171236,1.3939,5.1954,
5455,186.6280,131.6330,54.8312,1.1186,0.4192,686,0.4083,1.0000,0.171236,3.7184,5.1645,low_inlier
5456,186.6623,132.1203,55.1776,0.4873,0.3465,722,0.7920,1.0000,0.171236,0.5225,4.1077,
5457,186.6955,132.3464,55.4705,0.2261,0.2929,715,0.7682,1.0000,0.171236,-0.6421,3.4034,
5458,186.7288,132.7767,55.7752,0.4303,0.3047,717,0.8306,1.0000,0.171236,0.4695,3.6133,
5459,186.7623,133.1305,55.9533,0.3538,0.1781,715,0.8348,1.0000,0.171236,0.8714,2.1491,
5460,186.7958,133.1053,56.0175,-0.0252,0.0642,722,0.8185,1.0000,0.171236,-0.5765,0.7182,
5461,186.8284,132.9977,55.9018,-0.1077,-0.1156,677,0.6316,1.0000,0.171236,0.1462,-1.3505,
5462,186.8791,132.1542,55.4891,-0.8435,-0.4127,775,0.7365,1.0000,0.171236,-2.1566,-4.9896,
5463,186.9061,130.9222,54.8624,-1.2320,-0.6267,778,0.9574,1.0000,0.171236,-2.9902,-7.5589,
5464,186.9334,129.4262,54.0804,-1.4960,-0.7820,723,0.7179,1.0000,0.171236,-3.4900,-9.4172,
5465,186.9615,127.4859,53.0632,-1.9403,-1.0173,578,0.3877,1.0000,0.171236,-4.5064,-12.2476,low_inlier
5466,186.9956,125.1071,51.8631,-2.3788,-1.2001,666,0.5834,1.0000,0.171236,-5.8401,-14.4822,
5467,187.0286,122.5054,50.5396,-2.6017,-1.3235,557,0.2966,1.0000,0.171236,-6.3142,-15.9631,low_inlier
5468,187.0621,119.4609,49.2218,-3.0445,-1.3178,586,0.2957,1.0000,0.171236,-8.9352,-16.0616,low_inlier
5469,187.0953,116.2910,47.8404,-3.1699,-1.3814,553,0.3726,1.0000,0.171236,-9.2408,-16.8295,low_inlier
5470,187.1286,113.0347,46.4402,-3.2563,-1.4002,589,0.3463,1.0000,0.171236,-9.6185,-17.0745,low_inlier
5471,187.1620,109.6101,45.0199,-3.4246,-1.4203,582,0.2205,1.0000,0.171236,-10.4657,-17.3641,low_inlier
5472,187.1959,105.8048,43.5677,-3.8053,-1.4522,524,0.1553,1.0000,0.171236,-12.4732,-17.8661,low_inlier
5473,187.2290,101.9527,42.2063,-3.8521,-1.3614,572,0.1949,1.0000,0.171236,-13.3541,-16.8540,low_inlier
5474,187.2617,98.2624,40.9255,-3.6904,-1.2807,611,0.2866,1.0000,0.171236,-12.9510,-15.8795,low_inlier
5475,187.2949,94.6423,39.6387,-3.6201,-1.2869,490,0.2437,1.0000,0.171236,-12.4995,-15.9237,low_inlier
5476,187.3282,90.7691,38.3682,-3.8732,-1.2705,564,0.2325,1.0000,0.171236,-14.0859,-15.8314,low_inlier
5477,187.3616,87.0053,37.1125,-3.7637,-1.2556,428,0.2127,1.0000,0.171236,-13.5471,-15.6221,low_inlier
5478,187.3956,83.3505,35.8062,-3.6548,-1.3063,539,0.3040,1.0000,0.171236,-12.5724,-16.1567,low_inlier
5479,187.4288,79.3957,34.3626,-3.9548,-1.4437,597,0.2323,1.0000,0.171236,-13.4020,-17.8246,low_inlier
5480,187.4616,75.2577,32.9442,-4.1380,-1.4184,524,0.2071,1.0000,0.171236,-14.6405,-17.6052,low_inlier
5481,187.4949,71.2280,31.5269,-4.0298,-1.4173,571,0.2538,1.0000,0.171236,-14.0161,-17.5532,low_inlier
5482,187.5283,67.0940,30.0355,-4.1339,-1.4914,431,0.1800,1.0000,0.171236,-14.1277,-18.4313,low_inlier
5483,187.5621,63.0752,28.6654,-4.0189,-1.3701,447,0.1507,1.0000,0.171236,-14.2686,-17.0142,low_inlier
5484,187.5951,59.3199,27.4031,-3.7553,-1.2624,586,0.2222,1.0000,0.171236,-13.4525,-15.6955,low_inlier
5485,187.6284,56.3038,26.2467,-3.0161,-1.1564,544,0.1785,1.0000,0.171236,-9.8500,-14.2220,low_inlier
5486,187.6616,53.8647,25.1764,-2.4391,-1.0703,634,0.3434,1.0000,0.171236,-7.0612,-13.0330,low_inlier
5487,187.6950,51.4066,24.1279,-2.4581,-1.0484,619,0.5013,1.0000,0.171236,-7.3181,-12.7920,
5488,187.7288,48.8582,23.0899,-2.5483,-1.0380,651,0.5215,1.0000,0.171236,-7.9142,-12.7075,
5489,187.7618,46.4322,21.9803,-2.4261,-1.1095,611,0.3698,1.0000,0.171236,-6.7222,-13.4729,low_inlier
5490,187.7946,43.9224,20.7819,-2.5098,-1.1984,632,0.3816,1.0000,0.171236,-6.6154,-14.5116,low_inlier
5491,187.8281,41.2050,19.5431,-2.7174,-1.2388,584,0.3855,1.0000,0.171236,-7.5562,-15.0458,low_inlier
5492,187.8813,38.1535,18.1586,-3.0515,-1.3845,774,0.4333,1.0000,0.171236,-8.5290,-16.8210,low_inlier
5493,187.9091,35.0811,16.7324,-3.0723,-1.4262,678,0.2448,1.0000,0.171236,-8.3720,-17.3006,low_inlier
5494,187.9375,31.9656,15.1654,-3.1155,-1.5670,662,0.2798,1.0000,0.171236,-7.6806,-18.9136,low_inlier
5495,187.9657,28.6736,13.5925,-3.2920,-1.5729,620,0.2199,1.0000,0.171236,-8.6707,-19.0455,low_inlier
5496,187.9951,25.5992,12.0487,-3.0744,-1.5438,570,0.1593,1.0000,0.171236,-7.5961,-18.6351,low_inlier
5497,188.0283,22.7354,10.5041,-2.8638,-1.5445,623,0.2638,1.0000,0.171236,-6.3625,-18.5658,low_inlier
5498,188.0621,19.8393,9.0102,-2.8961,-1.4939,640,0.2701,1.0000,0.171236,-6.8903,-18.0041,low_inlier
5499,188.0955,17.0873,7.7005,-2.7520,-1.3097,577,0.1948,1.0000,0.171236,-7.2831,-15.8621,low_inlier
5500,188.1282,14.6934,6.5927,-2.3939,-1.1078,592,0.3859,1.0000,0.171236,-6.5465,-13.4409,low_inlier
5501,188.1618,12.8432,5.6810,-1.8502,-0.9117,576,0.4586,1.0000,0.171236,-4.6874,-11.0180,low_inlier
5502,188.1949,11.3991,5.0168,-1.4441,-0.6642,620,0.5212,1.0000,0.171236,-3.9758,-8.0627,
5503,188.2286,10.0575,4.4032,-1.3416,-0.6136,623,0.5966,1.0000,0.171236,-3.7176,-7.4504,
5504,188.2616,9.1656,3.8486,-0.8920,-0.5546,622,0.4872,1.0000,0.171236,-1.4893,-6.6162,low_inlier
5505,188.2949,8.3586,3.3688,-0.8070,-0.4798,637,0.2757,1.0000,0.171236,-1.4943,-5.7372,low_inlier
5506,188.3283,7.6664,2.8861,-0.6921,-0.4826,695,0.3939,1.0000,0.171236,-0.8055,-5.7267,low_inlier
5507,188.3622,6.9163,2.3671,-0.7502,-0.5191,664,0.2668,1.0000,0.171236,-0.9004,-6.1609,low_inlier
5508,188.3954,6.1485,1.9156,-0.7678,-0.4515,644,0.1977,1.0000,0.171236,-1.4551,-5.4018,low_inlier
5509,188.4288,5.5380,1.5948,-0.6104,-0.3207,656,0.2443,1.0000,0.171236,-1.4133,-3.8609,low_inlier
5510,188.4615,4.9443,1.2816,-0.5938,-0.3133,673,0.3287,1.0000,0.171236,-1.3660,-3.7702,low_inlier
5511,188.4950,4.2535,0.9401,-0.6908,-0.3415,599,0.2569,1.0000,0.171236,-1.7428,-4.1259,low_inlier
5512,188.5285,3.7109,0.6833,-0.5426,-0.2568,578,0.3867,1.0000,0.171236,-1.4458,-3.1110,low_inlier
5513,188.5617,3.3794,0.3752,-0.3315,-0.3082,660,0.4422,1.0000,0.171236,0.1298,-3.6159,low_inlier
5514,188.5953,2.7284,0.0563,-0.6510,-0.3189,645,0.2967,1.0000,0.171236,-1.6619,-3.8551,low_inlier
5515,188.6281,2.2370,-0.1638,-0.4914,-0.2201,687,0.5851,1.0000,0.171236,-1.3927,-2.6762,
5516,188.6627,1.9129,-0.2883,-0.3241,-0.1245,651,0.5349,1.0000,0.171236,-1.0567,-1.5312,
5517,188.6944,1.8782,-0.3548,-0.0347,-0.0665,667,0.7430,1.0000,0.171236,0.2424,-0.7662,
5518,188.7288,1.5428,-0.4746,-0.3354,-0.1198,663,0.7449,1.0000,0.171236,-1.1540,-1.4821,
5519,188.7615,1.3585,-0.4648,-0.1843,0.0098,659,0.7459,1.0000,0.171236,-1.1407,0.0433,
5520,188.7947,1.5068,-0.3823,0.1483,0.0825,661,0.7716,1.0000,0.171236,0.3123,0.9904,
5521,188.8276,1.7310,-0.1859,0.2242,0.1964,651,0.6599,1.0000,0.171236,-0.0073,2.3089,
5522,188.8784,1.7901,0.1114,0.0591,0.2973,727,0.8092,1.0000,0.171236,-1.6456,3.3920,
5523,188.9056,2.2829,0.4298,0.4927,0.3184,735,0.9345,1.0000,0.171236,0.7425,3.7909,
5524,188.9329,2.8756,0.8054,0.5927,0.3757,728,0.9205,1.0000,0.171236,0.9417,4.4772,
5525,188.9610,3.4612,1.2395,0.5856,0.4340,687,0.8445,1.0000,0.171236,0.5097,5.1363,
5526,188.9943,3.8777,1.4415,0.4165,0.2021,621,0.4056,1.0000,0.171236,1.0766,2.4443,low_inlier
5527,189.0275,4.2913,1.4855,0.4136,0.0440,662,0.7598,1.0000,0.171236,2.1178,0.6513,
5528,189.0611,4.4909,1.5105,0.1996,0.0250,627,0.6272,1.0000,0.171236,0.9972,0.3566,
5529,189.0945,4.4194,1.3821,-0.0715,-0.1284,627,0.6709,1.0000,0.171236,0.4428,-1.4821,
5530,189.1276,4.0834,1.1470,-0.3360,-0.2351,577,0.6883,1.0000,0.171236,-0.3858,-2.7886,
5531,189.1609,3.8706,0.9743,-0.2128,-0.1728,690,0.8702,1.0000,0.171236,-0.0846,-2.0370,
5532,189.1945,3.4735,0.8282,-0.3971,-0.1461,687,0.8752,1.0000,0.171236,-1.3380,-1.8029,
5533,189.2278,2.8517,0.6330,-0.6218,-0.1952,683,0.8333,1.0000,0.171236,-2.3203,-2.4420,
5534,189.2610,2.1422,0.5946,-0.7095,-0.0384,657,0.6544,1.0000,0.171236,-3.8818,-0.6964,
5535,189.2944,1.6607,0.6254,-0.4814,0.0308,711,0.8969,1.0000,0.171236,-3.0147,0.1719,
5536,189.3275,1.0685,0.5797,-0.5923,-0.0457,730,0.8969,1.0000,0.171236,-3.1489,-0.7364,
5537,189.3611,0.3266,0.6106,-0.7419,0.0308,699,0.7522,1.0000,0.171236,-4.5339,0.0759,
5538,189.3946,-0.2400,0.6526,-0.5666,0.0420,675,0.8125,1.0000,0.171236,-3.5863,0.2671,
5539,189.4275,-0.7264,0.6914,-0.4864,0.0388,635,0.7165,1.0000,0.171236,-3.0970,0.2606,
5540,189.4608,-1.0235,0.7225,-0.2971,0.0312,564,0.6616,1.0000,0.171236,-1.9415,0.2437,
5541,189.4943,-1.1814,0.7764,-0.1579,0.0539,612,0.6735,1.0000,0.171236,-1.2823,0.5529,
5542,189.5274,-1.2250,0.7691,-0.0436,-0.0073,644,0.7561,1.0000,0.171236,-0.2050,-0.0992,
5543,189.5608,-1.1586,0.7703,0.0664,0.0012,628,0.7751,1.0000,0.171236,0.3791,0.0380,
5544,189.5944,-1.1503,0.6346,0.0083,-0.1356,625,0.7084,1.0000,0.171236,0.9570,-1.5347,
5545,189.6276,-1.2696,0.5020,-0.1193,-0.1327,602,0.7203,1.0000,0.171236,0.1925,-1.5482,
5546,189.6612,-1.4488,0.3450,-0.1792,-0.1570,599,0.7161,1.0000,0.171236,0.0059,-1.8457,
5547,189.6943,-1.6617,0.1669,-0.2129,-0.1781,614,0.7070,1.0000,0.171236,-0.0492,-2.0978,
5548,189.7279,-1.9762,-0.0902,-0.3145,-0.2571,570,0.6565,1.0000,0.171236,-0.1130,-3.0303,
5549,189.7606,-2.4493,-0.3966,-0.4732,-0.3064,598,0.6920,1.0000,0.171236,-0.7084,-3.6479,
5550,189.7940,-3.0237,-0.7595,-0.5744,-0.3629,611,0.6525,1.0000,0.171236,-0.9208,-4.3255,
5551,189.8275,-3.8668,-1.1888,-0.8431,-0.4293,533,0.4560,1.0000,0.171236,-2.0431,-5.1780,low_inlier
5552,189.8796,-4.7944,-1.7736,-0.9276,-0.5848,693,0.8079,1.0000,0.171236,-1.4949,-6.9717,
5553,189.9081,-5.8675,-2.4801,-1.0731,-0.7065,734,0.8408,1.0000,0.171236,-1.5290,-8.4050,
5554,189.9356,-7.5227,-3.3184,-1.6552,-0.8383,582,0.2462,1.0000,0.171236,-4.0416,-10.1139,low_inlier
5555,189.9647,-9.7157,-4.6128,-2.1930,-1.2944,412,0.0352,1.0000,0.171236,-4.1246,-15.4826,low_inlier
5556,189.9941,-13.0528,-6.5847,-3.3371,-1.9718,463,0.2412,1.0000,0.171236,-6.2625,-23.5844,low_inlier
5557,190.0275,-16.6674,-8.5699,-3.6146,-1.9853,503,0.1149,1.0000,0.171236,-7.7913,-23.8388,low_inlier
5558,190.0606,-21.1452,-10.6381,-4.4778,-2.0682,424,0.0844,1.0000,0.171236,-12.2713,-25.0977,low_inlier
5559,190.0939,-26.1311,-12.8582,-4.9859,-2.2201,444,0.1184,1.0000,0.171236,-14.2177,-27.0068,low_inlier
5560,190.1272,-31.6394,-15.2070,-5.5083,-2.3487,388,0.0677,1.0000,0.171236,-16.4037,-28.6576,low_inlier
5561,190.1606,-37.4198,-17.5001,-5.7804,-2.2932,335,0.0587,1.0000,0.171236,-18.3632,-28.1279,low_inlier
5562,190.1939,-43.7074,-19.8914,-6.2876,-2.3913,265,0.0714,1.0000,0.171236,-20.6646,-29.4281,low_inlier
5563,190.2277,-44.2451,-19.1116,-0.5376,0.7799,779,0.0000,1.0000,0.171236,-8.3584,8.6430,low_inlier
5564,190.2605,-50.5763,-21.4264,-6.3313,-2.3149,270,0.0245,1.0000,0.171236,-21.4310,-28.5775,low_inlier
5565,190.2938,-56.8521,-23.7013,-6.2758,-2.2749,247,0.0319,1.0000,0.171236,-21.3752,-28.1033,low_inlier
5566,190.3272,-62.9988,-25.9038,-6.1467,-2.2025,283,0.0345,1.0000,0.171236,-21.1068,-27.2354,low_inlier
5567,190.3606,-69.3035,-28.2274,-6.3047,-2.3235,299,0.0156,1.0000,0.171236,-21.2183,-28.6658,low_inlier
5568,190.3938,-75.2988,-30.7421,-5.9952,-2.5148,311,0.0544,1.0000,0.171236,-18.1323,-30.7197,low_inlier
5569,190.4272,-81.0575,-33.5722,-5.7588,-2.8300,279,0.0478,1.0000,0.171236,-14.6421,-34.2064,low_inlier
5570,190.4607,-85.2748,-36.2246,-4.2173,-2.6524,306,0.0550,1.0000,0.171236,-6.8397,-31.6241,low_inlier
5571,190.4939,-86.9017,-38.7720,-1.6269,-2.5474,300,0.1087,1.0000,0.171236,7.5680,-29.4792,low_inlier
5572,190.5271,-87.1833,-41.5310,-0.2816,-2.7590,327,0.0282,1.0000,0.171236,16.8318,-31.3811,low_inlier
5573,190.5604,-89.1182,-39.9641,-1.9349,1.5669,240,0.0027,1.0000,0.171236,-21.7785,17.0494,low_inlier
5574,190.5940,-86.8403,-41.6156,2.2779,-1.6515,447,0.0334,1.0000,0.171236,24.3462,-17.8820,low_inlier
5575,190.6271,-84.5044,-42.6330,2.3359,-1.0174,142,0.0000,1.0000,0.171236,20.4385,-10.6727,low_inlier
5576,190.6606,-79.2962,-43.7142,5.2081,-1.0812,307,0.0314,1.0000,0.171236,37.6205,-10.3371,low_inlier
5577,190.6939,-78.6316,-43.6666,0.6647,0.0476,146,0.0027,1.0000,0.171236,3.5584,0.7847,low_inlier
5578,190.7281,-78.6935,-43.6163,-0.0619,0.0503,239,0.0015,1.0000,0.171236,-0.6977,0.5471,low_inlier
5579,190.7613,-78.1122,-43.2232,0.5813,0.3931,109,0.0000,1.0000,0.171236,0.7581,4.6711,low_inlier
5580,190.7941,-75.7161,-42.9379,2.3961,0.2853,261,0.0000,1.0000,0.171236,12.0663,4.1182,low_inlier
5581,190.8274,-75.0342,-42.9419,0.6820,-0.0040,153,0.0029,1.0000,0.171236,4.0048,0.2063,low_inlier
5582,190.8825,-76.3363,-44.5589,-1.3021,-1.6170,401,0.0194,1.0000,0.171236,3.2322,-18.8119,low_inlier
5583,190.9110,-77.7678,-45.7106,-1.4314,-1.1517,324,0.0189,1.0000,0.171236,-0.6381,-13.5840,low_inlier
5584,190.9396,-79.1401,-46.5579,-1.3724,-0.8473,296,0.0165,1.0000,0.171236,-2.3315,-10.1120,low_inlier
5585,190.9685,-80.0871,-46.9336,-0.9470,-0.3756,392,0.0088,1.0000,0.171236,-3.0086,-4.6077,low_inlier
5586,190.9972,-80.3143,-47.2226,-0.2272,-0.2890,411,0.0126,1.0000,0.171236,0.6100,-3.3604,low_inlier
5587,191.0274,-80.0284,-47.3908,0.2859,-0.1682,446,0.0208,1.0000,0.171236,2.7941,-1.8017,low_inlier
5588,191.0604,-79.6774,-47.3401,0.3511,0.0508,339,0.0151,1.0000,0.171236,1.7079,0.7052,low_inlier
5589,191.0935,-78.7583,-47.3113,0.9190,0.0287,311,0.0100,1.0000,0.171236,5.1687,0.6643,low_inlier
5590,191.1274,-77.0926,-47.2745,1.6657,0.0368,234,0.0232,1.0000,0.171236,9.4700,1.0314,low_inlier
5591,191.1604,-74.4724,-46.9138,2.6202,0.3607,276,0.0228,1.0000,0.171236,12.8687,5.0555,low_inlier
5592,191.1937,-70.7618,-46.4297,3.7107,0.4841,377,0.0192,1.0000,0.171236,18.4034,6.8564,low_inlier
5593,191.2277,-67.0547,-46.1449,3.7071,0.2848,632,0.0142,1.0000,0.171236,19.7169,4.5960,low_inlier
5594,191.2606,-62.9219,-45.9478,4.1328,0.1971,645,0.0013,1.0000,0.171236,22.7878,3.7585,low_inlier
5595,191.2931,-62.8661,-46.0137,0.0558,-0.0660,510,0.0080,1.0000,0.171236,0.7673,-0.7271,low_inlier
5596,191.3272,-63.4475,-46.5564,-0.5815,-0.5427,292,0.0029,1.0000,0.171236,0.2424,-6.3671,low_inlier
5597,191.3605,-62.9874,-46.7447,0.4601,-0.1883,275,0.0063,1.0000,0.171236,3.9446,-1.9645,low_inlier
5598,191.3936,-62.9676,-46.7403,0.0198,0.0043,295,0.0323,1.0000,0.171236,0.0861,0.0566,low_inlier
5599,191.4268,-61.9903,-46.6889,0.9773,0.0514,271,0.0047,1.0000,0.171236,5.3567,0.9431,low_inlier
5600,191.4602,-61.7061,-46.4632,0.2843,0.2257,357,0.0031,1.0000,0.171236,0.1470,2.6633,low_inlier
5601,191.4936,-61.3283,-46.3282,0.3777,0.1350,375,0.0034,1.0000,0.171236,1.2992,1.6702,low_inlier
5602,191.5273,-61.1920,-46.3171,0.1363,0.0111,323,0.0266,1.0000,0.171236,0.7208,0.1762,low_inlier
5603,191.5602,-60.8741,-46.2737,0.3179,0.0434,514,0.0083,1.0000,0.171236,1.5638,0.6090,low_inlier
5604,191.5937,-60.8087,-46.2429,0.0654,0.0308,252,0.0159,1.0000,0.171236,0.1751,0.3733,low_inlier
5605,191.6271,-60.6901,-46.2171,0.1186,0.0258,216,0.0335,1.0000,0.171236,0.5193,0.3362,low_inlier
5606,191.6602,-59.6664,-46.2479,1.0237,-0.0308,205,0.0021,1.0000,0.171236,6.1780,0.0281,low_inlier
5607,191.6934,-58.1757,-46.2308,1.4906,0.0171,367,0.0021,1.0000,0.171236,8.5805,0.7440,low_inlier
5608,191.7273,-58.1536,-46.2843,0.0222,-0.0535,310,0.0175,1.0000,0.171236,0.4875,-0.5982,low_inlier
5609,191.7600,-58.2054,-46.2948,-0.0518,-0.0105,258,0.0273,1.0000,0.171236,-0.2320,-0.1384,low_inlier
5610,191.7937,-57.1592,-46.6763,1.0462,-0.3815,267,0.0083,1.0000,0.171236,8.6572,-3.9393,low_inlier
5611,191.8271,-56.5492,-46.8061,0.6101,-0.1298,436,0.0136,1.0000,0.171236,4.4279,-1.2466,low_inlier
5612,191.8849,-56.5260,-46.7760,0.0231,0.0301,275,0.0036,1.0000,0.171236,-0.0667,0.3499,low_inlier
5613,191.9138,-54.5048,-46.6592,2.0212,0.1168,433,0.0000,1.0000,0.171236,11.0080,2.0694,low_inlier
5614,191.9432,-53.6086,-46.7015,0.8963,-0.0422,170,0.0000,1.0000,0.171236,5.5111,-0.1485,low_inlier
5615,191.9719,-50.4989,-46.7724,3.1096,-0.0709,228,0.0060,1.0000,0.171236,18.6139,0.3429,low_inlier
5616,192.0012,-47.4168,-47.3070,3.0822,-0.5346,234,0.0000,1.0000,0.171236,21.5590,-4.9242,low_inlier
5617,192.0293,-44.2655,-49.0212,3.1513,-1.7143,417,0.0000,1.0000,0.171236,29.8612,-18.2718,low_inlier
5618,192.0603,-43.2836,-49.2953,0.9818,-0.2740,192,0.0019,1.0000,0.171236,7.5623,-2.7446,low_inlier
5619,192.0933,-44.5926,-57.2620,-1.3090,-7.9668,210,0.0000,1.0000,0.171236,45.7112,-90.7988,low_inlier
5620,192.1267,-42.2959,-58.6180,2.2967,-1.3559,325,0.0000,1.0000,0.171236,22.4765,-14.5247,low_inlier
5621,192.1603,-40.0878,-59.1337,2.2081,-0.5157,282,0.0000,1.0000,0.171236,16.3337,-5.0325,low_inlier
5622,192.1931,-36.3129,-59.9600,3.7750,-0.8263,432,0.0000,1.0000,0.171236,27.5536,-7.9759,low_inlier
5623,192.2269,-34.2207,-61.1806,2.0922,-1.2206,477,0.0000,1.0000,0.171236,20.3778,-13.0662,low_inlier
5624,192.2603,-33.0343,-61.4475,1.1863,-0.2668,344,0.0000,1.0000,0.171236,8.7069,-2.5876,low_inlier
5625,192.2930,-34.1663,-64.1247,-1.1320,-2.6772,168,0.0000,1.0000,0.171236,11.3237,-30.7676,low_inlier
