frame,t_s,X_mm,Y_mm,dX_mm,dY_mm,tracked_points,inlier_ratio,roi_visible,mm_per_px,du_px,dv_px,flags
0,0.0971,0.0000,0.0000,0.0000,0.0000,0,0.0000,1.0000,,0.0000,0.0000,no_calib
1,0.1820,0.0000,0.0000,0.0000,0.0000,0,0.0000,1.0000,,0.0000,0.0000,no_calib
2,0.2163,0.0000,0.0000,0.0000,0.0000,0,0.0000,1.0000,,0.0000,0.0000,no_calib
3,0.2538,0.0000,0.0000,0.0000,0.0000,0,0.0000,1.0000,,0.0000,0.0000,no_calib
4,0.2789,0.0000,0.0000,0.0000,0.0000,0,0.0000,1.0000,,0.0000,0.0000,no_calib
5,0.3029,0.0000,0.0000,0.0000,0.0000,0,0.0000,1.0000,,0.0000,0.0000,no_calib
6,0.3275,0.0000,0.0000,0.0000,0.0000,0,0.0000,1.0000,,0.0000,0.0000,no_calib
7,0.3511,0.0000,0.0000,0.0000,0.0000,0,0.0000,1.0000,,0.0000,0.0000,no_calib
8,0.3756,0.0000,0.0000,0.0000,0.0000,0,0.0000,1.0000,,0.0000,0.0000,no_calib
9,0.4002,0.0000,0.0000,0.0000,0.0000,0,0.0000,1.0000,,0.0000,0.0000,no_calib
10,0.4265,0.0000,0.0000,0.0000,0.0000,0,0.0000,1.0000,,0.0000,0.0000,no_calib
11,0.4498,0.0000,0.0000,0.0000,0.0000,0,0.0000,1.0000,,0.0000,0.0000,no_calib
12,0.4731,0.0000,0.0000,0.0000,0.0000,0,0.0000,1.0000,,0.0000,0.0000,no_calib
13,0.5048,0.0000,0.0000,0.0000,0.0000,0,0.0000,1.0000,,0.0000,0.0000,no_calib
14,0.5301,0.0000,0.0000,0.0000,0.0000,0,0.0000,1.0000,,0.0000,0.0000,no_calib
15,0.5624,0.0000,0.0000,0.0000,0.0000,0,0.0000,1.0000,,0.0000,0.0000,no_calib
16,0.5960,0.0000,0.0000,0.0000,0.0000,0,0.0000,1.0000,,0.0000,0.0000,no_calib
17,0.6299,0.0000,0.0000,0.0000,0.0000,0,0.0000,1.0000,,0.0000,0.0000,no_calib
18,0.6644,0.0000,0.0000,0.0000,0.0000,0,0.0000,1.0000,,0.0000,0.0000,no_calib
19,0.6970,0.0000,0.0000,0.0000,0.0000,0,0.0000,1.0000,,0.0000,0.0000,no_calib
20,0.7296,0.0000,0.0000,0.0000,0.0000,0,0.0000,1.0000,,0.0000,0.0000,no_calib
21,0.7638,0.0000,0.0000,0.0000,0.0000,0,0.0000,1.0000,,0.0000,0.0000,no_calib
22,0.7959,0.0000,0.0000,0.0000,0.0000,0,0.0000,1.0000,,0.0000,0.0000,no_calib
23,0.8296,0.0000,0.0000,0.0000,0.0000,0,0.0000,1.0000,,0.0000,0.0000,no_calib
24,0.8624,0.0000,0.0000,0.0000,0.0000,0,0.0000,1.0000,,0.0000,0.0000,no_calib
25,0.8962,0.0000,0.0000,0.0000,0.0000,0,0.0000,1.0000,,0.0000,0.0000,no_calib
26,0.9295,0.0000,0.0000,0.0000,0.0000,0,0.0000,1.0000,,0.0000,0.0000,no_calib
27,0.9625,0.0000,0.0000,0.0000,0.0000,0,0.0000,1.0000,,0.0000,0.0000,no_calib
28,0.9960,0.0000,0.0000,0.0000,0.0000,0,0.0000,1.0000,,0.0000,0.0000,no_calib
29,1.0295,0.0000,0.0000,0.0000,0.0000,0,0.0000,1.0000,,0.0000,0.0000,no_calib
30,1.0626,0.0000,0.0000,0.0000,0.0000,0,0.0000,1.0000,,0.0000,0.0000,no_calib
31,1.1228,0.0000,0.0000,0.0000,0.0000,0,0.0000,1.0000,,0.0000,0.0000,no_calib
32,1.1474,0.0000,0.0000,0.0000,0.0000,0,0.0000,1.0000,,0.0000,0.0000,no_calib
33,1.1734,0.0000,0.0000,0.0000,0.0000,0,0.0000,1.0000,,0.0000,0.0000,no_calib
34,1.1984,0.0000,0.0000,0.0000,0.0000,0,0.0000,1.0000,,0.0000,0.0000,no_calib
35,1.2299,0.0000,0.0000,0.0000,0.0000,0,0.0000,1.0000,,0.0000,0.0000,no_calib
36,1.2635,0.0000,0.0000,0.0000,0.0000,0,0.0000,1.0000,,0.0000,0.0000,no_calib
37,1.2965,0.0000,0.0000,0.0000,0.0000,0,0.0000,1.0000,,0.0000,0.0000,no_calib
38,1.3295,0.0000,0.0000,0.0000,0.0000,0,0.0000,1.0000,,0.0000,0.0000,no_calib
39,1.3626,0.0000,0.0000,0.0000,0.0000,0,0.0000,1.0000,,0.0000,0.0000,no_calib
40,1.3949,0.0000,0.0000,0.0000,0.0000,0,0.0000,1.0000,,0.0000,0.0000,no_calib
41,1.4282,0.0000,0.0000,0.0000,0.0000,0,0.0000,1.0000,,0.0000,0.0000,no_calib
42,1.4614,0.0000,0.0000,0.0000,0.0000,0,0.0000,1.0000,,0.0000,0.0000,no_calib
43,1.4944,0.0000,0.0000,0.0000,0.0000,0,0.0000,1.0000,,0.0000,0.0000,no_calib
44,1.5275,0.0000,0.0000,0.0000,0.0000,0,0.0000,1.0000,,0.0000,0.0000,no_calib
45,1.5611,0.0000,0.0000,0.0000,0.0000,0,0.0000,1.0000,,0.0000,0.0000,no_calib
46,1.5948,0.0000,0.0000,0.0000,0.0000,0,0.0000,1.0000,,0.0000,0.0000,no_calib
47,1.6274,0.0000,0.0000,0.0000,0.0000,0,0.0000,1.0000,,0.0000,0.0000,no_calib
48,1.6620,0.0000,0.0000,0.0000,0.0000,0,0.0000,1.0000,,0.0000,0.0000,no_calib
49,1.6943,0.0000,0.0000,0.0000,0.0000,0,0.0000,1.0000,,0.0000,0.0000,no_calib
50,1.7275,0.0000,0.0000,0.0000,0.0000,0,0.0000,1.0000,,0.0000,0.0000,no_calib
51,1.7604,0.0000,0.0000,0.0000,0.0000,0,0.0000,1.0000,,0.0000,0.0000,no_calib
52,1.7940,0.0000,0.0000,0.0000,0.0000,0,0.0000,1.0000,,0.0000,0.0000,no_calib
53,1.8271,0.0000,0.0000,0.0000,0.0000,0,0.0000,1.0000,,0.0000,0.0000,no_calib
54,1.8604,0.0000,0.0000,0.0000,0.0000,0,0.0000,1.0000,,0.0000,0.0000,no_calib
55,1.8938,0.0000,0.0000,0.0000,0.0000,0,0.0000,1.0000,,0.0000,0.0000,no_calib
56,1.9274,0.0000,0.0000,0.0000,0.0000,0,0.0000,1.0000,,0.0000,0.0000,no_calib
57,1.9615,0.0000,0.0000,0.0000,0.0000,0,0.0000,1.0000,,0.0000,0.0000,no_calib
58,1.9956,0.0000,0.0000,0.0000,0.0000,0,0.0000,1.0000,,0.0000,0.0000,no_calib
59,2.0291,0.0000,0.0000,0.0000,0.0000,0,0.0000,1.0000,,0.0000,0.0000,no_calib
60,2.0626,0.0000,0.0000,0.0000,0.0000,0,0.0000,1.0000,,0.0000,0.0000,no_calib
61,2.1171,0.0000,0.0000,0.0000,0.0000,0,0.0000,1.0000,,0.0000,0.0000,no_calib
62,2.1413,0.0000,0.0000,0.0000,0.0000,0,0.0000,1.0000,,0.0000,0.0000,no_calib
63,2.1655,0.0000,0.0000,0.0000,0.0000,0,0.0000,1.0000,,0.0000,0.0000,no_calib
64,2.1958,0.0000,0.0000,0.0000,0.0000,0,0.0000,1.0000,,0.0000,0.0000,no_calib
65,2.2288,0.0000,0.0000,0.0000,0.0000,0,0.0000,1.0000,,0.0000,0.0000,no_calib
66,2.2625,0.0000,0.0000,0.0000,0.0000,0,0.0000,1.0000,,0.0000,0.0000,no_calib
67,2.2961,0.0000,0.0000,0.0000,0.0000,0,0.0000,1.0000,,0.0000,0.0000,no_calib
68,2.3290,0.0000,0.0000,0.0000,0.0000,0,0.0000,1.0000,,0.0000,0.0000,no_calib
69,2.3625,0.0000,0.0000,0.0000,0.0000,0,0.0000,1.0000,,0.0000,0.0000,no_calib
70,2.3960,0.0000,0.0000,0.0000,0.0000,0,0.0000,1.0000,,0.0000,0.0000,no_calib
71,2.4288,0.0000,0.0000,0.0000,0.0000,0,0.0000,1.0000,,0.0000,0.0000,no_calib
72,2.4626,0.0000,0.0000,0.0000,0.0000,0,0.0000,1.0000,,0.0000,0.0000,no_calib
73,2.4957,0.0000,0.0000,0.0000,0.0000,0,0.0000,1.0000,,0.0000,0.0000,no_calib
74,2.5296,0.0000,0.0000,0.0000,0.0000,0,0.0000,1.0000,,0.0000,0.0000,no_calib
75,2.5684,0.0000,0.0000,0.0000,0.0000,0,0.0000,1.0000,,0.0000,0.0000,no_calib
76,2.5959,0.0000,0.0000,0.0000,0.0000,0,0.0000,1.0000,,0.0000,0.0000,no_calib
77,2.6295,0.0000,0.0000,0.0000,0.0000,0,0.0000,1.0000,,0.0000,0.0000,no_calib
78,2.6630,0.0000,0.0000,0.0000,0.0000,0,0.0000,1.0000,,0.0000,0.0000,no_calib
79,2.6969,0.0000,0.0000,0.0000,0.0000,0,0.0000,1.0000,,0.0000,0.0000,no_calib
80,2.7292,0.0000,0.0000,0.0000,0.0000,0,0.0000,1.0000,,0.0000,0.0000,no_calib
81,2.7606,0.0000,0.0000,0.0000,0.0000,0,0.0000,1.0000,,0.0000,0.0000,no_calib
82,2.7935,0.0000,0.0000,0.0000,0.0000,0,0.0000,1.0000,,0.0000,0.0000,no_calib
83,2.8281,0.0000,0.0000,0.0000,0.0000,0,0.0000,1.0000,,0.0000,0.0000,no_calib
84,2.8606,0.0000,0.0000,0.0000,0.0000,0,0.0000,1.0000,,0.0000,0.0000,no_calib
85,2.8936,0.0000,0.0000,0.0000,0.0000,0,0.0000,1.0000,,0.0000,0.0000,no_calib
86,2.9271,0.0000,0.0000,0.0000,0.0000,0,0.0000,1.0000,,0.0000,0.0000,no_calib
87,2.9602,0.0000,0.0000,0.0000,0.0000,0,0.0000,1.0000,,0.0000,0.0000,no_calib
88,2.9933,0.0000,0.0000,0.0000,0.0000,0,0.0000,1.0000,,0.0000,0.0000,no_calib
89,3.0268,0.0000,0.0000,0.0000,0.0000,0,0.0000,1.0000,,0.0000,0.0000,no_calib
90,3.0599,0.0000,0.0000,0.0000,0.0000,0,0.0000,1.0000,,0.0000,0.0000,no_calib
91,3.1146,0.0000,0.0000,0.0000,0.0000,0,0.0000,1.0000,,0.0000,0.0000,no_calib
92,3.1388,0.0000,0.0000,0.0000,0.0000,0,0.0000,1.0000,,0.0000,0.0000,no_calib
93,3.1631,0.0000,0.0000,0.0000,0.0000,0,0.0000,1.0000,,0.0000,0.0000,no_calib
94,3.1954,0.0000,0.0000,0.0000,0.0000,0,0.0000,1.0000,,0.0000,0.0000,no_calib
95,3.2284,0.0000,0.0000,0.0000,0.0000,0,0.0000,1.0000,,0.0000,0.0000,no_calib
96,3.2615,0.0000,0.0000,0.0000,0.0000,0,0.0000,1.0000,,0.0000,0.0000,no_calib
97,3.2955,0.0000,0.0000,0.0000,0.0000,0,0.0000,1.0000,,0.0000,0.0000,no_calib
98,3.3292,0.0000,0.0000,0.0000,0.0000,0,0.0000,1.0000,,0.0000,0.0000,no_calib
99,3.3617,0.0000,0.0000,0.0000,0.0000,0,0.0000,1.0000,,0.0000,0.0000,no_calib
100,3.3956,0.0000,0.0000,0.0000,0.0000,0,0.0000,1.0000,,0.0000,0.0000,no_calib
101,3.4290,0.0000,0.0000,0.0000,0.0000,0,0.0000,1.0000,,0.0000,0.0000,no_calib
102,3.4617,0.0000,0.0000,0.0000,0.0000,0,0.0000,1.0000,,0.0000,0.0000,no_calib
103,3.4953,0.0000,0.0000,0.0000,0.0000,0,0.0000,1.0000,,0.0000,0.0000,no_calib
104,3.5288,0.0000,0.0000,0.0000,0.0000,0,0.0000,1.0000,,0.0000,0.0000,no_calib
105,3.5616,0.0000,0.0000,0.0000,0.0000,0,0.0000,1.0000,,0.0000,0.0000,no_calib
106,3.5956,0.0000,0.0000,0.0000,0.0000,0,0.0000,1.0000,,0.0000,0.0000,no_calib
107,3.6290,0.0000,0.0000,0.0000,0.0000,0,0.0000,1.0000,,0.0000,0.0000,no_calib
108,3.6618,0.0000,0.0000,0.0000,0.0000,0,0.0000,1.0000,,0.0000,0.0000,no_calib
109,3.6960,0.0000,0.0000,0.0000,0.0000,0,0.0000,1.0000,,0.0000,0.0000,no_calib
110,3.7288,0.0000,0.0000,0.0000,0.0000,0,0.0000,1.0000,,0.0000,0.0000,no_calib
111,3.7616,0.0000,0.0000,0.0000,0.0000,0,0.0000,1.0000,,0.0000,0.0000,no_calib
112,3.7951,0.0000,0.0000,0.0000,0.0000,0,0.0000,1.0000,,0.0000,0.0000,no_calib
113,3.8287,0.0000,0.0000,0.0000,0.0000,0,0.0000,1.0000,,0.0000,0.0000,no_calib
114,3.8617,0.0000,0.0000,0.0000,0.0000,0,0.0000,1.0000,,0.0000,0.0000,no_calib
115,3.8950,0.0000,0.0000,0.0000,0.0000,0,0.0000,1.0000,,0.0000,0.0000,no_calib
116,3.9287,0.0000,0.0000,0.0000,0.0000,0,0.0000,1.0000,,0.0000,0.0000,no_calib
117,3.9617,0.0000,0.0000,0.0000,0.0000,0,0.0000,1.0000,,0.0000,0.0000,no_calib
118,3.9948,0.0000,0.0000,0.0000,0.0000,0,0.0000,1.0000,,0.0000,0.0000,no_calib
119,4.0288,0.0000,0.0000,0.0000,0.0000,0,0.0000,1.0000,,0.0000,0.0000,no_calib
120,4.0619,0.0000,0.0000,0.0000,0.0000,0,0.0000,1.0000,,0.0000,0.0000,no_calib
121,4.1156,0.0000,0.0000,0.0000,0.0000,0,0.0000,1.0000,,0.0000,0.0000,no_calib
122,4.1408,0.0000,0.0000,0.0000,0.0000,0,0.0000,1.0000,,0.0000,0.0000,no_calib
123,4.1653,0.0000,0.0000,0.0000,0.0000,0,0.0000,1.0000,,0.0000,0.0000,no_calib
124,4.1950,0.0000,0.0000,0.0000,0.0000,0,0.0000,1.0000,,0.0000,0.0000,no_calib
125,4.2286,0.0000,0.0000,0.0000,0.0000,0,0.0000,1.0000,,0.0000,0.0000,no_calib
126,4.2623,0.0000,0.0000,0.0000,0.0000,0,0.0000,1.0000,,0.0000,0.0000,no_calib
127,4.2953,0.0000,0.0000,0.0000,0.0000,0,0.0000,1.0000,,0.0000,0.0000,no_calib
128,4.3285,0.0000,0.0000,0.0000,0.0000,0,0.0000,1.0000,,0.0000,0.0000,no_calib
129,4.3620,0.0000,0.0000,0.0000,0.0000,0,0.0000,1.0000,,0.0000,0.0000,no_calib
130,4.3950,0.0000,0.0000,0.0000,0.0000,0,0.0000,1.0000,,0.0000,0.0000,no_calib
131,4.4287,0.0000,0.0000,0.0000,0.0000,0,0.0000,1.0000,,0.0000,0.0000,no_calib
132,4.4624,0.0000,0.0000,0.0000,0.0000,0,0.0000,1.0000,,0.0000,0.0000,no_calib
133,4.4950,0.0000,0.0000,0.0000,0.0000,0,0.0000,1.0000,,0.0000,0.0000,no_calib
134,4.5280,0.0000,0.0000,0.0000,0.0000,0,0.0000,1.0000,,0.0000,0.0000,no_calib
135,4.5617,0.0000,0.0000,0.0000,0.0000,0,0.0000,1.0000,,0.0000,0.0000,no_calib
136,4.5947,0.0000,0.0000,0.0000,0.0000,0,0.0000,1.0000,,0.0000,0.0000,no_calib
137,4.6287,0.0000,0.0000,0.0000,0.0000,0,0.0000,1.0000,,0.0000,0.0000,no_calib
138,4.6619,0.0000,0.0000,0.0000,0.0000,0,0.0000,1.0000,,0.0000,0.0000,no_calib
139,4.6956,0.0000,0.0000,0.0000,0.0000,0,0.0000,1.0000,,0.0000,0.0000,no_calib
140,4.7285,0.0000,0.0000,0.0000,0.0000,0,0.0000,1.0000,,0.0000,0.0000,no_calib
141,4.7621,0.0000,0.0000,0.0000,0.0000,0,0.0000,1.0000,,0.0000,0.0000,no_calib
142,4.7948,0.0000,0.0000,0.0000,0.0000,0,0.0000,1.0000,,0.0000,0.0000,no_calib
143,4.8287,0.0000,0.0000,0.0000,0.0000,0,0.0000,1.0000,,0.0000,0.0000,no_calib
144,4.8619,0.0000,0.0000,0.0000,0.0000,0,0.0000,1.0000,,0.0000,0.0000,no_calib
145,4.8953,0.0000,0.0000,0.0000,0.0000,0,0.0000,1.0000,,0.0000,0.0000,no_calib
146,4.9286,0.0000,0.0000,0.0000,0.0000,0,0.0000,1.0000,,0.0000,0.0000,no_calib
147,4.9617,0.0000,0.0000,0.0000,0.0000,0,0.0000,1.0000,,0.0000,0.0000,no_calib
148,4.9946,0.0000,0.0000,0.0000,0.0000,0,0.0000,1.0000,,0.0000,0.0000,no_calib
149,5.0282,0.0000,0.0000,0.0000,0.0000,0,0.0000,1.0000,,0.0000,0.0000,no_calib
150,5.0617,0.0000,0.0000,0.0000,0.0000,0,0.0000,1.0000,,0.0000,0.0000,no_calib
151,5.1118,0.0000,0.0000,0.0000,0.0000,0,0.0000,1.0000,,0.0000,0.0000,no_calib
152,5.1372,0.0000,0.0000,0.0000,0.0000,0,0.0000,1.0000,,0.0000,0.0000,no_calib
153,5.1626,0.0000,0.0000,0.0000,0.0000,0,0.0000,1.0000,,0.0000,0.0000,no_calib
154,5.1951,0.0000,0.0000,0.0000,0.0000,0,0.0000,1.0000,,0.0000,0.0000,no_calib
155,5.2278,0.0000,0.0000,0.0000,0.0000,0,0.0000,1.0000,,0.0000,0.0000,no_calib
156,5.2617,0.0000,0.0000,0.0000,0.0000,0,0.0000,1.0000,,0.0000,0.0000,no_calib
157,5.2953,0.0000,0.0000,0.0000,0.0000,0,0.0000,1.0000,,0.0000,0.0000,no_calib
158,5.3281,0.0000,0.0000,0.0000,0.0000,0,0.0000,1.0000,,0.0000,0.0000,no_calib
159,5.3616,0.0000,0.0000,0.0000,0.0000,0,0.0000,1.0000,,0.0000,0.0000,no_calib
160,5.3950,0.0000,0.0000,0.0000,0.0000,0,0.0000,1.0000,,0.0000,0.0000,no_calib
161,5.4277,0.0000,0.0000,0.0000,0.0000,0,0.0000,1.0000,,0.0000,0.0000,no_calib
162,5.4623,0.0000,0.0000,0.0000,0.0000,0,0.0000,1.0000,,0.0000,0.0000,no_calib
163,5.4954,0.0000,0.0000,0.0000,0.0000,0,0.0000,1.0000,,0.0000,0.0000,no_calib
164,5.5280,0.0000,0.0000,0.0000,0.0000,0,0.0000,1.0000,,0.0000,0.0000,no_calib
165,5.5611,0.0000,0.0000,0.0000,0.0000,0,0.0000,1.0000,,0.0000,0.0000,no_calib
166,5.5949,0.0000,0.0000,0.0000,0.0000,0,0.0000,1.0000,,0.0000,0.0000,no_calib
167,5.6279,0.0000,0.0000,0.0000,0.0000,0,0.0000,1.0000,,0.0000,0.0000,no_calib
168,5.6615,0.0000,0.0000,0.0000,0.0000,0,0.0000,1.0000,,0.0000,0.0000,no_calib
169,5.6954,0.0000,0.0000,0.0000,0.0000,0,0.0000,1.0000,,0.0000,0.0000,no_calib
170,5.7277,0.0000,0.0000,0.0000,0.0000,0,0.0000,1.0000,,0.0000,0.0000,no_calib
171,5.7610,0.0000,0.0000,0.0000,0.0000,0,0.0000,1.0000,,0.0000,0.0000,no_calib
172,5.7950,0.0000,0.0000,0.0000,0.0000,0,0.0000,1.0000,,0.0000,0.0000,no_calib
173,5.8276,0.0000,0.0000,0.0000,0.0000,0,0.0000,1.0000,,0.0000,0.0000,no_calib
174,5.8611,0.0000,0.0000,0.0000,0.0000,0,0.0000,1.0000,,0.0000,0.0000,no_calib
175,5.8946,0.0000,0.0000,0.0000,0.0000,0,0.0000,1.0000,,0.0000,0.0000,no_calib
176,5.9274,0.0000,0.0000,0.0000,0.0000,0,0.0000,1.0000,,0.0000,0.0000,no_calib
177,5.9610,0.0000,0.0000,0.0000,0.0000,0,0.0000,1.0000,,0.0000,0.0000,no_calib
178,5.9946,0.0000,0.0000,0.0000,0.0000,0,0.0000,1.0000,,0.0000,0.0000,no_calib
179,6.0276,0.0000,0.0000,0.0000,0.0000,0,0.0000,1.0000,,0.0000,0.0000,no_calib
180,6.0611,0.0000,0.0000,0.0000,0.0000,0,0.0000,1.0000,,0.0000,0.0000,no_calib
181,6.1092,0.0000,0.0000,0.0000,0.0000,0,0.0000,1.0000,,0.0000,0.0000,no_calib
182,6.1336,0.0000,0.0000,0.0000,0.0000,0,0.0000,1.0000,,0.0000,0.0000,no_calib
183,6.1617,0.0000,0.0000,0.0000,0.0000,0,0.0000,1.0000,,0.0000,0.0000,no_calib
184,6.1945,0.0000,0.0000,0.0000,0.0000,0,0.0000,1.0000,,0.0000,0.0000,no_calib
185,6.2280,0.0000,0.0000,0.0000,0.0000,0,0.0000,1.0000,,0.0000,0.0000,no_calib
186,6.2615,0.0000,0.0000,0.0000,0.0000,0,0.0000,1.0000,,0.0000,0.0000,no_calib
187,6.2946,0.0000,0.0000,0.0000,0.0000,0,0.0000,1.0000,,0.0000,0.0000,no_calib
188,6.3277,0.0000,0.0000,0.0000,0.0000,0,0.0000,1.0000,,0.0000,0.0000,no_calib
189,6.3593,0.0000,0.0000,0.0000,0.0000,0,0.0000,1.0000,,0.0000,0.0000,no_calib
190,6.3925,0.0000,0.0000,0.0000,0.0000,0,0.0000,1.0000,,0.0000,0.0000,no_calib
191,6.4262,0.0000,0.0000,0.0000,0.0000,0,0.0000,1.0000,,0.0000,0.0000,no_calib
192,6.4601,0.0000,0.0000,0.0000,0.0000,0,0.0000,1.0000,,0.0000,0.0000,no_calib
193,6.4925,0.0000,0.0000,0.0000,0.0000,0,0.0000,1.0000,,0.0000,0.0000,no_calib
194,6.5259,0.0000,0.0000,0.0000,0.0000,0,0.0000,1.0000,,0.0000,0.0000,no_calib
195,6.5589,0.0000,0.0000,0.0000,0.0000,0,0.0000,1.0000,,0.0000,0.0000,no_calib
196,6.5926,0.0000,0.0000,0.0000,0.0000,0,0.0000,1.0000,,0.0000,0.0000,no_calib
197,6.6257,0.0000,0.0000,0.0000,0.0000,0,0.0000,1.0000,,0.0000,0.0000,no_calib
198,6.6589,0.0000,0.0000,0.0000,0.0000,0,0.0000,1.0000,,0.0000,0.0000,no_calib
199,6.6924,0.0000,0.0000,0.0000,0.0000,0,0.0000,1.0000,,0.0000,0.0000,no_calib
200,6.7255,0.0000,0.0000,0.0000,0.0000,0,0.0000,1.0000,,0.0000,0.0000,no_calib
201,6.7601,0.0000,0.0000,0.0000,0.0000,0,0.0000,1.0000,,0.0000,0.0000,no_calib
202,6.7940,0.0000,0.0000,0.0000,0.0000,0,0.0000,1.0000,,0.0000,0.0000,no_calib
203,6.8277,0.0000,0.0000,0.0000,0.0000,0,0.0000,1.0000,,0.0000,0.0000,no_calib
204,6.8607,0.0000,0.0000,0.0000,0.0000,0,0.0000,1.0000,,0.0000,0.0000,no_calib
205,6.8939,0.0000,0.0000,0.0000,0.0000,0,0.0000,1.0000,,0.0000,0.0000,no_calib
206,6.9282,0.0000,0.0000,0.0000,0.0000,0,0.0000,1.0000,,0.0000,0.0000,no_calib
207,6.9606,0.0000,0.0000,0.0000,0.0000,0,0.0000,1.0000,,0.0000,0.0000,no_calib
208,6.9942,0.0000,0.0000,0.0000,0.0000,0,0.0000,1.0000,,0.0000,0.0000,no_calib
209,7.0277,0.0000,0.0000,0.0000,0.0000,0,0.0000,1.0000,,0.0000,0.0000,no_calib
210,7.0607,0.0000,0.0000,0.0000,0.0000,0,0.0000,1.0000,,0.0000,0.0000,no_calib
211,7.1100,0.0000,0.0000,0.0000,0.0000,0,0.0000,1.0000,,0.0000,0.0000,no_calib
212,7.1345,0.0000,0.0000,0.0000,0.0000,0,0.0000,1.0000,,0.0000,0.0000,no_calib
213,7.1615,0.0000,0.0000,0.0000,0.0000,0,0.0000,1.0000,,0.0000,0.0000,no_calib
214,7.1942,0.0000,0.0000,0.0000,0.0000,0,0.0000,1.0000,,0.0000,0.0000,no_calib
215,7.2278,0.0000,0.0000,0.0000,0.0000,0,0.0000,1.0000,,0.0000,0.0000,no_calib
216,7.2610,0.0000,0.0000,0.0000,0.0000,0,0.0000,1.0000,,0.0000,0.0000,no_calib
217,7.2940,0.0000,0.0000,0.0000,0.0000,0,0.0000,1.0000,,0.0000,0.0000,no_calib
218,7.3276,0.0000,0.0000,0.0000,0.0000,0,0.0000,1.0000,,0.0000,0.0000,no_calib
219,7.3607,0.0000,0.0000,0.0000,0.0000,0,0.0000,1.0000,,0.0000,0.0000,no_calib
220,7.3941,0.0000,0.0000,0.0000,0.0000,0,0.0000,1.0000,,0.0000,0.0000,no_calib
221,7.4277,0.0000,0.0000,0.0000,0.0000,0,0.0000,1.0000,,0.0000,0.0000,no_calib
222,7.4610,0.0000,0.0000,0.0000,0.0000,0,0.0000,1.0000,,0.0000,0.0000,no_calib
223,7.4942,0.0000,0.0000,0.0000,0.0000,0,0.0000,1.0000,,0.0000,0.0000,no_calib
224,7.5278,0.0000,0.0000,0.0000,0.0000,0,0.0000,1.0000,,0.0000,0.0000,no_calib
225,7.5612,0.0000,0.0000,0.0000,0.0000,0,0.0000,1.0000,,0.0000,0.0000,no_calib
226,7.5936,0.0000,0.0000,0.0000,0.0000,0,0.0000,1.0000,,0.0000,0.0000,no_calib
227,7.6271,0.0000,0.0000,0.0000,0.0000,0,0.0000,1.0000,,0.0000,0.0000,no_calib
228,7.6610,0.0000,0.0000,0.0000,0.0000,0,0.0000,1.0000,,0.0000,0.0000,no_calib
229,7.6944,0.0000,0.0000,0.0000,0.0000,0,0.0000,1.0000,,0.0000,0.0000,no_calib
230,7.7272,0.0000,0.0000,0.0000,0.0000,0,0.0000,1.0000,,0.0000,0.0000,no_calib
231,7.7609,0.0000,0.0000,0.0000,0.0000,0,0.0000,1.0000,,0.0000,0.0000,no_calib
232,7.7941,0.0000,0.0000,0.0000,0.0000,0,0.0000,1.0000,,0.0000,0.0000,no_calib
233,7.8269,0.0000,0.0000,0.0000,0.0000,0,0.0000,1.0000,,0.0000,0.0000,no_calib
234,7.8618,0.0000,0.0000,0.0000,0.0000,0,0.0000,1.0000,,0.0000,0.0000,no_calib
235,7.8935,0.0000,0.0000,0.0000,0.0000,0,0.0000,1.0000,,0.0000,0.0000,no_calib
236,7.9272,0.0000,0.0000,0.0000,0.0000,0,0.0000,1.0000,,0.0000,0.0000,no_calib
237,7.9610,0.0000,0.0000,0.0000,0.0000,0,0.0000,1.0000,,0.0000,0.0000,no_calib
238,7.9934,0.0000,0.0000,0.0000,0.0000,0,0.0000,1.0000,,0.0000,0.0000,no_calib
239,8.0271,0.0000,0.0000,0.0000,0.0000,0,0.0000,1.0000,,0.0000,0.0000,no_calib
240,8.0606,0.0000,0.0000,0.0000,0.0000,0,0.0000,1.0000,,0.0000,0.0000,no_calib
241,8.1098,0.0000,0.0000,0.0000,0.0000,0,0.0000,1.0000,,0.0000,0.0000,no_calib
242,8.1341,0.0000,0.0000,0.0000,0.0000,0,0.0000,1.0000,,0.0000,0.0000,no_calib
243,8.1606,0.0000,0.0000,0.0000,0.0000,0,0.0000,1.0000,,0.0000,0.0000,no_calib
244,8.1942,0.0000,0.0000,0.0000,0.0000,0,0.0000,1.0000,,0.0000,0.0000,no_calib
245,8.2273,0.0000,0.0000,0.0000,0.0000,0,0.0000,1.0000,,0.0000,0.0000,no_calib
246,8.2603,0.0000,0.0000,0.0000,0.0000,0,0.0000,1.0000,,0.0000,0.0000,no_calib
247,8.2938,0.0000,0.0000,0.0000,0.0000,0,0.0000,1.0000,,0.0000,0.0000,no_calib
248,8.3273,0.0000,0.0000,0.0000,0.0000,0,0.0000,1.0000,,0.0000,0.0000,no_calib
249,8.3607,0.0000,0.0000,0.0000,0.0000,0,0.0000,1.0000,,0.0000,0.0000,no_calib
250,8.3940,0.0000,0.0000,0.0000,0.0000,0,0.0000,1.0000,,0.0000,0.0000,no_calib
251,8.4268,0.0000,0.0000,0.0000,0.0000,0,0.0000,1.0000,,0.0000,0.0000,no_calib
252,8.4604,0.0000,0.0000,0.0000,0.0000,0,0.0000,1.0000,,0.0000,0.0000,no_calib
253,8.4945,0.0000,0.0000,0.0000,0.0000,0,0.0000,1.0000,,0.0000,0.0000,no_calib
254,8.9358,0.8748,0.9919,0.8748,0.9919,727,0.8363,1.0000,0.671382,-1.5587,1.2259,
255,8.9638,1.2137,0.7482,0.3388,-0.2437,740,0.9563,1.0000,0.671382,0.3384,0.5259,
256,8.9914,1.5391,0.2654,0.3255,-0.4828,764,0.9550,1.0000,0.671382,0.6984,0.5254,
257,9.0189,2.0100,0.8457,0.4709,0.5803,760,0.9500,1.0000,0.671382,-0.9086,0.6561,
258,9.0463,2.3187,1.1313,0.3086,0.2856,760,0.9512,1.0000,0.671382,-0.4533,0.4377,
259,9.0736,3.1314,1.1465,0.8127,0.0152,773,0.9663,1.0000,0.671382,-0.0880,1.2126,
260,9.1007,4.1931,1.4669,1.0617,0.3204,777,0.9712,1.0000,0.671382,-0.5661,1.5597,
261,9.1282,4.9629,1.8455,0.7699,0.3786,771,0.9637,1.0000,0.671382,-0.6300,1.1190,
262,9.1558,5.0947,2.1015,0.1318,0.2560,662,0.8949,1.0000,0.671382,-0.3947,0.1761,
263,9.1832,4.9705,2.8204,-0.1242,0.7189,634,0.8170,1.0000,0.671382,-1.0688,-0.2440,
264,9.2109,4.9387,2.7472,-0.0319,-0.0732,761,0.9524,1.0000,0.671382,0.1124,-0.0416,
265,9.2385,5.5849,2.9311,0.6462,0.1840,754,0.9425,1.0000,0.671382,-0.3280,0.9501,
266,9.2662,7.0132,3.6030,1.4284,0.6719,657,0.8213,1.0000,0.671382,-1.1229,2.0787,
267,9.2938,7.7632,2.9948,0.7499,-0.6083,762,0.9200,1.0000,0.671382,0.8525,1.1696,
268,9.3214,7.4743,3.1005,-0.2888,0.1057,643,0.8762,1.0000,0.671382,-0.1355,-0.4400,
269,9.3529,7.0114,3.1590,-0.4629,0.0585,763,0.9513,1.0000,0.671382,-0.0507,-0.6962,
270,9.3809,6.8983,3.0051,-0.1131,-0.1540,657,0.8243,1.0000,0.671382,0.2401,-0.1565,
271,9.4363,6.4060,2.5041,-0.4923,-0.5010,706,0.9475,1.0000,0.671382,0.7913,-0.6945,
272,9.4640,5.8231,2.3030,-0.5829,-0.2011,673,0.8636,1.0000,0.671382,0.3486,-0.8542,
273,9.4915,5.4376,1.8312,-0.3855,-0.4717,688,0.8800,1.0000,0.671382,0.7389,-0.5374,
274,9.5192,5.0001,1.0010,-0.4374,-0.8302,693,0.9574,1.0000,0.671382,1.2809,-0.5858,
275,9.5470,4.2899,-0.3175,-0.7103,-1.3185,687,0.8700,1.0000,0.671382,2.0356,-0.9536,
276,9.5747,3.7327,-2.1983,-0.5571,-1.8808,740,0.9287,1.0000,0.671382,2.8671,-0.6790,
277,9.6028,3.4071,-5.3134,-0.3256,-3.1151,623,0.7875,1.0000,0.671382,4.7007,-0.2327,
278,9.6310,0.2563,-5.5415,-3.1509,-0.2281,618,0.6475,1.0000,0.671382,0.5952,-4.6875,
279,9.6591,-3.1765,-0.2616,-3.4328,5.2799,424,0.1307,1.0000,0.671382,-7.6474,-5.5570,low_inlier
280,9.6878,-10.3240,-7.1844,-7.1474,-6.9228,704,0.0025,1.0000,0.671382,10.9623,-10.1118,low_inlier
281,9.7168,-9.8729,-5.6250,0.4510,1.5593,342,0.0941,1.0000,0.671382,-2.3762,0.5467,low_inlier
282,9.7455,-12.9491,-3.9520,-3.0762,1.6731,317,0.0577,1.0000,0.671382,-2.2636,-4.7307,low_inlier
283,9.7741,0.7863,10.7544,13.7354,14.7064,234,0.0383,1.0000,0.671382,-23.1714,19.3178,low_inlier
284,9.8037,5.5734,10.0578,4.7871,-0.6966,410,0.1650,1.0000,0.671382,0.6610,7.2066,low_inlier
285,9.8334,9.7906,13.5019,4.2172,3.4441,408,0.3173,1.0000,0.671382,-5.5069,6.0184,low_inlier
286,9.8626,18.0605,27.0554,8.2699,13.5535,283,0.3017,1.0000,0.671382,-21.0025,11.2485,low_inlier
287,9.8922,19.1919,31.2208,1.1314,4.1654,519,0.1516,1.0000,0.671382,-6.3415,1.3508,low_inlier
288,9.9280,15.3828,27.9825,-3.8091,-3.2383,512,0.1746,1.0000,0.671382,5.1653,-5.4256,low_inlier
289,9.9571,12.0219,27.2446,-3.3609,-0.7378,499,0.1744,1.0000,0.671382,1.3771,-4.9597,low_inlier
290,9.9855,7.1704,25.5825,-4.8515,-1.6621,578,0.4461,1.0000,0.671382,2.8837,-7.1108,low_inlier
291,10.0142,3.6012,22.3272,-3.5692,-3.2553,653,0.5972,1.0000,0.671382,5.1716,-5.0659,
292,10.0424,2.6623,19.9584,-0.9389,-2.3687,610,0.3780,1.0000,0.671382,3.6299,-1.2094,low_inlier
293,10.0704,1.3631,18.2975,-1.2992,-1.6609,587,0.2612,1.0000,0.671382,2.5967,-1.8053,low_inlier
294,10.0988,-2.2830,18.4030,-3.6461,0.1055,591,0.6658,1.0000,0.671382,0.1345,-5.4543,
295,10.1267,-3.5877,15.5481,-1.3047,-2.8548,395,0.1967,1.0000,0.671382,4.3887,-1.7163,low_inlier
296,10.1552,-7.2816,13.1503,-3.6939,-2.3979,595,0.7089,1.0000,0.671382,3.8948,-5.3220,
297,10.1835,-11.1787,11.1245,-3.8971,-2.0258,575,0.6527,1.0000,0.671382,3.3528,-5.6557,
298,10.2115,-15.0379,9.9925,-3.8592,-1.1320,603,0.5786,1.0000,0.671382,2.0085,-5.6719,
299,10.2400,-16.6058,12.4057,-1.5680,2.4131,619,0.7026,1.0000,0.671382,-3.4953,-2.5383,
300,10.2681,-14.4522,16.8081,2.1536,4.4024,419,0.1355,1.0000,0.671382,-6.7792,2.8583,low_inlier
301,10.3199,-9.3229,16.9199,5.1293,0.1118,605,0.2287,1.0000,0.671382,-0.5797,7.6519,low_inlier
302,10.3480,-3.6621,13.2824,5.6608,-3.6375,684,0.4692,1.0000,0.671382,5.0040,8.7509,low_inlier
303,10.3764,-1.0638,11.1692,2.5983,-2.1132,625,0.2866,1.0000,0.671382,2.9625,4.0528,low_inlier
304,10.4045,0.3251,10.4965,1.3889,-0.6727,694,0.6012,1.0000,0.671382,0.8979,2.1292,
305,10.4323,2.2097,8.2220,1.8846,-2.2746,749,0.9363,1.0000,0.671382,3.2619,3.0000,
306,10.4601,2.3129,8.3438,0.1032,0.1218,730,0.8761,1.0000,0.671382,-0.1911,0.1442,
307,10.4879,2.5866,9.0670,0.2737,0.7232,755,0.7250,1.0000,0.671382,-1.1072,0.3499,
308,10.5153,2.8075,8.8634,0.2209,-0.2036,725,0.9174,1.0000,0.671382,0.2877,0.3464,
309,10.5428,3.9932,7.7712,1.1858,-1.0922,709,0.9248,1.0000,0.671382,1.5438,1.8600,
310,10.5707,4.3677,7.2473,0.3745,-0.5238,618,0.7322,1.0000,0.671382,0.7560,0.6019,
311,10.5983,5.4821,6.8688,1.1144,-0.3785,627,0.7719,1.0000,0.671382,0.4785,1.6953,
312,10.6260,4.2501,7.4856,-1.2321,0.6168,423,0.4010,1.0000,0.671382,-0.8267,-1.8904,low_inlier
313,10.6542,5.9210,8.8230,1.6709,1.3373,732,0.7835,1.0000,0.671382,-2.1410,2.3868,
314,10.6824,5.8673,8.1009,-0.0537,-0.7221,763,0.9374,1.0000,0.671382,1.0878,-0.0214,
315,10.7097,5.4235,8.3163,-0.4438,0.2154,658,0.8673,1.0000,0.671382,-0.2876,-0.6803,
316,10.7376,5.6011,8.3230,0.1776,0.0067,753,0.9549,1.0000,0.671382,-0.0243,0.2646,
317,10.7648,6.4718,8.8523,0.8707,0.5293,711,0.8711,1.0000,0.671382,-0.8641,1.2573,
318,10.7925,7.2008,8.3795,0.7290,-0.4727,620,0.7612,1.0000,0.671382,0.6509,1.1273,
319,10.8203,8.7746,9.3126,1.5739,0.9331,620,0.7588,1.0000,0.671382,-1.5265,2.2748,
320,10.8482,9.0062,10.9667,0.2316,1.6541,615,0.6871,1.0000,0.671382,-2.5008,0.2112,
321,10.8758,6.4553,11.2649,-2.5509,0.2982,638,0.7972,1.0000,0.671382,-0.2426,-3.8342,
322,10.9035,6.9486,9.9415,0.4933,-1.3234,620,0.5100,1.0000,0.671382,1.9463,0.8444,
323,10.9316,12.8081,9.0005,5.8595,-0.9410,662,0.6452,1.0000,0.671382,0.9415,8.8283,
324,10.9598,14.4163,7.4665,1.6082,-1.5341,549,0.2150,1.0000,0.671382,2.1729,2.5268,low_inlier
325,10.9881,17.7533,8.0927,3.3370,0.6263,407,0.0845,1.0000,0.671382,-1.2078,4.9331,low_inlier
326,11.0165,18.6173,13.8438,0.8641,5.7510,317,0.0389,1.0000,0.671382,-8.6994,0.8224,low_inlier
327,11.0452,10.2865,22.7246,-8.3309,8.8808,380,0.1148,1.0000,0.671382,-12.6578,-13.1658,low_inlier
328,11.0743,1.6241,21.2133,-8.6624,-1.5113,489,0.1593,1.0000,0.671382,2.9634,-12.8150,low_inlier
329,11.1032,-4.8154,22.5587,-6.4394,1.3454,594,0.3995,1.0000,0.671382,-1.5019,-9.7273,low_inlier
330,11.1319,-6.4011,26.2783,-1.5858,3.7196,598,0.2996,1.0000,0.671382,-5.4544,-2.6712,low_inlier
331,11.1840,-3.1368,25.6264,3.2644,-0.6519,589,0.2854,1.0000,0.671382,0.7162,4.9286,low_inlier
332,11.2123,-3.2684,26.5682,-0.1316,0.9419,633,0.2150,1.0000,0.671382,-1.4028,-0.2732,low_inlier
333,11.2404,-5.0712,29.0326,-1.8029,2.4643,577,0.4856,1.0000,0.671382,-3.5532,-2.8933,low_inlier
334,11.2689,-5.6043,26.1524,-0.5331,-2.8801,548,0.5850,1.0000,0.671382,4.3647,-0.5618,
335,11.2972,-6.1777,18.0615,-0.5734,-8.0910,745,0.0187,1.0000,0.671382,12.1874,-0.1978,low_inlier
336,11.3258,-6.3508,17.0233,-0.1731,-1.0382,555,0.3875,1.0000,0.671382,1.5718,-0.1740,low_inlier
337,11.3540,-9.9255,19.9139,-3.5747,2.8906,575,0.3120,1.0000,0.671382,-4.0507,-5.5744,low_inlier
338,11.3841,-9.3461,24.2293,0.5794,4.3154,638,0.4831,1.0000,0.671382,-6.5222,0.5141,low_inlier
339,11.4126,-9.8251,22.9106,-0.4790,-1.3186,754,0.9437,1.0000,0.671382,2.0172,-0.6080,
340,11.4405,-8.8759,25.8751,0.9491,2.9644,591,0.3417,1.0000,0.671382,-4.5247,1.1763,low_inlier
341,11.4689,-7.8611,26.6631,1.0149,0.7880,779,0.6275,1.0000,0.671382,-1.2640,1.4516,
342,11.4972,-7.5626,27.1367,0.2984,0.4736,705,0.8738,1.0000,0.671382,-0.7346,0.4072,
343,11.5253,-7.9188,25.7527,-0.3562,-1.3840,725,0.9263,1.0000,0.671382,2.1054,-0.4193,
344,11.5532,-6.1580,25.7689,1.7608,0.0162,615,0.7050,1.0000,0.671382,-0.1656,2.6285,
345,11.5812,-4.6316,24.4905,1.5264,-1.2784,618,0.7050,1.0000,0.671382,1.7958,2.3839,
346,11.6095,-3.5471,24.4988,1.0845,0.0083,759,0.9437,1.0000,0.671382,-0.0995,1.6191,
347,11.6372,-3.6375,23.8336,-0.0904,-0.6652,695,0.9187,1.0000,0.671382,1.0054,-0.0808,
348,11.6650,-3.5078,24.3085,0.1297,0.4749,743,0.9287,1.0000,0.671382,-0.7231,0.1551,
349,11.6937,-3.6796,23.7919,-0.1718,-0.5166,766,0.9500,1.0000,0.671382,0.7891,-0.2146,
350,11.7246,-3.9004,24.2644,-0.2208,0.4725,761,0.8925,1.0000,0.671382,-0.6913,-0.3682,
351,11.7576,-3.7141,24.2120,0.1863,-0.0524,678,0.8263,1.0000,0.671382,0.0636,0.2825,
352,11.7911,-3.0419,24.4272,0.6722,0.2151,626,0.7725,1.0000,0.671382,-0.3768,0.9865,
353,11.8243,-2.4836,24.5107,0.5583,0.0835,711,0.8762,1.0000,0.671382,-0.1701,0.8270,
354,11.8572,-2.1863,24.5959,0.2973,0.0853,770,0.9625,1.0000,0.671382,-0.1518,0.4371,
355,11.8911,-1.4455,24.3300,0.7408,-0.2659,691,0.8712,1.0000,0.671382,0.3396,1.1281,
356,11.9240,-1.2979,23.0738,0.1476,-1.2562,724,0.9250,1.0000,0.671382,1.8732,0.3227,
357,11.9576,-2.3057,22.0917,-1.0077,-0.9821,657,0.8150,1.0000,0.671382,1.5546,-1.4252,
358,11.9906,-3.2569,21.4687,-0.9512,-0.6230,747,0.8900,1.0000,0.671382,1.0113,-1.3700,
359,12.0240,-3.8805,20.7920,-0.6237,-0.6767,748,0.9350,1.0000,0.671382,1.0656,-0.8764,
360,12.0573,-4.0878,20.9347,-0.2072,0.1427,760,0.9524,1.0000,0.671382,-0.1975,-0.3212,
361,12.1071,-3.7290,21.2041,0.3588,0.2695,778,0.9725,1.0000,0.671382,-0.4332,0.5140,
362,12.1347,-3.0940,21.7304,0.6349,0.5262,771,0.9613,1.0000,0.671382,-0.8406,0.9055,
363,12.1621,-2.7036,22.1284,0.3905,0.3980,769,0.9613,1.0000,0.671382,-0.6286,0.5508,
364,12.1907,-2.2640,22.7662,0.4396,0.6379,776,0.9700,1.0000,0.671382,-0.9925,0.6046,
365,12.2240,-2.1142,23.1503,0.1498,0.3841,771,0.9637,1.0000,0.671382,-0.5884,0.1925,
366,12.2573,-2.1915,23.3859,-0.0773,0.2355,740,0.9587,1.0000,0.671382,-0.3473,-0.1346,
367,12.2902,-2.2123,23.1439,-0.0209,-0.2420,782,0.9775,1.0000,0.671382,0.3648,-0.0115,
368,12.3237,-1.7733,23.3805,0.4391,0.2366,761,0.8287,1.0000,0.671382,-0.3903,0.6365,
369,12.3570,-0.2600,23.5938,1.5133,0.2133,685,0.8525,1.0000,0.671382,-0.4416,2.2429,
370,12.3903,1.2021,22.1042,1.4621,-1.4896,659,0.8025,1.0000,0.671382,2.1179,2.3050,
371,12.4237,1.3277,21.2584,0.1255,-0.8457,772,0.9650,1.0000,0.671382,1.2590,0.2564,
372,12.4572,0.8567,20.9839,-0.4710,-0.2745,767,0.9613,1.0000,0.671382,0.4497,-0.6811,
373,12.4906,-0.0291,20.2678,-0.8858,-0.7161,642,0.8237,1.0000,0.671382,1.1457,-1.2647,
374,12.5236,-0.2983,20.2530,-0.2692,-0.0148,774,0.9475,1.0000,0.671382,0.0438,-0.4009,
375,12.5572,-0.6940,19.9584,-0.3957,-0.2947,654,0.9200,1.0000,0.671382,0.4740,-0.5670,
376,12.5902,-0.4922,20.1295,0.2018,0.1711,681,0.9625,1.0000,0.671382,-0.2729,0.2875,
377,12.6235,-0.8895,18.8930,-0.3974,-1.2364,755,0.9450,1.0000,0.671382,1.8873,-0.4929,
378,12.6571,-1.2203,19.1654,-0.3308,0.2724,445,0.5682,1.0000,0.671382,-0.3822,-0.5162,
379,12.6911,-7.6384,17.6531,-6.4181,-1.5123,469,0.1750,1.0000,0.671382,2.7847,-9.4629,low_inlier
380,12.7236,-11.0459,20.6294,-3.4075,2.9763,541,0.3204,1.0000,0.671382,-4.1927,-5.3317,low_inlier
381,12.7570,-17.8218,24.1234,-6.7759,3.4939,619,0.3379,1.0000,0.671382,-4.6990,-10.4047,low_inlier
382,12.7903,-17.1430,27.8154,0.6788,3.6921,601,0.2158,1.0000,0.671382,-5.5948,0.7133,low_inlier
383,12.8236,-15.8458,21.9517,1.2972,-5.8637,613,0.2400,1.0000,0.671382,8.6949,2.4148,low_inlier
384,12.8570,-20.7425,17.8848,-4.8967,-4.0670,512,0.0788,1.0000,0.671382,6.4961,-6.9826,low_inlier
385,12.8901,-14.3562,33.8239,6.3862,15.9391,386,0.0981,1.0000,0.671382,-24.4311,8.2409,low_inlier
386,12.9236,-10.8924,33.9428,3.4638,0.1189,506,0.1118,1.0000,0.671382,-0.4566,5.1638,low_inlier
387,12.9569,-12.1224,31.6157,-1.2300,-2.3271,539,0.4200,1.0000,0.671382,3.5908,-1.6476,low_inlier
388,12.9901,-11.4902,36.9991,0.6322,5.3835,602,0.2528,1.0000,0.671382,-8.1292,0.5060,low_inlier
389,13.0234,-9.7613,38.4340,1.7289,1.4349,599,0.7440,1.0000,0.671382,-2.2921,2.4654,
390,13.0570,-8.5319,36.9555,1.2294,-1.4785,579,0.7182,1.0000,0.671382,2.1200,1.9565,
391,13.1090,-9.0810,33.6794,-0.5491,-3.2761,626,0.5175,1.0000,0.671382,4.9603,-0.5534,
392,13.1372,-15.2838,28.2958,-6.2028,-5.3836,473,0.3639,1.0000,0.671382,8.5767,-8.8262,low_inlier
393,13.1657,-19.6582,24.1807,-4.3744,-4.1151,663,0.6796,1.0000,0.671382,6.5264,-6.1986,
394,13.1943,-26.2100,24.5731,-6.5519,0.3924,635,0.6040,1.0000,0.671382,-0.0627,-9.8177,
395,13.2235,-31.4932,28.7800,-5.2831,4.2069,499,0.4679,1.0000,0.671382,-5.8887,-8.2332,low_inlier
396,13.2568,-33.5048,33.4232,-2.0117,4.6432,620,0.3299,1.0000,0.671382,-6.8061,-3.3826,low_inlier
397,13.2902,-31.3614,35.3762,2.1434,1.9530,608,0.4836,1.0000,0.671382,-3.1028,3.0424,low_inlier
398,13.3234,-27.8466,34.9594,3.5148,-0.4169,546,0.3620,1.0000,0.671382,0.3433,5.2836,low_inlier
399,13.3566,-25.4205,35.0986,2.4261,0.1393,600,0.4076,1.0000,0.671382,-0.4038,3.6122,low_inlier
400,13.3901,-24.3113,38.1502,1.1093,3.0516,677,0.8175,1.0000,0.671382,-4.6683,1.4084,
401,13.4237,-23.3823,43.2045,0.9290,5.0542,595,0.7465,1.0000,0.671382,-7.6590,0.9761,
402,13.4569,-22.7300,46.9632,0.6523,3.7587,616,0.7510,1.0000,0.671382,-5.6927,0.6683,
403,13.4901,-22.2556,48.5046,0.4744,1.5415,581,0.7228,1.0000,0.671382,-2.3513,0.5830,
404,13.5237,-21.4347,50.6649,0.8209,2.1603,585,0.7395,1.0000,0.671382,-3.3077,1.0502,
405,13.5566,-20.4319,51.3419,1.0029,0.6770,635,0.8003,1.0000,0.671382,-1.0964,1.4428,
406,13.5901,-19.0483,50.9420,1.3836,-0.4000,654,0.8579,1.0000,0.671382,0.4891,2.0991,
407,13.6232,-18.3929,51.9101,0.6554,0.9682,658,0.8325,1.0000,0.671382,-1.5055,0.9000,
408,13.6566,-18.1783,52.2290,0.2146,0.3188,684,0.8794,1.0000,0.671382,-0.4957,0.2945,
409,13.6905,-17.6543,51.8344,0.5240,-0.3946,676,0.8492,1.0000,0.671382,0.5500,0.8147,
410,13.7235,-17.5302,52.2285,0.1241,0.3941,694,0.8720,1.0000,0.671382,-0.6014,0.1533,
411,13.7566,-17.1315,52.4485,0.3987,0.2199,722,0.9198,1.0000,0.671382,-0.3621,0.5776,
412,13.7900,-16.5478,52.5542,0.5837,0.1057,691,0.8807,1.0000,0.671382,-0.2054,0.8632,
413,13.8235,-15.9541,53.8962,0.5937,1.3421,699,0.8910,1.0000,0.671382,-2.0616,0.7775,
414,13.8567,-15.2900,54.6741,0.6641,0.7779,711,0.8957,1.0000,0.671382,-1.2206,0.9286,
415,13.8902,-14.5829,55.6960,0.7071,1.0220,698,0.8780,1.0000,0.671382,-1.5903,0.9729,
416,13.9233,-14.3677,56.0469,0.2152,0.3509,658,0.8063,1.0000,0.671382,-0.5439,0.2929,
417,13.9566,-14.5856,55.9263,-0.2180,-0.1207,704,0.8970,1.0000,0.671382,0.1986,-0.3157,
418,13.9899,-14.6739,56.3717,-0.0883,0.4454,703,0.8890,1.0000,0.671382,-0.6613,-0.1681,
419,14.0231,-14.0515,56.2307,0.6224,-0.1410,723,0.9269,1.0000,0.671382,0.1616,0.9411,
420,14.0566,-12.9603,57.1865,1.0912,0.9559,711,0.8363,1.0000,0.671382,-1.5220,1.5520,
421,14.1081,-12.1695,57.8162,0.7908,0.6297,754,0.9425,1.0000,0.671382,-1.0084,1.1299,
422,14.1358,-11.3506,57.8601,0.8188,0.0439,747,0.9350,1.0000,0.671382,-0.1316,1.2194,
423,14.1637,-10.8826,58.0769,0.4681,0.2168,757,0.9313,1.0000,0.671382,-0.3630,0.6814,
424,14.1913,-11.0827,58.3021,-0.2001,0.2251,613,0.8225,1.0000,0.671382,-0.3218,-0.3172,
425,14.2233,-11.3510,57.6946,-0.2683,-0.6075,712,0.8400,1.0000,0.671382,0.9332,-0.3513,
426,14.2568,-11.1089,57.8680,0.2421,0.1735,763,0.9550,1.0000,0.671382,-0.2797,0.3475,
427,14.2899,-10.8230,57.7327,0.2859,-0.1353,760,0.9500,1.0000,0.671382,0.1801,0.4380,
428,14.3233,-10.6347,58.2963,0.1883,0.5636,755,0.9500,1.0000,0.671382,-0.8609,0.2354,
429,14.3568,-10.5747,58.5273,0.0600,0.2310,764,0.9563,1.0000,0.671382,-0.3514,0.0709,
430,14.3900,-10.5828,59.0150,-0.0081,0.4877,761,0.9513,1.0000,0.671382,-0.7311,-0.0517,
431,14.4232,-10.6094,58.6587,-0.0267,-0.3562,764,0.9563,1.0000,0.671382,0.5367,-0.0108,
432,14.4567,-10.7689,58.7948,-0.1595,0.1360,762,0.9525,1.0000,0.671382,-0.1913,-0.2493,
433,14.4905,-10.9737,58.6550,-0.2047,-0.1397,703,0.9550,1.0000,0.671382,0.2261,-0.2944,
434,14.5233,-10.6500,58.8103,0.3237,0.1553,696,0.9025,1.0000,0.671382,-0.2590,0.4708,
435,14.5568,-10.1421,59.2103,0.5079,0.4000,752,0.9400,1.0000,0.671382,-0.6410,0.7260,
436,14.5902,-10.0768,58.8453,0.0653,-0.3649,760,0.9500,1.0000,0.671382,0.5424,0.1272,
437,14.6232,-10.2293,58.6602,-0.1525,-0.1851,703,0.9413,1.0000,0.671382,0.2900,-0.2127,
438,14.6565,-10.3916,58.7951,-0.1623,0.1348,759,0.9487,1.0000,0.671382,-0.1893,-0.2533,
439,14.6902,-10.1130,59.1343,0.2785,0.3392,755,0.9437,1.0000,0.671382,-0.5314,0.3884,
440,14.7237,-9.9274,59.1899,0.1857,0.0556,764,0.9550,1.0000,0.671382,-0.0984,0.2728,
441,14.7564,-10.2087,58.8256,-0.2813,-0.3643,611,0.8137,1.0000,0.671382,0.5693,-0.3905,
442,14.7900,-10.2872,58.4668,-0.0786,-0.3588,752,0.9400,1.0000,0.671382,0.5447,-0.0881,
443,14.8229,-9.9169,57.7563,0.3703,-0.7105,742,0.9275,1.0000,0.671382,1.0365,0.6109,
444,14.8567,-10.0283,57.3590,-0.1113,-0.3973,748,0.9375,1.0000,0.671382,0.6052,-0.1339,
445,14.8893,-10.0849,57.5346,-0.0567,0.1756,750,0.9437,1.0000,0.671382,-0.2590,-0.0989,
446,14.9231,-9.9533,58.5984,0.1316,1.0639,724,0.9400,1.0000,0.671382,-1.6070,0.1100,
447,14.9561,-10.0638,58.5505,-0.1105,-0.0479,759,0.9487,1.0000,0.671382,0.0808,-0.1611,
448,14.9895,-10.3022,58.1888,-0.2383,-0.3617,755,0.9437,1.0000,0.671382,0.5620,-0.3265,
449,15.0230,-10.3621,58.3902,-0.0599,0.2014,754,0.9437,1.0000,0.671382,-0.2974,-0.1059,
450,15.0562,-10.4641,58.1017,-0.1020,-0.2885,753,0.9550,1.0000,0.671382,0.4411,-0.1289,
451,15.1080,-10.4586,57.6717,0.0055,-0.4300,764,0.9550,1.0000,0.671382,0.6448,0.0432,
452,15.1351,-10.3308,58.1800,0.1278,0.5083,758,0.9475,1.0000,0.671382,-0.7730,0.1496,
453,15.1626,-10.2242,58.7690,0.1066,0.5890,757,0.9513,1.0000,0.671382,-0.8924,0.1113,
454,15.1900,-10.2011,58.9913,0.0231,0.2223,765,0.9563,1.0000,0.671382,-0.3354,0.0164,
455,15.2227,-10.0774,58.8603,0.1238,-0.1310,760,0.9500,1.0000,0.671382,0.1866,0.1955,
456,15.2562,-9.8215,58.6672,0.2559,-0.1931,772,0.9650,1.0000,0.671382,0.2692,0.3979,
457,15.2896,-9.7087,58.8328,0.1127,0.1656,770,0.9625,1.0000,0.671382,-0.2575,0.1549,
458,15.3228,-9.8598,58.6760,-0.1510,-0.1568,616,0.7913,1.0000,0.671382,0.2475,-0.2128,
459,15.3561,-9.7154,58.6252,0.1444,-0.0507,758,0.9475,1.0000,0.671382,0.0645,0.2198,
460,15.3893,-9.3185,59.1072,0.3969,0.4819,754,0.9450,1.0000,0.671382,-0.7551,0.5536,
461,15.4228,-9.2421,58.8297,0.0764,-0.2775,697,0.9625,1.0000,0.671382,0.4102,0.1367,
462,15.4561,-9.2862,58.6498,-0.0441,-0.1799,757,0.9475,1.0000,0.671382,0.2736,-0.0513,
463,15.4899,-8.9887,59.1469,0.2975,0.4971,747,0.9487,1.0000,0.671382,-0.7698,0.4039,
464,15.5231,-8.8647,58.8504,0.1240,-0.2965,767,0.9587,1.0000,0.671382,0.4349,0.2094,
465,15.5562,-8.8023,58.7781,0.0624,-0.0723,760,0.9500,1.0000,0.671382,0.1035,0.0991,
466,15.5897,-8.7458,58.9893,0.0564,0.2112,757,0.9475,1.0000,0.671382,-0.3215,0.0671,
467,15.6227,-8.7426,58.9353,0.0033,-0.0541,760,0.9500,1.0000,0.671382,0.0809,0.0093,
468,15.6560,-8.6875,58.8419,0.0551,-0.0934,765,0.9563,1.0000,0.671382,0.1357,0.0898,
469,15.6894,-8.3306,58.8355,0.3569,-0.0064,762,0.9525,1.0000,0.671382,-0.0191,0.5336,
470,15.7235,-7.8238,58.9381,0.5068,0.1025,770,0.9625,1.0000,0.671382,-0.1945,0.7486,
471,15.7562,-7.6035,59.0653,0.2203,0.1273,765,0.9575,1.0000,0.671382,-0.2087,0.3187,
472,15.7893,-7.6542,58.9052,-0.0507,-0.1602,758,0.9537,1.0000,0.671382,0.2444,-0.0627,
473,15.8226,-7.5615,58.1348,0.0927,-0.7704,764,0.9550,1.0000,0.671382,1.1486,0.2012,
474,15.8562,-7.3603,57.7909,0.2013,-0.3439,763,0.9537,1.0000,0.671382,0.4999,0.3286,
475,15.8894,-7.4723,57.8326,-0.1121,0.0417,756,0.9513,1.0000,0.671382,-0.0536,-0.1708,
476,15.9226,-7.6376,57.5078,-0.1652,-0.3248,757,0.9463,1.0000,0.671382,0.5007,-0.2204,
477,15.9560,-7.6290,57.4743,0.0086,-0.0335,764,0.9550,1.0000,0.671382,0.0495,0.0156,
478,15.9893,-7.5973,57.3332,0.0317,-0.1411,767,0.9587,1.0000,0.671382,0.2092,0.0588,
479,16.0225,-7.5730,57.3876,0.0243,0.0544,760,0.9500,1.0000,0.671382,-0.0836,0.0319,
480,16.0559,-7.4788,57.6275,0.0941,0.2399,758,0.9475,1.0000,0.671382,-0.3675,0.1211,
481,16.1076,-7.2736,57.8205,0.2052,0.1930,755,0.9437,1.0000,0.671382,-0.3061,0.2908,
482,16.1353,-6.9864,57.6467,0.2872,-0.1738,760,0.9500,1.0000,0.671382,0.2377,0.4431,
483,16.1626,-6.9108,57.3489,0.0756,-0.2979,770,0.9637,1.0000,0.671382,0.4409,0.1371,
484,16.1905,-7.6735,57.3521,-0.7627,0.0033,775,0.9700,1.0000,0.671382,1.1448,0.0572,
485,16.2225,-7.6501,57.1385,0.0234,-0.2137,769,0.9613,1.0000,0.671382,-0.0522,0.3172,
486,16.2556,-7.4595,57.0040,0.1906,-0.1345,760,0.9513,1.0000,0.671382,-0.2968,0.1854,
487,16.2892,-7.3838,56.9943,0.0757,-0.0097,762,0.9525,1.0000,0.671382,-0.1143,0.0083,
488,16.3225,-7.6910,57.0713,-0.3071,0.0770,768,0.9600,1.0000,0.671382,0.4671,-0.0900,
489,16.3560,-7.8726,57.0813,-0.1817,0.0100,763,0.9537,1.0000,0.671382,0.2734,-0.0002,
490,16.3891,-7.5891,57.2062,0.2836,0.1249,767,0.9587,1.0000,0.671382,-0.4155,-0.2097,
491,16.4226,-7.8058,57.3869,-0.2167,0.1807,767,0.9587,1.0000,0.671382,0.3397,-0.2522,
492,16.4559,-8.0732,57.5509,-0.2674,0.1640,763,0.9550,1.0000,0.671382,0.4145,-0.2232,
493,16.4889,-8.3265,57.5849,-0.2533,0.0340,765,0.9563,1.0000,0.671382,0.3828,-0.0301,
494,16.5225,-8.3008,57.8276,0.0257,0.2427,758,0.9625,1.0000,0.671382,-0.0191,-0.3647,
495,16.5557,-8.0832,57.8845,0.2176,0.0569,773,0.9663,1.0000,0.671382,-0.3219,-0.1027,
496,16.5893,-8.2621,57.8015,-0.1789,-0.0830,762,0.9663,1.0000,0.671382,0.2618,0.1385,
497,16.6228,-8.6491,57.8712,-0.3870,0.0697,768,0.9600,1.0000,0.671382,0.5863,-0.0726,
498,16.6558,-8.7170,58.0481,-0.0679,0.1769,764,0.9688,1.0000,0.671382,0.1161,-0.2587,
499,16.6891,-8.4312,58.0862,0.2858,0.0381,774,0.9675,1.0000,0.671382,-0.4258,-0.0802,
500,16.7231,-8.9455,58.0996,-0.5144,0.0134,761,0.9625,1.0000,0.671382,0.7729,0.0218,
501,16.7557,-9.3992,58.2168,-0.4537,0.1172,758,0.9475,1.0000,0.671382,0.6902,-0.1382,
502,16.7895,-9.1333,58.2762,0.2659,0.0594,758,0.9525,1.0000,0.671382,-0.3943,-0.1103,
503,16.8221,-9.3322,58.3152,-0.1989,0.0390,761,0.9513,1.0000,0.671382,0.3016,-0.0421,
504,16.8556,-9.5225,58.4027,-0.1903,0.0876,759,0.9537,1.0000,0.671382,0.2925,-0.1153,
505,16.8892,-9.5913,58.4415,-0.0688,0.0388,761,0.9513,1.0000,0.671382,0.1063,-0.0523,
506,16.9223,-9.0451,58.4184,0.5462,-0.0231,764,0.9625,1.0000,0.671382,-0.8215,-0.0099,
507,16.9557,-9.0820,58.5413,-0.0369,0.1229,761,0.9113,1.0000,0.671382,0.0652,-0.1806,
508,16.9895,-9.6058,58.5150,-0.5238,-0.0263,776,0.9700,1.0000,0.671382,0.7839,0.0819,
509,17.0224,-9.3873,58.2627,0.2185,-0.2523,769,0.9613,1.0000,0.671382,-0.3481,0.3590,
510,17.0555,-9.2973,58.3596,0.0901,0.0969,771,0.9637,1.0000,0.671382,-0.1274,-0.1520,
511,17.1064,-9.5071,58.5475,-0.2098,0.1878,761,0.9513,1.0000,0.671382,0.3300,-0.2635,
512,17.1339,-9.7955,58.5451,-0.2884,-0.0024,769,0.9613,1.0000,0.671382,0.4326,0.0270,
513,17.1613,-9.9754,58.5124,-0.1800,-0.0327,767,0.9587,1.0000,0.671382,0.2675,0.0635,
514,17.1886,-9.8061,58.7080,0.1693,0.1956,758,0.9475,1.0000,0.671382,-0.2384,-0.3059,
515,17.2222,-10.3214,58.9527,-0.5153,0.2447,764,0.9550,1.0000,0.671382,0.7929,-0.3235,
516,17.2554,-10.0567,58.9212,0.2648,-0.0315,740,0.9563,1.0000,0.671382,-0.3998,0.0255,
517,17.2890,-9.8669,58.8299,0.1898,-0.0913,761,0.9513,1.0000,0.671382,-0.2921,0.1209,
518,17.3221,-10.6408,59.0143,-0.7740,0.1844,758,0.9475,1.0000,0.671382,1.1762,-0.2124,
519,17.3555,-10.7499,59.0605,-0.1091,0.0462,749,0.9363,1.0000,0.671382,0.1674,-0.0602,
520,17.3888,-10.6765,59.0669,0.0734,0.0064,753,0.9413,1.0000,0.671382,-0.1096,-0.0155,
521,17.4221,-10.5460,58.9018,0.1305,-0.1651,759,0.9487,1.0000,0.671382,-0.2091,0.2360,
522,17.4553,-10.3912,58.6192,0.1549,-0.2826,763,0.9537,1.0000,0.671382,-0.2551,0.4095,
523,17.4887,-10.9266,58.5691,-0.5354,-0.0501,768,0.9600,1.0000,0.671382,0.7994,0.1184,
524,17.5223,-11.1158,58.4525,-0.1892,-0.1166,764,0.9550,1.0000,0.671382,0.2746,0.1896,
525,17.5557,-10.9754,58.5894,0.1404,0.1369,765,0.9563,1.0000,0.671382,-0.1997,-0.2159,
526,17.5887,-11.1339,58.7631,-0.1585,0.1738,762,0.9525,1.0000,0.671382,0.2518,-0.2466,
527,17.6221,-11.0184,58.4990,0.1155,-0.2641,767,0.9587,1.0000,0.671382,-0.1946,0.3850,
528,17.6552,-10.7146,58.3029,0.3038,-0.1962,762,0.9525,1.0000,0.671382,-0.4716,0.2683,
529,17.6887,-11.0050,58.3916,-0.2904,0.0888,764,0.9550,1.0000,0.671382,0.4429,-0.1089,
530,17.7231,-10.9775,58.5926,0.0274,0.2010,763,0.9537,1.0000,0.671382,-0.0250,-0.3025,
531,17.7556,-10.8998,58.7635,0.0777,0.1709,760,0.9500,1.0000,0.671382,-0.1029,-0.2615,
532,17.7886,-10.8473,59.0980,0.0525,0.3345,765,0.9563,1.0000,0.671382,-0.0519,-0.5039,
533,17.8224,-11.0259,59.4004,-0.1785,0.3024,756,0.9450,1.0000,0.671382,0.2922,-0.4371,
534,17.8555,-11.3776,59.7329,-0.3517,0.3325,761,0.9513,1.0000,0.671382,0.5545,-0.4680,
535,17.8890,-11.7079,60.0588,-0.3304,0.3259,757,0.9463,1.0000,0.671382,0.5219,-0.4599,
536,17.9220,-11.8672,60.4023,-0.1593,0.3435,766,0.9575,1.0000,0.671382,0.2666,-0.5001,
537,17.9554,-12.2877,60.5810,-0.4205,0.1787,745,0.9350,1.0000,0.671382,0.6453,-0.2327,
538,17.9885,-12.3231,60.5846,-0.0354,0.0036,764,0.9550,1.0000,0.671382,0.0534,-0.0025,
539,18.0221,-12.7247,60.5821,-0.4016,-0.0025,758,0.9475,1.0000,0.671382,0.6024,0.0364,
540,18.0553,-12.4812,60.5223,0.2435,-0.0598,758,0.9475,1.0000,0.671382,-0.3703,0.0696,
541,18.1069,-12.6176,60.4074,-0.1364,-0.1148,763,0.9537,1.0000,0.671382,0.1955,0.1826,
542,18.1347,-12.2945,60.4259,0.3231,0.0184,765,0.9563,1.0000,0.671382,-0.4834,-0.0538,
543,18.1624,-12.5347,60.5221,-0.2402,0.0962,769,0.9613,1.0000,0.671382,0.3682,-0.1241,
544,18.1903,-12.7276,60.4518,-0.1929,-0.0703,762,0.9525,1.0000,0.671382,0.2839,0.1207,
545,18.2223,-12.3187,60.2426,0.4090,-0.2092,760,0.9500,1.0000,0.671382,-0.6305,0.2791,
546,18.2552,-12.1588,60.4110,0.1599,0.1684,759,0.9487,1.0000,0.671382,-0.2264,-0.2645,
547,18.2886,-12.5714,60.4271,-0.4127,0.0161,764,0.9550,1.0000,0.671382,0.6206,0.0095,
548,18.3223,-12.2815,60.1148,0.2899,-0.3123,763,0.9537,1.0000,0.671382,-0.4601,0.4428,
549,18.3552,-12.2827,60.0816,-0.0012,-0.0332,766,0.9575,1.0000,0.671382,-0.0009,0.0497,
550,18.3881,-12.4951,60.3415,-0.2124,0.2599,765,0.9563,1.0000,0.671382,0.3395,-0.3708,
551,18.4219,-12.6359,60.4298,-0.1408,0.0883,757,0.9463,1.0000,0.671382,0.2184,-0.1204,
552,18.4555,-12.6638,60.2613,-0.0279,-0.1685,765,0.9563,1.0000,0.671382,0.0284,0.2539,
553,18.4882,-12.6140,60.2620,0.0498,0.0007,758,0.9475,1.0000,0.671382,-0.0747,-0.0050,
554,18.5216,-13.2054,60.2876,-0.5915,0.0256,763,0.9537,1.0000,0.671382,0.8896,0.0099,
555,18.5556,-12.9255,60.1050,0.2799,-0.1826,761,0.9513,1.0000,0.671382,-0.4347,0.2500,
556,18.5887,-12.6274,59.9923,0.2981,-0.1126,767,0.9587,1.0000,0.671382,-0.4564,0.1440,
557,18.6216,-12.7317,59.9686,-0.1043,-0.0237,759,0.9487,1.0000,0.671382,0.1545,0.0439,
558,18.6554,-12.6916,59.9926,0.0401,0.0239,763,0.9537,1.0000,0.671382,-0.0582,-0.0390,
559,18.6886,-12.5929,59.8828,0.0987,-0.1098,764,0.9550,1.0000,0.671382,-0.1569,0.1559,
560,18.7226,-12.4393,59.8451,0.1536,-0.0378,761,0.9513,1.0000,0.671382,-0.2335,0.0439,
561,18.7552,-12.3878,60.0288,0.0515,0.1837,750,0.9375,1.0000,0.671382,-0.0626,-0.2786,
562,18.7885,-12.5574,60.0835,-0.1696,0.0547,752,0.9400,1.0000,0.671382,0.2589,-0.0678,
563,18.8223,-12.3490,60.0430,0.2084,-0.0405,758,0.9475,1.0000,0.671382,-0.3159,0.0435,
564,18.8554,-12.5950,60.1911,-0.2460,0.1481,757,0.9463,1.0000,0.671382,0.3811,-0.2012,
565,18.8884,-13.0474,60.3826,-0.4524,0.1915,752,0.9400,1.0000,0.671382,0.6942,-0.2492,
566,18.9216,-12.6676,60.1486,0.3799,-0.2340,763,0.9575,1.0000,0.671382,-0.5888,0.3186,
567,18.9548,-12.7851,60.0507,-0.1175,-0.0979,753,0.9413,1.0000,0.671382,0.1685,0.1558,
568,18.9886,-13.0795,60.2066,-0.2945,0.1559,766,0.9575,1.0000,0.671382,0.4544,-0.2089,
569,19.0221,-13.1127,60.2251,-0.0332,0.0185,760,0.9500,1.0000,0.671382,0.0513,-0.0249,
570,19.0550,-13.2186,60.3243,-0.1059,0.0992,763,0.9537,1.0000,0.671382,0.1669,-0.1395,
571,19.1065,-13.3381,60.5785,-0.1195,0.2542,765,0.9563,1.0000,0.671382,0.1997,-0.3699,
572,19.1346,-13.2285,60.6568,0.1096,0.0783,762,0.9525,1.0000,0.671382,-0.1582,-0.1259,
573,19.1619,-13.5568,60.6951,-0.3284,0.0383,763,0.9550,1.0000,0.671382,0.4958,-0.0304,
574,19.1899,-13.5251,60.9328,0.0318,0.2377,763,0.9537,1.0000,0.671382,-0.0286,-0.3576,
575,19.2216,-13.5426,61.1101,-0.0175,0.1774,771,0.9637,1.0000,0.671382,0.0405,-0.2635,
576,19.2551,-13.8017,61.2717,-0.2591,0.1616,756,0.9450,1.0000,0.671382,0.4018,-0.2202,
577,19.2886,-13.9283,61.3685,-0.1266,0.0968,761,0.9513,1.0000,0.671382,0.1978,-0.1343,
578,19.3213,-14.2750,61.4526,-0.3468,0.0841,763,0.9537,1.0000,0.671382,0.5271,-0.0974,
579,19.3551,-14.1667,61.3180,0.1084,-0.1346,759,0.9487,1.0000,0.671382,-0.1734,0.1922,
580,19.3884,-13.9827,61.2856,0.1840,-0.0324,762,0.9525,1.0000,0.671382,-0.2787,0.0334,
581,19.4213,-13.9906,61.2727,-0.0079,-0.0129,781,0.9762,1.0000,0.671382,0.0108,0.0198,
582,19.4549,-13.8010,61.2192,0.1896,-0.0535,765,0.9563,1.0000,0.671382,-0.2888,0.0645,
583,19.4883,-13.5887,61.0120,0.2123,-0.2072,765,0.9563,1.0000,0.671382,-0.3353,0.2922,
584,19.5213,-13.7304,60.8682,-0.1417,-0.1438,753,0.9413,1.0000,0.671382,0.2011,0.2263,
585,19.5547,-13.5734,60.7217,0.1570,-0.1465,754,0.9425,1.0000,0.671382,-0.2474,0.2060,
586,19.5883,-13.1638,60.7430,0.4096,0.0212,762,0.9525,1.0000,0.671382,-0.6129,-0.0651,
587,19.6215,-13.0399,60.6604,0.1239,-0.0826,763,0.9537,1.0000,0.671382,-0.1926,0.1133,
588,19.6546,-12.7425,60.5657,0.2973,-0.0946,768,0.9600,1.0000,0.671382,-0.4538,0.1172,
589,19.6884,-13.1237,60.7396,-0.3812,0.1739,728,0.9450,1.0000,0.671382,0.5860,-0.2286,
590,19.7227,-13.3155,60.8617,-0.1917,0.1221,757,0.9463,1.0000,0.671382,0.2975,-0.1668,
591,19.7550,-13.1669,60.8263,0.1486,-0.0354,762,0.9525,1.0000,0.671382,-0.2258,0.0408,
592,19.7880,-13.2886,61.0453,-0.1218,0.2190,760,0.9500,1.0000,0.671382,0.2003,-0.3172,
593,19.8213,-13.4681,61.5745,-0.1795,0.5292,760,0.9500,1.0000,0.671382,0.3118,-0.7758,
594,19.8553,-13.3640,61.6778,0.1041,0.1032,652,0.8775,1.0000,0.671382,-0.1479,-0.1627,
595,19.8886,-13.2460,62.6091,0.1180,0.9314,643,0.8050,1.0000,0.671382,-0.1024,-1.4007,
596,19.9215,-15.3462,64.6779,-2.1002,2.0688,572,0.6150,1.0000,0.671382,3.3177,-2.9190,
597,19.9546,-16.2830,62.5317,-0.9369,-2.1462,587,0.4925,1.0000,0.671382,1.2335,3.2819,low_inlier
598,19.9881,-13.5061,52.4482,2.7769,-10.0835,320,0.1315,1.0000,0.671382,-4.9766,14.8345,low_inlier
599,20.0215,-6.9060,36.9541,6.6001,-15.4941,349,0.0501,1.0000,0.671382,-11.1482,22.6044,low_inlier
600,20.0546,-4.8277,40.4152,2.0783,3.4611,682,0.0260,1.0000,0.671382,-2.8409,-5.3387,low_inlier
601,20.1066,-6.9282,38.6161,-2.1005,-1.7992,768,0.0000,1.0000,0.671382,3.0076,2.8582,low_inlier
602,20.1350,-7.0121,43.2198,-0.0839,4.6037,768,0.1092,1.0000,0.671382,0.4955,-6.8692,low_inlier
603,20.1634,-7.0547,48.1915,-0.0426,4.9717,756,0.0614,1.0000,0.671382,0.4630,-7.4222,low_inlier
604,20.1921,-7.7108,40.2677,-0.6561,-7.9238,465,0.4363,1.0000,0.671382,0.3483,11.8883,low_inlier
605,20.2212,-8.0299,35.8600,-0.3191,-4.4076,542,0.2946,1.0000,0.671382,0.1249,6.6092,low_inlier
606,20.2546,-7.1530,31.9646,0.8768,-3.8954,475,0.1675,1.0000,0.671382,-1.6285,5.7468,low_inlier
607,20.2878,-7.2306,27.9023,-0.0776,-4.0623,503,0.2232,1.0000,0.671382,-0.2098,6.0737,low_inlier
608,20.3213,-6.1748,24.5793,1.0558,-3.3230,541,0.2828,1.0000,0.671382,-1.8512,4.8772,low_inlier
609,20.3545,-4.4302,20.1074,1.7445,-4.4719,457,0.2244,1.0000,0.671382,-2.9769,6.5371,low_inlier
610,20.3880,-3.0702,16.4510,1.3601,-3.6565,465,0.2241,1.0000,0.671382,-2.3345,5.3505,low_inlier
611,20.4212,-3.0937,13.6199,-0.0235,-2.8311,591,0.2089,1.0000,0.671382,-0.1920,4.2303,low_inlier
612,20.4544,-2.9254,10.9349,0.1683,-2.6850,585,0.3024,1.0000,0.671382,-0.4681,3.9966,low_inlier
613,20.4878,-4.2758,8.9331,-1.3504,-2.0018,613,0.2879,1.0000,0.671382,1.8657,3.0997,low_inlier
614,20.5212,-8.2552,6.6533,-3.9794,-2.2798,553,0.3646,1.0000,0.671382,5.7885,3.7290,low_inlier
615,20.5546,-12.3081,2.4072,-4.0529,-4.2461,599,0.6190,1.0000,0.671382,5.7409,6.6719,
616,20.5877,-14.9843,-1.6446,-2.6761,-4.0518,602,0.6764,1.0000,0.671382,3.6905,6.2695,
617,20.6214,-18.1499,-3.2524,-3.1656,-1.6078,630,0.7137,1.0000,0.671382,4.6212,2.6590,
618,20.6543,-21.0591,-4.8576,-2.9092,-1.6052,618,0.6486,1.0000,0.671382,4.2368,2.6343,
619,20.6876,-21.7044,-7.2193,-0.6452,-2.3616,625,0.6802,1.0000,0.671382,0.7786,3.5798,
620,20.7224,-22.3949,-9.3088,-0.6906,-2.0895,614,0.5145,1.0000,0.671382,0.8685,3.1771,
621,20.7545,-22.8466,-10.7278,-0.4517,-1.4190,626,0.5434,1.0000,0.671382,0.5638,2.1561,
622,20.7883,-22.5505,-13.6467,0.2961,-2.9190,620,0.6780,1.0000,0.671382,-0.6787,4.3356,
623,20.8211,-23.0796,-16.1573,-0.5291,-2.5106,640,0.7560,1.0000,0.671382,0.5925,3.7928,
624,20.8543,-23.7160,-17.9213,-0.6364,-1.7640,655,0.8229,1.0000,0.671382,0.8133,2.6865,
625,20.8875,-22.4712,-19.2497,1.2448,-1.3283,642,0.8123,1.0000,0.671382,-1.9746,1.8826,
626,20.9210,-21.0525,-19.5607,1.4187,-0.3111,644,0.7965,1.0000,0.671382,-2.1538,0.3491,
627,20.9544,-20.6254,-18.4106,0.4271,1.1501,660,0.8396,1.0000,0.671382,-0.5486,-1.7525,
628,20.9875,-20.1180,-16.6911,0.5074,1.7196,664,0.8356,1.0000,0.671382,-0.6234,-2.6096,
629,21.0214,-19.1182,-14.5544,0.9998,2.1367,628,0.8101,1.0000,0.671382,-1.3287,-3.2727,
630,21.0548,-19.2238,-12.6660,-0.1057,1.8884,639,0.7987,1.0000,0.671382,0.3102,-2.8119,
631,21.1067,-19.5061,-10.7039,-0.2823,1.9621,660,0.7538,1.0000,0.671382,0.5811,-2.9076,
632,21.1352,-19.1168,-8.7146,0.3892,1.9893,715,0.8938,1.0000,0.671382,-0.4244,-3.0029,
633,21.1639,-17.8827,-7.7600,1.2341,0.9546,659,0.6700,1.0000,0.671382,-1.7753,-1.5262,
634,21.1928,-17.6195,-6.4874,0.2632,1.2726,637,0.7612,1.0000,0.671382,-0.2928,-1.9222,
635,21.2215,-16.8277,-4.8226,0.7918,1.6648,670,0.8150,1.0000,0.671382,-1.0545,-2.5509,
636,21.2553,-15.9581,-3.8409,0.8696,0.9817,665,0.8400,1.0000,0.671382,-1.2261,-1.5370,
637,21.2877,-15.7271,-4.0883,0.2310,-0.2474,476,0.5088,1.0000,0.671382,-0.3665,0.3508,
638,21.3211,-15.4390,-5.3246,0.2882,-1.2363,605,0.7075,1.0000,0.671382,-0.5317,1.8230,
639,21.3544,-14.9002,-6.9508,0.5388,-1.6262,684,0.8612,1.0000,0.671382,-0.9391,2.3850,
640,21.3876,-15.3906,-8.0242,-0.4904,-1.0734,719,0.9012,1.0000,0.671382,0.6497,1.6431,
641,21.4208,-15.3059,-8.5825,0.0847,-0.5583,716,0.8950,1.0000,0.671382,-0.1719,0.8270,
642,21.4544,-14.6356,-8.4718,0.6703,0.1108,715,0.8938,1.0000,0.671382,-0.9970,-0.2200,
643,21.4874,-15.1789,-7.1560,-0.5433,1.3157,703,0.8788,1.0000,0.671382,0.9210,-1.9209,
644,21.5208,-14.7885,-6.0740,0.3904,1.0820,709,0.8900,1.0000,0.671382,-0.4989,-1.6479,
645,21.5541,-13.7342,-5.7379,1.0544,0.3361,710,0.8912,1.0000,0.671382,-1.5552,-0.5879,
646,21.5868,-13.5256,-6.0120,0.2085,-0.2741,712,0.8950,1.0000,0.671382,-0.3349,0.3924,
647,21.6207,-13.2391,-5.5828,0.2865,0.4292,692,0.8612,1.0000,0.671382,-0.3954,-0.6643,
648,21.6542,-12.0663,-4.1641,1.1728,1.4187,675,0.8562,1.0000,0.671382,-1.6461,-2.2145,
649,21.6873,-11.0013,-3.4698,1.0650,0.6943,660,0.8471,1.0000,0.671382,-1.5424,-1.1236,
650,21.7217,-9.7376,-2.9596,1.2637,0.5102,667,0.8409,1.0000,0.671382,-1.8554,-0.8649,
651,21.7543,-8.7955,-2.5723,0.9421,0.3873,682,0.8636,1.0000,0.671382,-1.3826,-0.6551,
652,21.7874,-8.1418,-2.4082,0.6537,0.1641,698,0.8821,1.0000,0.671382,-0.9678,-0.2983,
653,21.8208,-8.1752,-1.5475,-0.0335,0.8607,690,0.8772,1.0000,0.671382,0.1194,-1.2827,
654,21.8541,-9.1755,-0.0851,-1.0003,1.4624,667,0.8457,1.0000,0.671382,1.6185,-2.1028,
655,21.8872,-9.5028,0.5790,-0.3273,0.6641,670,0.8459,1.0000,0.671382,0.5444,-0.9652,
656,21.9206,-12.2432,2.7499,-2.7404,2.1709,578,0.6303,1.0000,0.671382,4.2866,-3.0194,
657,21.9539,-17.5480,5.8597,-5.3048,3.1099,616,0.7325,1.0000,0.671382,8.2101,-4.2130,
658,21.9873,-23.6464,7.8391,-6.0984,1.9794,573,0.6713,1.0000,0.671382,9.3102,-2.4600,
659,22.0207,-32.3985,10.3398,-8.7521,2.5007,490,0.4268,1.0000,0.671382,13.3342,-3.0225,low_inlier
660,22.0542,-44.2862,14.6249,-11.8878,4.2851,382,0.3401,1.0000,0.671382,18.1830,-5.4325,low_inlier
661,22.1069,-57.0418,18.6947,-12.7556,4.0698,358,0.4382,1.0000,0.671382,19.4679,-5.0402,low_inlier
662,22.1360,-71.2132,22.3451,-14.1714,3.6505,774,0.1709,1.0000,0.671382,21.5588,-4.2987,low_inlier
663,22.1648,-86.1778,27.3557,-14.9646,5.0106,772,0.2132,1.0000,0.671382,22.8583,-6.2656,low_inlier
664,22.1939,-102.0986,32.2898,-15.9209,4.9340,691,0.1615,1.0000,0.671382,24.2872,-6.0734,low_inlier
665,22.2235,-118.0398,37.2406,-15.9412,4.9509,765,0.1865,1.0000,0.671382,24.3190,-6.0969,low_inlier
666,22.2539,-133.6025,42.8643,-15.5627,5.6236,379,0.2845,1.0000,0.671382,23.8051,-7.1326,low_inlier
667,22.2876,-149.7173,47.7265,-16.1149,4.8622,345,0.3617,1.0000,0.671382,24.5725,-5.9503,low_inlier
668,22.3209,-166.4150,52.7594,-16.6976,5.0330,303,0.3437,1.0000,0.671382,25.4608,-6.1579,low_inlier
669,22.3540,-182.1910,54.9496,-15.7760,2.1901,328,0.2647,1.0000,0.671382,23.8495,-1.9870,low_inlier
670,22.3873,-195.8961,54.0768,-13.7051,-0.8727,476,0.3944,1.0000,0.671382,20.4959,2.4191,low_inlier
671,22.4205,-209.5638,54.4881,-13.6677,0.4113,438,0.4426,1.0000,0.671382,20.5429,0.4983,low_inlier
672,22.4544,-223.3573,54.7876,-13.7935,0.2995,389,0.3810,1.0000,0.671382,20.7227,0.6754,low_inlier
673,22.4874,-234.8130,53.7416,-11.4558,-1.0460,427,0.3422,1.0000,0.671382,17.1066,2.4949,low_inlier
674,22.5204,-244.2245,52.1036,-9.4115,-1.6380,464,0.3325,1.0000,0.671382,13.9915,3.2126,low_inlier
675,22.5540,-250.3668,51.2860,-6.1423,-0.8176,464,0.3680,1.0000,0.671382,9.1516,1.7211,low_inlier
676,22.5874,-255.5597,51.4875,-5.1929,0.2015,467,0.4900,1.0000,0.671382,7.8087,0.1217,low_inlier
677,22.6204,-259.6511,52.4601,-4.0914,0.9726,479,0.4867,1.0000,0.671382,6.2177,-1.1196,low_inlier
678,22.6538,-262.0757,53.9597,-2.4246,1.4996,513,0.5937,1.0000,0.671382,3.7588,-2.0424,
679,22.6874,-264.0484,55.5743,-1.9727,1.6147,517,0.6206,1.0000,0.671382,3.0899,-2.2510,
680,22.7215,-264.8194,55.7140,-0.7710,0.1397,503,0.6291,1.0000,0.671382,1.1682,-0.1459,
681,22.7540,-264.5534,56.1835,0.2659,0.4694,495,0.6013,1.0000,0.671382,-0.3614,-0.7228,
682,22.7875,-264.0698,57.8258,0.4837,1.6423,663,0.5624,1.0000,0.671382,-0.5939,-2.4923,
683,22.8205,-263.9856,58.4295,0.0842,0.6037,618,0.6931,1.0000,0.671382,-0.0778,-0.9086,
684,22.8537,-263.7824,59.0229,0.2032,0.5934,626,0.7937,1.0000,0.671382,-0.2573,-0.9028,
685,22.8875,-262.8706,58.7818,0.9118,-0.2411,663,0.6734,1.0000,0.671382,-1.3876,0.2859,
686,22.9207,-262.2595,58.8366,0.6111,0.0549,564,0.6888,1.0000,0.671382,-0.9126,-0.1317,
687,22.9540,-261.6390,59.2510,0.6206,0.4143,629,0.7290,1.0000,0.671382,-0.8979,-0.6693,
688,22.9872,-261.1289,59.0572,0.5100,-0.1937,661,0.7651,1.0000,0.671382,-0.7809,0.2478,
689,23.0206,-260.5379,58.4004,0.5911,-0.6568,620,0.6881,1.0000,0.671382,-0.9397,0.9329,
690,23.0542,-259.3697,57.8855,1.1682,-0.5149,663,0.7532,1.0000,0.671382,-1.7943,0.6740,
691,23.1071,-259.6391,58.8112,-0.2694,0.9258,503,0.6288,1.0000,0.671382,0.4786,-1.3608,
692,23.1367,-259.4948,58.5353,0.1443,-0.2760,718,0.8962,1.0000,0.671382,-0.2387,0.4004,
693,23.1650,-258.7033,57.1178,0.7915,-1.4174,724,0.7275,1.0000,0.671382,-1.3016,2.0526,
694,23.1939,-256.9327,56.3410,1.7706,-0.7768,720,0.6138,1.0000,0.671382,-2.7194,1.0161,
695,23.2230,-256.5822,57.5738,0.3504,1.2328,725,0.5950,1.0000,0.671382,-0.4269,-1.8698,
696,23.2543,-255.6458,57.8200,0.9364,0.2462,507,0.6562,1.0000,0.671382,-1.3854,-0.4440,
697,23.2876,-254.2388,56.4347,1.4070,-1.3853,661,0.7400,1.0000,0.671382,-2.2227,1.9545,
698,23.3211,-253.1632,56.5984,1.0756,0.1637,685,0.8275,1.0000,0.671382,-1.6009,-0.3321,
699,23.3535,-253.5401,56.9803,-0.3769,0.3819,493,0.4037,1.0000,0.671382,0.5962,-0.5397,low_inlier
700,23.3875,-252.5169,55.8871,1.0232,-1.0932,737,0.4450,1.0000,0.671382,-1.6232,1.5495,low_inlier
701,23.4205,-249.8060,55.4756,2.7109,-0.4115,655,0.7963,1.0000,0.671382,-4.1011,0.3940,
702,23.4537,-245.2141,55.0724,4.5918,-0.4032,663,0.8113,1.0000,0.671382,-6.9229,0.2284,
703,23.4869,-239.0355,53.1374,6.1787,-1.9350,579,0.7050,1.0000,0.671382,-9.4272,2.3871,
704,23.5201,-227.4738,47.8954,11.5617,-5.2420,401,0.2991,1.0000,0.671382,-17.7705,6.8883,low_inlier
705,23.5535,-212.4982,43.3318,14.9755,-4.5636,366,0.1796,1.0000,0.671382,-22.8388,5.5971,low_inlier
706,23.5870,-196.8775,40.5374,15.6207,-2.7943,732,0.1717,1.0000,0.671382,-23.6650,2.9020,low_inlier
707,23.6202,-175.4019,35.9220,21.4756,-4.6155,129,0.1332,1.0000,0.671382,-32.5970,5.1455,low_inlier
708,23.6528,-151.8133,31.6777,23.5887,-4.2442,685,0.0063,1.0000,0.671382,-35.7382,4.4189,low_inlier
709,23.6867,-130.4755,30.6356,21.3377,-1.0422,679,0.1268,1.0000,0.671382,-32.1033,-0.1803,low_inlier
710,23.7218,-107.9614,26.8745,22.5142,-3.7611,261,0.1685,1.0000,0.671382,-34.0870,3.7848,low_inlier
711,23.7534,-83.8651,21.7993,24.0962,-5.0752,676,0.0621,1.0000,0.671382,-36.5665,5.6188,low_inlier
712,23.7873,-80.2199,20.8233,3.6452,-0.9760,468,0.0063,1.0000,0.671382,-5.5484,1.1610,low_inlier
713,23.8206,-59.8216,20.4969,20.3983,-0.3264,225,0.1308,1.0000,0.671382,-30.6360,-1.1730,low_inlier
714,23.8533,-39.8432,19.1202,19.9785,-1.3767,348,0.1247,1.0000,0.671382,-30.0904,0.4300,low_inlier
715,23.8867,-22.5070,17.8413,17.3361,-1.2789,382,0.1006,1.0000,0.671382,-26.1175,0.4990,low_inlier
716,23.9202,-7.0131,17.5045,15.4940,-0.3368,417,0.3165,1.0000,0.671382,-23.2775,-0.7582,low_inlier
717,23.9545,2.9469,21.1606,9.9599,3.6561,409,0.1475,1.0000,0.671382,-14.6524,-6.2715,low_inlier
718,23.9868,7.0232,26.5814,4.0764,5.4208,498,0.1684,1.0000,0.671382,-5.6818,-8.4283,low_inlier
719,24.0201,11.5054,27.3870,4.4821,0.8056,723,0.5062,1.0000,0.671382,-6.6613,-1.5680,
720,24.0535,13.4792,27.8526,1.9738,0.4656,576,0.6512,1.0000,0.671382,-2.9245,-0.8561,
721,24.1057,11.7128,30.1084,-1.7664,2.2558,651,0.8125,1.0000,0.671382,2.8317,-3.2254,
722,24.1348,8.8479,31.3944,-2.8649,1.2860,648,0.7113,1.0000,0.671382,4.4024,-1.6876,
723,24.1638,5.8138,31.7905,-3.0341,0.3961,587,0.4788,1.0000,0.671382,4.5848,-0.3446,low_inlier
724,24.1932,3.1810,32.7200,-2.6328,0.9295,629,0.4881,1.0000,0.671382,4.0255,-1.1740,low_inlier
725,24.2224,0.7789,34.8822,-2.4021,2.1622,632,0.7957,1.0000,0.671382,3.7782,-3.0339,
726,24.2538,-3.2318,36.7480,-4.0107,1.8658,663,0.7990,1.0000,0.671382,6.1683,-2.4603,
727,24.2873,-7.2262,38.6611,-3.9944,1.9131,597,0.6225,1.0000,0.671382,6.1477,-2.5322,
728,24.3201,-11.8750,43.2511,-4.6488,4.5900,542,0.3193,1.0000,0.671382,7.3445,-6.4771,low_inlier
729,24.3537,-17.8913,51.0200,-6.0163,7.7689,398,0.2964,1.0000,0.671382,9.6519,-11.1138,low_inlier
730,24.3873,-22.9382,60.1514,-5.0469,9.1314,431,0.1345,1.0000,0.671382,8.3066,-13.2277,low_inlier
731,24.4204,-26.1012,68.9491,-3.1630,8.7977,424,0.1499,1.0000,0.671382,5.4529,-12.8827,low_inlier
732,24.4535,-29.3131,76.8290,-3.2119,7.8798,441,0.1549,1.0000,0.671382,5.4525,-11.5077,low_inlier
733,24.4872,-33.0970,82.3625,-3.7839,5.5335,525,0.2390,1.0000,0.671382,6.1225,-7.9567,low_inlier
734,24.5203,-37.0958,85.3225,-3.9988,2.9601,560,0.1765,1.0000,0.671382,6.2383,-4.0956,low_inlier
735,24.5538,-40.5922,87.8483,-3.4964,2.5258,603,0.2637,1.0000,0.671382,5.4495,-3.4879,low_inlier
736,24.5863,-44.0190,91.6226,-3.4268,3.7743,534,0.3670,1.0000,0.671382,5.4453,-5.3582,low_inlier
737,24.6202,-46.2602,95.1307,-2.2412,3.5081,553,0.4969,1.0000,0.671382,3.6448,-5.0573,low_inlier
738,24.6532,-46.0471,96.7469,0.2131,1.6162,647,0.6062,1.0000,0.671382,-0.1900,-2.4313,
739,24.6862,-46.2272,99.9696,-0.1801,3.2226,611,0.7682,1.0000,0.671382,0.5291,-4.7986,
740,24.7204,-45.2291,102.0760,0.9981,2.1064,646,0.6984,1.0000,0.671382,-1.3286,-3.2274,
741,24.7530,-43.4264,103.7492,1.8027,1.6732,600,0.7612,1.0000,0.671382,-2.5708,-2.6458,
742,24.7867,-43.0326,107.0790,0.3939,3.3298,632,0.7800,1.0000,0.671382,-0.3237,-5.0054,
743,24.8197,-42.3059,109.1969,0.7266,2.1179,671,0.8065,1.0000,0.671382,-0.9203,-3.2224,
744,24.8529,-39.9702,109.9297,2.3357,0.7328,612,0.7872,1.0000,0.671382,-3.4462,-1.2846,
745,24.8857,-38.8288,111.4403,1.1414,1.5107,679,0.8548,1.0000,0.671382,-1.5916,-2.3492,
746,24.9195,-37.5604,112.5172,1.2684,1.0768,680,0.8488,1.0000,0.671382,-1.8169,-1.7115,
747,24.9530,-36.1860,112.9189,1.3744,0.4018,672,0.8562,1.0000,0.671382,-2.0301,-0.7119,
748,24.9864,-35.6647,114.1897,0.5213,1.2708,655,0.8200,1.0000,0.671382,-0.6803,-1.9405,
749,25.0198,-36.4477,115.6506,-0.7830,1.4609,691,0.8237,1.0000,0.671382,1.2923,-2.1182,
750,25.0528,-36.1640,116.2378,0.2837,0.5872,657,0.8098,1.0000,0.671382,-0.3785,-0.9001,
751,25.1055,-36.0153,117.1548,0.1487,0.9170,700,0.8723,1.0000,0.671382,-0.1495,-1.3817,
752,25.1347,-34.9965,118.1937,1.0188,1.0389,599,0.8145,1.0000,0.671382,-1.4454,-1.6347,
753,25.1642,-33.4288,119.2441,1.5677,1.0504,655,0.8606,1.0000,0.671382,-2.2682,-1.6964,
754,25.1933,-33.0679,120.9997,0.3609,1.7556,715,0.9048,1.0000,0.671382,-0.4006,-2.6516,
755,25.2223,-32.0300,122.0858,1.0378,1.0861,704,0.8575,1.0000,0.671382,-1.4702,-1.7066,
756,25.2531,-30.5774,122.1590,1.4526,0.0732,661,0.8840,1.0000,0.671382,-2.1739,-0.2276,
757,25.2862,-30.3135,123.4375,0.2640,1.2785,605,0.7942,1.0000,0.671382,-0.2935,-1.9310,
758,25.3195,-29.8934,124.6375,0.4201,1.2000,620,0.7347,1.0000,0.671382,-0.5341,-1.8265,
759,25.3529,-28.1777,124.5863,1.7156,-0.0511,581,0.7318,1.0000,0.671382,-2.5786,-0.0633,
760,25.3861,-27.6531,126.6806,0.5246,2.0943,587,0.7719,1.0000,0.671382,-0.6191,-3.1707,
761,25.4198,-27.4501,128.8067,0.2030,2.1260,688,0.8631,1.0000,0.671382,-0.1339,-3.1920,
762,25.4527,-26.9193,129.2602,0.5308,0.4535,685,0.8618,1.0000,0.671382,-0.7601,-0.7205,
763,25.4861,-25.8813,128.9415,1.0380,-0.3187,620,0.8462,1.0000,0.671382,-1.5833,0.3914,
764,25.5201,-24.6401,129.7735,1.2411,0.8320,671,0.8516,1.0000,0.671382,-1.7957,-1.3438,
765,25.5530,-24.1204,130.7228,0.5198,0.9492,661,0.8453,1.0000,0.671382,-0.7037,-1.4601,
766,25.5862,-22.8987,130.7243,1.2217,0.0015,685,0.8709,1.0000,0.671382,-1.8331,-0.1017,
767,25.6195,-22.3028,130.4481,0.5959,-0.2762,675,0.8687,1.0000,0.671382,-0.9164,0.3640,
768,25.6529,-21.4652,130.5054,0.8376,0.0573,679,0.8792,1.0000,0.671382,-1.2523,-0.1538,
769,25.6863,-19.8260,130.5753,1.6392,0.0698,662,0.8405,1.0000,0.671382,-2.4543,-0.2377,
770,25.7211,-18.7540,131.7713,1.0720,1.1961,590,0.7148,1.0000,0.671382,-1.5126,-1.8737,
771,25.7530,-18.0543,134.8561,0.6996,3.0848,546,0.6516,1.0000,0.671382,-0.8022,-4.6643,
772,25.7862,-18.4596,140.6971,-0.4053,5.8410,465,0.2005,1.0000,0.671382,1.0771,-8.6910,low_inlier
773,25.8193,-22.4895,150.4123,-4.0299,9.7153,428,0.1020,1.0000,0.671382,6.8274,-14.1825,low_inlier
774,25.8527,-24.5864,157.4022,-2.0969,6.9898,536,0.2839,1.0000,0.671382,3.7079,-10.2692,low_inlier
775,25.8864,-25.6347,159.7859,-1.0482,2.3837,637,0.7065,1.0000,0.671382,1.7643,-3.4749,
776,25.9195,-27.8703,158.8281,-2.2356,-0.9578,576,0.7455,1.0000,0.671382,3.2779,1.6125,
777,25.9525,-29.3005,157.3794,-1.4302,-1.4487,657,0.8331,1.0000,0.671382,2.0299,2.2801,
778,25.9859,-27.8942,156.4441,1.4064,-0.9354,599,0.6847,1.0000,0.671382,-2.1855,1.2826,
779,26.0194,-26.8802,158.2442,1.0139,1.8001,350,0.4098,1.0000,0.671382,-1.3770,-2.7711,low_inlier
780,26.0526,-22.0461,150.6257,4.8342,-7.6185,447,0.1069,1.0000,0.671382,-7.8659,10.9853,low_inlier
781,26.1058,-21.0109,149.2092,1.0351,-1.4165,611,0.4637,1.0000,0.671382,-1.6671,2.0315,low_inlier
782,26.1353,-19.4814,151.4260,1.5296,2.2168,575,0.4888,1.0000,0.671382,-2.1173,-3.4355,low_inlier
783,26.1650,-18.2932,154.7432,1.1882,3.3172,570,0.4662,1.0000,0.671382,-1.5166,-5.0512,low_inlier
784,26.1947,-18.7734,159.0197,-0.4802,4.2765,419,0.1075,1.0000,0.671382,1.0640,-6.3482,low_inlier
785,26.2245,-23.4089,164.6463,-4.6355,5.6266,247,0.0800,1.0000,0.671382,7.4078,-8.0264,low_inlier
786,26.2546,-26.3643,167.7683,-2.9553,3.1221,628,0.6825,1.0000,0.671382,4.6855,-4.4225,
787,26.2864,-22.7628,168.4492,3.6015,0.6809,546,0.2820,1.0000,0.671382,-5.3498,-1.3101,low_inlier
788,26.3196,-16.2234,165.8789,6.5393,-2.5703,184,0.0638,1.0000,0.671382,-10.0193,3.3066,low_inlier
789,26.3526,-8.2603,163.3525,7.9632,-2.5264,784,0.0413,1.0000,0.671382,-12.1524,3.1252,low_inlier
790,26.3862,4.0465,160.1082,12.3068,-3.2443,772,0.0113,1.0000,0.671382,-18.7282,3.8439,low_inlier
791,26.4197,15.5213,163.1905,11.4747,3.0823,741,0.1302,1.0000,0.671382,-16.9716,-5.5377,low_inlier
792,26.4535,22.5896,167.8463,7.0683,4.6559,371,0.0861,1.0000,0.671382,-10.2329,-7.5293,low_inlier
793,26.4857,22.6463,165.8472,0.0568,-1.9992,556,0.6599,1.0000,0.671382,-0.2457,2.9813,
794,26.5200,23.8385,170.4677,1.1922,4.6205,600,0.4437,1.0000,0.671382,-1.4180,-6.9982,low_inlier
795,26.5536,21.2958,173.0399,-2.5427,2.5722,510,0.1497,1.0000,0.671382,4.0222,-3.6348,low_inlier
796,26.5859,13.3124,175.9276,-7.9834,2.8877,425,0.0683,1.0000,0.671382,12.2118,-3.6632,low_inlier
797,26.6196,-8.6483,186.4481,-21.9607,10.5205,344,0.0398,1.0000,0.671382,33.7992,-13.9256,low_inlier
798,26.6524,-16.7009,188.3170,-8.0525,1.8688,247,0.0721,1.0000,0.671382,12.2338,-2.1358,low_inlier
799,26.6857,-3.4206,179.9904,13.2803,-8.3265,694,0.0114,1.0000,0.671382,-20.5971,11.3553,low_inlier
800,26.7212,-0.6093,177.0315,2.8112,-2.9589,486,0.1037,1.0000,0.671382,-4.4561,4.1905,low_inlier
801,26.7527,-7.1571,180.3804,-6.5477,3.3488,629,0.0570,1.0000,0.671382,10.0945,-4.4688,low_inlier
802,26.7857,-13.8447,182.7125,-6.6876,2.3321,514,0.5334,1.0000,0.671382,10.2228,-2.9388,
803,26.8194,-17.4525,183.9150,-3.6078,1.2025,633,0.2013,1.0000,0.671382,5.5105,-1.5023,low_inlier
804,26.8523,-20.2640,183.2835,-2.8115,-0.6315,505,0.2068,1.0000,0.671382,4.1682,1.1721,low_inlier
805,26.8852,-23.2329,181.2674,-2.9689,-2.0161,585,0.6545,1.0000,0.671382,4.2933,3.2529,
806,26.9192,-24.4619,179.1308,-1.2289,-2.1366,730,0.8413,1.0000,0.671382,1.6726,3.2912,
807,26.9523,-24.3185,177.2246,0.1433,-1.9061,721,0.9030,1.0000,0.671382,-0.3681,2.8353,
808,26.9856,-24.9702,176.4483,-0.6517,-0.7763,741,0.7364,1.0000,0.671382,0.9156,1.2126,
809,27.0188,-26.8380,176.1211,-1.8678,-0.3272,599,0.7301,1.0000,0.671382,2.7765,0.6408,
810,27.0523,-29.4970,177.0278,-2.6590,0.9067,603,0.7475,1.0000,0.671382,4.0629,-1.1378,
811,27.1052,-30.2837,177.5239,-0.7867,0.4962,773,0.9663,1.0000,0.671382,1.2204,-0.6770,
812,27.1342,-31.1560,177.5331,-0.8723,0.0092,770,0.9625,1.0000,0.671382,1.3098,0.0573,
813,27.1631,-31.7354,177.4035,-0.5793,-0.1296,685,0.8350,1.0000,0.671382,0.8589,0.2407,
814,27.1924,-34.3381,177.9835,-2.6028,0.5800,621,0.7612,1.0000,0.671382,3.9523,-0.6544,
815,27.2215,-35.1361,178.1410,-0.7980,0.1575,778,0.8337,1.0000,0.671382,1.2101,-0.1702,
816,27.2524,-34.7828,177.5562,0.3533,-0.5848,766,0.7738,1.0000,0.671382,-0.5772,0.8447,
817,27.2854,-34.4573,176.4824,0.3254,-1.0738,679,0.8225,1.0000,0.671382,-0.5746,1.5774,
818,27.3194,-36.0529,175.8679,-1.5955,-0.6145,647,0.7762,1.0000,0.671382,2.3449,1.0476,
819,27.3522,-38.5279,175.8960,-2.4750,0.0281,606,0.7021,1.0000,0.671382,3.7163,0.1595,
820,27.3860,-39.3270,176.3281,-0.7992,0.4321,770,0.9200,1.0000,0.671382,1.2339,-0.5804,
821,27.4190,-39.6961,176.8919,-0.3691,0.5638,759,0.9587,1.0000,0.671382,0.5992,-0.8121,
822,27.4520,-39.2496,177.5339,0.4466,0.6419,555,0.6960,1.0000,0.671382,-0.6186,-0.9952,
823,27.4857,-38.0346,178.6405,1.2150,1.1066,537,0.5854,1.0000,0.671382,-1.7344,-1.7517,
824,27.5193,1.9886,-0.1749,1.9886,-0.1749,702,0.6288,1.0000,0.671382,-2.9982,0.0994,
825,27.5527,3.0873,-0.7984,1.0987,-0.6235,745,0.9475,1.0000,0.671382,-1.6987,0.8418,
826,27.5861,2.9969,-1.4343,-0.0904,-0.6359,668,0.7925,1.0000,0.671382,0.0845,0.9571,
827,27.6189,0.1758,-1.1875,-2.8212,0.2468,556,0.6937,1.0000,0.671382,4.2533,-0.1389,
828,27.6522,-2.2925,-0.1841,-2.4682,1.0034,743,0.5433,1.0000,0.671382,3.7844,-1.2977,
829,27.6856,-3.0384,0.6886,-0.7459,0.8727,758,0.8346,1.0000,0.671382,1.1894,-1.2427,
830,27.7197,-1.4802,0.3848,1.5582,-0.3038,658,0.8818,1.0000,0.671382,-2.3626,0.3269,
831,27.7524,-0.4808,-0.0010,0.9993,-0.3858,690,0.9005,1.0000,0.671382,-1.5306,0.4949,
832,27.7855,1.1147,-0.4370,1.5955,-0.4359,762,0.9421,1.0000,0.671382,-2.4293,0.5212,
833,27.8192,0.3111,-0.2899,-0.8036,0.1470,736,0.9460,1.0000,0.671382,1.2177,-0.1542,
834,27.8521,-0.4553,-0.1278,-0.7663,0.1622,711,0.8719,1.0000,0.671382,1.1630,-0.1798,
835,27.8853,-1.3980,0.0071,-0.9428,0.1348,726,0.8780,1.0000,0.671382,1.4256,-0.1247,
836,27.9186,-2.3540,0.1292,-0.9560,0.1221,761,0.9572,1.0000,0.671382,1.4443,-0.1045,
837,27.9520,-2.0796,0.2161,0.2744,0.0869,738,0.9020,1.0000,0.671382,-0.4048,-0.1521,
838,27.9854,-1.0279,0.0823,1.0517,-0.1337,753,0.9572,1.0000,0.671382,-1.5889,0.1141,
839,28.0185,0.4375,-0.0782,1.4654,-0.1606,647,0.8191,1.0000,0.671382,-2.2119,0.1206,
840,28.0521,1.8971,-0.3546,1.4596,-0.2764,762,0.6319,1.0000,0.671382,-2.2124,0.2940,
841,28.1052,1.8749,-0.3920,-0.0222,-0.0373,760,0.9587,1.0000,0.671382,0.0303,0.0576,
842,28.1311,1.1635,-0.6162,-0.7114,-0.2242,588,0.7100,1.0000,0.671382,1.0495,0.3928,
843,28.1575,0.2286,-0.6564,-0.9349,-0.0402,766,0.8248,1.0000,0.671382,1.3997,0.1361,
844,28.1853,0.5920,-0.8393,0.3634,-0.1829,759,0.9325,1.0000,0.671382,-0.5600,0.2436,
845,28.2185,2.1846,-0.8620,1.5926,-0.0228,579,0.7662,1.0000,0.671382,-2.3917,-0.0956,
846,28.2523,4.3068,-1.5679,2.1222,-0.7058,739,0.8462,1.0000,0.671382,-3.2412,0.8815,
847,28.2883,5.9019,-2.6195,1.5951,-1.0516,766,0.8750,1.0000,0.671382,-2.4780,1.4408,
848,28.3188,4.6567,-3.3807,-1.2452,-0.7612,604,0.7312,1.0000,0.671382,1.8075,1.2383,
849,28.3518,3.3720,-3.3258,-1.2846,0.0549,744,0.6212,1.0000,0.671382,1.9321,0.0226,
850,28.3851,1.2001,-2.5552,-2.1719,0.7706,710,0.8950,1.0000,0.671382,3.3210,-0.9741,
851,28.4186,0.9379,-2.0328,-0.2622,0.5224,654,0.7875,1.0000,0.671382,0.4355,-0.7589,
852,28.4520,3.1210,-1.9318,2.1832,0.1011,617,0.7300,1.0000,0.671382,-3.2679,-0.3287,
853,28.4850,4.4542,-2.3818,1.3331,-0.4500,771,0.9475,1.0000,0.671382,-2.0366,0.5636,
854,28.5188,4.6573,-2.5841,0.2031,-0.2023,770,0.9625,1.0000,0.671382,-0.3211,0.2856,
855,28.5518,4.8653,-2.7461,0.2080,-0.1620,719,0.9225,1.0000,0.671382,-0.3251,0.2250,
856,28.5850,4.0519,-2.5944,-0.8134,0.1517,761,0.9563,1.0000,0.671382,1.2328,-0.1604,
857,28.6182,2.6067,-2.0344,-1.4452,0.5600,678,0.8700,1.0000,0.671382,2.2136,-0.7188,
858,28.6517,2.2487,-3.3688,-0.3580,-1.3345,565,0.3525,1.0000,0.671382,0.4301,2.0223,low_inlier
859,28.6849,3.7250,-4.8581,1.4763,-1.4893,758,0.8300,1.0000,0.671382,-2.3350,2.1042,
860,28.7195,5.9649,-5.6535,2.2399,-0.7954,740,0.9287,1.0000,0.671382,-3.4250,1.0056,
861,28.7520,7.7310,-6.7303,1.7661,-1.0768,540,0.4688,1.0000,0.671382,-2.7367,1.4646,low_inlier
862,28.7849,11.0226,-7.8668,3.2916,-1.1365,562,0.3850,1.0000,0.671382,-5.0307,1.4296,low_inlier
863,28.8184,13.0268,-9.5309,2.0041,-1.6641,537,0.5779,1.0000,0.671382,-3.1411,2.3223,
864,28.8517,15.3833,-11.8643,2.3565,-2.3334,670,0.4674,1.0000,0.671382,-3.7236,3.2933,low_inlier
865,28.8849,12.3694,-13.4419,-3.0139,-1.5776,638,0.7051,1.0000,0.671382,4.3961,2.6016,
866,28.9182,10.0931,-12.5649,-2.2762,0.8770,523,0.6233,1.0000,0.671382,3.4861,-1.1246,
867,28.9518,9.0789,-10.9583,-1.0143,1.6066,549,0.2556,1.0000,0.671382,1.6510,-2.3170,low_inlier
868,28.9849,13.6563,-13.3497,4.5774,-2.3913,551,0.6919,1.0000,0.671382,-7.0609,3.1991,
869,29.0182,14.6949,-15.5972,1.0386,-2.2475,723,0.5208,1.0000,0.671382,-1.7390,3.2723,
870,29.0520,15.5151,-17.3389,0.8202,-1.7418,550,0.4690,1.0000,0.671382,-1.3706,2.5347,low_inlier
871,29.1030,12.6325,-18.0246,-2.8825,-0.6857,658,0.7288,1.0000,0.671382,4.2705,1.2588,
872,29.1305,10.7358,-19.6729,-1.8967,-1.6482,582,0.7331,1.0000,0.671382,2.7139,2.6161,
873,29.1574,8.9077,-21.2883,-1.8281,-1.6154,674,0.7325,1.0000,0.671382,2.6135,2.5616,
874,29.1852,8.9307,-22.9433,0.0229,-1.6550,687,0.8287,1.0000,0.671382,-0.1673,2.4701,
875,29.2185,12.3113,-24.5550,3.3807,-1.6116,554,0.2650,1.0000,0.671382,-5.2025,2.1319,low_inlier
876,29.2518,11.7255,-23.8946,-0.5858,0.6604,577,0.1350,1.0000,0.671382,0.9321,-0.9387,low_inlier
877,29.2848,10.4657,-28.4634,-1.2598,-4.5688,574,0.5670,1.0000,0.671382,1.5236,6.9264,
878,29.3184,11.0356,-37.8038,0.5699,-9.3405,527,0.1997,1.0000,0.671382,-1.6052,13.9044,low_inlier
879,29.3520,8.7606,-42.1199,-2.2750,-4.3161,637,0.4264,1.0000,0.671382,3.0673,6.6316,low_inlier
880,29.3853,8.6977,-41.0683,-0.0629,1.0516,587,0.3379,1.0000,0.671382,0.1788,-1.5656,low_inlier
881,29.4184,10.9494,-37.1280,2.2516,3.9402,568,0.6919,1.0000,0.671382,-3.0625,-6.0683,
882,29.4521,8.8076,-33.6084,-2.1417,3.5197,516,0.1907,1.0000,0.671382,3.4965,-5.0826,low_inlier
883,29.4855,8.3696,-32.4290,-0.4380,1.1793,507,0.2390,1.0000,0.671382,0.7520,-1.7258,low_inlier
884,29.5186,10.0297,-32.7173,1.6601,-0.2883,692,0.8686,1.0000,0.671382,-2.5143,0.2955,
885,29.5517,10.9257,-31.8919,0.8960,0.8255,581,0.7262,1.0000,0.671382,-1.2783,-1.3058,
886,29.5850,11.7441,-31.6391,0.8184,0.2528,701,0.8675,1.0000,0.671382,-1.2078,-0.4441,
887,29.6183,10.7403,-32.0078,-1.0038,-0.3687,693,0.6538,1.0000,0.671382,1.4767,0.6324,
888,29.6515,9.3564,-30.4619,-1.3839,1.5458,534,0.2235,1.0000,0.671382,2.2008,-2.1962,low_inlier
889,29.6848,10.4143,-31.2859,1.0579,-0.8240,709,0.7087,1.0000,0.671382,-1.6537,1.1446,
890,29.7185,9.6028,-30.9655,-0.8115,0.3205,604,0.7760,1.0000,0.671382,1.2435,-0.4126,
891,29.7519,8.5718,-30.1139,-1.0309,0.8516,595,0.5013,1.0000,0.671382,1.6154,-1.1880,
892,29.7852,9.1198,-29.5083,0.5479,0.6055,581,0.6566,1.0000,0.671382,-0.7736,-0.9490,
893,29.8187,9.2163,-28.1385,0.0965,1.3698,466,0.1927,1.0000,0.671382,-0.0348,-2.0538,low_inlier
894,29.8516,9.1697,-27.9308,-0.0465,0.2077,573,0.3783,1.0000,0.671382,0.0865,-0.3065,low_inlier
895,29.8852,7.2412,-28.3216,-1.9285,-0.3909,571,0.7128,1.0000,0.671382,2.8626,0.7408,
896,29.9185,4.3720,-27.5285,-2.8692,0.7931,574,0.5856,1.0000,0.671382,4.3692,-0.9511,
897,29.9514,2.6253,-27.6149,-1.7467,-0.0864,595,0.7409,1.0000,0.671382,2.6141,0.2712,
898,29.9850,2.1046,-26.8674,-0.5207,0.7475,595,0.6415,1.0000,0.671382,0.8414,-1.0740,
899,30.0186,0.6452,-25.6270,-1.4594,1.2404,556,0.4773,1.0000,0.671382,2.2896,-1.7339,low_inlier
900,30.0517,0.1623,-25.1747,-0.4829,0.4523,725,0.7746,1.0000,0.671382,0.7610,-0.6362,
901,30.1025,-0.2170,-24.6601,-0.3793,0.5146,679,0.7365,1.0000,0.671382,0.6105,-0.7377,
902,30.1304,0.8855,-24.6690,1.1025,-0.0089,749,0.9487,1.0000,0.671382,-1.6552,-0.0765,
903,30.1571,1.1648,-24.1869,0.2793,0.4821,699,0.9263,1.0000,0.671382,-0.3804,-0.7427,
904,30.1846,1.0498,-24.0952,-0.1150,0.0917,709,0.9363,1.0000,0.671382,0.1799,-0.1277,
905,30.2181,1.2952,-24.4977,0.2454,-0.4026,744,0.9513,1.0000,0.671382,-0.4006,0.5813,
906,30.2521,2.2355,-24.5178,0.9403,-0.0200,763,0.9537,1.0000,0.671382,-1.4126,-0.0466,
907,30.2844,2.3353,-24.4469,0.0999,0.0709,755,0.9537,1.0000,0.671382,-0.1442,-0.1140,
908,30.3181,2.1209,-25.0310,-0.2144,-0.5842,724,0.9025,1.0000,0.671382,0.2748,0.8900,
909,30.3513,2.5362,-25.2155,0.4153,-0.1844,605,0.8250,1.0000,0.671382,-0.6380,0.2416,
910,30.3851,2.6466,-25.1536,0.1104,0.0618,765,0.9563,1.0000,0.671382,-0.1606,-0.1013,
911,30.4186,2.4864,-25.1047,-0.1602,0.0489,761,0.9537,1.0000,0.671382,0.2443,-0.0601,
912,30.4517,3.0335,-25.4328,0.5471,-0.3281,755,0.9450,1.0000,0.671382,-0.8474,0.4455,
913,30.4858,2.9082,-25.6207,-0.1254,-0.1879,751,0.9400,1.0000,0.671382,0.1730,0.2909,
914,30.5181,2.3191,-25.5243,-0.5891,0.0963,763,0.9563,1.0000,0.671382,0.8917,-0.0959,
915,30.5579,3.1688,-25.8292,0.8497,-0.3049,695,0.9250,1.0000,0.671382,-1.2995,0.3862,
916,30.5852,3.4179,-26.2286,0.2492,-0.3993,759,0.9437,1.0000,0.671382,-0.4059,0.5762,
917,30.6180,2.6387,-26.4191,-0.7792,-0.1905,715,0.9450,1.0000,0.671382,1.1539,0.3480,
918,30.6514,2.4447,-26.2719,-0.1941,0.1472,756,0.9450,1.0000,0.671382,0.3031,-0.2041,
919,30.6847,2.5897,-26.3820,0.1450,-0.1101,764,0.9550,1.0000,0.671382,-0.2264,0.1526,
920,30.7232,2.4616,-26.0800,-0.1280,0.3020,640,0.9263,1.0000,0.671382,0.2164,-0.4406,
921,30.7518,2.9860,-26.0105,0.5243,0.0695,746,0.9500,1.0000,0.671382,-0.7812,-0.1465,
922,30.7845,3.1894,-26.1980,0.2034,-0.1876,766,0.9575,1.0000,0.671382,-0.3203,0.2636,
923,30.8175,3.1450,-25.9590,-0.0444,0.2390,764,0.9587,1.0000,0.671382,0.0858,-0.3534,
924,30.8511,3.5705,-26.0982,0.4255,-0.1392,744,0.9387,1.0000,0.671382,-0.6497,0.1733,
925,30.8846,4.1523,-26.2550,0.5818,-0.1568,761,0.9537,1.0000,0.671382,-0.8857,0.1868,
926,30.9177,3.8681,-26.2069,-0.2842,0.0481,748,0.9350,1.0000,0.671382,0.4304,-0.0487,
927,30.9511,3.8139,-25.9386,-0.0541,0.2683,739,0.9287,1.0000,0.671382,0.1028,-0.3964,
928,30.9844,4.4716,-25.7021,0.6577,0.2364,736,0.9413,1.0000,0.671382,-0.9679,-0.4067,
929,31.0182,4.9405,-25.2314,0.4689,0.4707,726,0.9163,1.0000,0.671382,-0.6659,-0.7412,
930,31.0515,5.8009,-25.1910,0.8604,0.0404,649,0.8575,1.0000,0.671382,-1.2879,-0.1304,
931,31.1020,6.9276,-25.7185,1.1267,-0.5274,603,0.7538,1.0000,0.671382,-1.7330,0.6961,
932,31.1295,8.3340,-26.1628,1.4065,-0.4443,593,0.7334,1.0000,0.671382,-2.1462,0.5492,
933,31.1579,9.5800,-26.4398,1.2460,-0.2770,706,0.8363,1.0000,0.671382,-1.8920,0.3123,
934,31.1851,10.7374,-26.6269,1.1573,-0.1871,760,0.9500,1.0000,0.671382,-1.7517,0.1852,
935,31.2177,10.8114,-26.7112,0.0741,-0.0843,752,0.9400,1.0000,0.671382,-0.1179,0.1199,
936,31.2516,10.6377,-26.7696,-0.1737,-0.0584,698,0.9350,1.0000,0.671382,0.2560,0.1013,
937,31.2844,10.2516,-26.6665,-0.3862,0.1031,645,0.8975,1.0000,0.671382,0.5878,-0.1225,
938,31.3177,9.8201,-26.9383,-0.4314,-0.2718,607,0.7588,1.0000,0.671382,0.6256,0.4411,
939,31.3510,9.6252,-24.3818,-0.1949,2.5565,745,0.9263,1.0000,0.671382,0.4977,-3.8025,
940,31.3847,10.7863,-24.9778,1.1611,-0.5960,749,0.9437,1.0000,0.671382,-1.7902,0.7957,
941,31.4176,12.5548,-24.5070,1.7685,0.4708,588,0.7087,1.0000,0.671382,-2.6161,-0.8472,
942,31.4515,16.1199,-22.3793,3.5651,2.1277,590,0.6466,1.0000,0.671382,-5.1790,-3.4681,
943,31.4846,17.0149,-28.9195,0.8950,-6.5402,777,0.0425,1.0000,0.671382,-1.8682,9.6955,low_inlier
944,31.5176,17.4799,-27.7954,0.4650,1.1241,730,0.6557,1.0000,0.671382,-0.6075,-1.7168,
945,31.5516,16.9359,-28.1370,-0.5440,-0.3416,578,0.7195,1.0000,0.671382,0.7889,0.5545,
946,31.5847,16.2345,-28.1235,-0.7014,0.0135,576,0.6096,1.0000,0.671382,1.0536,0.0369,
947,31.6183,15.2306,-28.5139,-1.0038,-0.3904,585,0.6156,1.0000,0.671382,1.4750,0.6648,
948,31.6509,18.6206,-27.4196,3.3899,1.0943,538,0.5069,1.0000,0.671382,-4.9991,-1.9103,
949,31.6846,21.4328,-29.1867,2.8122,-1.7671,529,0.6030,1.0000,0.671382,-4.3619,2.4103,
950,31.7179,23.8002,-29.8085,2.3674,-0.6219,717,0.5917,1.0000,0.671382,-3.6024,0.7361,
951,31.7517,24.8591,-28.0586,1.0590,1.7499,570,0.7157,1.0000,0.671382,-1.4486,-2.6998,
952,31.7847,25.3067,-27.9683,0.4475,0.0903,601,0.5342,1.0000,0.671382,-0.6643,-0.1713,
953,31.8175,24.6120,-28.4327,-0.6947,-0.4644,640,0.8707,1.0000,0.671382,1.0052,0.7502,
954,31.8514,24.2856,-28.9284,-0.3264,-0.4957,703,0.8812,1.0000,0.671382,0.4500,0.7669,
955,31.8844,24.1988,-29.0155,-0.0869,-0.0871,680,0.9127,1.0000,0.671382,0.1234,0.1372,
956,31.9177,23.1279,-29.3764,-1.0708,-0.3609,700,0.8945,1.0000,0.671382,1.5779,0.6263,
957,31.9513,22.9431,-29.4953,-0.1848,-0.1188,604,0.7608,1.0000,0.671382,0.2678,0.1925,
958,31.9844,23.2846,-29.9991,0.3415,-0.5038,690,0.9124,1.0000,0.671382,-0.5529,0.7247,
959,32.0174,23.7461,-30.2082,0.4614,-0.2091,706,0.9101,1.0000,0.671382,-0.7092,0.2748,
960,32.0504,24.8118,-30.4450,1.0657,-0.2369,590,0.7623,1.0000,0.671382,-1.6183,0.2670,
961,32.1020,26.4267,-30.1093,1.6149,0.3357,752,0.9562,1.0000,0.671382,-2.3965,-0.6329,
962,32.1291,27.3670,-29.7885,0.9403,0.3209,585,0.7350,1.0000,0.671382,-1.3852,-0.5558,
963,32.1564,29.5494,-30.8239,2.1824,-1.0354,570,0.7612,1.0000,0.671382,-3.3581,1.3688,
964,32.1909,31.7429,-30.1453,2.1935,0.6786,651,0.7562,1.0000,0.671382,-3.2371,-1.1921,
965,32.2181,30.0067,-29.5687,-1.7363,0.5765,733,0.8480,1.0000,0.671382,2.6517,-0.7198,
966,32.2509,28.9354,-29.8607,-1.0713,-0.2920,596,0.7412,1.0000,0.671382,1.5841,0.5233,
967,32.2840,29.8639,-29.1239,0.9285,0.7368,582,0.7694,1.0000,0.671382,-1.3342,-1.1761,
968,32.3175,29.0014,-28.2623,-0.8625,0.8615,726,0.9070,1.0000,0.671382,1.3635,-1.2166,
969,32.3506,30.5301,-27.1774,1.5287,1.0850,554,0.4156,1.0000,0.671382,-2.2069,-1.7450,low_inlier
970,32.3844,37.3251,-26.1216,6.7950,1.0558,565,0.3623,1.0000,0.671382,-10.1119,-2.1300,low_inlier
971,32.4175,42.1784,-25.1078,4.8533,1.0137,587,0.3565,1.0000,0.671382,-7.2015,-1.9092,low_inlier
972,32.4511,43.7297,-23.8208,1.5513,1.2871,731,0.5698,1.0000,0.671382,-2.2245,-2.0486,
973,32.4845,42.7725,-23.5521,-0.9572,0.2686,734,0.8812,1.0000,0.671382,1.4580,-0.3233,
974,32.5176,43.4801,-23.9670,0.7076,-0.4149,579,0.7266,1.0000,0.671382,-1.0952,0.5620,
975,32.5504,43.0957,-25.4187,-0.3844,-1.4517,732,0.8053,1.0000,0.671382,0.4603,2.1996,
976,32.5838,44.2396,-27.5815,1.1440,-2.1628,566,0.7623,1.0000,0.671382,-1.8904,3.1372,
977,32.6172,44.2763,-29.8262,0.0367,-2.2446,589,0.3957,1.0000,0.671382,-0.2353,3.3496,low_inlier
978,32.6504,45.4940,-31.0157,1.2177,-1.1895,615,0.7646,1.0000,0.671382,-1.9227,1.6775,
979,32.6838,46.4439,-31.0321,0.9499,-0.0164,754,0.5859,1.0000,0.671382,-1.4268,-0.0528,
980,32.7172,47.8108,-31.6470,1.3668,-0.6149,545,0.6641,1.0000,0.671382,-2.1005,0.8071,
981,32.7510,49.0916,-32.1680,1.2808,-0.5210,749,0.7364,1.0000,0.671382,-1.9639,0.6739,
982,32.7838,48.3428,-32.5286,-0.7488,-0.3605,678,0.8462,1.0000,0.671382,1.0946,0.5995,
983,32.8173,48.9239,-32.9129,0.5811,-0.3844,731,0.9140,1.0000,0.671382,-0.9028,0.5268,
984,32.8506,48.4879,-33.1076,-0.4360,-0.1947,656,0.8689,1.0000,0.671382,0.6386,0.3263,
985,32.8843,47.8403,-33.6356,-0.6476,-0.5280,590,0.7157,1.0000,0.671382,0.9295,0.8413,
986,32.9173,45.8887,-33.4090,-1.9516,0.2266,725,0.9142,1.0000,0.671382,2.9468,-0.1796,
987,32.9505,46.0347,-33.3746,0.1460,0.0344,686,0.8510,1.0000,0.671382,-0.2163,-0.0632,
988,32.9836,45.9716,-33.6904,-0.0631,-0.3158,688,0.8615,1.0000,0.671382,0.0693,0.4768,
989,33.0173,45.3939,-33.4489,-0.5777,0.2415,717,0.9165,1.0000,0.671382,0.8862,-0.3137,
990,33.0507,44.1060,-33.6126,-1.2879,-0.1638,674,0.9076,1.0000,0.671382,1.9196,0.3494,
991,33.1016,42.2173,-33.6378,-1.8887,-0.0252,576,0.7225,1.0000,0.671382,2.8322,0.1914,
992,33.1288,39.4130,-33.2173,-2.8043,0.4205,574,0.5663,1.0000,0.671382,4.2419,-0.3998,
993,33.1559,37.2230,-32.9779,-2.1900,0.2394,766,0.6300,1.0000,0.671382,3.3055,-0.1793,
994,33.1837,36.9501,-33.1106,-0.2729,-0.1327,753,0.9337,1.0000,0.671382,0.3989,0.2204,
995,33.2173,38.8125,-33.6808,1.8624,-0.5702,605,0.7625,1.0000,0.671382,-2.8405,0.7000,
996,33.2507,40.3035,-34.3900,1.4910,-0.7092,776,0.7688,1.0000,0.671382,-2.2943,0.9379,
997,33.2837,39.8472,-34.8633,-0.4562,-0.4733,765,0.9563,1.0000,0.671382,0.6466,0.7441,
998,33.3171,40.5159,-35.0314,0.6687,-0.1680,736,0.9263,1.0000,0.671382,-1.0169,0.1965,
999,33.3509,40.0335,-34.8437,-0.4824,0.1876,664,0.8625,1.0000,0.671382,0.7390,-0.2410,
1000,33.3837,39.8987,-34.6707,-0.1348,0.1730,760,0.9500,1.0000,0.671382,0.2161,-0.2474,
1001,33.4175,40.1016,-35.4033,0.2029,-0.7327,763,0.9450,1.0000,0.671382,-0.3633,1.0778,
1002,33.4508,39.7507,-35.9494,-0.3509,-0.5461,596,0.8150,1.0000,0.671382,0.4827,0.8442,
1003,33.4837,38.2105,-35.7625,-1.5402,0.1869,569,0.6963,1.0000,0.671382,2.3262,-0.1537,
1004,33.5173,37.7878,-36.1141,-0.4228,-0.3516,758,0.6512,1.0000,0.671382,0.6062,0.5596,
1005,33.5503,38.6210,-36.9784,0.8332,-0.8643,762,0.9537,1.0000,0.671382,-1.3197,1.2231,
1006,33.5836,39.4359,-38.1811,0.8150,-1.2027,756,0.9450,1.0000,0.671382,-1.3195,1.7300,
1007,33.6174,38.7261,-39.6534,-0.7099,-1.4722,754,0.8650,1.0000,0.671382,0.9470,2.2567,
1008,33.6505,39.1220,-40.7595,0.3959,-1.1061,773,0.9413,1.0000,0.671382,-0.6829,1.6199,
1009,33.6838,40.0450,-41.5827,0.9230,-0.8233,742,0.9325,1.0000,0.671382,-1.4512,1.1545,
1010,33.7172,40.0664,-42.0983,0.0214,-0.5156,760,0.9500,1.0000,0.671382,-0.0736,0.7684,
1011,33.7505,39.5084,-42.3634,-0.5580,-0.2650,749,0.9400,1.0000,0.671382,0.8161,0.4413,
1012,35.6186,45.8129,-41.5775,6.3045,0.7859,557,0.1178,1.0000,0.675285,-3.3502,9.9452,low_inlier
1013,35.6485,45.5032,-41.4523,-0.3098,0.1252,659,0.9098,1.0000,0.675285,-0.3354,-0.3038,
1014,35.6771,45.6675,-41.1843,0.1644,0.2680,645,0.8319,1.0000,0.675285,-0.8430,0.5387,
1015,35.7045,46.6318,-40.6996,0.9642,0.4847,710,0.8972,1.0000,0.675285,-1.6252,1.9324,
1016,35.7320,47.2546,-41.6254,0.6228,-0.9258,566,0.7218,1.0000,0.675285,2.7326,-0.1502,
1017,35.7594,48.0182,-41.4807,0.7636,0.1448,605,0.7556,1.0000,0.675285,-0.5572,1.2605,
1018,35.7869,48.5919,-40.8670,0.5737,0.6136,725,0.5992,1.0000,0.675285,-1.9599,1.5169,
1019,35.8142,48.3485,-40.7232,-0.2434,0.1438,653,0.8946,1.0000,0.675285,-0.4023,-0.1873,
1020,35.8417,48.4939,-40.4488,0.1454,0.2744,708,0.8892,1.0000,0.675285,-0.8597,0.5187,
1021,35.8966,48.7695,-40.3780,0.2756,0.0708,754,0.9437,1.0000,0.675285,-0.2577,0.4758,
1022,35.9237,48.9988,-40.4875,0.2293,-0.1095,761,0.9525,1.0000,0.675285,0.2998,0.2058,
1023,35.9504,49.1611,-40.5297,0.1623,-0.0422,749,0.9213,1.0000,0.675285,0.1044,0.1855,
1024,35.9774,49.1902,-40.4768,0.0291,0.0529,755,0.9437,1.0000,0.675285,-0.1660,0.1016,
1025,36.0039,49.2577,-40.2651,0.0675,0.2117,666,0.9113,1.0000,0.675285,-0.6566,0.3360,
1026,36.0313,49.5242,-40.1066,0.2665,0.1585,763,0.9537,1.0000,0.675285,-0.5241,0.5618,
1027,36.0583,49.5678,-39.9269,0.0436,0.1797,755,0.9437,1.0000,0.675285,-0.5552,0.2655,
1028,36.0852,49.4639,-39.7373,-0.1039,0.1896,738,0.9450,1.0000,0.675285,-0.5631,0.0646,
1029,36.1123,49.5317,-39.5889,0.0678,0.1484,690,0.8825,1.0000,0.675285,-0.4633,0.2649,
1030,36.1397,49.6961,-39.4642,0.1645,0.1247,758,0.9475,1.0000,0.675285,-0.4055,0.3770,
1031,36.1667,49.6194,-39.4496,-0.0768,0.0146,753,0.9513,1.0000,0.675285,-0.0331,-0.0938,
1032,36.1934,49.6314,-39.3324,0.0120,0.1171,745,0.9413,1.0000,0.675285,-0.3594,0.1495,
1033,36.2210,49.9921,-39.2094,0.3607,0.1230,753,0.9463,1.0000,0.675285,-0.4300,0.6571,
1034,36.2483,50.1038,-38.9573,0.1117,0.2521,757,0.9475,1.0000,0.675285,-0.7866,0.4451,
1035,36.2752,50.2232,-38.9789,0.1195,-0.0216,761,0.9513,1.0000,0.675285,0.0479,0.1473,
1036,36.3019,50.1241,-38.9314,-0.0991,0.0475,762,0.9537,1.0000,0.675285,-0.1300,-0.0888,
1037,36.3285,50.1841,-38.7546,0.0600,0.1768,742,0.9475,1.0000,0.675285,-0.5488,0.2858,
1038,36.3556,50.3340,-38.7394,0.1499,0.0152,762,0.9525,1.0000,0.675285,-0.0689,0.2326,
1039,36.3823,50.1949,-38.8077,-0.1391,-0.0683,757,0.9463,1.0000,0.675285,0.2296,-0.2770,
1040,36.4089,50.3441,-38.7931,0.1492,0.0146,763,0.9550,1.0000,0.675285,-0.0671,0.2308,
1041,36.4353,50.7308,-38.6999,0.3867,0.0932,754,0.9437,1.0000,0.675285,-0.3429,0.6608,
1042,36.4628,50.9017,-38.8765,0.1709,-0.1765,664,0.9163,1.0000,0.675285,0.5132,0.0462,
1043,36.4908,51.1041,-39.0325,0.2024,-0.1560,755,0.9450,1.0000,0.675285,0.4457,0.1148,
1044,36.5178,51.9879,-39.1210,0.8838,-0.0886,727,0.9375,1.0000,0.675285,0.1371,1.1699,
1045,36.5459,52.5745,-39.2475,0.5866,-0.1265,760,0.9500,1.0000,0.675285,0.2976,0.7001,
1046,36.5733,52.6657,-39.5379,0.0912,-0.2904,740,0.9363,1.0000,0.675285,0.8727,-0.1968,
1047,36.6007,52.8935,-39.6204,0.2278,-0.0826,756,0.9450,1.0000,0.675285,0.2177,0.2341,
1048,36.6279,53.1246,-39.5717,0.2311,0.0488,758,0.9475,1.0000,0.675285,-0.1837,0.3870,
1049,36.6550,53.2265,-39.6177,0.1019,-0.0461,755,0.9500,1.0000,0.675285,0.1252,0.0944,
1050,36.6816,53.5147,-39.7578,0.2882,-0.1401,763,0.9537,1.0000,0.675285,0.3842,0.2560,
1051,36.7324,53.9111,-39.9415,0.3964,-0.1837,766,0.9575,1.0000,0.675285,0.5010,0.3622,
1052,36.7598,53.9102,-39.8516,-0.0009,0.0900,758,0.9475,1.0000,0.675285,-0.2745,0.1002,
1053,36.7866,53.9452,-39.9077,0.0350,-0.0562,765,0.9563,1.0000,0.675285,0.1663,-0.0132,
1054,36.8132,53.8692,-39.9004,-0.0759,0.0073,752,0.9400,1.0000,0.675285,-0.0108,-0.1008,
1055,36.8411,53.9888,-40.0238,0.1195,-0.1233,755,0.9450,1.0000,0.675285,0.3585,0.0325,
1056,36.8682,54.1312,-40.1119,0.1424,-0.0881,753,0.9475,1.0000,0.675285,0.2476,0.1051,
1057,36.8958,54.1465,-40.0984,0.0153,0.0135,763,0.9550,1.0000,0.675285,-0.0435,0.0373,
1058,36.9223,54.6293,-40.2700,0.4828,-0.1716,622,0.8300,1.0000,0.675285,0.4511,0.4999,
1059,36.9495,55.7616,-41.0343,1.1323,-0.7643,736,0.8488,1.0000,0.675285,2.1625,0.7642,
1060,36.9773,62.1066,-41.9087,6.3450,-0.8745,574,0.6050,1.0000,0.675285,1.7127,8.1292,
1061,37.0052,72.1008,-45.8379,9.9942,-3.9291,399,0.0940,1.0000,0.675285,10.4881,9.9242,low_inlier
1062,37.0339,80.9603,-52.0191,8.8596,-6.1813,366,0.3108,1.0000,0.675285,17.5349,5.7519,low_inlier
1063,37.0635,85.6468,-55.9868,4.6865,-3.9676,495,0.1972,1.0000,0.675285,11.4061,2.2548,low_inlier
1064,37.0924,82.3598,-59.3280,-3.2870,-3.3413,493,0.0909,1.0000,0.675285,10.6965,-8.4942,low_inlier
1065,37.1210,78.0779,-60.0798,-4.2819,-0.7518,531,0.0668,1.0000,0.675285,2.9409,-7.0005,low_inlier
1066,37.1497,76.7846,-59.1131,-1.2933,0.9666,575,0.1227,1.0000,0.675285,-2.7560,-0.7671,low_inlier
1067,37.1778,76.3693,-57.9890,-0.4153,1.1242,434,0.1355,1.0000,0.675285,-3.3694,0.6722,low_inlier
1068,37.2063,76.4805,-57.5449,0.1112,0.4441,427,0.0731,1.0000,0.675285,-1.3726,0.6610,low_inlier
1069,37.2343,75.7985,-57.4276,-0.6819,0.1173,430,0.0846,1.0000,0.675285,-0.2552,-0.8474,low_inlier
1070,37.2624,71.3223,-57.3779,-4.4762,0.0497,508,0.1141,1.0000,0.675285,0.5234,-6.3751,low_inlier
1071,37.2908,64.8982,-55.2987,-6.4241,2.0793,429,0.0646,1.0000,0.675285,-5.3790,-6.8830,low_inlier
1072,37.3191,59.1553,-52.6726,-5.7429,2.6261,440,0.0857,1.0000,0.675285,-7.1511,-5.2869,low_inlier
1073,37.3473,57.4241,-49.3448,-1.7313,3.3278,578,0.1560,1.0000,0.675285,-9.8984,1.2688,low_inlier
1074,37.3755,60.8548,-47.2992,3.4308,2.0456,611,0.2580,1.0000,0.675285,-6.7625,7.2382,low_inlier
1075,37.4052,62.3715,-47.9151,1.5166,-0.6159,669,0.5593,1.0000,0.675285,1.6516,1.4839,
1076,37.4331,59.4231,-50.2480,-2.9484,-2.3328,624,0.6382,1.0000,0.675285,7.5666,-6.8693,
1077,37.4616,54.2363,-52.4849,-5.1868,-2.2370,344,0.1705,1.0000,0.675285,7.6116,-9.9771,low_inlier
1078,37.4902,52.2656,-54.4657,-1.9707,-1.9808,690,0.4517,1.0000,0.675285,6.3445,-5.0672,low_inlier
1079,37.5185,53.6319,-54.7782,1.3662,-0.3125,686,0.4987,1.0000,0.675285,0.7480,1.6102,low_inlier
1080,37.5469,56.5310,-54.4668,2.8991,0.3115,661,0.7835,1.0000,0.675285,-1.3881,4.5169,
1081,37.5984,60.8118,-55.7001,4.2808,-1.2333,665,0.6177,1.0000,0.675285,3.1197,4.7583,
1082,37.6266,62.3836,-55.5856,1.5718,0.1145,778,0.9154,1.0000,0.675285,-0.5867,2.3876,
1083,38.7248,64.9414,-53.3527,2.5578,2.2329,573,0.1937,1.0000,0.262350,-8.7097,-0.2575,low_inlier
1084,38.7535,64.7818,-53.2867,-0.1596,0.0660,799,1.0000,1.0000,0.262350,0.5760,-0.3302,
1085,38.7809,64.5982,-53.2247,-0.1836,0.0620,796,0.9975,1.0000,0.262350,0.6603,-0.3563,
1086,38.8082,64.7766,-53.2006,0.1784,0.0241,765,0.9988,1.0000,0.262350,-0.6284,0.2040,
1087,38.8356,65.0507,-52.9972,0.2741,0.2033,796,0.9962,1.0000,0.262350,-0.9390,0.0330,
1088,38.8628,65.2253,-52.8349,0.1745,0.1623,798,0.9988,1.0000,0.262350,-0.5928,-0.0343,
1089,38.8897,65.2987,-52.6985,0.0735,0.1365,799,1.0000,1.0000,0.262350,-0.2387,-0.1294,
1090,38.9166,65.2426,-52.4170,-0.0561,0.2814,799,1.0000,1.0000,0.262350,0.2435,-0.5516,
1091,38.9436,65.2996,-52.1774,0.0570,0.2396,799,0.9988,1.0000,0.262350,-0.1639,-0.3259,
1092,38.9706,65.6599,-51.9431,0.3602,0.2344,709,0.9436,1.0000,0.262350,-1.2394,0.0988,
1093,38.9986,65.6701,-51.9845,0.0103,-0.0415,799,0.9900,1.0000,0.262350,-0.0430,0.0840,
1094,39.0256,65.6381,-51.7217,-0.0321,0.2628,798,0.9988,1.0000,0.262350,0.1553,-0.4872,
1095,39.0528,65.7017,-51.5888,0.0636,0.1329,726,0.9524,1.0000,0.262350,-0.2045,-0.1368,
1096,39.0800,65.6336,-52.3307,-0.0681,-0.7418,722,0.8810,1.0000,0.262350,0.1236,1.1577,
1097,39.1075,64.9908,-53.7780,-0.6428,-1.4473,724,0.9512,1.0000,0.262350,2.0482,1.5592,
1098,39.1353,64.7251,-54.6852,-0.2657,-0.9072,739,0.9125,1.0000,0.262350,0.7976,1.1655,
1099,39.1631,64.5275,-54.5560,-0.1976,0.1292,786,0.9850,1.0000,0.262350,0.7208,-0.4889,
1100,39.1906,64.4019,-54.3737,-0.1256,0.1823,710,0.9549,1.0000,0.262350,0.4740,-0.4797,
1101,39.2180,64.5460,-53.9992,0.1440,0.3745,712,0.8925,1.0000,0.262350,-0.4510,-0.4340,
1102,39.2461,64.7045,-53.4336,0.1585,0.5656,653,0.8108,1.0000,0.262350,-0.4720,-0.7365,
1103,39.2736,64.8364,-53.1976,0.1319,0.2360,775,0.8985,1.0000,0.262350,-0.4300,-0.2171,
1104,39.3008,64.8990,-52.9801,0.0626,0.2175,790,0.9925,1.0000,0.262350,-0.1875,-0.2809,
1105,39.3285,64.8367,-52.9812,-0.0624,-0.0010,789,0.9887,1.0000,0.262350,0.2208,-0.0838,
1106,39.3555,64.8562,-53.3278,0.0195,-0.3467,784,0.9900,1.0000,0.262350,-0.1241,0.6114,
1107,39.3827,64.6396,-53.6332,-0.2166,-0.3053,664,0.8409,1.0000,0.262350,0.7190,0.2179,
1108,39.4104,64.4861,-53.7445,-0.1535,-0.1113,787,0.9800,1.0000,0.262350,0.5264,-0.0228,
1109,39.4387,64.6349,-53.8869,0.1488,-0.1424,732,0.9862,1.0000,0.262350,-0.5498,0.4442,
1110,39.4662,64.7099,-53.7511,0.0750,0.1358,789,0.9925,1.0000,0.262350,-0.2443,-0.1262,
1111,39.5203,64.7649,-53.5346,0.0550,0.2165,800,1.0000,1.0000,0.262350,-0.1607,-0.2896,
1112,39.5468,64.8465,-53.6371,0.0816,-0.1025,799,0.9988,1.0000,0.262350,-0.3054,0.2848,
1113,39.5738,64.8462,-53.6148,-0.0003,0.0223,800,1.0000,1.0000,0.262350,0.0047,-0.0381,
1114,39.6004,64.8383,-53.6883,-0.0078,-0.0736,800,1.0000,1.0000,0.262350,0.0161,0.1133,
1115,39.6265,64.8976,-53.7729,0.0593,-0.0846,799,1.0000,1.0000,0.262350,-0.2234,0.2239,
1116,39.6539,64.8510,-53.6791,-0.0466,0.0938,799,0.9988,1.0000,0.262350,0.1799,-0.2221,
1117,39.6816,64.8114,-53.6955,-0.0396,-0.0164,800,1.0000,1.0000,0.262350,0.1377,-0.0266,
1118,39.7080,64.8690,-53.7572,0.0576,-0.0617,799,0.9988,1.0000,0.262350,-0.2139,0.1831,
1119,39.7405,64.8056,-53.8372,-0.0634,-0.0800,800,1.0000,1.0000,0.262350,0.2120,0.0479,
1120,39.7678,64.7936,-53.9116,-0.0121,-0.0744,799,1.0000,1.0000,0.262350,0.0309,0.1089,
1121,39.7943,64.7999,-54.0314,0.0063,-0.1198,798,0.9988,1.0000,0.262350,-0.0413,0.2107,
1122,39.8214,64.7813,-54.0995,-0.0186,-0.0680,798,1.0000,1.0000,0.262350,0.0551,0.0893,
1123,39.8483,64.7926,-54.3257,0.0114,-0.2262,800,1.0000,1.0000,0.262350,-0.0762,0.3971,
1124,39.8819,64.6988,-54.6605,-0.0938,-0.3348,748,1.0000,1.0000,0.262350,0.2794,0.4359,
1125,39.9092,64.4752,-54.8350,-0.2236,-0.1745,744,0.9625,1.0000,0.262350,0.7646,-0.0123,
1126,39.9384,64.3569,-55.1431,-0.1184,-0.3081,796,1.0000,1.0000,0.262350,0.3706,0.3572,
1127,39.9662,64.2326,-55.8955,-0.1242,-0.7524,787,0.9950,1.0000,0.262350,0.3207,1.0986,
1128,39.9935,63.7747,-57.3462,-0.4579,-1.4507,745,0.9100,1.0000,0.262350,1.3925,1.8185,
1129,40.0215,63.7005,-57.6470,-0.0743,-0.3008,766,0.9475,1.0000,0.262350,0.2154,0.4054,
1130,40.0494,63.6767,-57.5050,-0.0238,0.1420,797,0.9988,1.0000,0.262350,0.1068,-0.2721,
1131,40.0763,63.6551,-57.6846,-0.0216,-0.1796,800,1.0000,1.0000,0.262350,0.0481,0.2732,
1132,40.1033,63.5269,-57.6044,-0.1282,0.0802,799,1.0000,1.0000,0.262350,0.4670,-0.3111,
1133,40.1305,63.2365,-57.5734,-0.2904,0.0309,775,1.0000,1.0000,0.262350,1.0342,-0.4505,
1134,40.1585,62.9684,-57.5505,-0.2680,0.0229,795,1.0000,1.0000,0.262350,0.9534,-0.4062,
1135,40.1858,62.7367,-57.5194,-0.2317,0.0312,771,0.9775,1.0000,0.262350,0.8260,-0.3703,
1136,40.2133,62.3620,-57.7812,-0.3747,-0.2618,795,1.0000,1.0000,0.262350,1.2863,-0.0724,
1137,40.2421,62.0609,-58.3372,-0.3011,-0.5560,733,0.9350,1.0000,0.262350,0.9789,0.5247,
1138,40.2699,61.3072,-60.0262,-0.7537,-1.6890,680,0.8598,1.0000,0.262350,2.4028,1.8147,
1139,40.2980,60.6401,-61.4940,-0.6671,-1.4677,776,0.8972,1.0000,0.262350,2.1312,1.5602,
1140,40.3257,60.5018,-61.8321,-0.1383,-0.3382,712,0.8911,1.0000,0.262350,0.4365,0.3806,
1141,40.3777,60.5083,-61.6159,0.0065,0.2162,799,0.9988,1.0000,0.262350,0.0111,-0.3556,
1142,40.4040,60.7044,-61.2750,0.1961,0.3410,800,1.0000,1.0000,0.262350,-0.6410,-0.3060,
1143,40.4310,60.8182,-60.7418,0.1138,0.5332,779,0.9975,1.0000,0.262350,-0.3185,-0.7433,
1144,40.4587,61.0484,-60.6768,0.2303,0.0650,697,0.8875,1.0000,0.262350,-0.8057,0.2062,
1145,40.4864,61.0565,-61.0627,0.0080,-0.3859,756,0.9563,1.0000,0.262350,-0.0896,0.6618,
1146,40.5137,60.7212,-61.4761,-0.3353,-0.4134,664,0.8175,1.0000,0.262350,1.1226,0.2373,
1147,40.5412,60.5293,-61.9535,-0.1918,-0.4774,787,0.8812,1.0000,0.262350,0.6040,0.5420,
1148,40.5689,60.4576,-62.3149,-0.0717,-0.3614,738,0.9550,1.0000,0.262350,0.1967,0.5111,
1149,40.5966,60.4674,-62.4466,0.0097,-0.1318,775,0.9712,1.0000,0.262350,-0.0554,0.2356,
1150,40.6236,60.3720,-62.6006,-0.0953,-0.1539,716,0.9437,1.0000,0.262350,0.3134,0.1288,
1151,40.6508,60.3931,-62.5077,0.0211,0.0929,800,1.0000,1.0000,0.262350,-0.0601,-0.1277,
1152,40.6789,60.6470,-62.6794,0.2538,-0.1718,720,0.9400,1.0000,0.262350,-0.9268,0.6378,
1153,40.7069,60.7372,-62.7892,0.0902,-0.1098,799,1.0000,1.0000,0.262350,-0.3370,0.3089,
1154,40.7362,60.8176,-63.1515,0.0804,-0.3623,800,1.0000,1.0000,0.262350,-0.3424,0.7213,
1155,40.7666,60.6690,-63.4861,-0.1486,-0.3346,721,0.9463,1.0000,0.262350,0.4735,0.3605,
1156,40.7938,60.5211,-63.9252,-0.1478,-0.4391,763,0.9925,1.0000,0.262350,0.4542,0.5377,
1157,40.8211,60.7127,-64.3550,0.1916,-0.4298,676,0.8426,1.0000,0.262350,-0.7471,0.9876,
1158,40.8488,61.2656,-63.8507,0.5529,0.5043,704,0.7972,1.0000,0.262350,-1.8793,-0.0921,
1159,40.8769,61.4252,-63.5258,0.1596,0.3250,800,1.0000,1.0000,0.262350,-0.5140,-0.3292,
1160,40.9056,61.5165,-63.7941,0.0913,-0.2684,796,0.9975,1.0000,0.262350,-0.3660,0.5778,
1161,40.9326,61.3041,-64.1640,-0.2124,-0.3698,695,0.8750,1.0000,0.262350,0.6941,0.3324,
1162,40.9610,61.0524,-64.1457,-0.2516,0.0183,759,0.8975,1.0000,0.262350,0.8947,-0.3760,
1163,40.9909,61.1091,-64.2379,0.0566,-0.0923,746,0.9561,1.0000,0.262350,-0.2154,0.2333,
1164,41.0178,61.2182,-64.2518,0.1091,-0.0139,800,1.0000,1.0000,0.262350,-0.3888,0.1731,
1165,41.0455,60.9571,-64.1647,-0.2611,0.0871,728,0.9475,1.0000,0.262350,0.9390,-0.5050,
1166,41.0740,60.7088,-64.2733,-0.2483,-0.1086,800,1.0000,1.0000,0.262350,0.8626,-0.1574,
1167,41.1009,60.5945,-64.5553,-0.1143,-0.2820,797,1.0000,1.0000,0.262350,0.3605,0.3187,
1168,41.1326,60.3280,-64.6883,-0.2665,-0.1330,749,0.9750,1.0000,0.262350,0.9233,-0.1412,
1169,41.1602,59.9183,-64.4440,-0.4096,0.2443,799,0.9988,1.0000,0.262350,1.4904,-0.9738,
1170,41.1893,59.8124,-64.7112,-0.1060,-0.2672,720,0.9449,1.0000,0.262350,0.3331,0.3053,
1171,41.2407,59.4372,-65.4327,-0.3752,-0.7214,673,0.8266,1.0000,0.262350,1.2152,0.7020,
1172,41.2692,60.3690,-63.2848,0.9319,2.1479,440,0.1236,1.0000,0.262350,-2.9615,-2.3442,low_inlier
1173,41.2973,60.0685,-60.7267,-0.3005,2.5580,667,0.5119,1.0000,0.262350,1.4709,-4.7263,
1174,41.3254,59.9383,-61.6453,-0.1302,-0.9186,681,0.3997,1.0000,0.262350,0.3156,1.3706,low_inlier
1175,41.3549,58.4673,-64.8325,-1.4710,-3.1872,680,0.7500,1.0000,0.262350,4.7072,3.3574,
1176,41.3828,56.1879,-67.0053,-2.2794,-2.1728,677,0.7972,1.0000,0.262350,7.7328,0.5378,
1177,41.4106,54.8228,-65.4318,-1.3651,1.5734,775,0.8455,1.0000,0.262350,5.0873,-4.5260,
1178,41.4384,54.1905,-64.1813,-0.6322,1.2506,680,0.6887,1.0000,0.262350,2.4389,-2.9763,
1179,41.4665,55.1559,-64.1447,0.9653,0.0365,624,0.7282,1.0000,0.262350,-3.4151,1.2625,
1180,41.4948,55.9921,-65.0060,0.8363,-0.8612,671,0.3769,1.0000,0.262350,-3.1002,2.5995,low_inlier
1181,41.5229,55.6508,-66.7668,-0.3413,-1.7609,669,0.5366,1.0000,0.262350,0.9301,2.5016,
1182,41.5509,55.0825,-67.8552,-0.5684,-1.0884,671,0.6449,1.0000,0.262350,1.8414,1.0560,
1183,41.5787,54.1452,-68.3749,-0.9373,-0.5197,672,0.8241,1.0000,0.262350,3.2389,-0.4091,
1184,41.6065,54.1282,-68.5934,-0.0170,-0.2185,672,0.8327,1.0000,0.262350,0.0255,0.3451,
1185,41.6337,55.3439,-68.7378,1.2157,-0.1445,686,0.6858,1.0000,0.262350,-4.3310,1.9111,
1186,41.6617,55.9821,-68.2345,0.6382,0.5033,711,0.9141,1.0000,0.262350,-2.1818,0.0266,
1187,41.6892,56.3790,-68.0472,0.3969,0.1872,717,0.7152,1.0000,0.262350,-1.3767,0.2286,
1188,41.7168,55.4764,-65.5959,-0.9026,2.4513,652,0.7806,1.0000,0.262350,3.5876,-5.3722,
1189,41.7487,55.3286,-62.9548,-0.1478,2.6412,692,0.7312,1.0000,0.262350,0.9427,-4.6570,
1190,41.7812,54.9303,-62.6035,-0.3984,0.3513,710,0.9057,1.0000,0.262350,1.4674,-1.1388,
1191,41.8147,55.8071,-63.1258,0.8768,-0.5224,665,0.8200,1.0000,0.262350,-3.1902,2.0836,
1192,41.8478,56.4460,-62.8326,0.6388,0.2933,721,0.6030,1.0000,0.262350,-2.2173,0.3817,
1193,41.8807,56.6713,-61.3035,0.2253,1.5290,594,0.5276,1.0000,0.262350,-0.5559,-2.2696,
1194,41.9143,57.5470,-59.0445,0.8757,2.2590,518,0.1205,1.0000,0.262350,-2.7447,-2.6087,low_inlier
1195,41.9476,58.2127,-57.0054,0.6657,2.0391,645,0.4724,1.0000,0.262350,-2.0356,-2.5258,low_inlier
1196,41.9807,59.2548,-55.6925,1.0421,1.3129,655,0.6787,1.0000,0.262350,-3.4844,-0.7849,
1197,42.0143,59.7965,-54.7249,0.5417,0.9676,750,0.7856,1.0000,0.262350,-1.7662,-0.8888,
1198,42.0477,59.3877,-54.2774,-0.4088,0.4474,765,0.9558,1.0000,0.262350,1.5197,-1.3153,
1199,42.0806,59.1193,-55.3130,-0.2684,-1.0356,724,0.9455,1.0000,0.262350,0.7868,1.3784,
1200,42.1148,58.6091,-56.4632,-0.5102,-1.1501,690,0.8663,1.0000,0.262350,1.6255,1.2399,
1201,42.1668,58.0238,-57.3216,-0.5854,-0.8584,792,0.8800,1.0000,0.262350,1.9381,0.6448,
1202,42.1943,58.0887,-57.4310,0.0650,-0.1095,715,0.9125,1.0000,0.262350,-0.2476,0.2737,
1203,42.2218,58.5440,-57.5586,0.4553,-0.1276,645,0.7910,1.0000,0.262350,-1.6336,0.8396,
1204,42.2494,58.8459,-58.7419,0.3019,-1.1833,687,0.8287,1.0000,0.262350,-1.2578,2.4099,
1205,42.2807,58.9382,-59.8561,0.0922,-1.1142,659,0.7985,1.0000,0.262350,-0.5037,2.0056,
1206,42.3144,59.0870,-60.8461,0.1488,-0.9900,651,0.7900,1.0000,0.262350,-0.6845,1.8738,
1207,42.3476,59.0397,-61.2556,-0.0473,-0.4095,791,0.9900,1.0000,0.262350,0.1027,0.6256,
1208,42.3805,59.2265,-61.6489,0.1869,-0.3933,679,0.8546,1.0000,0.262350,-0.7246,0.9196,
1209,42.4144,59.4553,-62.0911,0.2288,-0.4422,786,0.9788,1.0000,0.262350,-0.8809,1.0596,
1210,42.4479,59.2118,-62.3498,-0.2436,-0.2587,777,0.9837,1.0000,0.262350,0.8220,0.1023,
1211,42.4808,59.3007,-62.5836,0.0889,-0.2337,724,0.9168,1.0000,0.262350,-0.3522,0.5161,
1212,42.5141,59.7794,-63.2120,0.4787,-0.6284,755,0.9722,1.0000,0.262350,-1.7962,1.7165,
1213,42.5473,59.7299,-63.5724,-0.0496,-0.3605,774,0.9688,1.0000,0.262350,0.1184,0.5399,
1214,42.5807,59.6820,-63.8772,-0.0478,-0.3048,765,0.9700,1.0000,0.262350,0.1212,0.4484,
1215,42.6145,59.6054,-64.3114,-0.0766,-0.4342,697,0.8872,1.0000,0.262350,0.2027,0.6271,
1216,42.6474,59.7775,-64.7916,0.1721,-0.4802,765,0.9574,1.0000,0.262350,-0.6862,1.0460,
1217,42.6807,59.8084,-64.8730,0.0309,-0.0814,684,0.8683,1.0000,0.262350,-0.1223,0.1797,
1218,42.7138,59.7193,-64.9406,-0.0890,-0.0676,718,0.9423,1.0000,0.262350,0.3048,-0.0082,
1219,42.7493,59.6775,-65.1953,-0.0418,-0.2547,759,0.9711,1.0000,0.262350,0.1078,0.3721,
1220,42.7810,59.7966,-64.7838,0.1191,0.4114,663,0.8388,1.0000,0.262350,-0.3567,-0.5306,
1221,42.8145,59.9941,-64.2067,0.1975,0.5772,648,0.7305,1.0000,0.262350,-0.6083,-0.7025,
1222,42.8472,60.0091,-64.2203,0.0150,-0.0137,702,0.8923,1.0000,0.262350,-0.0552,0.0436,
1223,42.8809,60.2976,-64.4434,0.2886,-0.2230,752,0.9533,1.0000,0.262350,-1.0580,0.7720,
1224,42.9140,60.4341,-64.5246,0.1364,-0.0812,707,0.9191,1.0000,0.262350,-0.4964,0.3241,
1225,42.9472,60.5762,-64.3554,0.1421,0.1692,746,0.9682,1.0000,0.262350,-0.4768,-0.0905,
1226,42.9806,60.8703,-64.1803,0.2941,0.1750,740,0.9477,1.0000,0.262350,-1.0145,0.1083,
1227,43.0137,61.1085,-64.2506,0.2382,-0.0702,745,0.9556,1.0000,0.262350,-0.8553,0.4452,
1228,43.0477,61.1398,-64.5565,0.0313,-0.3060,703,0.9457,1.0000,0.262350,-0.1594,0.5589,
1229,43.0807,61.2200,-64.6099,0.0802,-0.0533,749,0.9557,1.0000,0.262350,-0.2927,0.1999,
1230,43.1141,60.9203,-65.1365,-0.2997,-0.5267,727,0.9470,1.0000,0.262350,0.9785,0.4771,
1231,43.1654,60.7758,-65.6835,-0.1445,-0.5470,758,0.9075,1.0000,0.262350,0.4252,0.7244,
1232,43.1932,61.0555,-65.8957,0.2797,-0.2122,798,0.9975,1.0000,0.262350,-1.0247,0.7414,
1233,43.2208,61.2684,-66.0046,0.2129,-0.1089,739,0.9413,1.0000,0.262350,-0.7719,0.4758,
1234,43.2485,61.3372,-66.1292,0.0688,-0.1246,796,0.9962,1.0000,0.262350,-0.2635,0.3045,
1235,43.2806,61.3895,-66.2208,0.0523,-0.0916,798,0.9988,1.0000,0.262350,-0.1997,0.2262,
1236,43.3139,61.4284,-66.0918,0.0389,0.1291,800,1.0000,1.0000,0.262350,-0.1174,-0.1643,
1237,43.3476,61.6188,-66.0887,0.1904,0.0031,798,0.9988,1.0000,0.262350,-0.6741,0.2560,
1238,43.3803,61.4614,-66.3191,-0.1573,-0.2304,787,1.0000,1.0000,0.262350,0.5209,0.1728,
1239,43.4137,61.2091,-66.5402,-0.2524,-0.2210,784,1.0000,1.0000,0.262350,0.8593,0.0266,
1240,43.4472,61.1005,-66.7354,-0.1086,-0.1952,796,0.9962,1.0000,0.262350,0.3538,0.1803,
1241,43.4808,61.2353,-66.6921,0.1348,0.0433,790,0.9975,1.0000,0.262350,-0.4709,0.1119,
1242,43.5139,61.4799,-66.5371,0.2446,0.1550,797,0.9962,1.0000,0.262350,-0.8423,0.0742,
1243,43.5471,61.4034,-66.5828,-0.0765,-0.0458,795,1.0000,1.0000,0.262350,0.2639,-0.0278,
1244,43.5803,61.4916,-66.7409,0.0881,-0.1581,772,0.9912,1.0000,0.262350,-0.3374,0.3875,
1245,43.6140,61.9418,-66.7873,0.4503,-0.0464,785,0.9975,1.0000,0.262350,-1.6030,0.6958,
1246,43.6471,61.9599,-66.9118,0.0181,-0.1245,797,0.9962,1.0000,0.262350,-0.0838,0.2347,
1247,43.6803,62.1229,-66.9803,0.1631,-0.0685,797,1.0000,1.0000,0.262350,-0.5887,0.3391,
1248,43.7136,62.0778,-67.2037,-0.0451,-0.2234,797,0.9988,1.0000,0.262350,0.1245,0.3148,
1249,43.7484,61.9395,-67.6000,-0.1383,-0.3963,800,1.0000,1.0000,0.262350,0.4273,0.4786,
1250,43.7803,61.9756,-67.9590,0.0361,-0.3590,797,0.9962,1.0000,0.262350,-0.1851,0.6550,
1251,43.8136,61.8676,-68.3300,-0.1080,-0.3710,772,0.9762,1.0000,0.262350,0.3239,0.4776,
1252,43.8473,61.4166,-69.0499,-0.4510,-0.7199,774,0.9962,1.0000,0.262350,1.4839,0.5955,
1253,43.8804,61.3687,-69.3539,-0.0480,-0.3041,789,0.9912,1.0000,0.262350,0.1218,0.4470,
1254,43.9137,61.4757,-69.5712,0.1071,-0.2173,796,0.9962,1.0000,0.262350,-0.4139,0.5133,
1255,43.9470,61.5107,-69.3959,0.0350,0.1753,767,0.9975,1.0000,0.262350,-0.0961,-0.2477,
1256,43.9806,61.7172,-69.0415,0.2065,0.3544,796,0.9962,1.0000,0.262350,-0.6755,-0.3144,
1257,44.0135,61.6866,-68.9568,-0.0306,0.0847,798,1.0000,1.0000,0.262350,0.1218,-0.1848,
1258,44.0469,61.5757,-69.1899,-0.1109,-0.2331,799,0.9988,1.0000,0.262350,0.3560,0.2409,
1259,44.0801,61.5752,-69.4878,-0.0006,-0.2980,797,0.9962,1.0000,0.262350,-0.0453,0.5017,
1260,44.1138,61.4890,-69.7030,-0.0861,-0.2152,795,0.9962,1.0000,0.262350,0.2711,0.2448,
1261,44.1652,61.4104,-69.7628,-0.0786,-0.0597,799,0.9988,1.0000,0.262350,0.2690,-0.0070,
1262,44.1923,61.5671,-69.6741,0.1566,0.0886,799,0.9988,1.0000,0.262350,-0.5410,0.0653,
1263,44.2197,61.5985,-70.0527,0.0314,-0.3786,798,0.9975,1.0000,0.262350,-0.1714,0.6816,
1264,44.2472,61.5309,-70.5235,-0.0676,-0.4708,798,0.9975,1.0000,0.262350,0.1647,0.7013,
1265,44.2806,61.7768,-70.2754,0.2459,0.2481,737,0.9637,1.0000,0.262350,-0.8319,-0.0811,
1266,44.3138,61.8439,-70.3406,0.0671,-0.0652,749,0.9200,1.0000,0.262350,-0.2481,0.2020,
1267,44.3468,61.7754,-70.3695,-0.0685,-0.0289,786,0.9962,1.0000,0.262350,0.2382,-0.0453,
1268,44.3800,61.6514,-70.4717,-0.1240,-0.1022,795,0.9975,1.0000,0.262350,0.4232,0.0023,
1269,44.4138,61.7945,-70.5752,0.1432,-0.1035,796,0.9962,1.0000,0.262350,-0.5238,0.3710,
1270,44.4467,61.9314,-70.6029,0.1368,-0.0277,794,0.9962,1.0000,0.262350,-0.4893,0.2343,
1271,44.4804,61.9739,-70.6244,0.0425,-0.0215,797,0.9975,1.0000,0.262350,-0.1541,0.0946,
1272,44.5137,61.9566,-70.6654,-0.0173,-0.0410,799,0.9988,1.0000,0.262350,0.0547,0.0454,
1273,44.5466,62.0721,-70.6875,0.1155,-0.0222,798,0.9988,1.0000,0.262350,-0.4130,0.1958,
1274,44.5802,62.1750,-70.7523,0.1029,-0.0647,797,0.9962,1.0000,0.262350,-0.3749,0.2503,
1275,44.6134,62.1256,-70.7932,-0.0494,-0.0409,797,0.9988,1.0000,0.262350,0.1686,0.0013,
1276,44.6467,61.9957,-70.8957,-0.1299,-0.1025,797,0.9975,1.0000,0.262350,0.4440,-0.0053,
1277,44.6805,62.0936,-70.9739,0.0979,-0.0782,797,0.9975,1.0000,0.262350,-0.3592,0.2661,
1278,44.7136,62.1915,-70.9503,0.0979,0.0236,798,0.9975,1.0000,0.262350,-0.3430,0.0944,
1279,44.7482,62.1965,-71.0029,0.0050,-0.0527,797,0.9975,1.0000,0.262350,-0.0261,0.0957,
1280,44.7803,62.1722,-71.0941,-0.0243,-0.0911,797,0.9975,1.0000,0.262350,0.0716,0.1204,
1281,44.8137,62.1976,-71.1623,0.0254,-0.0682,793,0.9988,1.0000,0.262350,-0.1008,0.1499,
1282,44.8466,62.2658,-71.2679,0.0682,-0.1056,795,0.9988,1.0000,0.262350,-0.2585,0.2716,
1283,44.8804,62.2017,-71.3462,-0.0641,-0.0783,798,0.9975,1.0000,0.262350,0.2147,0.0442,
1284,44.9136,62.1201,-71.6816,-0.0816,-0.3354,747,0.9513,1.0000,0.262350,0.2360,0.4537,
1285,44.9468,62.2182,-71.9190,0.0981,-0.2373,762,0.9925,1.0000,0.262350,-0.3853,0.5348,
1286,44.9800,62.3383,-72.2267,0.1201,-0.3077,797,0.9975,1.0000,0.262350,-0.4744,0.6836,
1287,45.0136,62.4607,-72.3463,0.1225,-0.1197,795,0.9962,1.0000,0.262350,-0.4530,0.3698,
1288,45.0465,62.5176,-72.6300,0.0568,-0.2836,794,0.9937,1.0000,0.262350,-0.2464,0.5563,
1289,45.0799,62.4652,-72.9068,-0.0524,-0.2768,786,0.9950,1.0000,0.262350,0.1418,0.3950,
1290,45.1138,62.4138,-72.9455,-0.0513,-0.0387,787,0.9925,1.0000,0.262350,0.1758,-0.0051,
1291,45.1653,62.3514,-73.1059,-0.0625,-0.1604,792,0.9962,1.0000,0.262350,0.1960,0.1848,
1292,45.1925,62.3504,-73.3371,-0.0010,-0.2312,785,0.9962,1.0000,0.262350,-0.0331,0.3886,
1293,45.2197,62.2769,-73.0718,-0.0735,0.2653,797,1.0000,1.0000,0.262350,0.3026,-0.5482,
1294,45.2473,62.1719,-72.9889,-0.1049,0.0830,795,0.9950,1.0000,0.262350,0.3850,-0.2838,
1295,45.2804,62.0513,-73.0119,-0.1207,-0.0231,759,0.9700,1.0000,0.262350,0.4239,-0.1266,
1296,45.3137,62.1858,-72.7950,0.1345,0.2169,792,1.0000,1.0000,0.262350,-0.4422,-0.1813,
1297,45.3465,62.2368,-72.6836,0.0510,0.1114,796,0.9962,1.0000,0.262350,-0.1630,-0.1180,
1298,45.3798,62.3263,-72.8267,0.0895,-0.1431,788,0.9962,1.0000,0.262350,-0.3399,0.3641,
1299,45.4134,62.5018,-73.3092,0.1755,-0.4826,793,0.9975,1.0000,0.262350,-0.6985,1.0546,
1300,45.4463,62.4547,-73.6047,-0.0470,-0.2955,800,1.0000,1.0000,0.262350,0.1198,0.4338,
1301,45.4803,62.3245,-73.7139,-0.1302,-0.1092,800,1.0000,1.0000,0.262350,0.4442,0.0056,
1302,45.5131,62.3680,-73.6831,0.0435,0.0308,796,0.9962,1.0000,0.262350,-0.1493,0.0077,
1303,45.5462,62.4757,-73.8649,0.1077,-0.1818,797,0.9962,1.0000,0.262350,-0.4104,0.4543,
1304,45.5799,62.5073,-73.7922,0.0317,0.0727,798,1.0000,1.0000,0.262350,-0.1007,-0.0791,
1305,45.6132,62.4519,-73.8313,-0.0554,-0.0391,800,1.0000,1.0000,0.262350,0.1903,-0.0102,
1306,45.6464,62.6361,-73.7232,0.1842,0.1081,785,1.0000,1.0000,0.262350,-0.6355,0.0703,
1307,45.6797,62.6645,-73.8548,0.0285,-0.1316,796,0.9962,1.0000,0.262350,-0.1218,0.2609,
1308,45.7130,62.5059,-74.1146,-0.1587,-0.2598,792,1.0000,1.0000,0.262350,0.5210,0.2205,
1309,45.7481,62.1866,-74.1919,-0.3193,-0.0773,798,0.9975,1.0000,0.262350,1.1191,-0.3075,
1310,45.7800,62.2968,-74.2300,0.1102,-0.0381,799,1.0000,1.0000,0.262350,-0.3966,0.2154,
1311,45.8143,62.5126,-74.3419,0.2158,-0.1119,794,1.0000,1.0000,0.262350,-0.7825,0.4848,
1312,45.8468,62.6949,-74.2653,0.1823,0.0766,798,1.0000,1.0000,0.262350,-0.6338,0.1208,
1313,45.8800,62.8632,-73.9914,0.1683,0.2739,800,1.0000,1.0000,0.262350,-0.5530,-0.2310,
1314,45.9130,63.1468,-72.8544,0.2836,1.1370,793,0.9962,1.0000,0.262350,-0.8246,-1.5285,
1315,45.9462,63.1755,-72.6299,0.0287,0.2246,782,0.9712,1.0000,0.262350,-0.0661,-0.3393,
1316,45.9797,63.0621,-73.2010,-0.1135,-0.5711,745,0.9463,1.0000,0.262350,0.3115,0.8075,
1317,46.0129,63.0591,-73.6458,-0.0030,-0.4448,747,0.9775,1.0000,0.262350,-0.0601,0.7461,
1318,46.0462,63.0208,-73.8964,-0.0383,-0.2506,781,0.9850,1.0000,0.262350,0.0958,0.3701,
1319,46.0796,63.0300,-74.0510,0.0091,-0.1547,798,1.0000,1.0000,0.262350,-0.0569,0.2733,
1320,46.1134,63.1748,-74.1679,0.1449,-0.1169,796,0.9962,1.0000,0.262350,-0.5319,0.3958,
1321,46.1650,63.1108,-74.1591,-0.0640,0.0089,796,0.9988,1.0000,0.262350,0.2283,-0.1028,
1322,46.1924,62.8875,-74.2804,-0.2233,-0.1213,795,0.9938,1.0000,0.262350,0.7721,-0.1017,
1323,46.2198,62.8766,-74.0303,-0.0109,0.2501,795,0.9938,1.0000,0.262350,0.0785,-0.4368,
1324,46.2475,63.0870,-73.8090,0.2104,0.2213,754,0.9912,1.0000,0.262350,-0.7105,-0.0846,
1325,46.2795,63.1975,-73.6535,0.1105,0.1555,795,0.9938,1.0000,0.262350,-0.3671,-0.1106,
1326,46.3129,63.0206,-73.2239,-0.1769,0.4296,794,0.9925,1.0000,0.262350,0.6949,-0.9671,
1327,46.3463,62.9743,-72.8294,-0.0464,0.3945,794,0.9937,1.0000,0.262350,0.2269,-0.7289,
1328,46.3794,62.9595,-72.4783,-0.0148,0.3511,794,0.9925,1.0000,0.262350,0.1082,-0.6124,
1329,46.4127,62.9377,-71.8756,-0.0218,0.6027,795,0.9938,1.0000,0.262350,0.1729,-1.0463,
1330,46.4460,63.1351,-71.0445,0.1974,0.8312,765,0.9888,1.0000,0.262350,-0.5676,-1.1310,
1331,46.4794,63.2887,-70.3726,0.1536,0.6718,791,0.9925,1.0000,0.262350,-0.4377,-0.9224,
1332,46.5126,63.1898,-70.2863,-0.0989,0.0863,740,0.9363,1.0000,0.262350,0.3642,-0.2812,
1333,46.5461,63.2808,-69.9681,0.0910,0.3183,697,0.8838,1.0000,0.262350,-0.2721,-0.4119,
1334,46.5814,63.4840,-69.9658,0.2032,0.0023,780,0.9688,1.0000,0.262350,-0.7198,0.2749,
1335,46.6128,63.3419,-70.0927,-0.1421,-0.1269,734,0.9237,1.0000,0.262350,0.4833,0.0191,
1336,46.6460,62.9028,-70.4951,-0.4391,-0.4024,720,0.9050,1.0000,0.262350,1.4922,0.0764,
1337,46.6793,62.0971,-70.6180,-0.8057,-0.1228,732,0.9150,1.0000,0.262350,2.8358,-0.8980,
1338,46.7125,61.5203,-70.5777,-0.5769,0.0403,794,0.9925,1.0000,0.262350,2.0506,-0.8591,
1339,46.7471,61.5368,-70.0883,0.0166,0.4894,795,0.9938,1.0000,0.262350,0.0190,-0.8027,
1340,46.7798,61.8098,-69.5768,0.2730,0.5115,725,0.9062,1.0000,0.262350,-0.8862,-0.4882,
1341,46.8125,62.1053,-69.3089,0.2955,0.2679,662,0.4900,1.0000,0.262350,-1.0048,-0.0464,low_inlier
1342,46.8460,63.0364,-68.2818,0.9311,1.0272,533,0.1562,1.0000,0.262350,-3.1365,-0.4552,low_inlier
1343,46.8792,64.1414,-63.3817,1.1050,4.9001,666,0.3817,1.0000,0.262350,-3.1381,-6.7484,low_inlier
1344,46.9128,61.8598,-66.8515,-2.2816,-3.4698,447,0.2835,1.0000,0.262350,7.5348,2.7223,low_inlier
1345,46.9460,66.7158,-61.3365,4.8561,5.5150,238,0.2548,1.0000,0.262350,-16.3334,-2.6402,low_inlier
1346,46.9792,70.3634,-58.1813,3.6475,3.1553,658,0.7529,1.0000,0.262350,-12.4251,-0.3182,
1347,47.0126,74.0335,-52.7146,3.6701,5.4667,609,0.6913,1.0000,0.262350,-12.1384,-4.1854,
1348,47.0459,77.8664,-48.1285,3.8329,4.5861,568,0.2621,1.0000,0.262350,-12.8550,-2.4771,low_inlier
1349,47.0796,82.1630,-44.4477,4.2966,3.6808,515,0.2141,1.0000,0.262350,-14.6419,-0.3144,low_inlier
1350,47.1124,82.5245,-41.2243,0.3615,3.2234,762,0.0000,1.0000,0.262350,-0.7697,-4.9403,low_inlier
1351,47.1656,81.9208,-49.9023,-0.6037,-8.6780,411,0.5150,1.0000,0.262350,0.7623,13.8073,
1352,47.1940,82.9267,-40.5785,1.0060,9.3238,416,0.5256,1.0000,0.262350,-2.0852,-14.3448,
1353,47.2225,78.9842,-45.2849,-3.9425,-4.7064,398,0.3434,1.0000,0.262350,13.2243,2.5297,low_inlier
1354,47.2511,75.1595,-48.0344,-3.8247,-2.7495,430,0.4698,1.0000,0.262350,13.1174,-0.6091,low_inlier
1355,47.2796,76.5684,-39.4969,1.4089,8.5376,421,0.3767,1.0000,0.262350,-3.6378,-12.4661,low_inlier
1356,47.3127,77.6100,-32.1453,1.0416,7.3515,440,0.5563,1.0000,0.262350,-2.5246,-10.9696,
1357,47.3458,78.5891,-33.2281,0.9790,-1.0827,787,0.0000,1.0000,0.262350,-3.6412,3.1689,low_inlier
1358,47.3791,79.6191,-25.5788,1.0301,7.6492,770,0.2628,1.0000,0.262350,-2.4364,-11.4875,low_inlier
1359,47.4127,83.3664,-23.7876,3.7472,1.7912,529,0.4574,1.0000,0.262350,-12.9950,2.1190,low_inlier
1360,47.4463,86.4388,-20.9278,3.0724,2.8599,678,0.8525,1.0000,0.262350,-10.4340,-0.6089,
1361,47.4794,90.0021,-19.8196,3.5633,1.1082,640,0.7880,1.0000,0.262350,-12.4515,3.0185,
1362,47.5123,92.7047,-19.7404,2.7026,0.0791,683,0.8013,1.0000,0.262350,-9.5648,3.5735,
1363,47.5457,95.5573,-18.2994,2.8526,1.4410,753,0.8838,1.0000,0.262350,-9.8801,1.4824,
1364,47.5795,97.8870,-16.7870,2.3297,1.5124,712,0.8900,1.0000,0.262350,-8.0158,0.6448,
1365,47.6127,100.4927,-15.7623,2.6058,1.0247,761,0.9237,1.0000,0.262350,-9.0715,1.8460,
1366,47.6463,103.0763,-14.7119,2.5836,1.0504,723,0.8063,1.0000,0.262350,-8.9888,1.7722,
1367,47.6796,105.6449,-14.1019,2.5687,0.6101,726,0.7388,1.0000,0.262350,-9.0058,2.4944,
1368,47.7129,108.6428,-14.0323,2.9979,0.0696,703,0.7037,1.0000,0.262350,-10.6127,3.9947,
1369,47.7480,112.2672,-12.3947,3.6244,1.6376,717,0.6145,1.0000,0.262350,-12.5839,2.2095,
1370,47.7798,114.8038,-10.2202,2.5366,2.1744,625,0.3794,1.0000,0.262350,-8.6439,-0.1879,low_inlier
1371,47.8127,116.2131,-9.2443,1.4093,0.9760,756,0.8900,1.0000,0.262350,-4.8395,0.2871,
1372,47.8462,117.1509,-8.3778,0.9377,0.8664,762,0.9075,1.0000,0.262350,-3.1856,-0.1750,
1373,47.8799,117.1162,-8.2973,-0.0347,0.0805,775,0.9463,1.0000,0.262350,0.1357,-0.1833,
1374,47.9123,116.2751,-9.4293,-0.8411,-1.1319,690,0.3488,1.0000,0.262350,2.8010,0.7553,low_inlier
1375,47.9460,114.6618,-11.2472,-1.6133,-1.8179,634,0.4446,1.0000,0.262350,5.4285,0.8531,low_inlier
1376,47.9792,113.4257,-12.0479,-1.2361,-0.8008,706,0.8403,1.0000,0.262350,4.2534,-0.3450,
1377,48.0128,112.5994,-12.5004,-0.8263,-0.4525,667,0.5225,1.0000,0.262350,2.8564,-0.3703,
1378,48.0457,108.2250,-16.4000,-4.3744,-3.8996,380,0.2063,1.0000,0.262350,14.8828,0.5766,low_inlier
1379,48.0787,104.2360,-19.2301,-3.9890,-2.8300,489,0.3197,1.0000,0.262350,13.6870,-0.6987,low_inlier
1380,48.1123,100.4934,-21.9348,-3.7425,-2.7047,550,0.4343,1.0000,0.262350,12.8333,-0.5719,low_inlier
1381,48.1654,103.0171,-20.2947,2.5237,1.6401,607,0.4075,1.0000,0.262350,-8.6831,0.6956,low_inlier
1382,48.1940,104.4762,-18.3626,1.4591,1.9321,531,0.2013,1.0000,0.262350,-4.8639,-1.2571,low_inlier
1383,48.2226,107.1344,-15.6062,2.6582,2.7564,515,0.3175,1.0000,0.262350,-8.9824,-1.0027,low_inlier
1384,48.2512,108.5784,-13.2466,1.4440,2.3595,451,0.4611,1.0000,0.262350,-4.7428,-1.9987,low_inlier
1385,48.2806,103.8051,-15.4440,-4.7733,-2.1974,795,0.0013,1.0000,0.262350,16.5666,-2.8413,low_inlier
1386,48.3125,100.4415,-19.9180,-3.3636,-4.4740,781,0.0026,1.0000,0.262350,11.2097,2.9317,low_inlier
1387,48.3456,90.0306,-28.6384,-10.4110,-8.7204,315,0.1140,1.0000,0.262350,35.5098,0.4269,low_inlier
1388,48.3788,78.8696,-33.8102,-11.1609,-5.1718,660,0.0178,1.0000,0.262350,38.7307,-6.5865,low_inlier
1389,48.4122,70.4882,-39.2483,-8.3814,-5.4381,316,0.1125,1.0000,0.262350,28.8385,-2.3249,low_inlier
1390,48.4454,62.7251,-45.9146,-7.7631,-6.6662,374,0.1443,1.0000,0.262350,26.4525,0.5944,low_inlier
1391,48.4786,54.3202,-51.1160,-8.4049,-5.2015,305,0.1578,1.0000,0.262350,28.9594,-2.7563,low_inlier
1392,48.5120,49.1603,-57.1810,-5.1598,-6.0650,431,0.2332,1.0000,0.262350,17.3226,3.1512,low_inlier
1393,48.5480,43.3674,-62.0152,-5.7930,-4.8342,337,0.0654,1.0000,0.262350,19.7615,0.2070,low_inlier
1394,48.5788,39.5071,-60.3468,-3.8603,1.6684,368,0.1395,1.0000,0.262350,13.9446,-8.1087,low_inlier
1395,48.6120,36.3344,-59.3463,-3.1727,1.0004,400,0.1390,1.0000,0.262350,11.4021,-6.0391,low_inlier
1396,48.6452,31.8117,-59.3140,-4.5227,0.0323,383,0.0908,1.0000,0.262350,16.0323,-6.2580,low_inlier
1397,48.6788,29.3954,-59.7703,-2.4162,-0.4563,458,0.2326,1.0000,0.262350,8.4901,-2.5447,low_inlier
1398,48.7119,26.7834,-61.3905,-2.6121,-1.6203,505,0.2038,1.0000,0.262350,8.9993,-0.8502,low_inlier
1399,48.7474,24.9698,-61.4950,-1.8136,-0.1044,526,0.2491,1.0000,0.262350,6.4103,-2.3115,low_inlier
1400,48.7785,24.1760,-59.8933,-0.7938,1.6016,453,0.4561,1.0000,0.262350,3.0670,-3.7899,low_inlier
1401,48.8117,23.7942,-58.6575,-0.3818,1.2358,615,0.4406,1.0000,0.262350,1.5492,-2.6079,low_inlier
1402,48.8451,24.0368,-57.9618,0.2426,0.6958,537,0.4974,1.0000,0.262350,-0.7494,-0.8406,low_inlier
1403,48.8786,24.4605,-56.7938,0.4237,1.1680,577,0.4580,1.0000,0.262350,-1.3160,-1.3887,low_inlier
1404,48.9118,24.9354,-56.8743,0.4749,-0.0806,577,0.4987,1.0000,0.262350,-1.6956,0.7872,low_inlier
1405,48.9457,24.9031,-57.0377,-0.0322,-0.1633,621,0.5400,1.0000,0.262350,0.0882,0.2313,
1406,48.9793,25.1693,-56.9401,0.2662,0.0976,609,0.4391,1.0000,0.262350,-0.9278,0.2005,low_inlier
1407,49.0123,25.4737,-56.0562,0.3044,0.8839,634,0.4968,1.0000,0.262350,-0.9384,-1.0732,low_inlier
1408,49.0455,25.7356,-54.2640,0.2619,1.7921,638,0.5301,1.0000,0.262350,-0.6436,-2.6633,
1409,49.0788,26.3907,-52.4392,0.6551,1.8248,522,0.5638,1.0000,0.262350,-2.0320,-2.1789,
1410,49.1122,26.4395,-51.8141,0.0488,0.6251,643,0.6671,1.0000,0.262350,-0.0737,-0.9874,
1411,49.1651,26.1591,-55.2845,-0.2804,-3.4704,647,0.7043,1.0000,0.262350,0.4429,5.4683,
1412,49.1945,26.5951,-46.6044,0.4360,8.6801,385,0.4715,1.0000,0.262350,-0.1675,-14.0409,low_inlier
1413,49.2243,25.1884,-45.6690,-1.4067,0.9353,347,0.1633,1.0000,0.262350,5.1333,-3.5069,low_inlier
1414,49.2543,22.8532,-55.1556,-2.3352,-9.4865,687,0.0323,1.0000,0.262350,6.7700,12.7959,low_inlier
1415,49.2841,21.7560,-61.6896,-1.0972,-6.5341,348,0.0771,1.0000,0.262350,2.8514,9.5147,low_inlier
1416,49.3142,20.7612,-97.2471,-0.9948,-35.5575,565,0.0000,1.0000,0.262350,-2.1175,58.6030,low_inlier
1417,49.3454,21.0473,-106.5764,0.2861,-9.3292,508,0.0000,1.0000,0.262350,-2.4944,16.1261,low_inlier
1418,49.3878,21.3882,-106.1041,0.3409,0.4723,305,0.0235,1.0000,0.262350,-1.1330,-0.3289,low_inlier
1419,49.4181,21.2166,-107.8013,-0.1716,-1.6972,396,0.0027,1.0000,0.262350,0.3387,2.6270,low_inlier
1420,49.4477,21.3027,-108.0612,0.0861,-0.2599,374,0.0390,1.0000,0.262350,-0.3464,0.5564,low_inlier
1421,49.4788,21.9618,-114.5757,0.6591,-6.5145,539,0.0013,1.0000,0.262350,-3.3694,11.8906,low_inlier
1422,49.5112,23.5465,-116.7185,1.5847,-2.1428,353,0.1036,1.0000,0.262350,-5.9557,5.7875,low_inlier
1423,49.5452,24.2125,-112.9286,0.6660,3.7899,575,0.0607,1.0000,0.262350,-1.7587,-5.4781,low_inlier
1424,49.5783,24.1893,-112.4299,-0.0232,0.4987,293,0.0323,1.0000,0.262350,0.1613,-0.8729,low_inlier
1425,49.6116,24.3183,-112.0699,0.1290,0.3600,315,0.0480,1.0000,0.262350,-0.4001,-0.4302,low_inlier
1426,49.6447,23.6873,-108.6657,-0.6310,3.4041,624,0.0000,1.0000,0.262350,2.7765,-6.6066,low_inlier
1427,49.6781,22.8074,-100.2640,-0.8799,8.4018,451,0.0032,1.0000,0.262350,4.4514,-15.3764,low_inlier
1428,49.7116,22.7896,-72.4177,-0.0178,27.8463,548,0.0000,1.0000,0.262350,4.4821,-46.9870,low_inlier
1429,49.7461,23.6798,-54.1652,0.8902,18.2524,396,0.0000,1.0000,0.262350,-0.2580,-29.5616,low_inlier
1430,49.7783,26.7674,-37.9282,3.0876,16.2371,140,0.0043,1.0000,0.262350,-8.3651,-23.1486,low_inlier
1431,49.8114,28.8671,-25.4595,2.0996,12.4687,586,0.0122,1.0000,0.262350,-5.4619,-18.1485,low_inlier
1432,49.8449,29.2398,-18.5524,0.3727,6.9071,298,0.0310,1.0000,0.262350,-0.2246,-11.1376,low_inlier
1433,49.8781,29.4290,-11.1143,0.1893,7.4380,398,0.5314,1.0000,0.262350,0.5096,-12.2846,
1434,49.9117,28.4264,-1.3091,-1.0026,9.8052,206,0.0013,1.0000,0.262350,5.1090,-17.9116,low_inlier
1435,49.9448,28.8609,-1.1829,0.4345,0.1262,243,0.0243,1.0000,0.262350,-1.5196,0.3832,low_inlier
1436,49.9781,28.4959,4.1446,-0.3650,5.3276,605,0.0115,1.0000,0.262350,2.1390,-9.4856,low_inlier
1437,50.0117,30.1929,8.6265,1.6970,4.4818,662,0.0013,1.0000,0.262350,-5.3026,-5.2309,low_inlier
1438,50.0448,28.7319,16.8056,-1.4610,8.1791,505,0.0040,1.0000,0.262350,6.4754,-15.7979,low_inlier
1439,50.0818,26.9229,10.4069,-1.8090,-6.3987,332,0.0409,1.0000,0.262350,5.3951,8.3101,low_inlier
1440,50.1124,26.3934,8.7423,-0.5295,-1.6646,154,0.0211,1.0000,0.262350,1.6123,2.0810,low_inlier
1441,50.1660,36.9383,-17.0170,10.5449,-25.7593,408,0.0000,1.0000,0.262350,-41.4561,57.9067,low_inlier
1442,50.1961,49.0931,-11.7421,12.1548,5.2749,301,0.0112,1.0000,0.262350,-42.2361,7.7758,low_inlier
1443,50.2267,48.5105,-11.1992,-0.5826,0.5429,457,0.0014,1.0000,0.262350,2.1507,-1.7147,low_inlier
1444,50.2569,26.1227,-4.4024,-22.3878,6.7968,413,0.0059,1.0000,0.262350,80.4150,-42.1706,low_inlier
1445,50.2874,17.9963,1.2527,-8.1264,5.6551,545,0.0000,1.0000,0.262350,29.6951,-20.6837,low_inlier
1446,50.3180,25.3807,24.2312,7.3844,22.9784,80,0.0217,1.0000,0.262350,-22.5219,-28.6242,low_inlier
1447,50.3488,35.5642,49.7985,10.1835,25.5674,436,0.0014,1.0000,0.262350,-32.0302,-29.1512,low_inlier
1448,50.3797,41.0669,63.5113,5.5027,13.7128,560,0.0249,1.0000,0.262350,-17.3238,-15.5788,low_inlier
1449,50.4115,41.8654,60.7652,0.7985,-2.7461,591,0.0127,1.0000,0.262350,-3.2654,5.7265,low_inlier
1450,50.4450,44.0467,63.4866,2.1813,2.7213,409,0.0541,1.0000,0.262350,-7.2982,-1.5975,low_inlier
1451,50.4785,45.1608,58.8645,1.1141,-4.6221,340,0.0484,1.0000,0.262350,-4.6815,9.3233,low_inlier
1452,50.5114,42.5018,54.1874,-2.6590,-4.6770,663,0.0000,1.0000,0.262350,8.6805,4.2406,low_inlier
1453,50.5449,43.9993,58.4290,1.4975,4.2416,560,0.0483,1.0000,0.262350,-4.6335,-5.0994,low_inlier
1454,50.5780,45.8083,66.1190,1.8091,7.6901,327,0.0494,1.0000,0.262350,-5.1905,-10.4878,low_inlier
1455,50.6114,48.3273,63.8119,2.5189,-2.3071,290,0.0690,1.0000,0.262350,-9.2926,7.3460,low_inlier
1456,50.6447,46.9975,56.0704,-1.3297,-7.7415,452,0.0636,1.0000,0.262350,3.4838,11.2320,low_inlier
1457,50.6780,51.5499,61.6640,4.5524,5.5936,369,0.1152,1.0000,0.262350,-15.2448,-3.1893,low_inlier
1458,50.7114,50.7538,55.6029,-0.7961,-6.0611,538,0.2942,1.0000,0.262350,1.8592,9.1301,low_inlier
1459,50.7462,44.9209,50.5295,-5.8329,-5.0733,463,0.3862,1.0000,0.262350,19.8653,0.5555,low_inlier
1460,50.7783,43.4977,40.1777,-1.4232,-10.3518,461,0.3384,1.0000,0.262350,3.4008,15.5061,low_inlier
1461,50.8115,40.6068,32.7583,-2.8908,-7.4195,611,0.6086,1.0000,0.262350,9.0670,8.5477,
1462,50.8447,36.3907,28.0413,-4.2161,-4.7170,598,0.6322,1.0000,0.262350,14.1922,2.1722,
1463,50.8779,33.8967,27.1188,-2.4940,-0.9225,627,0.7119,1.0000,0.262350,8.6917,-1.8651,
1464,50.9112,32.4585,29.7914,-1.4382,2.6726,654,0.8035,1.0000,0.262350,5.5208,-6.4800,
1465,50.9446,30.4816,32.0805,-1.9769,2.2891,649,0.8056,1.0000,0.262350,7.3688,-6.5721,
1466,50.9779,28.5544,35.4535,-1.9273,3.3730,650,0.5601,1.0000,0.262350,7.3650,-8.3320,
1467,51.0117,29.0781,40.5351,0.5237,5.0816,627,0.6709,1.0000,0.262350,-1.0495,-7.8517,
1468,51.0451,29.8252,44.2005,0.7471,3.6654,672,0.8657,1.0000,0.262350,-2.0659,-5.1569,
1469,51.0783,29.8247,47.8541,-0.0004,3.6536,669,0.8609,1.0000,0.262350,0.5814,-6.1624,
1470,51.1115,30.2528,51.2714,0.4280,3.4174,662,0.8358,1.0000,0.262350,-0.9746,-5.1762,
1471,51.1622,-0.2714,0.9793,-0.2714,0.9793,616,0.6139,1.0000,0.262350,1.1170,-2.0237,
1472,51.1892,-1.5142,0.6127,-1.2428,-0.3666,641,0.5750,1.0000,0.262350,4.3461,-1.0865,
1473,51.2159,-2.1352,-0.0936,-0.6210,-0.7062,740,0.8448,1.0000,0.262350,2.0887,0.3392,
1474,51.2452,-2.7888,-3.2372,-0.6535,-3.1437,633,0.7880,1.0000,0.262350,1.8170,4.4054,
1475,51.2781,-3.8832,-6.9956,-1.0944,-3.7584,682,0.4253,1.0000,0.262350,3.2818,4.8374,low_inlier
1476,51.3111,-5.0328,-11.3969,-1.1496,-4.4013,767,0.5419,1.0000,0.262350,3.3755,5.8459,
1477,51.3445,-7.0372,-17.5568,-2.0044,-6.1599,716,0.7139,1.0000,0.262350,6.1255,7.6393,
1478,51.3779,-9.0987,-24.2891,-2.0615,-6.7324,624,0.6173,1.0000,0.262350,6.2372,8.5264,
1479,51.4112,-10.2538,-28.5286,-1.1551,-4.2395,694,0.5922,1.0000,0.262350,3.4204,5.5655,
1480,51.4447,-10.8413,-30.4564,-0.5875,-1.9278,740,0.8872,1.0000,0.262350,1.7761,2.4453,
1481,51.4779,-11.2430,-31.5689,-0.4017,-1.1125,733,0.9284,1.0000,0.262350,1.2469,1.3252,
1482,51.5115,-11.4926,-33.5059,-0.2497,-1.9370,722,0.9123,1.0000,0.262350,0.5773,2.9244,
1483,51.5441,-11.6129,-34.9120,-0.1202,-1.4061,734,0.8747,1.0000,0.262350,0.2029,2.2064,
1484,51.5778,-11.6205,-34.9219,-0.0077,-0.0099,753,0.9498,1.0000,0.262350,0.0256,0.0063,
1485,51.6116,-11.5740,-35.4735,0.0466,-0.5516,763,0.9611,1.0000,0.262350,-0.2525,0.9940,
1486,51.6443,-11.5420,-35.6404,0.0320,-0.1669,765,0.9435,1.0000,0.262350,-0.1400,0.3254,
1487,51.6778,-10.9770,-34.8653,0.5649,0.7751,740,0.9486,1.0000,0.262350,-1.8790,-0.5323,
1488,51.7113,-10.6930,-33.9920,0.2840,0.8733,728,0.9157,1.0000,0.262350,-0.8680,-1.0832,
1489,51.7460,-11.0884,-33.6165,-0.3954,0.3755,742,0.9410,1.0000,0.262350,1.4609,-1.1756,
1490,51.7782,-10.9524,-33.1939,0.1360,0.4227,745,0.9561,1.0000,0.262350,-0.4148,-0.5263,
1491,51.8108,-10.7890,-32.7098,0.1635,0.4841,740,0.9211,1.0000,0.262350,-0.5025,-0.5922,
1492,51.8442,-11.1706,-33.2641,-0.3816,-0.5544,740,0.9361,1.0000,0.262350,1.2644,0.4115,
1493,51.8775,-11.2929,-34.4236,-0.1223,-1.1595,731,0.9248,1.0000,0.262350,0.2496,1.7877,
1494,51.9109,-11.1693,-34.6347,0.1236,-0.2110,754,0.9472,1.0000,0.262350,-0.4715,0.5255,
1495,51.9444,-10.7490,-34.2738,0.4204,0.3608,718,0.9197,1.0000,0.262350,-1.4325,-0.0319,
1496,51.9774,-10.0396,-33.9775,0.7094,0.2963,727,0.9335,1.0000,0.262350,-2.4669,0.4733,
1497,52.0107,-9.9320,-33.1224,0.1075,0.8551,718,0.9021,1.0000,0.262350,-0.2454,-1.2947,
1498,52.0442,-10.1171,-31.8149,-0.1851,1.3074,726,0.7786,1.0000,0.262350,0.8634,-2.4589,
1499,52.0776,-9.8705,-30.7264,0.2466,1.0885,742,0.9360,1.0000,0.262350,-0.7012,-1.4975,
1500,52.1110,-10.0633,-30.5115,-0.1928,0.2149,763,0.9524,1.0000,0.262350,0.7174,-0.6269,
1501,52.1618,-9.6320,-29.6986,0.4314,0.8129,749,0.9413,1.0000,0.262350,-1.3996,-0.7793,
1502,52.1886,-8.5502,-27.3109,1.0817,2.3877,708,0.9044,1.0000,0.262350,-3.4545,-2.5430,
1503,52.2150,-7.9603,-25.6329,0.5900,1.6780,734,0.8979,1.0000,0.262350,-1.8244,-2.0208,
1504,52.2443,-7.8520,-25.2235,0.1083,0.4094,647,0.6846,1.0000,0.262350,-0.3187,-0.5419,
1505,52.2775,-7.5251,-24.1051,0.3269,1.1184,747,0.8770,1.0000,0.262350,-0.9810,-1.4378,
1506,52.3111,-7.4234,-22.9273,0.1017,1.1778,752,0.9387,1.0000,0.262350,-0.1736,-1.8469,
1507,52.3446,-7.6852,-22.7963,-0.2618,0.1310,770,0.9725,1.0000,0.262350,0.9487,-0.5801,
1508,52.3775,-7.9440,-22.8363,-0.2588,-0.0400,770,0.9688,1.0000,0.262350,0.9108,-0.2875,
1509,52.4112,-7.8019,-21.8335,0.1421,1.0028,763,0.9613,1.0000,0.262350,-0.3445,-1.4962,
1510,52.4447,-7.4248,-20.8267,0.3771,1.0068,750,0.9387,1.0000,0.262350,-1.1766,-1.1808,
1511,52.4782,-7.5850,-21.1684,-0.1602,-0.3417,758,0.9525,1.0000,0.262350,0.5136,0.3564,
1512,52.5111,-7.7605,-21.3304,-0.1755,-0.1620,765,0.9650,1.0000,0.262350,0.5963,0.0325,
1513,52.5445,-7.7314,-20.4952,0.0291,0.8352,753,0.9425,1.0000,0.262350,0.0293,-1.3686,
1514,52.5777,-7.7499,-20.0334,-0.0185,0.4618,758,0.9499,1.0000,0.262350,0.1388,-0.8042,
1515,52.6106,-7.6692,-20.4692,0.0807,-0.4358,763,0.9600,1.0000,0.262350,-0.3550,0.8457,
1516,52.6440,-0.0887,-1.0693,-0.0887,-1.0693,758,0.9237,1.0000,0.262350,0.1445,1.6818,
1517,52.6773,-0.4377,-1.6415,-0.3491,-0.5722,761,0.9513,1.0000,0.262350,1.1462,0.4862,
1518,52.7107,-0.2592,-1.4860,0.1786,0.1555,778,0.9750,1.0000,0.262350,-0.6082,-0.0173,
1519,52.7447,0.1048,-0.7884,0.3640,0.6976,769,0.9700,1.0000,0.262350,-1.1791,-0.6773,
1520,52.7780,0.0631,-0.6508,-0.0417,0.1376,745,0.9435,1.0000,0.262350,0.1696,-0.2892,
1521,52.8106,0.1304,-0.6660,0.0673,-0.0152,738,0.9525,1.0000,0.262350,-0.2408,0.1180,
1522,52.8438,0.6859,0.6305,0.6859,0.6305,742,0.9374,1.0000,0.262350,-2.3307,-0.1224,
1523,52.8772,0.7851,0.3861,0.0992,-0.2443,745,0.9313,1.0000,0.262350,-0.3903,0.5482,
1524,52.9104,0.5398,-1.1332,-0.2454,-1.5193,732,0.9399,1.0000,0.262350,0.6285,2.2257,
1525,52.9438,0.9070,-2.2122,0.3673,-1.0790,730,0.8938,1.0000,0.262350,-1.4727,2.3235,
1526,52.9771,1.3731,-2.4280,0.4661,-0.2158,758,0.9511,1.0000,0.262350,-1.6860,1.0033,
1527,53.0104,0.0516,-0.9287,0.0516,-0.9287,743,0.9363,1.0000,0.262350,-0.3301,1.6370,
1528,53.0439,-0.5510,-2.5135,-0.6026,-1.5848,753,0.9487,1.0000,0.262350,1.8838,1.8462,
1529,53.0771,-0.6667,-2.9403,-0.1157,-0.4268,714,0.7900,1.0000,0.262350,0.3422,0.5612,
1530,53.1106,-0.0165,-2.7533,0.6502,0.1871,740,0.9237,1.0000,0.262350,-2.2744,0.5763,
1531,53.1602,0.0791,-1.0556,0.0791,-1.0556,728,0.8773,1.0000,0.262350,-0.4476,1.8886,
1532,53.1866,0.0671,-1.9679,-0.0120,-0.9124,775,0.9675,1.0000,0.262350,-0.1023,1.5222,
1533,53.2130,0.1461,-1.9005,0.0791,0.0674,790,0.9875,1.0000,0.262350,-0.2695,-0.0053,
1534,53.2441,-0.5658,-2.5847,-0.7119,-0.6842,755,0.9425,1.0000,0.262350,2.4142,0.1775,
1535,53.2772,-1.2652,-3.2990,-0.6995,-0.7143,776,0.9511,1.0000,0.262350,2.3654,0.2452,
1536,53.3107,-1.2940,-2.5525,-0.0288,0.7465,760,0.9050,1.0000,0.262350,0.2204,-1.2985,
1537,53.3436,0.1808,1.7713,0.1808,1.7713,779,0.9812,1.0000,0.262350,-0.3594,-2.7394,
1538,53.3775,0.0195,2.4272,-0.1613,0.6558,762,0.9083,1.0000,0.262350,0.6755,-1.3273,
1539,53.4104,-0.1962,2.0981,-0.2157,-0.3291,790,0.9862,1.0000,0.262350,0.7120,0.2592,
1540,53.4437,0.0065,2.6481,0.2026,0.5500,786,0.9862,1.0000,0.262350,-0.6308,-0.6496,
1541,53.4771,0.6835,0.6083,0.6835,0.6083,772,0.9837,1.0000,0.262350,-2.3257,-0.0884,
1542,53.5103,0.8698,0.0415,0.1862,-0.5668,789,0.9725,1.0000,0.262350,-0.7499,1.2114,
1543,53.5438,0.5089,-1.3469,-0.3609,-1.3884,771,0.9725,1.0000,0.262350,1.0587,1.8464,
1544,53.5769,0.6923,-2.5420,0.1835,-1.1952,787,0.9838,1.0000,0.262350,-0.8398,2.2673,
1545,53.6102,0.8712,-3.7649,0.1789,-1.2228,710,0.8650,1.0000,0.262350,-0.8280,2.3076,
1546,53.6436,0.0526,-1.2736,0.0526,-1.2736,763,0.8350,1.0000,0.262350,-0.3887,2.2201,
1547,53.6768,0.1245,-2.1494,0.0718,-0.8757,786,0.9838,1.0000,0.262350,-0.3935,1.5754,
1548,53.7102,-0.1290,-3.5463,-0.2535,-1.3970,785,0.9812,1.0000,0.262350,0.6766,2.0083,
1549,53.7448,-0.3135,-4.0284,-0.1844,-0.4821,784,0.9300,1.0000,0.262350,0.5771,0.5600,
1550,53.7775,0.3475,0.9357,0.3475,0.9357,780,0.9788,1.0000,0.262350,-1.0829,-1.1014,
1551,53.8110,0.3163,1.6705,-0.0312,0.7348,780,0.9775,1.0000,0.262350,0.2271,-1.2820,
1552,53.8436,0.3795,2.1179,0.0631,0.4474,781,0.9838,1.0000,0.262350,-0.1528,-0.6680,
1553,53.8770,0.0412,2.0985,-0.3382,-0.0194,770,0.9675,1.0000,0.262350,1.1955,-0.4312,
1554,53.9103,-0.2482,1.4025,-0.2895,-0.6960,778,0.9725,1.0000,0.262350,0.9154,0.7768,
1555,53.9440,0.1399,-0.0239,0.1399,-0.0239,779,0.9650,1.0000,0.262350,-0.4997,0.2322,
1556,53.9770,0.1255,-0.0315,-0.0144,-0.0076,746,0.8575,1.0000,0.262350,0.0500,-0.0070,
1557,54.0102,-0.0602,-0.0372,-0.1857,-0.0057,779,0.9838,1.0000,0.262350,0.6572,-0.2451,
1558,54.0440,-0.0894,0.0725,-0.0292,0.1096,784,0.9862,1.0000,0.262350,0.1208,-0.2249,
1559,54.0768,-0.3010,0.1780,-0.3010,0.1780,778,0.9788,1.0000,0.262350,1.0951,-0.7132,
1560,54.1102,-0.4797,0.6388,-0.1786,0.4608,782,0.9800,1.0000,0.262350,0.7061,-1.0221,
1561,54.1612,-0.4099,0.7237,0.0697,0.0849,787,0.9850,1.0000,0.262350,-0.2336,-0.0475,
1562,54.1869,-0.2484,0.9370,0.1615,0.2134,777,0.9788,1.0000,0.262350,-0.5385,-0.1383,
1563,54.2127,-0.1264,0.6790,0.1220,-0.2581,754,0.9237,1.0000,0.262350,-0.4734,0.6026,
1564,54.2442,-0.2794,-0.2371,-0.1530,-0.9161,770,0.9613,1.0000,0.262350,0.3969,1.3351,
1565,54.2767,-0.2713,-1.4056,-0.2713,-1.4056,772,0.9600,1.0000,0.262350,0.7385,1.9983,
1566,54.3101,-0.6842,-2.8259,-0.4129,-1.4203,772,0.9688,1.0000,0.262350,1.2379,1.8290,
1567,54.3433,-1.1407,-3.6359,-0.4565,-0.8100,772,0.9375,1.0000,0.262350,1.4891,0.7399,
1568,54.3770,0.0450,0.5584,0.0450,0.5584,792,0.9587,1.0000,0.262350,-0.0707,-0.8801,
1569,54.4100,0.5052,1.4313,0.4603,0.8729,763,0.9613,1.0000,0.262350,-1.4925,-0.8409,
1570,54.4439,0.6434,1.7773,0.1381,0.3460,745,0.9025,1.0000,0.262350,-0.4346,-0.3941,
1571,54.4768,-0.1369,-0.7680,-0.1369,-0.7680,765,0.9413,1.0000,0.262350,0.3633,1.1075,
1572,54.5104,-0.4953,-2.0203,-0.3584,-1.2522,772,0.9625,1.0000,0.262350,1.0712,1.6204,
1573,54.5434,-0.4898,-1.6264,-0.4898,-1.6264,736,0.9113,1.0000,0.262350,1.4777,2.0711,
1574,54.5768,-0.8194,-4.0968,-0.3296,-2.4704,758,0.9513,1.0000,0.262350,0.7759,3.7142,
1575,54.6101,-0.3377,-6.4151,0.4817,-2.3183,717,0.9119,1.0000,0.262350,-2.0749,4.5705,
1576,54.6433,0.7910,-2.2085,0.7910,-2.2085,748,0.9021,1.0000,0.262350,-3.1535,4.8096,
1577,54.6767,1.0755,-5.2549,0.2845,-3.0464,687,0.8598,1.0000,0.262350,-1.4918,5.5280,
1578,54.7100,-0.6814,-6.0624,-0.6814,-6.0624,625,0.5705,1.0000,0.262350,1.4526,9.2896,
1579,54.7441,-1.4057,-12.7911,-0.7243,-6.7287,577,0.2827,1.0000,0.262350,1.4990,10.3544,low_inlier
1580,54.7775,-0.8787,-19.7886,0.5270,-6.9976,502,0.1755,1.0000,0.262350,-2.9781,12.5242,low_inlier
1581,54.8101,-0.7960,-29.1771,0.0827,-9.3884,450,0.0972,1.0000,0.262350,-1.7828,15.9469,low_inlier
1582,54.8435,0.1871,-10.2133,0.1871,-10.2133,318,0.0608,1.0000,0.262350,-2.2837,17.4813,low_inlier
1583,54.8767,-3.5282,-4.6064,-3.5282,-4.6064,378,0.0951,1.0000,0.262350,11.7720,2.9293,low_inlier
1584,54.9101,-7.6685,-8.5369,-4.1403,-3.9304,689,0.0211,1.0000,0.262350,14.0483,0.9497,low_inlier
1585,54.9431,-7.0808,-12.1191,0.5877,-3.5822,485,0.2306,1.0000,0.262350,-2.6512,6.8475,low_inlier
1586,54.9770,2.5539,1.7481,2.5539,1.7481,416,0.1305,1.0000,0.262350,-8.7730,0.5548,low_inlier
1587,55.0101,2.2767,-2.5819,-0.2772,-4.3301,370,0.1077,1.0000,0.262350,0.2953,6.9224,low_inlier
1588,55.0431,0.7643,-5.5503,-1.5124,-2.9683,261,0.1624,1.0000,0.262350,4.8884,2.9316,low_inlier
1589,55.0767,-0.3968,-4.0739,-0.3968,-4.0739,232,0.1086,1.0000,0.262350,0.7595,6.3263,low_inlier
1590,55.1099,0.9487,-11.2414,1.3454,-7.1676,281,0.0867,1.0000,0.262350,-5.9053,13.9335,low_inlier
1591,55.1623,-0.0810,-3.5730,-1.0297,7.6684,416,0.0714,1.0000,0.262350,4.8660,-14.3452,low_inlier
1592,55.1891,0.4191,-2.5361,0.4191,-2.5361,775,0.3275,1.0000,0.262350,-1.8877,4.8520,low_inlier
1593,55.2159,0.1236,-8.3874,-0.2955,-5.8512,739,0.9149,1.0000,0.262350,0.1185,9.4628,
1594,55.2441,-0.3602,-17.5034,-0.4838,-9.1160,670,0.6381,1.0000,0.262350,0.2680,14.7105,
1595,55.2765,-0.7420,-8.3689,-0.7420,-8.3689,546,0.4836,1.0000,0.262350,1.3013,13.0964,low_inlier
1596,55.3100,-2.1801,-16.4310,-1.4381,-8.0621,720,0.8699,1.0000,0.262350,3.8168,11.6241,
1597,55.3431,-1.9050,-24.2987,0.2751,-7.8677,741,0.3755,1.0000,0.262350,-2.2233,13.6461,low_inlier
1598,55.3765,1.0776,-23.6827,2.9826,0.6160,717,0.3150,1.0000,0.262350,-10.4717,3.0521,low_inlier
1599,55.4098,2.4507,3.7134,2.4507,3.7134,569,0.1800,1.0000,0.262350,-8.0954,-2.9011,low_inlier
1600,55.4430,5.8544,6.6282,3.4036,2.9148,599,0.0847,1.0000,0.262350,-11.5991,-0.2473,low_inlier
1601,55.4766,10.8808,11.9543,5.0265,5.3261,476,0.1600,1.0000,0.262350,-16.9672,-2.0879,low_inlier
1602,55.5100,2.3942,5.3865,2.3942,5.3865,463,0.0922,1.0000,0.262350,-7.6295,-5.8004,low_inlier
1603,55.5430,3.6906,8.4082,1.2965,3.0217,691,0.0616,1.0000,0.262350,-4.1148,-3.3178,low_inlier
1604,55.5772,6.2693,9.4236,2.5787,1.0154,566,0.0738,1.0000,0.262350,-8.9771,1.8246,low_inlier
1605,55.6100,2.1153,1.5206,2.1153,1.5206,438,0.0700,1.0000,0.262350,-7.2549,0.3371,low_inlier
1606,55.6431,4.9604,4.6493,2.8450,3.1288,524,0.0375,1.0000,0.262350,-9.5855,-1.3743,low_inlier
1607,55.6763,7.2709,3.8839,2.3105,-0.7654,502,0.0441,1.0000,0.262350,-8.3094,4.4600,low_inlier
1608,55.7096,-4.0222,-2.0729,-4.0222,-2.0729,468,0.0227,1.0000,0.262350,13.9247,-2.0211,low_inlier
1609,55.7435,-7.6083,-3.0001,-3.5861,-0.9273,237,0.0344,1.0000,0.262350,12.5610,-3.3549,low_inlier
1610,55.7773,-11.9477,-4.9170,-4.3394,-1.9168,372,0.0290,1.0000,0.262350,15.0734,-2.7193,low_inlier
1611,55.8099,-2.0318,-0.4984,-2.0318,-0.4984,315,0.0265,1.0000,0.262350,7.1209,-1.9463,low_inlier
1612,55.8430,-3.4328,2.0648,-1.4010,2.5632,228,0.0267,1.0000,0.262350,5.3716,-6.2444,low_inlier
1613,55.8763,-3.9226,3.8104,-0.4898,1.7456,748,0.0163,1.0000,0.262350,2.0128,-3.6159,low_inlier
1614,55.9096,1.6148,2.2276,1.6148,2.2276,663,0.0201,1.0000,0.262350,-5.3691,-1.5418,low_inlier
1615,55.9429,2.4926,4.9729,0.8777,2.7453,439,0.0289,1.0000,0.262350,-2.6747,-3.4260,low_inlier
1616,55.9763,4.5454,5.5286,2.0528,0.5557,721,0.0025,1.0000,0.262350,-7.1865,1.8785,low_inlier
1617,56.0098,8.8094,13.1577,4.2640,7.6291,242,0.0013,1.0000,0.262350,-13.8999,-7.0178,low_inlier
1618,56.0428,13.1479,5.2704,13.1479,5.2704,687,0.0000,1.0000,0.262350,-45.7562,9.1456,low_inlier
1619,56.0762,25.4126,9.2067,12.2647,3.9363,741,0.0013,1.0000,0.262350,-42.8381,10.1842,low_inlier
1620,56.1100,26.9975,8.4331,1.5849,-0.7736,385,0.0039,1.0000,0.262350,-5.7394,3.4787,low_inlier
1621,56.1632,-1.2727,7.9021,-1.2727,7.9021,279,0.0052,1.0000,0.262350,5.7642,-15.0725,low_inlier
1622,56.1902,5.2765,7.0756,6.5492,-0.8265,616,0.0058,1.0000,0.262350,-23.3397,10.3769,low_inlier
1623,56.2172,8.1176,5.6261,2.8412,-1.4495,162,0.0031,1.0000,0.262350,-10.2984,6.3417,low_inlier
1624,56.2447,14.4075,13.3356,6.2899,7.7095,323,0.0000,1.0000,0.262350,-21.0662,-4.3746,low_inlier
1625,56.2763,-1.6327,-2.9925,-1.6327,-2.9925,119,0.0000,1.0000,0.262350,5.3111,2.8072,low_inlier
1626,56.3095,-0.7251,-0.5234,0.9076,2.4690,607,0.0031,1.0000,0.262350,-2.8246,-2.9191,low_inlier
1627,56.3430,4.3160,12.4650,4.3160,12.4650,359,0.0483,1.0000,0.262350,-13.3168,-15.1021,low_inlier
1628,56.3760,4.2226,12.0648,-0.0934,-0.4002,520,0.0114,1.0000,0.262350,0.2676,0.5468,low_inlier
1629,56.4094,4.0781,12.1138,-0.1445,0.0490,616,0.0236,1.0000,0.262350,0.5198,-0.2808,low_inlier
1630,56.4428,3.5550,11.5502,-0.5231,-0.5635,519,0.0140,1.0000,0.262350,1.7644,0.2329,low_inlier
1631,56.4759,3.1183,11.2696,-0.4367,-0.2806,497,0.0152,1.0000,0.262350,1.5030,-0.1257,low_inlier
1632,56.5094,1.4795,9.5480,-1.6388,-1.7216,523,0.0038,1.0000,0.262350,5.5343,0.6557,low_inlier
1633,56.5428,-0.3758,0.8795,-0.3758,0.8795,473,0.0039,1.0000,0.262350,1.4712,-1.9987,low_inlier
1634,56.5760,-3.1360,-1.5568,-2.7602,-2.4363,332,0.0027,1.0000,0.262350,9.3949,0.3227,low_inlier
1635,56.6099,-6.7929,-8.9937,-3.6569,-7.4370,423,0.0028,1.0000,0.262350,11.7788,7.5265,low_inlier
1636,56.6431,-10.9698,-13.6210,-4.1769,-4.6273,378,0.0000,1.0000,0.262350,14.0674,2.0747,low_inlier
1637,56.6765,-23.2321,29.4248,-23.2321,29.4248,371,0.0000,1.0000,0.262350,86.9980,-81.4907,low_inlier
1638,56.7097,-46.0410,26.5472,-22.8089,-2.8775,174,0.0000,1.0000,0.262350,80.3719,-26.4325,low_inlier
1639,56.7434,-48.3020,28.2200,-2.2609,1.6728,258,0.0038,1.0000,0.262350,8.2776,-5.9223,low_inlier
1640,56.7772,-1.3468,-5.1217,-1.3468,-5.1217,112,0.0025,1.0000,0.262350,3.9598,6.7905,low_inlier
1641,56.8102,0.0924,0.9450,1.4392,6.0668,574,0.0054,1.0000,0.262350,-4.1374,-8.2575,low_inlier
1642,56.8429,2.7666,8.6779,2.6742,7.7329,277,0.0062,1.0000,0.262350,-8.2494,-9.3734,low_inlier
1643,56.8764,-29.8774,-26.2225,-29.8774,-26.2225,215,0.0014,1.0000,0.262350,101.7160,3.2432,low_inlier
1644,56.9096,-56.1780,-53.0446,-26.3006,-26.8221,113,0.0173,1.0000,0.262350,88.9460,9.1603,low_inlier
1645,56.9435,-81.4361,-76.7538,-25.2581,-23.7093,446,0.0000,1.0000,0.262350,85.7454,5.3406,low_inlier
1646,56.9759,-22.9745,-27.9806,-22.9745,-27.9806,103,0.0000,1.0000,0.262350,76.9750,15.6765,low_inlier
1647,57.0093,-41.2257,-43.6458,-18.2512,-15.6652,296,0.0018,1.0000,0.262350,62.1915,1.3852,low_inlier
1648,57.0427,-55.7754,-59.3047,-14.5497,-15.6589,194,0.0057,1.0000,0.262350,49.0754,6.4517,low_inlier
1649,57.0760,-64.4900,-79.7287,-8.7146,-20.4240,163,0.0018,1.0000,0.262350,27.6412,22.4917,low_inlier
1650,57.1094,-11.8976,-25.6179,-11.8976,-25.6179,188,0.0075,1.0000,0.262350,38.0964,26.8853,low_inlier
1651,57.1621,0.4694,-7.4621,0.4694,-7.4621,329,0.0226,1.0000,0.262350,-2.8477,13.2287,low_inlier
1652,57.1901,0.8961,-13.3151,0.4266,-5.8530,319,0.0178,1.0000,0.262350,-2.4407,10.4561,low_inlier
1653,57.2183,1.3770,-13.5795,0.4809,-0.2644,333,0.0241,1.0000,0.262350,-1.7462,1.1056,low_inlier
1654,57.2463,3.5327,-10.4904,2.1557,3.0891,287,0.0201,1.0000,0.262350,-7.1492,-2.2528,low_inlier
1655,57.2759,5.4510,-7.3261,1.9183,3.1643,302,0.0229,1.0000,0.262350,-6.2956,-2.7055,low_inlier
1656,57.3090,4.6445,-5.2203,-0.8064,2.1057,300,0.0125,1.0000,0.262350,3.1920,-4.6574,low_inlier
1657,57.3426,-4.5579,-5.5059,-4.5579,-5.5059,754,0.0112,1.0000,0.262350,15.2784,3.0338,low_inlier
1658,57.3759,-5.7463,-2.8377,-1.1884,2.6682,633,0.0642,1.0000,0.262350,4.6346,-6.1298,low_inlier
1659,57.4090,-7.3166,-0.0762,-1.5703,2.7616,589,0.0375,1.0000,0.262350,6.0031,-6.8112,low_inlier
1660,57.4428,-3.1870,0.9513,-3.1870,0.9513,785,0.0438,1.0000,0.262350,11.4447,-5.9757,low_inlier
1661,57.4758,-3.6518,1.8414,-0.4648,0.8901,576,0.0917,1.0000,0.262350,1.7884,-2.1386,low_inlier
1662,57.5090,-3.8476,6.3712,-0.1958,4.5298,643,0.0488,1.0000,0.262350,1.4128,-7.9081,low_inlier
1663,57.5424,-2.6854,3.4299,-2.6854,3.4299,353,0.0578,1.0000,0.262350,10.0606,-9.4679,low_inlier
1664,57.5758,-6.3182,2.8980,-3.6328,-0.5319,488,0.1156,1.0000,0.262350,12.7891,-4.0858,low_inlier
1665,57.6088,-10.9582,1.0690,-4.6401,-1.8290,501,0.1269,1.0000,0.262350,16.1530,-3.2799,low_inlier
1666,57.6424,-13.5348,-9.3623,-2.5765,-10.4313,584,0.0515,1.0000,0.262350,7.4751,14.0583,low_inlier
1667,57.6755,-14.2147,-22.1947,-0.6799,-12.8324,757,0.0038,1.0000,0.262350,0.3730,20.7091,low_inlier
1668,57.7096,-15.3689,-33.2029,-1.1542,-11.0082,760,0.0116,1.0000,0.262350,2.3433,16.9821,low_inlier
1669,57.7437,-17.9183,-47.8905,-2.5495,-14.6876,762,0.0176,1.0000,0.262350,6.7038,21.2736,low_inlier
1670,57.7759,-22.5249,-59.1720,-4.6066,-11.2815,406,0.0604,1.0000,0.262350,14.5342,12.7076,low_inlier
1671,57.8100,-24.4914,-58.1960,-1.9665,0.9760,444,0.0803,1.0000,0.262350,7.1235,-4.3433,low_inlier
1672,57.8427,-24.4194,-58.1236,0.0720,0.0724,582,0.5357,1.0000,0.262350,-0.2435,-0.0234,
1673,57.8759,-24.7631,-57.0715,-0.3437,1.0521,700,0.3100,1.0000,0.262350,1.3848,-2.2457,low_inlier
1674,57.9090,2.4111,8.2948,2.4111,8.2948,330,0.1394,1.0000,0.262350,-7.2278,-10.6820,low_inlier
1675,57.9424,7.3687,15.2156,4.9576,6.9209,477,0.1776,1.0000,0.262350,-16.4702,-4.8719,low_inlier
1676,57.9758,10.8682,17.9749,3.4995,2.7593,419,0.3789,1.0000,0.262350,-11.9634,0.1465,low_inlier
1677,58.0090,14.0886,20.9497,3.2204,2.9747,594,0.5400,1.0000,0.262350,-10.9401,-0.5997,
1678,58.0422,18.0750,24.4224,3.9864,3.4728,573,0.2637,1.0000,0.262350,-13.5758,-0.3889,low_inlier
1679,58.0755,20.4961,28.3307,2.4211,3.9082,506,0.2224,1.0000,0.262350,-7.9596,-3.2703,low_inlier
1680,58.1089,22.4423,34.7983,1.9462,6.4676,579,0.3912,1.0000,0.262350,-5.8703,-8.2381,low_inlier
1681,58.1605,25.0356,42.1837,2.5933,7.3854,799,0.1790,1.0000,0.262350,-8.0181,-8.8983,low_inlier
1682,58.1875,26.7228,48.3148,1.6871,6.1312,447,0.5113,1.0000,0.262350,-5.0057,-8.0260,
1683,58.2153,26.7900,52.0483,0.0673,3.7334,630,0.4429,1.0000,0.262350,0.3540,-6.2041,low_inlier
1684,58.2433,27.3390,54.0868,0.5490,2.0385,451,0.3550,1.0000,0.262350,-1.6219,-2.6849,low_inlier
1685,58.2759,28.1721,57.1821,0.8331,3.0954,432,0.4756,1.0000,0.262350,-2.4611,-4.0776,low_inlier
1686,58.3093,27.3315,62.4108,-0.8406,5.2287,432,0.2816,1.0000,0.262350,3.8087,-9.9712,low_inlier
1687,58.3425,26.8427,68.1721,-0.4888,5.7613,438,0.1679,1.0000,0.262350,2.6464,-10.3868,low_inlier
1688,58.3760,27.1693,73.3440,0.3266,5.1719,455,0.3367,1.0000,0.262350,-0.3367,-8.2744,low_inlier
1689,58.4090,26.8855,77.6823,-0.2838,4.3383,427,0.5063,1.0000,0.262350,1.6942,-7.7058,
1690,58.4425,26.8094,81.6653,-0.0761,3.9830,445,0.3291,1.0000,0.262350,0.9017,-6.8217,low_inlier
1691,58.4754,27.1201,84.2722,0.3107,2.6069,439,0.5113,1.0000,0.262350,-0.6874,-3.9704,
1692,58.5091,26.5337,85.9206,-0.5864,1.6484,419,0.5327,1.0000,0.262350,2.3398,-3.5844,
1693,58.5420,25.0940,86.2374,-1.4397,0.3167,460,0.5817,1.0000,0.262350,5.1521,-2.5089,
