frame,t_s,X_mm,Y_mm,dX_mm,dY_mm,tracked_points,inlier_ratio,roi_visible,mm_per_px,du_px,dv_px,flags
0,0.0848,0.0000,0.0000,0.0000,0.0000,0,0.0000,1.0000,,0.0000,0.0000,no_calib
1,0.1549,0.0000,0.0000,0.0000,0.0000,0,0.0000,1.0000,,0.0000,0.0000,no_calib
2,0.1900,0.0000,0.0000,0.0000,0.0000,0,0.0000,1.0000,,0.0000,0.0000,no_calib
3,0.2214,0.0000,0.0000,0.0000,0.0000,0,0.0000,1.0000,,0.0000,0.0000,no_calib
4,0.2443,0.0000,0.0000,0.0000,0.0000,0,0.0000,1.0000,,0.0000,0.0000,no_calib
5,0.2680,0.0000,0.0000,0.0000,0.0000,0,0.0000,1.0000,,0.0000,0.0000,no_calib
6,0.2917,0.0000,0.0000,0.0000,0.0000,0,0.0000,1.0000,,0.0000,0.0000,no_calib
7,0.3150,0.0000,0.0000,0.0000,0.0000,0,0.0000,1.0000,,0.0000,0.0000,no_calib
8,0.3382,0.0000,0.0000,0.0000,0.0000,0,0.0000,1.0000,,0.0000,0.0000,no_calib
9,0.3617,0.0000,0.0000,0.0000,0.0000,0,0.0000,1.0000,,0.0000,0.0000,no_calib
10,0.3907,0.0000,0.0000,0.0000,0.0000,0,0.0000,1.0000,,0.0000,0.0000,no_calib
11,0.4231,0.0000,0.0000,0.0000,0.0000,0,0.0000,1.0000,,0.0000,0.0000,no_calib
12,0.4571,0.0000,0.0000,0.0000,0.0000,0,0.0000,1.0000,,0.0000,0.0000,no_calib
13,0.4899,0.0000,0.0000,0.0000,0.0000,0,0.0000,1.0000,,0.0000,0.0000,no_calib
14,0.5231,0.0000,0.0000,0.0000,0.0000,0,0.0000,1.0000,,0.0000,0.0000,no_calib
15,0.5571,0.0000,0.0000,0.0000,0.0000,0,0.0000,1.0000,,0.0000,0.0000,no_calib
16,0.5899,0.0000,0.0000,0.0000,0.0000,0,0.0000,1.0000,,0.0000,0.0000,no_calib
17,0.6232,0.0000,0.0000,0.0000,0.0000,0,0.0000,1.0000,,0.0000,0.0000,no_calib
18,0.6578,0.0000,0.0000,0.0000,0.0000,0,0.0000,1.0000,,0.0000,0.0000,no_calib
19,0.6910,0.0000,0.0000,0.0000,0.0000,0,0.0000,1.0000,,0.0000,0.0000,no_calib
20,0.7239,0.0000,0.0000,0.0000,0.0000,0,0.0000,1.0000,,0.0000,0.0000,no_calib
21,0.7571,0.0000,0.0000,0.0000,0.0000,0,0.0000,1.0000,,0.0000,0.0000,no_calib
22,0.7905,0.0000,0.0000,0.0000,0.0000,0,0.0000,1.0000,,0.0000,0.0000,no_calib
23,0.8234,0.0000,0.0000,0.0000,0.0000,0,0.0000,1.0000,,0.0000,0.0000,no_calib
24,0.8569,0.0000,0.0000,0.0000,0.0000,0,0.0000,1.0000,,0.0000,0.0000,no_calib
25,0.8898,0.0000,0.0000,0.0000,0.0000,0,0.0000,1.0000,,0.0000,0.0000,no_calib
26,0.9230,0.0000,0.0000,0.0000,0.0000,0,0.0000,1.0000,,0.0000,0.0000,no_calib
27,0.9570,0.0000,0.0000,0.0000,0.0000,0,0.0000,1.0000,,0.0000,0.0000,no_calib
28,0.9897,0.0000,0.0000,0.0000,0.0000,0,0.0000,1.0000,,0.0000,0.0000,no_calib
29,1.0234,0.0000,0.0000,0.0000,0.0000,0,0.0000,1.0000,,0.0000,0.0000,no_calib
30,1.0568,0.0000,0.0000,0.0000,0.0000,0,0.0000,1.0000,,0.0000,0.0000,no_calib
31,1.1203,0.0000,0.0000,0.0000,0.0000,0,0.0000,1.0000,,0.0000,0.0000,no_calib
32,1.1450,0.0000,0.0000,0.0000,0.0000,0,0.0000,1.0000,,0.0000,0.0000,no_calib
33,1.1699,0.0000,0.0000,0.0000,0.0000,0,0.0000,1.0000,,0.0000,0.0000,no_calib
34,1.1948,0.0000,0.0000,0.0000,0.0000,0,0.0000,1.0000,,0.0000,0.0000,no_calib
35,1.2239,0.0000,0.0000,0.0000,0.0000,0,0.0000,1.0000,,0.0000,0.0000,no_calib
36,1.2569,0.0000,0.0000,0.0000,0.0000,0,0.0000,1.0000,,0.0000,0.0000,no_calib
37,1.2898,0.0000,0.0000,0.0000,0.0000,0,0.0000,1.0000,,0.0000,0.0000,no_calib
38,1.3241,0.0000,0.0000,0.0000,0.0000,0,0.0000,1.0000,,0.0000,0.0000,no_calib
39,1.3572,0.0000,0.0000,0.0000,0.0000,0,0.0000,1.0000,,0.0000,0.0000,no_calib
40,1.3890,0.0000,0.0000,0.0000,0.0000,0,0.0000,1.0000,,0.0000,0.0000,no_calib
41,1.4222,0.0000,0.0000,0.0000,0.0000,0,0.0000,1.0000,,0.0000,0.0000,no_calib
42,1.4568,0.0000,0.0000,0.0000,0.0000,0,0.0000,1.0000,,0.0000,0.0000,no_calib
43,1.4889,0.0000,0.0000,0.0000,0.0000,0,0.0000,1.0000,,0.0000,0.0000,no_calib
44,1.5218,0.0000,0.0000,0.0000,0.0000,0,0.0000,1.0000,,0.0000,0.0000,no_calib
45,1.5549,0.0000,0.0000,0.0000,0.0000,0,0.0000,1.0000,,0.0000,0.0000,no_calib
46,1.5885,0.0000,0.0000,0.0000,0.0000,0,0.0000,1.0000,,0.0000,0.0000,no_calib
47,1.6215,0.0000,0.0000,0.0000,0.0000,0,0.0000,1.0000,,0.0000,0.0000,no_calib
48,1.6547,0.0000,0.0000,0.0000,0.0000,0,0.0000,1.0000,,0.0000,0.0000,no_calib
49,1.6887,0.0000,0.0000,0.0000,0.0000,0,0.0000,1.0000,,0.0000,0.0000,no_calib
50,1.7216,0.0000,0.0000,0.0000,0.0000,0,0.0000,1.0000,,0.0000,0.0000,no_calib
51,1.7552,0.0000,0.0000,0.0000,0.0000,0,0.0000,1.0000,,0.0000,0.0000,no_calib
52,1.7888,0.0000,0.0000,0.0000,0.0000,0,0.0000,1.0000,,0.0000,0.0000,no_calib
53,1.8217,0.0000,0.0000,0.0000,0.0000,0,0.0000,1.0000,,0.0000,0.0000,no_calib
54,1.8544,0.0000,0.0000,0.0000,0.0000,0,0.0000,1.0000,,0.0000,0.0000,no_calib
55,1.8877,0.0000,0.0000,0.0000,0.0000,0,0.0000,1.0000,,0.0000,0.0000,no_calib
56,1.9209,0.0000,0.0000,0.0000,0.0000,0,0.0000,1.0000,,0.0000,0.0000,no_calib
57,1.9540,0.0000,0.0000,0.0000,0.0000,0,0.0000,1.0000,,0.0000,0.0000,no_calib
58,1.9877,0.0000,0.0000,0.0000,0.0000,0,0.0000,1.0000,,0.0000,0.0000,no_calib
59,2.0207,0.0000,0.0000,0.0000,0.0000,0,0.0000,1.0000,,0.0000,0.0000,no_calib
60,2.0542,0.0000,0.0000,0.0000,0.0000,0,0.0000,1.0000,,0.0000,0.0000,no_calib
61,2.1103,0.0000,0.0000,0.0000,0.0000,0,0.0000,1.0000,,0.0000,0.0000,no_calib
62,2.1355,0.0000,0.0000,0.0000,0.0000,0,0.0000,1.0000,,0.0000,0.0000,no_calib
63,2.1598,0.0000,0.0000,0.0000,0.0000,0,0.0000,1.0000,,0.0000,0.0000,no_calib
64,2.1898,0.0000,0.0000,0.0000,0.0000,0,0.0000,1.0000,,0.0000,0.0000,no_calib
65,2.2230,0.0000,0.0000,0.0000,0.0000,0,0.0000,1.0000,,0.0000,0.0000,no_calib
66,2.2561,0.0000,0.0000,0.0000,0.0000,0,0.0000,1.0000,,0.0000,0.0000,no_calib
67,2.2892,0.0000,0.0000,0.0000,0.0000,0,0.0000,1.0000,,0.0000,0.0000,no_calib
68,2.3233,0.0000,0.0000,0.0000,0.0000,0,0.0000,1.0000,,0.0000,0.0000,no_calib
69,2.3561,0.0000,0.0000,0.0000,0.0000,0,0.0000,1.0000,,0.0000,0.0000,no_calib
70,2.3890,0.0000,0.0000,0.0000,0.0000,0,0.0000,1.0000,,0.0000,0.0000,no_calib
71,2.4232,0.0000,0.0000,0.0000,0.0000,0,0.0000,1.0000,,0.0000,0.0000,no_calib
72,2.4558,0.0000,0.0000,0.0000,0.0000,0,0.0000,1.0000,,0.0000,0.0000,no_calib
73,2.4898,0.0000,0.0000,0.0000,0.0000,0,0.0000,1.0000,,0.0000,0.0000,no_calib
74,2.5231,0.0000,0.0000,0.0000,0.0000,0,0.0000,1.0000,,0.0000,0.0000,no_calib
75,2.5557,0.0000,0.0000,0.0000,0.0000,0,0.0000,1.0000,,0.0000,0.0000,no_calib
76,2.5889,0.0000,0.0000,0.0000,0.0000,0,0.0000,1.0000,,0.0000,0.0000,no_calib
77,2.6226,0.0000,0.0000,0.0000,0.0000,0,0.0000,1.0000,,0.0000,0.0000,no_calib
78,2.6556,0.0000,0.0000,0.0000,0.0000,0,0.0000,1.0000,,0.0000,0.0000,no_calib
79,2.6898,0.0000,0.0000,0.0000,0.0000,0,0.0000,1.0000,,0.0000,0.0000,no_calib
80,2.7228,0.0000,0.0000,0.0000,0.0000,0,0.0000,1.0000,,0.0000,0.0000,no_calib
81,2.7562,0.0000,0.0000,0.0000,0.0000,0,0.0000,1.0000,,0.0000,0.0000,no_calib
82,2.7899,0.0000,0.0000,0.0000,0.0000,0,0.0000,1.0000,,0.0000,0.0000,no_calib
83,2.8228,0.0000,0.0000,0.0000,0.0000,0,0.0000,1.0000,,0.0000,0.0000,no_calib
84,2.8558,0.0000,0.0000,0.0000,0.0000,0,0.0000,1.0000,,0.0000,0.0000,no_calib
85,2.8890,0.0000,0.0000,0.0000,0.0000,0,0.0000,1.0000,,0.0000,0.0000,no_calib
86,2.9228,0.0000,0.0000,0.0000,0.0000,0,0.0000,1.0000,,0.0000,0.0000,no_calib
87,2.9559,0.0000,0.0000,0.0000,0.0000,0,0.0000,1.0000,,0.0000,0.0000,no_calib
88,2.9888,0.0000,0.0000,0.0000,0.0000,0,0.0000,1.0000,,0.0000,0.0000,no_calib
89,3.0227,0.0000,0.0000,0.0000,0.0000,0,0.0000,1.0000,,0.0000,0.0000,no_calib
90,3.0560,0.0000,0.0000,0.0000,0.0000,0,0.0000,1.0000,,0.0000,0.0000,no_calib
91,3.1116,0.0000,0.0000,0.0000,0.0000,0,0.0000,1.0000,,0.0000,0.0000,no_calib
92,3.1372,0.0000,0.0000,0.0000,0.0000,0,0.0000,1.0000,,0.0000,0.0000,no_calib
93,3.1619,0.0000,0.0000,0.0000,0.0000,0,0.0000,1.0000,,0.0000,0.0000,no_calib
94,3.1888,0.0000,0.0000,0.0000,0.0000,0,0.0000,1.0000,,0.0000,0.0000,no_calib
95,3.2226,0.0000,0.0000,0.0000,0.0000,0,0.0000,1.0000,,0.0000,0.0000,no_calib
96,3.2560,0.0000,0.0000,0.0000,0.0000,0,0.0000,1.0000,,0.0000,0.0000,no_calib
97,3.2895,0.0000,0.0000,0.0000,0.0000,0,0.0000,1.0000,,0.0000,0.0000,no_calib
98,3.3227,0.0000,0.0000,0.0000,0.0000,0,0.0000,1.0000,,0.0000,0.0000,no_calib
99,3.3562,0.0000,0.0000,0.0000,0.0000,0,0.0000,1.0000,,0.0000,0.0000,no_calib
100,3.3895,0.0000,0.0000,0.0000,0.0000,0,0.0000,1.0000,,0.0000,0.0000,no_calib
101,3.4224,0.0000,0.0000,0.0000,0.0000,0,0.0000,1.0000,,0.0000,0.0000,no_calib
102,3.4569,0.0000,0.0000,0.0000,0.0000,0,0.0000,1.0000,,0.0000,0.0000,no_calib
103,3.4886,0.0000,0.0000,0.0000,0.0000,0,0.0000,1.0000,,0.0000,0.0000,no_calib
104,3.5226,0.0000,0.0000,0.0000,0.0000,0,0.0000,1.0000,,0.0000,0.0000,no_calib
105,3.5561,0.0000,0.0000,0.0000,0.0000,0,0.0000,1.0000,,0.0000,0.0000,no_calib
106,3.5885,0.0000,0.0000,0.0000,0.0000,0,0.0000,1.0000,,0.0000,0.0000,no_calib
107,3.6222,0.0000,0.0000,0.0000,0.0000,0,0.0000,1.0000,,0.0000,0.0000,no_calib
108,3.6557,0.0000,0.0000,0.0000,0.0000,0,0.0000,1.0000,,0.0000,0.0000,no_calib
109,3.6899,0.0000,0.0000,0.0000,0.0000,0,0.0000,1.0000,,0.0000,0.0000,no_calib
110,3.7218,0.0000,0.0000,0.0000,0.0000,0,0.0000,1.0000,,0.0000,0.0000,no_calib
111,3.7557,0.0000,0.0000,0.0000,0.0000,0,0.0000,1.0000,,0.0000,0.0000,no_calib
112,3.7888,0.0000,0.0000,0.0000,0.0000,0,0.0000,1.0000,,0.0000,0.0000,no_calib
113,3.8220,0.0000,0.0000,0.0000,0.0000,0,0.0000,1.0000,,0.0000,0.0000,no_calib
114,3.8559,0.0000,0.0000,0.0000,0.0000,0,0.0000,1.0000,,0.0000,0.0000,no_calib
115,3.8891,0.0000,0.0000,0.0000,0.0000,0,0.0000,1.0000,,0.0000,0.0000,no_calib
116,3.9227,0.0000,0.0000,0.0000,0.0000,0,0.0000,1.0000,,0.0000,0.0000,no_calib
117,3.9558,0.0000,0.0000,0.0000,0.0000,0,0.0000,1.0000,,0.0000,0.0000,no_calib
118,3.9890,0.0000,0.0000,0.0000,0.0000,0,0.0000,1.0000,,0.0000,0.0000,no_calib
119,4.0219,0.0000,0.0000,0.0000,0.0000,0,0.0000,1.0000,,0.0000,0.0000,no_calib
120,4.0558,0.0000,0.0000,0.0000,0.0000,0,0.0000,1.0000,,0.0000,0.0000,no_calib
121,4.1116,0.0000,0.0000,0.0000,0.0000,0,0.0000,1.0000,,0.0000,0.0000,no_calib
122,4.1358,0.0000,0.0000,0.0000,0.0000,0,0.0000,1.0000,,0.0000,0.0000,no_calib
123,4.1605,0.0000,0.0000,0.0000,0.0000,0,0.0000,1.0000,,0.0000,0.0000,no_calib
124,4.1893,0.0000,0.0000,0.0000,0.0000,0,0.0000,1.0000,,0.0000,0.0000,no_calib
125,4.2219,0.0000,0.0000,0.0000,0.0000,0,0.0000,1.0000,,0.0000,0.0000,no_calib
126,4.2565,0.0000,0.0000,0.0000,0.0000,0,0.0000,1.0000,,0.0000,0.0000,no_calib
127,4.2979,0.0000,0.0000,0.0000,0.0000,0,0.0000,1.0000,,0.0000,0.0000,no_calib
128,4.3220,0.0000,0.0000,0.0000,0.0000,0,0.0000,1.0000,,0.0000,0.0000,no_calib
129,4.3554,0.0000,0.0000,0.0000,0.0000,0,0.0000,1.0000,,0.0000,0.0000,no_calib
130,4.3891,0.0000,0.0000,0.0000,0.0000,0,0.0000,1.0000,,0.0000,0.0000,no_calib
131,4.4222,0.0000,0.0000,0.0000,0.0000,0,0.0000,1.0000,,0.0000,0.0000,no_calib
132,4.4561,0.0000,0.0000,0.0000,0.0000,0,0.0000,1.0000,,0.0000,0.0000,no_calib
133,4.4891,0.0000,0.0000,0.0000,0.0000,0,0.0000,1.0000,,0.0000,0.0000,no_calib
134,4.5222,0.0000,0.0000,0.0000,0.0000,0,0.0000,1.0000,,0.0000,0.0000,no_calib
135,4.5556,0.0000,0.0000,0.0000,0.0000,0,0.0000,1.0000,,0.0000,0.0000,no_calib
136,4.5894,0.0000,0.0000,0.0000,0.0000,0,0.0000,1.0000,,0.0000,0.0000,no_calib
137,4.6220,0.0000,0.0000,0.0000,0.0000,0,0.0000,1.0000,,0.0000,0.0000,no_calib
138,4.6555,0.0000,0.0000,0.0000,0.0000,0,0.0000,1.0000,,0.0000,0.0000,no_calib
139,4.6906,0.0000,0.0000,0.0000,0.0000,0,0.0000,1.0000,,0.0000,0.0000,no_calib
140,4.7222,0.0000,0.0000,0.0000,0.0000,0,0.0000,1.0000,,0.0000,0.0000,no_calib
141,4.7561,0.0000,0.0000,0.0000,0.0000,0,0.0000,1.0000,,0.0000,0.0000,no_calib
142,4.7897,0.0000,0.0000,0.0000,0.0000,0,0.0000,1.0000,,0.0000,0.0000,no_calib
143,4.8226,0.0000,0.0000,0.0000,0.0000,0,0.0000,1.0000,,0.0000,0.0000,no_calib
144,4.8550,0.0000,0.0000,0.0000,0.0000,0,0.0000,1.0000,,0.0000,0.0000,no_calib
145,4.8890,0.0000,0.0000,0.0000,0.0000,0,0.0000,1.0000,,0.0000,0.0000,no_calib
146,4.9220,0.0000,0.0000,0.0000,0.0000,0,0.0000,1.0000,,0.0000,0.0000,no_calib
147,4.9552,0.0000,0.0000,0.0000,0.0000,0,0.0000,1.0000,,0.0000,0.0000,no_calib
148,4.9892,0.0000,0.0000,0.0000,0.0000,0,0.0000,1.0000,,0.0000,0.0000,no_calib
149,5.0221,0.0000,0.0000,0.0000,0.0000,0,0.0000,1.0000,,0.0000,0.0000,no_calib
150,5.0552,0.0000,0.0000,0.0000,0.0000,0,0.0000,1.0000,,0.0000,0.0000,no_calib
151,5.1088,0.0000,0.0000,0.0000,0.0000,0,0.0000,1.0000,,0.0000,0.0000,no_calib
152,5.1338,0.0000,0.0000,0.0000,0.0000,0,0.0000,1.0000,,0.0000,0.0000,no_calib
153,5.1589,0.0000,0.0000,0.0000,0.0000,0,0.0000,1.0000,,0.0000,0.0000,no_calib
154,5.1889,0.0000,0.0000,0.0000,0.0000,0,0.0000,1.0000,,0.0000,0.0000,no_calib
155,5.2223,0.0000,0.0000,0.0000,0.0000,0,0.0000,1.0000,,0.0000,0.0000,no_calib
156,5.2559,0.0000,0.0000,0.0000,0.0000,0,0.0000,1.0000,,0.0000,0.0000,no_calib
157,5.2890,0.0000,0.0000,0.0000,0.0000,0,0.0000,1.0000,,0.0000,0.0000,no_calib
158,5.3222,0.0000,0.0000,0.0000,0.0000,0,0.0000,1.0000,,0.0000,0.0000,no_calib
159,5.3549,0.0000,0.0000,0.0000,0.0000,0,0.0000,1.0000,,0.0000,0.0000,no_calib
160,5.3888,0.0000,0.0000,0.0000,0.0000,0,0.0000,1.0000,,0.0000,0.0000,no_calib
161,5.4222,0.0000,0.0000,0.0000,0.0000,0,0.0000,1.0000,,0.0000,0.0000,no_calib
162,5.4549,0.0000,0.0000,0.0000,0.0000,0,0.0000,1.0000,,0.0000,0.0000,no_calib
163,5.4887,0.0000,0.0000,0.0000,0.0000,0,0.0000,1.0000,,0.0000,0.0000,no_calib
164,5.5220,0.0000,0.0000,0.0000,0.0000,0,0.0000,1.0000,,0.0000,0.0000,no_calib
165,5.5548,0.0000,0.0000,0.0000,0.0000,0,0.0000,1.0000,,0.0000,0.0000,no_calib
166,5.5885,0.0000,0.0000,0.0000,0.0000,0,0.0000,1.0000,,0.0000,0.0000,no_calib
167,5.6220,0.0000,0.0000,0.0000,0.0000,0,0.0000,1.0000,,0.0000,0.0000,no_calib
168,5.6550,0.0000,0.0000,0.0000,0.0000,0,0.0000,1.0000,,0.0000,0.0000,no_calib
169,5.6894,0.0000,0.0000,0.0000,0.0000,0,0.0000,1.0000,,0.0000,0.0000,no_calib
170,5.7220,0.0000,0.0000,0.0000,0.0000,0,0.0000,1.0000,,0.0000,0.0000,no_calib
171,5.7552,0.0000,0.0000,0.0000,0.0000,0,0.0000,1.0000,,0.0000,0.0000,no_calib
172,5.7880,0.0000,0.0000,0.0000,0.0000,0,0.0000,1.0000,,0.0000,0.0000,no_calib
173,5.8225,0.0000,0.0000,0.0000,0.0000,0,0.0000,1.0000,,0.0000,0.0000,no_calib
174,5.8559,0.0000,0.0000,0.0000,0.0000,0,0.0000,1.0000,,0.0000,0.0000,no_calib
175,5.8892,0.0000,0.0000,0.0000,0.0000,0,0.0000,1.0000,,0.0000,0.0000,no_calib
176,5.9218,0.0000,0.0000,0.0000,0.0000,0,0.0000,1.0000,,0.0000,0.0000,no_calib
177,5.9557,0.0000,0.0000,0.0000,0.0000,0,0.0000,1.0000,,0.0000,0.0000,no_calib
178,5.9889,0.0000,0.0000,0.0000,0.0000,0,0.0000,1.0000,,0.0000,0.0000,no_calib
179,6.0222,0.0000,0.0000,0.0000,0.0000,0,0.0000,1.0000,,0.0000,0.0000,no_calib
180,6.0560,0.0000,0.0000,0.0000,0.0000,0,0.0000,1.0000,,0.0000,0.0000,no_calib
181,6.1053,0.0000,0.0000,0.0000,0.0000,0,0.0000,1.0000,,0.0000,0.0000,no_calib
182,6.1299,0.0000,0.0000,0.0000,0.0000,0,0.0000,1.0000,,0.0000,0.0000,no_calib
183,6.1545,0.0000,0.0000,0.0000,0.0000,0,0.0000,1.0000,,0.0000,0.0000,no_calib
184,6.1871,0.0000,0.0000,0.0000,0.0000,0,0.0000,1.0000,,0.0000,0.0000,no_calib
185,6.2201,0.0000,0.0000,0.0000,0.0000,0,0.0000,1.0000,,0.0000,0.0000,no_calib
186,6.2533,0.0000,0.0000,0.0000,0.0000,0,0.0000,1.0000,,0.0000,0.0000,no_calib
187,6.2869,0.0000,0.0000,0.0000,0.0000,0,0.0000,1.0000,,0.0000,0.0000,no_calib
188,6.3197,0.0000,0.0000,0.0000,0.0000,0,0.0000,1.0000,,0.0000,0.0000,no_calib
189,6.3528,0.0000,0.0000,0.0000,0.0000,0,0.0000,1.0000,,0.0000,0.0000,no_calib
190,6.3861,0.0000,0.0000,0.0000,0.0000,0,0.0000,1.0000,,0.0000,0.0000,no_calib
191,6.4196,0.0000,0.0000,0.0000,0.0000,0,0.0000,1.0000,,0.0000,0.0000,no_calib
192,6.4533,0.0000,0.0000,0.0000,0.0000,0,0.0000,1.0000,,0.0000,0.0000,no_calib
193,6.4871,0.0000,0.0000,0.0000,0.0000,0,0.0000,1.0000,,0.0000,0.0000,no_calib
194,6.5216,0.0000,0.0000,0.0000,0.0000,0,0.0000,1.0000,,0.0000,0.0000,no_calib
195,6.5551,0.0000,0.0000,0.0000,0.0000,0,0.0000,1.0000,,0.0000,0.0000,no_calib
196,6.5879,0.0000,0.0000,0.0000,0.0000,0,0.0000,1.0000,,0.0000,0.0000,no_calib
197,6.6219,0.0000,0.0000,0.0000,0.0000,0,0.0000,1.0000,,0.0000,0.0000,no_calib
198,6.6550,0.0000,0.0000,0.0000,0.0000,0,0.0000,1.0000,,0.0000,0.0000,no_calib
199,6.6894,0.0000,0.0000,0.0000,0.0000,0,0.0000,1.0000,,0.0000,0.0000,no_calib
200,6.7219,0.0000,0.0000,0.0000,0.0000,0,0.0000,1.0000,,0.0000,0.0000,no_calib
201,6.7549,0.0000,0.0000,0.0000,0.0000,0,0.0000,1.0000,,0.0000,0.0000,no_calib
202,6.7886,0.0000,0.0000,0.0000,0.0000,0,0.0000,1.0000,,0.0000,0.0000,no_calib
203,6.8217,0.0000,0.0000,0.0000,0.0000,0,0.0000,1.0000,,0.0000,0.0000,no_calib
204,6.8549,0.0000,0.0000,0.0000,0.0000,0,0.0000,1.0000,,0.0000,0.0000,no_calib
205,6.8878,0.0000,0.0000,0.0000,0.0000,0,0.0000,1.0000,,0.0000,0.0000,no_calib
206,6.9215,0.0000,0.0000,0.0000,0.0000,0,0.0000,1.0000,,0.0000,0.0000,no_calib
207,6.9548,0.0000,0.0000,0.0000,0.0000,0,0.0000,1.0000,,0.0000,0.0000,no_calib
208,6.9881,0.0000,0.0000,0.0000,0.0000,0,0.0000,1.0000,,0.0000,0.0000,no_calib
209,7.0212,0.0000,0.0000,0.0000,0.0000,0,0.0000,1.0000,,0.0000,0.0000,no_calib
210,7.0551,0.0000,0.0000,0.0000,0.0000,0,0.0000,1.0000,,0.0000,0.0000,no_calib
211,7.1042,0.0000,0.0000,0.0000,0.0000,0,0.0000,1.0000,,0.0000,0.0000,no_calib
212,7.1293,0.0000,0.0000,0.0000,0.0000,0,0.0000,1.0000,,0.0000,0.0000,no_calib
213,7.1558,0.0000,0.0000,0.0000,0.0000,0,0.0000,1.0000,,0.0000,0.0000,no_calib
214,7.1880,0.0000,0.0000,0.0000,0.0000,0,0.0000,1.0000,,0.0000,0.0000,no_calib
215,7.2212,0.0000,0.0000,0.0000,0.0000,0,0.0000,1.0000,,0.0000,0.0000,no_calib
216,7.2552,0.0000,0.0000,0.0000,0.0000,0,0.0000,1.0000,,0.0000,0.0000,no_calib
217,7.2884,0.0000,0.0000,0.0000,0.0000,0,0.0000,1.0000,,0.0000,0.0000,no_calib
218,7.3209,0.0000,0.0000,0.0000,0.0000,0,0.0000,1.0000,,0.0000,0.0000,no_calib
219,7.3549,0.0000,0.0000,0.0000,0.0000,0,0.0000,1.0000,,0.0000,0.0000,no_calib
220,7.3882,0.0000,0.0000,0.0000,0.0000,0,0.0000,1.0000,,0.0000,0.0000,no_calib
221,7.4210,0.0000,0.0000,0.0000,0.0000,0,0.0000,1.0000,,0.0000,0.0000,no_calib
222,7.4549,0.0000,0.0000,0.0000,0.0000,0,0.0000,1.0000,,0.0000,0.0000,no_calib
223,7.4886,0.0000,0.0000,0.0000,0.0000,0,0.0000,1.0000,,0.0000,0.0000,no_calib
224,7.5210,0.0000,0.0000,0.0000,0.0000,0,0.0000,1.0000,,0.0000,0.0000,no_calib
225,7.5548,0.0000,0.0000,0.0000,0.0000,0,0.0000,1.0000,,0.0000,0.0000,no_calib
226,9.7265,0.0000,0.0000,0.0000,0.0000,0,0.0000,1.0000,,0.0000,0.0000,no_calib
227,9.7524,0.0000,0.0000,0.0000,0.0000,0,0.0000,1.0000,,0.0000,0.0000,no_calib
228,9.7779,0.0000,0.0000,0.0000,0.0000,0,0.0000,1.0000,,0.0000,0.0000,no_calib
229,9.8041,0.0000,0.0000,0.0000,0.0000,0,0.0000,1.0000,,0.0000,0.0000,no_calib
230,9.8291,0.0000,0.0000,0.0000,0.0000,0,0.0000,1.0000,,0.0000,0.0000,no_calib
231,9.8539,0.0000,0.0000,0.0000,0.0000,0,0.0000,1.0000,,0.0000,0.0000,no_calib
232,9.8791,0.0000,0.0000,0.0000,0.0000,0,0.0000,1.0000,,0.0000,0.0000,no_calib
233,9.9040,0.0000,0.0000,0.0000,0.0000,0,0.0000,1.0000,,0.0000,0.0000,no_calib
234,9.9287,0.0000,0.0000,0.0000,0.0000,0,0.0000,1.0000,,0.0000,0.0000,no_calib
235,9.9534,0.0000,0.0000,0.0000,0.0000,0,0.0000,1.0000,,0.0000,0.0000,no_calib
236,9.9785,0.0000,0.0000,0.0000,0.0000,0,0.0000,1.0000,,0.0000,0.0000,no_calib
237,10.0034,0.0000,0.0000,0.0000,0.0000,0,0.0000,1.0000,,0.0000,0.0000,no_calib
238,10.0287,0.0000,0.0000,0.0000,0.0000,0,0.0000,1.0000,,0.0000,0.0000,no_calib
239,10.0533,0.0000,0.0000,0.0000,0.0000,0,0.0000,1.0000,,0.0000,0.0000,no_calib
240,10.0781,0.0000,0.0000,0.0000,0.0000,0,0.0000,1.0000,,0.0000,0.0000,no_calib
241,10.1325,0.0000,0.0000,0.0000,0.0000,0,0.0000,1.0000,,0.0000,0.0000,no_calib
242,10.1577,0.0000,0.0000,0.0000,0.0000,0,0.0000,1.0000,,0.0000,0.0000,no_calib
243,10.1825,0.0000,0.0000,0.0000,0.0000,0,0.0000,1.0000,,0.0000,0.0000,no_calib
244,10.2075,0.0000,0.0000,0.0000,0.0000,0,0.0000,1.0000,,0.0000,0.0000,no_calib
245,10.2324,0.0000,0.0000,0.0000,0.0000,0,0.0000,1.0000,,0.0000,0.0000,no_calib
246,10.2573,0.0000,0.0000,0.0000,0.0000,0,0.0000,1.0000,,0.0000,0.0000,no_calib
247,10.2820,0.0000,0.0000,0.0000,0.0000,0,0.0000,1.0000,,0.0000,0.0000,no_calib
248,10.3068,0.0000,0.0000,0.0000,0.0000,0,0.0000,1.0000,,0.0000,0.0000,no_calib
249,10.3321,0.0000,0.0000,0.0000,0.0000,0,0.0000,1.0000,,0.0000,0.0000,no_calib
250,10.3573,0.0000,0.0000,0.0000,0.0000,0,0.0000,1.0000,,0.0000,0.0000,no_calib
251,10.3822,0.0000,0.0000,0.0000,0.0000,0,0.0000,1.0000,,0.0000,0.0000,no_calib
252,10.4072,0.0000,0.0000,0.0000,0.0000,0,0.0000,1.0000,,0.0000,0.0000,no_calib
253,10.4337,0.0000,0.0000,0.0000,0.0000,0,0.0000,1.0000,,0.0000,0.0000,no_calib
254,10.4591,0.0000,0.0000,0.0000,0.0000,0,0.0000,1.0000,,0.0000,0.0000,no_calib
255,10.4850,0.0000,0.0000,0.0000,0.0000,0,0.0000,1.0000,,0.0000,0.0000,no_calib
256,10.5103,0.0000,0.0000,0.0000,0.0000,0,0.0000,1.0000,,0.0000,0.0000,no_calib
257,10.5354,0.0000,0.0000,0.0000,0.0000,0,0.0000,1.0000,,0.0000,0.0000,no_calib
258,10.5606,0.0000,0.0000,0.0000,0.0000,0,0.0000,1.0000,,0.0000,0.0000,no_calib
259,10.5856,0.0000,0.0000,0.0000,0.0000,0,0.0000,1.0000,,0.0000,0.0000,no_calib
260,10.6105,0.0000,0.0000,0.0000,0.0000,0,0.0000,1.0000,,0.0000,0.0000,no_calib
261,10.6353,0.0000,0.0000,0.0000,0.0000,0,0.0000,1.0000,,0.0000,0.0000,no_calib
262,10.6608,0.0000,0.0000,0.0000,0.0000,0,0.0000,1.0000,,0.0000,0.0000,no_calib
263,10.6860,0.0000,0.0000,0.0000,0.0000,0,0.0000,1.0000,,0.0000,0.0000,no_calib
264,10.7110,0.0000,0.0000,0.0000,0.0000,0,0.0000,1.0000,,0.0000,0.0000,no_calib
265,10.7372,0.0000,0.0000,0.0000,0.0000,0,0.0000,1.0000,,0.0000,0.0000,no_calib
266,10.7628,0.0000,0.0000,0.0000,0.0000,0,0.0000,1.0000,,0.0000,0.0000,no_calib
267,10.7880,0.0000,0.0000,0.0000,0.0000,0,0.0000,1.0000,,0.0000,0.0000,no_calib
268,10.8132,0.0000,0.0000,0.0000,0.0000,0,0.0000,1.0000,,0.0000,0.0000,no_calib
269,10.8384,0.0000,0.0000,0.0000,0.0000,0,0.0000,1.0000,,0.0000,0.0000,no_calib
270,10.8637,0.0000,0.0000,0.0000,0.0000,0,0.0000,1.0000,,0.0000,0.0000,no_calib
271,10.9131,0.0000,0.0000,0.0000,0.0000,0,0.0000,1.0000,,0.0000,0.0000,no_calib
272,10.9383,0.0000,0.0000,0.0000,0.0000,0,0.0000,1.0000,,0.0000,0.0000,no_calib
273,10.9638,0.0000,0.0000,0.0000,0.0000,0,0.0000,1.0000,,0.0000,0.0000,no_calib
274,10.9894,0.0000,0.0000,0.0000,0.0000,0,0.0000,1.0000,,0.0000,0.0000,no_calib
275,11.0148,0.0000,0.0000,0.0000,0.0000,0,0.0000,1.0000,,0.0000,0.0000,no_calib
276,11.0401,0.0000,0.0000,0.0000,0.0000,0,0.0000,1.0000,,0.0000,0.0000,no_calib
277,11.0664,0.0000,0.0000,0.0000,0.0000,0,0.0000,1.0000,,0.0000,0.0000,no_calib
278,11.0926,0.0000,0.0000,0.0000,0.0000,0,0.0000,1.0000,,0.0000,0.0000,no_calib
279,11.1186,0.0000,0.0000,0.0000,0.0000,0,0.0000,1.0000,,0.0000,0.0000,no_calib
280,11.1446,0.0000,0.0000,0.0000,0.0000,0,0.0000,1.0000,,0.0000,0.0000,no_calib
281,11.1706,0.0000,0.0000,0.0000,0.0000,0,0.0000,1.0000,,0.0000,0.0000,no_calib
282,11.1967,0.0000,0.0000,0.0000,0.0000,0,0.0000,1.0000,,0.0000,0.0000,no_calib
283,11.2226,0.0000,0.0000,0.0000,0.0000,0,0.0000,1.0000,,0.0000,0.0000,no_calib
284,11.2485,0.0000,0.0000,0.0000,0.0000,0,0.0000,1.0000,,0.0000,0.0000,no_calib
285,11.2742,0.0000,0.0000,0.0000,0.0000,0,0.0000,1.0000,,0.0000,0.0000,no_calib
286,11.3001,0.0000,0.0000,0.0000,0.0000,0,0.0000,1.0000,,0.0000,0.0000,no_calib
287,11.3258,0.0000,0.0000,0.0000,0.0000,0,0.0000,1.0000,,0.0000,0.0000,no_calib
288,11.3518,0.0000,0.0000,0.0000,0.0000,0,0.0000,1.0000,,0.0000,0.0000,no_calib
289,11.3779,0.0000,0.0000,0.0000,0.0000,0,0.0000,1.0000,,0.0000,0.0000,no_calib
290,11.4040,0.0000,0.0000,0.0000,0.0000,0,0.0000,1.0000,,0.0000,0.0000,no_calib
291,11.4302,0.0000,0.0000,0.0000,0.0000,0,0.0000,1.0000,,0.0000,0.0000,no_calib
292,11.4562,0.0000,0.0000,0.0000,0.0000,0,0.0000,1.0000,,0.0000,0.0000,no_calib
293,11.4820,0.0000,0.0000,0.0000,0.0000,0,0.0000,1.0000,,0.0000,0.0000,no_calib
294,11.5078,0.0000,0.0000,0.0000,0.0000,0,0.0000,1.0000,,0.0000,0.0000,no_calib
295,11.5339,0.0000,0.0000,0.0000,0.0000,0,0.0000,1.0000,,0.0000,0.0000,no_calib
296,11.5600,0.0000,0.0000,0.0000,0.0000,0,0.0000,1.0000,,0.0000,0.0000,no_calib
297,11.5862,0.0000,0.0000,0.0000,0.0000,0,0.0000,1.0000,,0.0000,0.0000,no_calib
298,11.6197,0.0000,0.0000,0.0000,0.0000,0,0.0000,1.0000,,0.0000,0.0000,no_calib
299,11.6526,0.0000,0.0000,0.0000,0.0000,0,0.0000,1.0000,,0.0000,0.0000,no_calib
300,11.6872,0.0000,0.0000,0.0000,0.0000,0,0.0000,1.0000,,0.0000,0.0000,no_calib
301,11.7375,0.0000,0.0000,0.0000,0.0000,0,0.0000,1.0000,,0.0000,0.0000,no_calib
302,11.7637,0.0000,0.0000,0.0000,0.0000,0,0.0000,1.0000,,0.0000,0.0000,no_calib
303,11.7898,0.0000,0.0000,0.0000,0.0000,0,0.0000,1.0000,,0.0000,0.0000,no_calib
304,11.8197,0.0000,0.0000,0.0000,0.0000,0,0.0000,1.0000,,0.0000,0.0000,no_calib
305,11.8528,0.0000,0.0000,0.0000,0.0000,0,0.0000,1.0000,,0.0000,0.0000,no_calib
306,11.8858,0.0000,0.0000,0.0000,0.0000,0,0.0000,1.0000,,0.0000,0.0000,no_calib
307,11.9192,0.0000,0.0000,0.0000,0.0000,0,0.0000,1.0000,,0.0000,0.0000,no_calib
308,11.9530,0.0000,0.0000,0.0000,0.0000,0,0.0000,1.0000,,0.0000,0.0000,no_calib
309,11.9861,0.0000,0.0000,0.0000,0.0000,0,0.0000,1.0000,,0.0000,0.0000,no_calib
310,12.0193,0.0000,0.0000,0.0000,0.0000,0,0.0000,1.0000,,0.0000,0.0000,no_calib
311,12.0530,0.0000,0.0000,0.0000,0.0000,0,0.0000,1.0000,,0.0000,0.0000,no_calib
312,12.0859,0.0000,0.0000,0.0000,0.0000,0,0.0000,1.0000,,0.0000,0.0000,no_calib
313,12.1199,0.0000,0.0000,0.0000,0.0000,0,0.0000,1.0000,,0.0000,0.0000,no_calib
314,12.1532,0.0000,0.0000,0.0000,0.0000,0,0.0000,1.0000,,0.0000,0.0000,no_calib
315,12.1860,0.0000,0.0000,0.0000,0.0000,0,0.0000,1.0000,,0.0000,0.0000,no_calib
316,12.2190,0.0000,0.0000,0.0000,0.0000,0,0.0000,1.0000,,0.0000,0.0000,no_calib
317,12.2530,0.0000,0.0000,0.0000,0.0000,0,0.0000,1.0000,,0.0000,0.0000,no_calib
318,12.2857,0.0000,0.0000,0.0000,0.0000,0,0.0000,1.0000,,0.0000,0.0000,no_calib
319,12.3190,0.0000,0.0000,0.0000,0.0000,0,0.0000,1.0000,,0.0000,0.0000,no_calib
320,12.3530,0.0000,0.0000,0.0000,0.0000,0,0.0000,1.0000,,0.0000,0.0000,no_calib
321,12.3857,0.0000,0.0000,0.0000,0.0000,0,0.0000,1.0000,,0.0000,0.0000,no_calib
322,12.4190,0.0000,0.0000,0.0000,0.0000,0,0.0000,1.0000,,0.0000,0.0000,no_calib
323,12.4529,0.0000,0.0000,0.0000,0.0000,0,0.0000,1.0000,,0.0000,0.0000,no_calib
324,12.4860,0.0000,0.0000,0.0000,0.0000,0,0.0000,1.0000,,0.0000,0.0000,no_calib
325,12.5192,0.0000,0.0000,0.0000,0.0000,0,0.0000,1.0000,,0.0000,0.0000,no_calib
326,12.5525,0.0000,0.0000,0.0000,0.0000,0,0.0000,1.0000,,0.0000,0.0000,no_calib
327,12.5856,0.0000,0.0000,0.0000,0.0000,0,0.0000,1.0000,,0.0000,0.0000,no_calib
328,12.6192,0.0000,0.0000,0.0000,0.0000,0,0.0000,1.0000,,0.0000,0.0000,no_calib
329,12.6528,0.0000,0.0000,0.0000,0.0000,0,0.0000,1.0000,,0.0000,0.0000,no_calib
330,12.6857,0.0000,0.0000,0.0000,0.0000,0,0.0000,1.0000,,0.0000,0.0000,no_calib
331,12.7397,0.0000,0.0000,0.0000,0.0000,0,0.0000,1.0000,,0.0000,0.0000,no_calib
332,12.7650,0.0000,0.0000,0.0000,0.0000,0,0.0000,1.0000,,0.0000,0.0000,no_calib
333,12.7902,0.0000,0.0000,0.0000,0.0000,0,0.0000,1.0000,,0.0000,0.0000,no_calib
334,12.8188,0.0000,0.0000,0.0000,0.0000,0,0.0000,1.0000,,0.0000,0.0000,no_calib
335,12.8528,0.0000,0.0000,0.0000,0.0000,0,0.0000,1.0000,,0.0000,0.0000,no_calib
336,12.8860,0.0000,0.0000,0.0000,0.0000,0,0.0000,1.0000,,0.0000,0.0000,no_calib
337,12.9190,0.0000,0.0000,0.0000,0.0000,0,0.0000,1.0000,,0.0000,0.0000,no_calib
338,12.9526,0.0000,0.0000,0.0000,0.0000,0,0.0000,1.0000,,0.0000,0.0000,no_calib
339,12.9860,0.0000,0.0000,0.0000,0.0000,0,0.0000,1.0000,,0.0000,0.0000,no_calib
340,13.0189,0.0000,0.0000,0.0000,0.0000,0,0.0000,1.0000,,0.0000,0.0000,no_calib
341,13.0530,0.0000,0.0000,0.0000,0.0000,0,0.0000,1.0000,,0.0000,0.0000,no_calib
342,13.0859,0.0000,0.0000,0.0000,0.0000,0,0.0000,1.0000,,0.0000,0.0000,no_calib
343,13.1189,0.0000,0.0000,0.0000,0.0000,0,0.0000,1.0000,,0.0000,0.0000,no_calib
344,13.1520,0.0000,0.0000,0.0000,0.0000,0,0.0000,1.0000,,0.0000,0.0000,no_calib
345,13.1859,0.0000,0.0000,0.0000,0.0000,0,0.0000,1.0000,,0.0000,0.0000,no_calib
346,13.2189,0.0000,0.0000,0.0000,0.0000,0,0.0000,1.0000,,0.0000,0.0000,no_calib
347,13.2530,0.0000,0.0000,0.0000,0.0000,0,0.0000,1.0000,,0.0000,0.0000,no_calib
348,13.2859,0.0000,0.0000,0.0000,0.0000,0,0.0000,1.0000,,0.0000,0.0000,no_calib
349,13.3190,0.0000,0.0000,0.0000,0.0000,0,0.0000,1.0000,,0.0000,0.0000,no_calib
350,13.5370,0.1311,-0.0386,0.1311,-0.0386,796,0.9950,1.0000,0.510025,-0.2571,0.0784,
351,13.5652,0.0495,-0.0142,-0.0817,0.0244,795,0.9925,1.0000,0.510025,0.1602,-0.0496,
352,13.5930,0.1562,-0.0480,0.1068,-0.0338,774,0.9750,1.0000,0.510025,-0.2093,0.0686,
353,13.6210,0.1738,-0.0478,0.0176,0.0002,768,0.9800,1.0000,0.510025,-0.0346,0.0000,
354,13.6488,0.1539,-0.0415,-0.0199,0.0063,797,0.9962,1.0000,0.510025,0.0391,-0.0128,
355,13.6758,0.2188,-0.0423,0.0650,-0.0007,797,0.9962,1.0000,0.510025,-0.1279,0.0028,
356,13.7029,0.1686,0.0047,-0.0503,0.0470,797,0.9962,1.0000,0.510025,0.0977,-0.0932,
357,13.7303,0.2204,-0.0097,0.0518,-0.0144,786,0.9800,1.0000,0.510025,-0.1016,0.0294,
358,13.7588,0.1888,0.0171,-0.0316,0.0268,778,0.9850,1.0000,0.510025,0.0614,-0.0533,
359,13.7862,0.1973,0.0006,0.0085,-0.0165,796,0.9962,1.0000,0.510025,-0.0163,0.0326,
360,13.8128,0.2746,-0.0057,0.0773,-0.0062,793,0.9925,1.0000,0.510025,-0.1521,0.0138,
361,13.8688,0.2059,0.0191,-0.0687,0.0247,794,0.9938,1.0000,0.510025,0.1346,-0.0499,
362,13.8964,0.2895,-0.0106,0.0836,-0.0297,797,0.9950,1.0000,0.510025,-0.1638,0.0600,
363,13.9234,0.2777,0.0297,-0.0118,0.0403,782,0.9875,1.0000,0.510025,0.0222,-0.0793,
364,13.9505,0.4931,0.3021,0.2155,0.2725,781,0.9975,1.0000,0.510025,-0.4313,-0.5301,
365,13.9781,0.6300,0.3678,0.1369,0.0657,799,0.9988,1.0000,0.510025,-0.2711,-0.1260,
366,14.0054,0.8420,0.4902,0.2120,0.1224,798,0.9975,1.0000,0.510025,-0.4205,-0.2357,
367,14.0328,0.7264,0.5121,-0.1156,0.0218,798,0.9988,1.0000,0.510025,0.2271,-0.0452,
368,14.0600,0.5222,0.6081,-0.2042,0.0961,763,0.8825,1.0000,0.510025,0.3994,-0.1927,
369,14.0877,0.6552,0.5767,0.1330,-0.0314,724,0.8488,1.0000,0.510025,-0.2610,0.0644,
370,14.1154,0.4453,0.5996,-0.2098,0.0229,672,0.9038,1.0000,0.510025,0.4125,-0.0492,
371,14.1430,0.3169,0.6097,-0.1284,0.0101,793,0.9962,1.0000,0.510025,0.2525,-0.0225,
372,14.1702,0.4415,0.5735,0.1245,-0.0362,794,0.9925,1.0000,0.510025,-0.2442,0.0737,
373,14.1984,0.3628,0.6174,-0.0786,0.0439,792,0.9450,1.0000,0.510025,0.1536,-0.0877,
374,14.2260,0.4244,0.5988,0.0615,-0.0186,764,0.9363,1.0000,0.510025,-0.1206,0.0377,
375,14.2535,0.4436,0.6170,0.0192,0.0182,761,0.9637,1.0000,0.510025,-0.0383,-0.0354,
376,14.2808,0.3959,0.6119,-0.0477,-0.0051,772,0.9962,1.0000,0.510025,0.0940,0.0091,
377,14.3077,0.4306,0.6206,0.0348,0.0087,797,0.9988,1.0000,0.510025,-0.0687,-0.0163,
378,14.3350,0.3616,0.6564,-0.0691,0.0358,792,0.9925,1.0000,0.510025,0.1350,-0.0716,
379,14.3623,0.4247,0.6158,0.0631,-0.0405,792,0.9675,1.0000,0.510025,-0.1232,0.0808,
380,14.3894,0.2823,0.6553,-0.1424,0.0395,753,0.9487,1.0000,0.510025,0.2793,-0.0804,
381,14.4174,0.2637,0.6658,-0.0185,0.0105,752,0.9838,1.0000,0.510025,0.0362,-0.0210,
382,14.4447,0.3339,0.6797,0.0701,0.0139,799,0.9988,1.0000,0.510025,-0.1384,-0.0258,
383,14.4716,0.2704,0.6959,-0.0635,0.0162,799,0.9988,1.0000,0.510025,0.1245,-0.0331,
384,14.4987,0.3411,0.6661,0.0707,-0.0298,798,0.9962,1.0000,0.510025,-0.1384,0.0599,
385,14.5271,0.3144,0.6926,-0.0267,0.0265,790,0.9750,1.0000,0.510025,0.0519,-0.0525,
386,14.5547,0.3385,0.6820,0.0241,-0.0106,772,0.9912,1.0000,0.510025,-0.0471,0.0213,
387,14.5834,0.3549,0.6810,0.0164,-0.0009,796,0.9988,1.0000,0.510025,-0.0322,0.0022,
388,14.6167,0.3205,0.6800,-0.0344,-0.0010,796,0.9962,1.0000,0.510025,0.0677,0.0013,
389,14.6502,0.3943,0.6508,0.0738,-0.0292,795,0.9938,1.0000,0.510025,-0.1445,0.0588,
390,14.6835,0.3032,0.6936,-0.0911,0.0428,796,0.9938,1.0000,0.510025,0.1783,-0.0859,
391,14.7361,0.3421,0.6778,0.0389,-0.0158,777,0.9925,1.0000,0.510025,-0.0762,0.0319,
392,14.7638,0.3461,0.6766,0.0040,-0.0012,777,0.9950,1.0000,0.510025,-0.0079,0.0025,
393,14.7910,0.2724,0.6744,-0.0737,-0.0022,794,0.9950,1.0000,0.510025,0.1451,0.0028,
394,14.8186,0.2963,0.6554,0.0238,-0.0189,794,0.9925,1.0000,0.510025,-0.0464,0.0376,
395,14.8505,0.2386,0.6868,-0.0577,0.0314,796,0.9950,1.0000,0.510025,0.1127,-0.0628,
396,14.8832,0.2977,0.6697,0.0591,-0.0172,796,0.9950,1.0000,0.510025,-0.1158,0.0349,
397,14.9169,0.3155,0.6632,0.0178,-0.0064,786,0.9950,1.0000,0.510025,-0.0349,0.0130,
398,14.9501,0.2784,0.6497,-0.0372,-0.0135,795,0.9962,1.0000,0.510025,0.0735,0.0258,
399,14.9835,0.3384,0.6318,0.0600,-0.0179,793,0.9938,1.0000,0.510025,-0.1177,0.0363,
400,15.0166,0.2859,0.6544,-0.0525,0.0226,794,0.9938,1.0000,0.510025,0.1028,-0.0454,
401,15.0501,0.3174,0.6316,0.0316,-0.0228,795,0.9938,1.0000,0.510025,-0.0615,0.0454,
402,15.0832,0.2873,0.6391,-0.0301,0.0075,795,0.9950,1.0000,0.510025,0.0591,-0.0154,
403,15.1168,0.2619,0.6368,-0.0254,-0.0023,795,0.9950,1.0000,0.510025,0.0500,0.0039,
404,15.1505,0.3181,0.6348,0.0563,-0.0020,794,0.9950,1.0000,0.510025,-0.1107,0.0051,
405,15.1832,0.3152,0.6491,-0.0029,0.0143,797,0.9962,1.0000,0.510025,0.0054,-0.0280,
406,15.2165,0.3893,0.6237,0.0741,-0.0254,796,0.9950,1.0000,0.510025,-0.1452,0.0514,
407,15.2506,0.3766,0.6444,-0.0127,0.0207,795,0.9950,1.0000,0.510025,0.0245,-0.0409,
408,16.3312,0.3717,0.6496,-0.0048,0.0052,757,0.9513,1.0000,0.252076,-0.0190,0.0103,
409,16.3596,0.3621,0.6466,-0.0097,-0.0030,797,0.9962,1.0000,0.252076,-0.0383,-0.0055,
410,16.3874,0.3414,0.6479,-0.0207,0.0013,796,0.9950,1.0000,0.252076,-0.0819,0.0034,
411,16.4151,0.3661,0.6305,0.0247,-0.0174,796,0.9950,1.0000,0.252076,0.0974,-0.0353,
412,16.4425,0.3522,0.6511,-0.0138,0.0207,796,0.9950,1.0000,0.252076,-0.0543,0.0412,
413,16.4695,0.3724,0.6387,0.0201,-0.0124,796,0.9950,1.0000,0.252076,0.0793,-0.0253,
414,16.4972,0.3746,0.6359,0.0022,-0.0028,796,0.9950,1.0000,0.252076,0.0087,-0.0056,
415,16.5248,0.3606,0.6321,-0.0140,-0.0038,796,0.9950,1.0000,0.252076,-0.0554,-0.0069,
416,16.5520,0.3676,0.6318,0.0070,-0.0003,796,0.9950,1.0000,0.252076,0.0276,-0.0009,
417,16.5789,0.3457,0.6433,-0.0219,0.0115,796,0.9950,1.0000,0.252076,-0.0863,0.0236,
418,16.6060,0.3524,0.6239,0.0067,-0.0194,796,0.9950,1.0000,0.252076,0.0262,-0.0385,
419,16.6335,0.3293,0.6481,-0.0231,0.0242,796,0.9950,1.0000,0.252076,-0.0910,0.0486,
420,16.6609,0.3418,0.6368,0.0125,-0.0114,796,0.9950,1.0000,0.252076,0.0492,-0.0229,
421,16.7179,0.3696,0.6370,0.0278,0.0002,796,0.9950,1.0000,0.252076,0.1100,-0.0007,
422,16.7455,0.3504,0.6656,-0.0192,0.0286,796,0.9950,1.0000,0.252076,-0.0754,0.0571,
423,16.7732,0.3512,0.6667,0.0008,0.0011,796,0.9950,1.0000,0.252076,0.0031,0.0022,
424,16.8004,0.3287,0.6895,-0.0225,0.0228,797,0.9962,1.0000,0.252076,-0.0886,0.0458,
425,16.8276,0.3224,0.6935,-0.0063,0.0039,795,0.9950,1.0000,0.252076,-0.0248,0.0080,
426,16.8551,0.3304,0.7062,0.0080,0.0128,796,0.9950,1.0000,0.252076,0.0321,0.0248,
427,16.8823,0.3288,0.7096,-0.0016,0.0034,795,0.9950,1.0000,0.252076,-0.0063,0.0067,
428,16.9094,0.3502,0.7017,0.0214,-0.0079,796,0.9950,1.0000,0.252076,0.0844,-0.0165,
429,16.9369,0.3432,0.7176,-0.0069,0.0159,796,0.9950,1.0000,0.252076,-0.0271,0.0316,
430,16.9641,0.3571,0.7083,0.0139,-0.0093,796,0.9950,1.0000,0.252076,0.0549,-0.0188,
431,16.9915,0.3597,0.7084,0.0025,0.0001,796,0.9950,1.0000,0.252076,0.0100,0.0001,
432,17.0185,0.3504,0.7049,-0.0093,-0.0035,796,0.9950,1.0000,0.252076,-0.0369,-0.0065,
433,17.0474,0.3535,0.6904,0.0031,-0.0145,795,0.9950,1.0000,0.252076,0.0120,-0.0287,
434,17.0751,0.3320,0.6906,-0.0214,0.0002,797,0.9962,1.0000,0.252076,-0.0848,0.0013,
435,17.1022,0.3145,0.6854,-0.0175,-0.0052,796,0.9950,1.0000,0.252076,-0.0695,-0.0096,
436,17.1295,0.3045,0.6876,-0.0099,0.0022,796,0.9950,1.0000,0.252076,-0.0393,0.0048,
437,17.1567,0.3001,0.6782,-0.0044,-0.0094,796,0.9950,1.0000,0.252076,-0.0176,-0.0182,
438,17.1840,0.3215,0.6720,0.0214,-0.0063,796,0.9950,1.0000,0.252076,0.0844,-0.0131,
439,17.2112,0.3198,0.6838,-0.0017,0.0118,797,0.9962,1.0000,0.252076,-0.0063,0.0233,
440,17.2381,0.3353,0.6742,0.0154,-0.0095,796,0.9950,1.0000,0.252076,0.0609,-0.0194,
441,17.2653,0.3335,0.6831,-0.0018,0.0088,796,0.9950,1.0000,0.252076,-0.0069,0.0175,
442,17.2924,0.3398,0.6834,0.0063,0.0004,797,0.9962,1.0000,0.252076,0.0249,0.0005,
443,17.3195,0.3579,0.6885,0.0181,0.0051,796,0.9950,1.0000,0.252076,0.0718,0.0093,
444,17.3471,0.3623,0.6995,0.0044,0.0109,796,0.9950,1.0000,0.252076,0.0175,0.0214,
445,17.3758,0.3872,0.6921,0.0249,-0.0074,796,0.9950,1.0000,0.252076,0.0985,-0.0155,
446,17.4032,0.3862,0.7047,-0.0010,0.0126,796,0.9950,1.0000,0.252076,-0.0038,0.0249,
447,17.4304,0.3762,0.7072,-0.0100,0.0025,796,0.9950,1.0000,0.252076,-0.0394,0.0053,
448,17.4578,0.3785,0.7049,0.0023,-0.0023,796,0.9950,1.0000,0.252076,0.0092,-0.0046,
449,17.4849,0.3723,0.6986,-0.0062,-0.0063,797,0.9962,1.0000,0.252076,-0.0246,-0.0121,
450,17.5123,0.3681,0.6896,-0.0042,-0.0090,796,0.9950,1.0000,0.252076,-0.0168,-0.0175,
451,17.5636,0.3622,0.6876,-0.0059,-0.0020,798,0.9988,1.0000,0.252076,-0.0233,-0.0037,
452,17.5909,0.3516,0.6930,-0.0107,0.0054,798,0.9975,1.0000,0.252076,-0.0422,0.0111,
453,17.6195,0.3529,0.6956,0.0014,0.0026,795,0.9975,1.0000,0.252076,0.0054,0.0051,
454,17.6469,0.3564,0.7023,0.0035,0.0067,799,0.9988,1.0000,0.252076,0.0139,0.0130,
455,17.6736,0.3752,0.7019,0.0188,-0.0004,797,0.9975,1.0000,0.252076,0.0745,-0.0016,
456,17.7009,0.3856,0.7004,0.0103,-0.0015,798,0.9975,1.0000,0.252076,0.0408,-0.0033,
457,17.7299,0.3846,0.7054,-0.0010,0.0050,798,0.9975,1.0000,0.252076,-0.0038,0.0099,
458,17.7584,0.3696,0.7107,-0.0149,0.0052,797,0.9975,1.0000,0.252076,-0.0590,0.0109,
459,17.7871,0.3580,0.7111,-0.0116,0.0004,798,0.9975,1.0000,0.252076,-0.0459,0.0013,
460,17.8138,0.3687,0.7073,0.0107,-0.0037,799,0.9988,1.0000,0.252076,0.0424,-0.0078,
461,17.8404,0.3785,0.7159,0.0098,0.0085,798,0.9975,1.0000,0.252076,0.0390,0.0164,
462,17.8671,0.3984,0.7232,0.0198,0.0073,798,0.9975,1.0000,0.252076,0.0787,0.0137,
463,17.8939,0.4141,0.7299,0.0157,0.0067,799,0.9988,1.0000,0.252076,0.0624,0.0126,
464,17.9207,0.4123,0.7468,-0.0018,0.0168,798,0.9988,1.0000,0.252076,-0.0068,0.0332,
465,17.9474,0.4267,0.7556,0.0144,0.0088,798,0.9975,1.0000,0.252076,0.0572,0.0167,
466,17.9742,0.4169,0.7547,-0.0099,-0.0009,798,0.9975,1.0000,0.252076,-0.0391,-0.0014,
467,18.0010,0.3782,0.7441,-0.0386,-0.0106,797,0.9975,1.0000,0.252076,-0.1531,-0.0193,
468,18.0279,0.3856,0.7423,0.0074,-0.0018,799,0.9988,1.0000,0.252076,0.0293,-0.0038,
469,18.0564,0.3810,0.7250,-0.0047,-0.0174,798,0.9975,1.0000,0.252076,-0.0188,-0.0340,
470,18.0837,0.3436,0.7287,-0.0373,0.0037,798,0.9975,1.0000,0.252076,-0.1476,0.0088,
471,18.1107,0.3089,0.7222,-0.0347,-0.0065,798,0.9975,1.0000,0.252076,-0.1374,-0.0114,
472,19.1861,0.4910,1.0553,0.1820,0.3331,757,0.9525,1.0000,0.254374,-0.7267,-0.6468,
473,19.2157,0.5015,1.0555,0.0105,0.0002,799,0.9988,1.0000,0.254374,-0.0415,0.0001,
474,19.2434,0.4840,1.0691,-0.0175,0.0136,798,0.9975,1.0000,0.254374,0.0687,-0.0275,
475,19.2705,0.4747,1.0651,-0.0093,-0.0040,798,0.9975,1.0000,0.254374,0.0369,0.0075,
476,19.2976,0.4597,1.0661,-0.0150,0.0010,798,0.9975,1.0000,0.254374,0.0592,-0.0026,
477,19.3251,0.4354,1.0668,-0.0243,0.0007,797,0.9975,1.0000,0.254374,0.0957,-0.0023,
478,19.3526,0.4435,1.0562,0.0080,-0.0105,799,0.9988,1.0000,0.254374,-0.0315,0.0210,
479,19.3801,0.4506,1.0640,0.0071,0.0078,799,0.9988,1.0000,0.254374,-0.0282,-0.0150,
480,19.4071,0.4581,1.0629,0.0075,-0.0011,797,0.9975,1.0000,0.254374,-0.0297,0.0025,
481,19.4648,0.4733,1.0564,0.0152,-0.0064,797,0.9962,1.0000,0.254374,-0.0598,0.0133,
482,19.4923,0.4700,1.0549,-0.0033,-0.0016,797,0.9975,1.0000,0.254374,0.0129,0.0029,
483,19.5197,0.4673,1.0465,-0.0028,-0.0084,796,0.9962,1.0000,0.254374,0.0111,0.0164,
484,19.5472,0.4455,1.0540,-0.0217,0.0076,797,0.9962,1.0000,0.254374,0.0856,-0.0157,
485,19.5746,0.4411,1.0502,-0.0044,-0.0038,796,0.9962,1.0000,0.254374,0.0176,0.0073,
486,19.6018,0.4425,1.0526,0.0014,0.0023,797,0.9962,1.0000,0.254374,-0.0054,-0.0045,
487,19.6289,0.4395,1.0527,-0.0030,0.0001,798,0.9975,1.0000,0.254374,0.0117,-0.0003,
488,19.6564,0.4431,1.0437,0.0036,-0.0090,797,0.9962,1.0000,0.254374,-0.0140,0.0179,
489,19.6836,0.4310,1.0512,-0.0121,0.0076,797,0.9962,1.0000,0.254374,0.0476,-0.0154,
490,19.7110,0.4320,1.0407,0.0010,-0.0105,797,0.9962,1.0000,0.254374,-0.0037,0.0207,
491,19.7383,0.4285,1.0462,-0.0035,0.0055,788,0.9862,1.0000,0.254374,0.0135,-0.0108,
492,19.7654,0.4264,1.0464,-0.0021,0.0003,797,0.9962,1.0000,0.254374,0.0083,-0.0006,
493,19.7942,0.4283,1.0408,0.0019,-0.0056,798,0.9975,1.0000,0.254374,-0.0073,0.0110,
494,19.8217,0.4224,1.0466,-0.0059,0.0057,797,0.9962,1.0000,0.254374,0.0230,-0.0115,
495,19.8493,0.4385,1.0419,0.0161,-0.0047,797,0.9962,1.0000,0.254374,-0.0634,0.0098,
496,19.8769,0.4463,1.0472,0.0078,0.0053,797,0.9962,1.0000,0.254374,-0.0308,-0.0100,
497,19.9041,0.4390,1.0505,-0.0073,0.0033,797,0.9962,1.0000,0.254374,0.0287,-0.0069,
498,19.9315,0.4347,1.0505,-0.0043,0.0000,796,0.9962,1.0000,0.254374,0.0168,-0.0003,
499,19.9588,0.4247,1.0565,-0.0100,0.0059,797,0.9962,1.0000,0.254374,0.0395,-0.0120,
500,19.9864,0.4208,1.0555,-0.0039,-0.0010,797,0.9962,1.0000,0.254374,0.0152,0.0018,
501,20.0139,0.4057,1.0546,-0.0152,-0.0009,797,0.9962,1.0000,0.254374,0.0599,0.0011,
502,20.0410,0.3880,1.0531,-0.0177,-0.0015,797,0.9962,1.0000,0.254374,0.0698,0.0021,
503,20.0681,0.3856,1.0535,-0.0024,0.0003,797,0.9962,1.0000,0.254374,0.0096,-0.0007,
504,20.0953,0.3870,1.0559,0.0014,0.0024,798,0.9975,1.0000,0.254374,-0.0056,-0.0047,
505,20.1241,0.3902,1.0597,0.0032,0.0038,797,0.9962,1.0000,0.254374,-0.0126,-0.0074,
506,20.1516,0.3916,1.0672,0.0014,0.0075,797,0.9962,1.0000,0.254374,-0.0059,-0.0147,
507,20.1788,0.3970,1.0706,0.0054,0.0034,797,0.9962,1.0000,0.254374,-0.0213,-0.0065,
508,20.2059,0.4010,1.0776,0.0041,0.0070,797,0.9962,1.0000,0.254374,-0.0162,-0.0135,
509,20.2330,0.4105,1.0798,0.0095,0.0022,797,0.9962,1.0000,0.254374,-0.0374,-0.0040,
510,20.2606,0.4185,1.0854,0.0080,0.0056,798,0.9975,1.0000,0.254374,-0.0317,-0.0107,
511,20.3127,0.4082,1.0852,-0.0103,-0.0002,797,0.9975,1.0000,0.254374,0.0405,-0.0001,
512,20.3398,0.3999,1.0839,-0.0084,-0.0014,797,0.9962,1.0000,0.254374,0.0330,0.0023,
513,20.3669,0.3879,1.0858,-0.0120,0.0019,797,0.9962,1.0000,0.254374,0.0472,-0.0042,
514,20.3943,0.3684,1.0849,-0.0195,-0.0009,796,0.9950,1.0000,0.254374,0.0770,0.0010,
515,20.4224,0.3413,1.0774,-0.0271,-0.0075,794,0.9950,1.0000,0.254374,0.1072,0.0136,
516,20.4501,0.3162,1.0766,-0.0251,-0.0008,796,0.9950,1.0000,0.254374,0.0991,0.0006,
517,20.4791,0.2976,1.0732,-0.0186,-0.0033,785,0.9938,1.0000,0.254374,0.0734,0.0058,
518,20.5070,0.3263,1.0210,0.0286,-0.0522,756,0.8975,1.0000,0.254374,-0.1118,0.1037,
519,20.5354,-0.6915,1.1683,-1.0178,0.1473,698,0.6362,1.0000,0.254374,4.0133,-0.3305,
520,20.5651,-0.8104,0.8664,-0.1189,-0.3019,775,0.3359,1.0000,0.254374,0.4768,0.5881,low_inlier
521,20.5945,-1.0236,0.6209,-0.2132,-0.2456,715,0.6529,1.0000,0.254374,0.8476,0.4736,
522,20.6237,-1.9013,0.4130,-0.8777,-0.2079,726,0.7887,1.0000,0.254374,3.4692,0.3727,
523,20.6529,-3.4228,-0.4196,-1.5215,-0.8326,620,0.6299,1.0000,0.254374,6.0257,1.5736,
524,20.6826,-4.1992,-1.4270,-0.7764,-1.0073,583,0.4708,1.0000,0.254374,3.0893,1.9468,low_inlier
525,20.7122,-2.5014,-0.4491,1.6979,0.9779,454,0.1514,1.0000,0.254374,-6.7253,-1.8516,low_inlier
526,20.7424,0.8802,0.7282,3.3816,1.1773,417,0.1309,1.0000,0.254374,-13.3757,-2.1752,low_inlier
527,20.7722,4.1322,2.9004,3.2519,2.1723,331,0.0852,1.0000,0.254374,-12.8885,-4.1344,low_inlier
528,20.8021,7.2185,5.6727,3.0863,2.7723,365,0.0745,1.0000,0.254374,-12.2498,-5.3194,low_inlier
529,20.8316,5.1952,1.4974,-2.0233,-4.1753,321,0.0396,1.0000,0.254374,8.0887,8.1177,low_inlier
530,20.8619,4.0658,4.3230,-1.1295,2.8256,683,0.0013,1.0000,0.254374,4.3879,-5.5947,low_inlier
531,20.8927,5.2353,13.0020,1.1695,8.6790,163,0.0269,1.0000,0.254374,-4.8303,-16.9968,low_inlier
532,20.9235,4.3410,16.7321,-0.8942,3.7301,246,0.0131,1.0000,0.254374,3.4372,-7.3616,low_inlier
533,20.9545,4.0102,10.1763,-0.3308,-6.5558,291,0.0107,1.0000,0.254374,1.4677,12.8612,low_inlier
534,20.9859,3.6228,1.5408,-0.3874,-8.6355,390,0.1268,1.0000,0.254374,1.7424,16.9429,low_inlier
535,21.0167,5.4896,-5.1407,1.8668,-6.6815,153,0.0196,1.0000,0.254374,-7.2029,13.1970,low_inlier
536,21.0479,-0.1635,-4.9459,-5.6531,0.1948,159,0.0783,1.0000,0.254374,22.3072,-0.6115,low_inlier
537,21.0786,-2.9740,-10.5849,-2.8105,-5.6390,675,0.0169,1.0000,0.254374,11.2318,10.9604,low_inlier
538,21.1089,-4.8686,-17.1990,-1.8946,-6.6141,591,0.0199,1.0000,0.254374,7.6412,12.9122,low_inlier
539,21.1393,-5.9031,-20.2268,-1.0345,-3.0278,289,0.0458,1.0000,0.254374,4.1578,5.9043,low_inlier
540,21.1698,-7.3559,-18.4749,-1.4528,1.7518,356,0.0948,1.0000,0.254374,5.6907,-3.4991,low_inlier
541,21.2257,-9.0471,-13.9460,-1.6912,4.5289,653,0.2275,1.0000,0.254374,6.5628,-8.9625,low_inlier
542,21.2559,-7.2468,-14.7300,1.8003,-0.7840,547,0.1777,1.0000,0.254374,-7.0862,1.6126,low_inlier
543,21.2858,-5.1387,-9.4623,2.1081,5.2678,507,0.1539,1.0000,0.254374,-8.4504,-10.2597,low_inlier
544,21.3164,-5.8785,-13.9703,-0.7399,-4.5081,426,0.0331,1.0000,0.254374,3.0315,8.8231,low_inlier
545,21.3470,-3.0771,-15.3999,2.8015,-1.4296,364,0.0420,1.0000,0.254374,-11.0216,2.9209,low_inlier
546,21.3772,-4.5611,-21.2668,-1.4840,-5.8669,182,0.0104,1.0000,0.254374,6.0022,11.4615,low_inlier
547,21.4067,-3.2938,-26.3780,1.2673,-5.1112,375,0.0039,1.0000,0.254374,-4.8757,10.0889,low_inlier
548,21.4375,-4.1120,-27.1542,-0.8183,-0.7762,692,0.0026,1.0000,0.254374,3.2488,1.4912,low_inlier
549,21.4675,-0.5112,-21.5172,3.6008,5.6370,391,0.0390,1.0000,0.254374,-14.3511,-10.9244,low_inlier
550,21.4972,1.3633,-16.8255,1.8745,4.6917,377,0.0470,1.0000,0.254374,-7.5143,-9.1379,low_inlier
551,21.5266,2.0837,-13.9744,0.7205,2.8511,502,0.0775,1.0000,0.254374,-2.9141,-5.5699,low_inlier
552,21.5558,1.4670,-10.7223,-0.6168,3.2521,603,0.0820,1.0000,0.254374,2.3540,-6.4116,low_inlier
553,21.5844,-0.2934,-8.4697,-1.7603,2.2525,602,0.2438,1.0000,0.254374,6.8921,-4.4949,low_inlier
554,21.6135,-3.2014,-7.8188,-2.9080,0.6510,670,0.4808,1.0000,0.254374,11.4613,-1.3961,low_inlier
555,21.6420,-5.0398,-6.8000,-1.8384,1.0188,659,0.3885,1.0000,0.254374,7.2308,-2.0752,low_inlier
556,21.6707,-5.4519,-4.9814,-0.4121,1.8186,687,0.5232,1.0000,0.254374,1.5814,-3.5880,
557,21.6991,-4.8662,-5.4374,0.5857,-0.4560,698,0.7150,1.0000,0.254374,-2.3004,0.9191,
558,21.7275,-4.0751,-5.4509,0.7911,-0.0135,715,0.8688,1.0000,0.254374,-3.1218,0.0585,
559,21.7551,-3.4220,-5.2538,0.6531,0.1970,738,0.9075,1.0000,0.254374,-2.5825,-0.3605,
560,21.7828,-2.8699,-5.2952,0.5521,-0.0414,731,0.9100,1.0000,0.254374,-2.1780,0.1037,
561,21.8105,-2.9601,-5.2342,-0.0901,0.0610,764,0.9525,1.0000,0.254374,0.3541,-0.1235,
562,21.8381,-2.6857,-4.9678,0.2744,0.2664,729,0.9175,1.0000,0.254374,-1.0895,-0.5121,
563,21.8659,-2.1604,-4.3655,0.5253,0.6022,578,0.6633,1.0000,0.254374,-2.0881,-1.1615,
564,21.8941,-0.8624,-3.7793,1.2980,0.5863,644,0.7588,1.0000,0.254374,-5.1375,-1.0988,
565,21.9222,-0.1127,-3.7033,0.7497,0.0760,711,0.8925,1.0000,0.254374,-2.9607,-0.1189,
566,21.9497,0.2224,-3.6162,0.3351,0.0871,765,0.8350,1.0000,0.254374,-1.3248,-0.1574,
567,21.9775,-0.1458,-3.6680,-0.3682,-0.0518,731,0.6713,1.0000,0.254374,1.4544,0.0869,
568,22.0051,-0.2613,-3.8761,-0.1155,-0.2081,738,0.8500,1.0000,0.254374,0.4611,0.4040,
569,22.0327,-0.7095,-4.6276,-0.4482,-0.7515,728,0.8962,1.0000,0.254374,1.7875,1.4577,
570,22.0604,-0.9998,-4.7333,-0.2903,-0.1057,752,0.9337,1.0000,0.254374,1.1484,0.1958,
571,22.1115,-1.1456,-4.9756,-0.1458,-0.2423,781,0.9487,1.0000,0.254374,0.5813,0.4699,
572,22.1390,-1.1373,-4.9662,0.0083,0.0095,765,0.9472,1.0000,0.254374,-0.0329,-0.0182,
573,22.1666,-1.1545,-4.9506,-0.0172,0.0155,766,0.9700,1.0000,0.254374,0.0674,-0.0312,
574,22.1936,-1.2403,-4.8509,-0.0858,0.0998,767,0.9550,1.0000,0.254374,0.3361,-0.1994,
575,22.2209,-1.3256,-4.7983,-0.0853,0.0525,743,0.6721,1.0000,0.254374,0.3355,-0.1066,
576,22.2484,-1.2775,-4.8556,0.0481,-0.0573,775,0.6650,1.0000,0.254374,-0.1886,0.1144,
577,22.2759,-1.2796,-4.8173,-0.0021,0.0384,787,0.8775,1.0000,0.254374,0.0073,-0.0754,
578,22.3034,-1.2790,-4.7800,0.0006,0.0372,788,0.9850,1.0000,0.254374,-0.0033,-0.0731,
579,22.3307,-1.1680,-4.7638,0.1110,0.0162,781,0.9712,1.0000,0.254374,-0.4385,-0.0274,
580,22.3581,-0.9628,-4.3831,0.2052,0.3807,708,0.9300,1.0000,0.254374,-0.8191,-0.7393,
581,22.3858,-0.6787,-4.1556,0.2841,0.2275,667,0.8548,1.0000,0.254374,-1.1270,-0.4353,
582,22.4137,-0.6327,-4.1425,0.0460,0.0131,781,0.9762,1.0000,0.254374,-0.1819,-0.0239,
583,22.4406,-0.7092,-4.0054,-0.0765,0.1371,787,0.9812,1.0000,0.254374,0.2986,-0.2723,
584,22.4678,-0.6365,-4.2840,0.0727,-0.2786,765,0.9537,1.0000,0.254374,-0.2801,0.5500,
585,22.4951,-0.5403,-4.3444,0.0962,-0.0604,780,0.9800,1.0000,0.254374,-0.3782,0.1225,
586,22.5223,-0.6543,-4.3952,-0.1140,-0.0509,779,0.9750,1.0000,0.254374,0.4510,0.0953,
587,22.5493,-0.7219,-4.4144,-0.0677,-0.0192,791,0.9888,1.0000,0.254374,0.2675,0.0350,
588,22.5760,-0.5828,-4.3135,0.1392,0.1010,779,0.9149,1.0000,0.254374,-0.5518,-0.1927,
589,22.6039,0.6108,-4.4621,1.1936,-0.1486,611,0.7118,1.0000,0.254374,-4.7072,0.3402,
590,22.6319,1.6636,-4.1120,1.0528,0.3501,730,0.6654,1.0000,0.254374,-4.1638,-0.6449,
591,22.6598,2.7334,-3.7678,1.0698,0.3441,640,0.6842,1.0000,0.254374,-4.2309,-0.6325,
592,22.6878,4.1239,-3.6878,1.3905,0.0801,615,0.5691,1.0000,0.254374,-5.4901,-0.1010,
593,22.7161,5.9696,-3.6895,1.8456,-0.0017,525,0.5447,1.0000,0.254374,-7.2844,0.0780,
594,22.7476,7.6498,-3.8208,1.6803,-0.1314,534,0.5441,1.0000,0.254374,-6.6284,0.3260,
595,22.7806,8.8854,-3.1199,1.2356,0.7010,619,0.4571,1.0000,0.254374,-4.8940,-1.3266,low_inlier
596,22.8142,11.8922,-1.9898,3.0068,1.1301,610,0.2129,1.0000,0.254374,-11.8953,-2.0976,low_inlier
597,22.8471,16.2300,-1.1324,4.3378,0.8573,560,0.2920,1.0000,0.254374,-17.1417,-1.5080,low_inlier
598,22.8806,19.9468,-0.2242,3.7168,0.9083,569,0.3535,1.0000,0.254374,-14.6920,-1.6332,low_inlier
599,22.9139,21.7404,0.3847,1.7936,0.6089,663,0.3541,1.0000,0.254374,-7.0939,-1.1232,low_inlier
600,22.9476,21.9014,0.1522,0.1610,-0.2326,741,0.8350,1.0000,0.254374,-0.6297,0.4632,
601,22.9993,21.4850,-0.2397,-0.4164,-0.3919,767,0.9600,1.0000,0.254374,1.6530,0.7527,
602,23.0274,21.3093,-0.3778,-0.1758,-0.1381,786,0.9825,1.0000,0.254374,0.6972,0.2641,
603,23.0547,21.3479,-0.4341,0.0387,-0.0563,788,0.9850,1.0000,0.254374,-0.1513,0.1121,
604,23.0817,21.3601,-0.4201,0.0122,0.0140,784,0.9812,1.0000,0.254374,-0.0486,-0.0271,
605,23.1139,21.3576,-0.3802,-0.0026,0.0398,788,0.9850,1.0000,0.254374,0.0092,-0.0783,
606,23.1470,21.4226,-0.3534,0.0650,0.0268,784,0.9800,1.0000,0.254374,-0.2573,-0.0500,
607,23.1803,21.3217,-0.5998,-0.1008,-0.2464,705,0.8938,1.0000,0.254374,0.4041,0.4797,
608,23.2135,19.6189,-0.8344,-1.7028,-0.2346,716,0.3476,1.0000,0.254374,6.7266,0.3918,low_inlier
609,23.2472,18.3707,-1.0306,-1.2482,-0.1962,704,0.1686,1.0000,0.254374,4.9312,0.3348,low_inlier
610,23.2808,18.2846,-0.9846,-0.0861,0.0460,763,0.3346,1.0000,0.254374,0.3387,-0.0938,low_inlier
611,23.3136,18.0572,-0.8826,-0.2274,0.1021,681,0.6288,1.0000,0.254374,0.8950,-0.2096,
612,23.3471,18.1387,-0.8872,0.0815,-0.0046,717,0.8650,1.0000,0.254374,-0.3215,0.0123,
613,23.3803,18.3498,-0.9007,0.2111,-0.0136,751,0.6604,1.0000,0.254374,-0.8329,0.0352,
614,23.4137,18.1534,-0.7717,-0.1964,0.1291,741,0.6687,1.0000,0.254374,0.7722,-0.2614,
615,23.4470,18.2673,-0.8532,0.1139,-0.0815,732,0.9100,1.0000,0.254374,-0.4474,0.1647,
616,23.4802,18.5363,-0.8075,0.2690,0.0457,736,0.9050,1.0000,0.254374,-1.0630,-0.0789,
617,23.5140,18.8711,-0.4520,0.3349,0.3555,731,0.8838,1.0000,0.254374,-1.3304,-0.6845,
618,23.5469,20.0338,-0.5079,1.1627,-0.0559,743,0.8175,1.0000,0.254374,-4.5875,0.1568,
619,23.5808,21.4444,-0.3827,1.4106,0.1252,631,0.7388,1.0000,0.254374,-5.5705,-0.1888,
620,23.6136,22.7552,0.0796,1.3107,0.4623,754,0.6775,1.0000,0.254374,-5.1847,-0.8549,
621,23.6470,23.6287,0.2829,0.8735,0.2032,780,0.9575,1.0000,0.254374,-3.4527,-0.3638,
622,23.6802,24.4246,0.6083,0.7959,0.3254,767,0.9625,1.0000,0.254374,-3.1495,-0.6069,
623,23.7150,25.4048,0.8253,0.9801,0.2170,773,0.8712,1.0000,0.254374,-3.8738,-0.3865,
624,23.7477,25.5738,0.8575,0.1690,0.0321,745,0.8875,1.0000,0.254374,-0.6679,-0.0563,
625,23.7803,25.4734,0.9023,-0.1005,0.0448,757,0.9200,1.0000,0.254374,0.3954,-0.0920,
626,23.8140,25.4988,0.8470,0.0254,-0.0553,774,0.8900,1.0000,0.254374,-0.0991,0.1096,
627,23.8471,25.3862,0.8130,-0.1126,-0.0340,772,0.9475,1.0000,0.254374,0.4453,0.0622,
628,23.8801,24.9540,0.2287,-0.4322,-0.5843,763,0.8975,1.0000,0.254374,1.7201,1.1300,
629,23.9137,25.0545,0.1662,0.1005,-0.0625,737,0.9237,1.0000,0.254374,-0.3950,0.1268,
630,23.9468,24.9261,0.2537,-0.1285,0.0875,756,0.9387,1.0000,0.254374,0.5048,-0.1771,
631,23.9984,24.9569,0.2543,0.0308,0.0005,788,0.9725,1.0000,0.254374,-0.1217,0.0002,
632,24.0261,24.9947,0.2092,0.0378,-0.0450,786,0.9825,1.0000,0.254374,-0.1480,0.0899,
633,24.0534,24.9684,0.2349,-0.0263,0.0257,784,0.9888,1.0000,0.254374,0.1030,-0.0514,
634,24.0808,24.9367,0.2700,-0.0318,0.0351,790,0.9888,1.0000,0.254374,0.1245,-0.0703,
635,24.1134,24.9477,0.2591,0.0110,-0.0110,786,0.9825,1.0000,0.254374,-0.0433,0.0220,
636,24.1466,24.9651,0.2233,0.0174,-0.0358,788,0.9825,1.0000,0.254374,-0.0680,0.0709,
637,24.1800,24.9097,0.2325,-0.0555,0.0091,785,0.9812,1.0000,0.254374,0.2186,-0.0202,
638,25.4974,25.0104,0.0142,0.1007,-0.2183,713,0.8950,1.0000,0.330280,-1.3068,-0.3925,
639,25.5281,24.9806,-0.0152,-0.0297,-0.0294,784,0.9663,1.0000,0.330280,-0.1848,0.0775,
640,25.5566,25.0114,0.0183,0.0307,0.0335,787,0.9812,1.0000,0.330280,0.2098,-0.0789,
641,25.5852,24.9963,0.0084,-0.0151,-0.0098,789,0.9862,1.0000,0.330280,-0.0629,0.0414,
642,25.6137,24.9921,0.0063,-0.0041,-0.0021,787,0.9850,1.0000,0.330280,-0.0136,0.0116,
643,25.6417,24.9928,0.0216,0.0007,0.0153,785,0.9838,1.0000,0.330280,0.0933,0.0042,
644,25.6696,24.9736,0.0104,-0.0192,-0.0112,782,0.9788,1.0000,0.330280,-0.0720,0.0532,
645,25.6979,24.9969,0.0412,0.0232,0.0308,786,0.9812,1.0000,0.330280,0.1916,-0.0574,
646,25.7263,24.9689,0.0356,-0.0280,-0.0056,791,0.9875,1.0000,0.330280,-0.0396,0.0820,
647,25.7543,24.9635,0.0563,-0.0053,0.0207,785,0.9825,1.0000,0.330280,0.1247,0.0246,
648,25.7830,24.9643,0.0664,0.0008,0.0101,790,0.9888,1.0000,0.330280,0.0615,0.0017,
649,25.8124,24.9514,0.0515,-0.0129,-0.0149,785,0.9825,1.0000,0.330280,-0.0930,0.0328,
650,25.8407,24.9684,0.0701,0.0170,0.0187,782,0.9775,1.0000,0.330280,0.1168,-0.0436,
651,25.8685,24.9453,0.0462,-0.0232,-0.0239,789,0.9862,1.0000,0.330280,-0.1501,0.0600,
652,25.8965,24.9612,0.0593,0.0159,0.0131,786,0.9825,1.0000,0.330280,0.0828,-0.0425,
653,25.9243,24.9613,0.0597,0.0002,0.0004,782,0.9812,1.0000,0.330280,0.0023,-0.0004,
654,25.9523,24.9597,0.0478,-0.0017,-0.0119,784,0.9812,1.0000,0.330280,-0.0724,0.0001,
655,25.9805,24.9592,0.0524,-0.0005,0.0046,786,0.9838,1.0000,0.330280,0.0279,0.0034,
656,26.0087,24.9384,0.0311,-0.0208,-0.0213,786,0.9825,1.0000,0.330280,-0.1337,0.0539,
657,26.0366,24.9542,0.0507,0.0158,0.0196,787,0.9838,1.0000,0.330280,0.1221,-0.0396,
658,26.0645,24.9564,0.0525,0.0022,0.0019,791,0.9912,1.0000,0.330280,0.0117,-0.0060,
659,26.0923,24.9634,0.0488,0.0070,-0.0038,787,0.9850,1.0000,0.330280,-0.0215,-0.0227,
660,26.1207,24.9788,0.0525,0.0153,0.0038,786,0.9838,1.0000,0.330280,0.0259,-0.0446,
661,26.1788,24.9678,0.0292,-0.0110,-0.0233,786,0.9825,1.0000,0.330280,-0.1440,0.0236,
662,26.2074,24.9904,0.0428,0.0227,0.0136,788,0.9850,1.0000,0.330280,0.0872,-0.0627,
663,26.2355,24.9876,0.0321,-0.0028,-0.0107,786,0.9825,1.0000,0.330280,-0.0658,0.0040,
664,26.2633,24.9916,0.0223,0.0039,-0.0098,787,0.9850,1.0000,0.330280,-0.0587,-0.0158,
665,26.2910,24.9991,0.0297,0.0076,0.0074,789,0.9862,1.0000,0.330280,0.0466,-0.0197,
666,26.3190,24.9853,0.0156,-0.0138,-0.0141,788,0.9850,1.0000,0.330280,-0.0882,0.0358,
667,26.3474,25.0003,0.0295,0.0149,0.0139,790,0.9875,1.0000,0.330280,0.0872,-0.0393,
668,26.3756,24.9903,0.0241,-0.0100,-0.0053,789,0.9862,1.0000,0.330280,-0.0345,0.0279,
669,26.4032,24.9868,0.0341,-0.0035,0.0099,788,0.9850,1.0000,0.330280,0.0598,0.0147,
670,26.4309,24.9885,0.0504,0.0017,0.0163,790,0.9875,1.0000,0.330280,0.0995,0.0016,
671,26.4591,24.9810,0.0445,-0.0075,-0.0059,786,0.9825,1.0000,0.330280,-0.0374,0.0202,
672,26.4872,24.9946,0.0425,0.0137,-0.0020,786,0.9825,1.0000,0.330280,-0.0095,-0.0420,
673,26.5176,25.0024,0.0178,0.0078,-0.0247,787,0.9838,1.0000,0.330280,-0.1484,-0.0337,
674,26.5461,25.1372,-0.3443,0.1348,-0.3622,774,0.9287,1.0000,0.330280,-2.1748,-0.5541,
675,26.5753,25.2393,-0.6849,0.1020,-0.3405,754,0.8800,1.0000,0.330280,-2.0499,-0.4465,
676,26.6059,25.5602,-1.4769,0.3210,-0.7920,716,0.6887,1.0000,0.330280,-4.7510,-1.2905,
677,26.6366,25.6693,-1.6982,0.1091,-0.2212,589,0.2988,1.0000,0.330280,-1.3233,-0.4190,low_inlier
678,26.6659,25.5296,-1.3926,-0.1398,0.3056,692,0.3250,1.0000,0.330280,1.8297,0.5459,low_inlier
679,26.6951,26.5439,-3.1085,1.0143,-1.7159,635,0.1778,1.0000,0.330280,-10.2291,-3.7567,low_inlier
680,26.7253,27.1609,-6.0871,0.6170,-2.9786,653,0.2265,1.0000,0.330280,-17.9844,-3.0759,low_inlier
681,26.7563,28.2050,-8.4378,1.0441,-2.3508,661,0.1084,1.0000,0.330280,-14.0828,-4.1060,low_inlier
682,26.7897,29.0937,-10.0291,0.8887,-1.5912,44,0.0013,1.0000,0.330280,-9.4965,-3.3274,low_inlier
683,26.8206,25.9020,-10.0222,-3.1917,0.0069,242,0.0279,1.0000,0.330280,-0.5923,9.6169,low_inlier
684,26.8524,30.4295,-13.2849,4.5274,-3.2627,652,0.0000,1.0000,0.330280,-18.9343,-14.9712,low_inlier
685,26.8841,27.5670,-14.4012,-2.8625,-1.1163,264,0.0231,1.0000,0.330280,-7.3550,8.1661,low_inlier
686,26.9151,28.2754,-15.2075,0.7083,-0.8063,221,0.0123,1.0000,0.330280,-4.7606,-2.4633,low_inlier
687,26.9453,27.4626,-14.7082,-0.8127,0.4993,718,0.3894,1.0000,0.330280,2.8739,2.6522,low_inlier
688,26.9747,25.0879,-13.0723,-2.3748,1.6359,266,0.0013,1.0000,0.330280,9.4724,7.8219,low_inlier
689,27.0065,19.8692,-10.8512,-5.2187,2.2212,302,0.0077,1.0000,0.330280,12.4653,16.6277,low_inlier
690,27.0372,20.9456,-13.1332,1.0764,-2.2820,196,0.0116,1.0000,0.330280,-13.6583,-4.1751,low_inlier
691,27.0922,22.9260,-15.1882,1.9804,-2.0550,301,0.0227,1.0000,0.330280,-12.0989,-6.8055,low_inlier
692,27.1226,26.8831,-16.6388,3.9570,-1.4506,328,0.0563,1.0000,0.330280,-8.0317,-12.5123,low_inlier
693,27.1526,32.0800,-15.6763,5.1970,0.9625,550,0.0978,1.0000,0.330280,6.8836,-15.2610,low_inlier
694,27.1829,36.8847,-14.4387,4.8047,1.2376,743,0.0013,1.0000,0.330280,8.4784,-13.9669,low_inlier
695,27.2130,36.2136,-16.9544,-0.6711,-2.5157,445,0.3558,1.0000,0.330280,-15.4265,0.9931,low_inlier
696,27.2432,35.7912,-18.9873,-0.4225,-2.0329,437,0.4936,1.0000,0.330280,-12.4418,0.4416,low_inlier
697,27.2733,36.4688,-22.5676,0.6776,-3.5803,394,0.4043,1.0000,0.330280,-21.6299,-3.5045,low_inlier
698,27.3035,36.6847,-22.0833,0.2159,0.4842,772,0.0000,1.0000,0.330280,2.9866,-0.4524,low_inlier
699,27.3331,37.1034,-18.9547,0.4187,3.1286,527,0.1264,1.0000,0.330280,19.1017,0.0175,low_inlier
700,27.3635,37.3117,-18.3921,0.2083,0.5626,716,0.3371,1.0000,0.330280,3.4616,-0.3975,low_inlier
701,27.3931,36.8682,-18.2532,-0.4436,0.1389,734,0.5828,1.0000,0.330280,0.7565,1.3929,
702,27.4228,36.8382,-18.2594,-0.0300,-0.0062,749,0.9481,1.0000,0.330280,-0.0436,0.0878,
703,27.4573,36.6495,-18.8878,-0.1888,-0.6284,729,0.9216,1.0000,0.330280,-3.8578,0.3117,
704,27.4863,36.7152,-19.3180,0.0657,-0.4302,714,0.8734,1.0000,0.330280,-2.6023,-0.3738,
705,27.5150,36.7571,-19.7905,0.0419,-0.4724,747,0.8937,1.0000,0.330280,-2.8635,-0.3194,
706,27.5433,36.9161,-20.2308,0.1590,-0.4403,742,0.9228,1.0000,0.330280,-2.6451,-0.6588,
707,27.5718,37.0596,-20.6918,0.1435,-0.4610,721,0.9091,1.0000,0.330280,-2.7739,-0.6208,
708,27.6004,37.0501,-20.8231,-0.0095,-0.1313,765,0.9596,1.0000,0.330280,-0.8001,-0.0251,
709,27.6363,36.9082,-20.6634,-0.1420,0.1597,745,0.8494,1.0000,0.330280,0.9426,0.4929,
710,27.6696,36.9453,-21.2432,0.0372,-0.5798,682,0.7373,1.0000,0.330280,-3.5172,-0.3489,
711,27.6988,37.4377,-22.1439,0.4924,-0.9007,694,0.7374,1.0000,0.330280,-5.3777,-1.8514,
712,27.7278,37.6406,-22.5308,0.2029,-0.3869,708,0.6755,1.0000,0.330280,-2.3117,-0.7692,
713,27.7582,37.9943,-22.8105,0.3538,-0.2797,729,0.7054,1.0000,0.330280,-1.6300,-1.1799,
714,27.7882,38.2974,-22.6652,0.3030,0.1454,747,0.7338,1.0000,0.330280,0.9439,-0.8534,
715,27.8178,38.6682,-22.8517,0.3708,-0.1865,732,0.8534,1.0000,0.330280,-1.0602,-1.1933,
716,27.8477,38.9850,-22.9840,0.3168,-0.1323,745,0.8424,1.0000,0.330280,-0.7416,-1.0084,
717,27.8770,39.0924,-22.7001,0.1074,0.2839,754,0.9117,1.0000,0.330280,1.7472,-0.2075,
718,27.9063,37.2274,-23.2858,-1.8651,-0.5857,580,0.1163,1.0000,0.330280,-3.9308,5.3786,low_inlier
719,27.9382,37.6627,-24.5033,0.4353,-1.2175,629,0.5499,1.0000,0.330280,-7.3149,-1.8090,
720,27.9692,37.4485,-25.2792,-0.2142,-0.7759,640,0.5438,1.0000,0.330280,-4.7594,0.3280,
721,28.0227,37.3957,-25.5594,-0.0528,-0.2802,616,0.6880,1.0000,0.330280,-1.7138,0.0446,
722,28.0546,37.3702,-27.1227,-0.0255,-1.5633,655,0.4322,1.0000,0.330280,-9.5081,-0.5623,low_inlier
723,28.0865,37.2869,-28.5153,-0.0833,-1.3926,510,0.3755,1.0000,0.330280,-8.4819,-0.3182,low_inlier
724,28.1181,37.4535,-29.6237,0.1666,-1.1084,629,0.3677,1.0000,0.330280,-6.7051,-0.9549,low_inlier
725,28.1482,36.9077,-29.4692,-0.5458,0.1545,618,0.5464,1.0000,0.330280,0.8309,1.7071,
726,28.1783,36.2732,-28.9714,-0.6346,0.4978,645,0.4388,1.0000,0.330280,2.8999,2.1149,low_inlier
727,28.2085,36.2003,-29.2469,-0.0729,-0.2755,716,0.2893,1.0000,0.330280,-1.6891,0.1071,low_inlier
728,28.2382,36.6249,-29.2407,0.4247,0.0062,618,0.4121,1.0000,0.330280,0.1219,-1.2767,low_inlier
729,28.2765,36.7281,-28.6829,0.1032,0.5579,602,0.5783,1.0000,0.330280,3.4117,-0.0829,
730,28.3068,36.8125,-29.2873,0.0843,-0.6044,604,0.3050,1.0000,0.330280,-3.6574,-0.5011,low_inlier
731,28.3384,37.0316,-29.7486,0.2191,-0.4614,693,0.7693,1.0000,0.330280,-2.7612,-0.8486,
732,28.3694,37.9656,-30.4052,0.9340,-0.6566,622,0.6149,1.0000,0.330280,-3.8057,-3.0819,
733,28.3993,38.5143,-31.6566,0.5487,-1.2513,547,0.6894,1.0000,0.330280,-7.4979,-2.1642,
734,28.4295,39.0383,-34.2703,0.5240,-2.6138,566,0.2812,1.0000,0.330280,-15.7849,-2.6466,low_inlier
735,28.4600,40.0670,-36.6004,1.0288,-2.3301,481,0.3673,1.0000,0.330280,-13.9602,-4.0513,low_inlier
736,28.4905,40.4864,-37.9905,0.4193,-1.3901,594,0.3300,1.0000,0.330280,-8.3670,-1.8313,low_inlier
737,28.5210,40.0783,-37.0289,-0.4081,0.9616,596,0.6333,1.0000,0.330280,5.7642,1.6222,
738,28.5512,40.0454,-37.5390,-0.0329,-0.5101,664,0.7920,1.0000,0.330280,-3.1073,-0.1093,
739,28.5808,39.9016,-36.9548,-0.1437,0.5842,659,0.6805,1.0000,0.330280,3.5227,0.6717,
740,28.6109,39.8460,-37.2738,-0.0556,-0.3189,664,0.6383,1.0000,0.330280,-1.9498,0.0372,
741,28.6404,39.9498,-36.8602,0.1038,0.4135,682,0.7412,1.0000,0.330280,2.5345,-0.1435,
742,28.6702,38.7170,-35.5138,-1.2327,1.3464,417,0.3735,1.0000,0.330280,7.9398,4.2636,low_inlier
743,28.7007,39.9024,-35.7670,1.1854,-0.2532,644,0.1425,1.0000,0.330280,-1.3034,-3.6740,low_inlier
744,28.7311,40.7484,-37.4680,0.8461,-1.7010,432,0.2107,1.0000,0.330280,-10.1725,-3.2438,low_inlier
745,28.7612,40.2829,-37.1296,-0.4655,0.3384,525,0.2791,1.0000,0.330280,1.9649,1.5406,low_inlier
746,28.7914,39.5901,-36.8085,-0.6928,0.3211,662,0.5887,1.0000,0.330280,1.8141,2.2182,
747,28.8216,38.9509,-35.8967,-0.6391,0.9118,675,0.5579,1.0000,0.330280,5.4155,2.2979,
748,28.8519,37.7764,-35.3556,-1.1745,0.5411,609,0.2927,1.0000,0.330280,3.0560,3.7591,low_inlier
749,28.8819,36.6100,-34.4464,-1.1664,0.9092,567,0.4698,1.0000,0.330280,5.2955,3.8850,low_inlier
750,28.9118,36.1437,-34.2140,-0.4663,0.2324,704,0.8298,1.0000,0.330280,1.3201,1.4996,
751,28.9656,36.4007,-34.3623,0.2569,-0.1483,752,0.7497,1.0000,0.330280,-0.8505,-0.8345,
752,28.9949,36.5552,-34.5109,0.1546,-0.1486,785,0.7087,1.0000,0.330280,-0.8726,-0.5264,
753,29.0241,36.7068,-35.0455,0.1515,-0.5346,779,0.4662,1.0000,0.330280,-3.2199,-0.6749,low_inlier
754,29.0539,37.5827,-35.5554,0.8760,-0.5099,546,0.6951,1.0000,0.330280,-2.9258,-2.8471,
755,29.0839,38.0215,-36.3383,0.4388,-0.7829,504,0.5233,1.0000,0.330280,-4.6718,-1.6416,
756,29.1140,38.6111,-36.6301,0.5896,-0.2918,696,0.5995,1.0000,0.330280,-1.6569,-1.8952,
757,29.1438,38.9818,-36.8739,0.3707,-0.2437,711,0.5000,1.0000,0.330280,-1.4080,-1.2162,
758,29.1736,39.0288,-37.0278,0.0470,-0.1539,746,0.7163,1.0000,0.330280,-0.9261,-0.2045,
759,30.4495,40.3618,-35.5256,1.3330,1.5022,655,0.6579,1.0000,0.168192,-7.6697,-5.0211,
760,30.4795,40.7300,-35.6321,0.3682,-0.1065,509,0.4003,1.0000,0.168192,-2.2300,0.1619,low_inlier
761,30.5099,41.3747,-37.1674,0.6447,-1.5352,618,0.1832,1.0000,0.168192,-4.1921,4.2892,low_inlier
762,30.5417,40.1893,-39.6787,-1.1854,-2.5113,591,0.3051,1.0000,0.168192,6.5698,7.9564,low_inlier
763,30.5730,39.9380,-40.6594,-0.2513,-0.9807,569,0.5239,1.0000,0.168192,1.2974,3.0183,
764,30.6056,37.2021,-42.3311,-2.7359,-1.6717,595,0.2722,1.0000,0.168192,16.0424,6.1133,low_inlier
765,30.6411,35.6007,-42.5166,-1.6014,-0.1855,620,0.3609,1.0000,0.168192,9.5593,1.2230,low_inlier
766,30.6805,35.5160,-42.1367,-0.0847,0.3799,781,0.7725,1.0000,0.168192,0.5886,-1.0928,
767,30.7162,35.6741,-41.8062,0.1581,0.3305,721,0.8325,1.0000,0.168192,-0.8770,-1.0481,
768,30.7456,35.6453,-41.7806,-0.0288,0.0256,788,0.9812,1.0000,0.168192,0.1779,-0.0639,
769,30.7750,35.6142,-41.8099,-0.0311,-0.0293,791,0.9938,1.0000,0.168192,0.1802,0.0999,
770,30.8033,35.5499,-41.7108,-0.0643,0.0991,791,0.9888,1.0000,0.168192,0.4066,-0.2673,
771,30.8320,35.4100,-41.6271,-0.1400,0.0837,783,0.9875,1.0000,0.168192,0.8570,-0.1899,
772,30.8610,35.4788,-41.2426,0.0689,0.3844,673,0.7013,1.0000,0.168192,-0.3308,-1.1707,
773,30.8908,36.8215,-38.8556,1.3426,2.3870,606,0.6407,1.0000,0.168192,-7.5386,-7.6531,
774,30.9222,37.4528,-36.9467,0.6314,1.9089,666,0.2579,1.0000,0.168192,-3.3772,-5.9345,low_inlier
775,30.9532,37.3496,-37.0288,-0.1032,-0.0821,766,0.6625,1.0000,0.168192,0.6013,0.2871,
776,30.9830,37.3197,-37.0587,-0.0299,-0.0299,674,0.7650,1.0000,0.168192,0.1727,0.1013,
777,31.0130,37.6849,-36.6060,0.3651,0.4527,763,0.9137,1.0000,0.168192,-2.0922,-1.4977,
778,31.0548,37.9758,-36.4307,0.2910,0.1753,770,0.9513,1.0000,0.168192,-1.7067,-0.6427,
779,31.0965,37.9655,-36.4458,-0.0104,-0.0151,764,0.9563,1.0000,0.168192,0.0589,0.0491,
780,31.1256,37.9850,-36.4288,0.0195,0.0170,768,0.9550,1.0000,0.168192,-0.1134,-0.0586,
781,31.1865,37.9323,-36.4192,-0.0527,0.0096,787,0.9812,1.0000,0.168192,0.3177,-0.0065,
782,31.2164,37.8729,-36.4530,-0.0594,-0.0338,784,0.9725,1.0000,0.168192,0.3490,0.1253,
783,31.2458,37.7776,-36.5076,-0.0953,-0.0546,787,0.9838,1.0000,0.168192,0.5593,0.2020,
784,31.2754,37.6264,-36.6181,-0.1513,-0.1105,777,0.9825,1.0000,0.168192,0.8833,0.3918,
785,31.3065,37.0691,-37.2022,-0.5572,-0.5841,776,0.8432,1.0000,0.168192,3.2153,1.9687,
786,31.3360,36.7812,-37.4247,-0.2880,-0.2225,737,0.7913,1.0000,0.168192,1.6786,0.7816,
787,31.3660,36.5917,-37.5749,-0.1895,-0.1503,701,0.8648,1.0000,0.168192,1.1036,0.5258,
788,31.3954,36.1343,-38.1444,-0.4574,-0.5695,709,0.8098,1.0000,0.168192,2.6202,1.8833,
789,31.4251,36.1719,-38.2056,0.0375,-0.0611,771,0.9650,1.0000,0.168192,-0.2380,0.1659,
790,31.4548,36.1453,-38.1726,-0.0266,0.0329,771,0.9675,1.0000,0.168192,0.1665,-0.0866,
791,31.4835,36.1738,-38.1505,0.0286,0.0221,775,0.9712,1.0000,0.168192,-0.1665,-0.0777,
792,31.5117,36.1933,-38.1237,0.0194,0.0268,769,0.9625,1.0000,0.168192,-0.1108,-0.0878,
793,31.5411,36.2374,-38.0861,0.0442,0.0376,765,0.9575,1.0000,0.168192,-0.2567,-0.1302,
794,31.5697,36.4204,-38.1796,0.1830,-0.0935,709,0.8938,1.0000,0.168192,-1.1169,0.2008,
795,31.5988,36.4543,-38.1375,0.0339,0.0421,750,0.8425,1.0000,0.168192,-0.1942,-0.1392,
796,31.6278,36.4804,-38.0695,0.0261,0.0680,774,0.4437,1.0000,0.168192,-0.1419,-0.2128,low_inlier
797,31.6571,36.6694,-38.0722,0.1890,-0.0027,772,0.3488,1.0000,0.168192,-1.1335,-0.0714,low_inlier
798,31.6867,37.0121,-37.5514,0.3427,0.5208,695,0.4869,1.0000,0.168192,-1.9428,-1.6906,low_inlier
799,31.7165,37.0148,-37.5225,0.0027,0.0289,746,0.8512,1.0000,0.168192,-0.0097,-0.0870,
800,31.7453,37.2187,-37.4032,0.2039,0.1193,759,0.9299,1.0000,0.168192,-1.1970,-0.4399,
801,31.7748,37.3979,-37.2656,0.1792,0.1376,725,0.7447,1.0000,0.168192,-1.0447,-0.4839,
802,31.8045,37.3741,-37.2971,-0.0238,-0.0315,783,0.5482,1.0000,0.168192,0.1359,0.1035,
803,31.8335,37.3548,-37.2436,-0.0193,0.0535,786,0.5745,1.0000,0.168192,0.1272,-0.1507,
804,31.8625,37.4384,-37.2738,0.0836,-0.0302,769,0.8712,1.0000,0.168192,-0.5074,0.0545,
805,31.8921,37.5802,-37.0456,0.1418,0.2282,703,0.8911,1.0000,0.168192,-0.8015,-0.7373,
806,31.9214,37.7819,-36.8825,0.2017,0.1631,728,0.7895,1.0000,0.168192,-1.1742,-0.5692,
807,31.9508,37.7774,-36.9405,-0.0045,-0.0581,781,0.7875,1.0000,0.168192,0.0146,0.1743,
808,31.9785,-0.0409,0.0730,-0.0409,0.0730,791,0.7188,1.0000,0.168192,0.2610,-0.1997,
809,32.0055,0.0170,0.0047,0.0579,-0.0684,770,0.8350,1.0000,0.168192,-0.3619,0.1787,
810,32.0324,-0.0345,-0.0002,-0.0515,-0.0049,753,0.9475,1.0000,0.168192,0.3076,0.0362,
811,32.0829,-0.0836,0.0122,-0.0492,0.0125,788,0.9850,1.0000,0.168192,0.2973,-0.0164,
812,32.1092,-0.0611,-0.0376,0.0225,-0.0498,776,0.9287,1.0000,0.168192,-0.1457,0.1385,
813,32.1359,-0.1506,0.0244,-0.0895,0.0620,784,0.8475,1.0000,0.168192,0.5499,-0.1466,
814,32.1629,-0.1291,-0.0221,0.0215,-0.0465,784,0.9762,1.0000,0.168192,-0.1389,0.1292,
815,32.1893,-0.0795,-0.0639,0.0496,-0.0418,780,0.9750,1.0000,0.168192,-0.3062,0.1033,
816,32.2157,-0.1277,-0.0401,-0.0482,0.0238,786,0.9825,1.0000,0.168192,0.2938,-0.0504,
817,32.2428,-0.1392,-0.0573,-0.0115,-0.0172,791,0.9888,1.0000,0.168192,0.0655,0.0559,
818,32.2690,-0.1586,-0.0777,-0.0194,-0.0204,787,0.9850,1.0000,0.168192,0.1119,0.0686,
819,32.2950,-0.1867,-0.0944,-0.0281,-0.0167,788,0.9850,1.0000,0.168192,0.1647,0.0615,
820,32.3213,-0.1657,-0.1057,0.0210,-0.0112,785,0.9812,1.0000,0.168192,-0.1281,0.0245,
821,32.3475,-0.1355,-0.0880,0.0302,0.0176,784,0.9800,1.0000,0.168192,-0.1771,-0.0650,
822,32.3737,-0.0924,-0.0699,0.0432,0.0182,782,0.9775,1.0000,0.168192,-0.2550,-0.0721,
823,32.4000,-0.0542,-0.0591,0.0381,0.0107,780,0.9762,1.0000,0.168192,-0.2262,-0.0479,
824,32.4264,-0.0544,-0.0583,-0.0002,0.0008,783,0.9788,1.0000,0.168192,0.0012,-0.0024,
825,32.4525,-0.0464,-0.0796,0.0080,-0.0213,783,0.9800,1.0000,0.168192,-0.0527,0.0600,
826,32.4791,-0.0854,-0.0660,-0.0390,0.0136,786,0.9825,1.0000,0.168192,0.2367,-0.0240,
827,32.5057,-0.1020,-0.0886,-0.0166,-0.0225,793,0.9912,1.0000,0.168192,0.0946,0.0738,
828,32.5317,-0.1426,-0.0953,-0.0407,-0.0068,789,0.9862,1.0000,0.168192,0.2424,0.0371,
829,32.5587,-0.1868,-0.0991,-0.0441,-0.0038,786,0.9825,1.0000,0.168192,0.2637,0.0297,
830,32.5844,-0.1928,-0.1260,-0.0061,-0.0269,787,0.9838,1.0000,0.168192,0.0307,0.0825,
831,32.6100,-0.2610,-0.1612,-0.0681,-0.0352,787,0.9838,1.0000,0.168192,0.4009,0.1331,
832,32.6362,-0.5028,-0.4846,-0.2418,-0.3234,779,0.9750,1.0000,0.168192,1.3803,1.0621,
833,32.6625,-0.3790,-0.5500,0.1238,-0.0654,775,0.9712,1.0000,0.168192,-0.7559,0.1423,
834,32.6891,-0.4438,-0.5093,-0.0648,0.0407,731,0.9762,1.0000,0.168192,0.3973,-0.0936,
835,32.7150,-0.4721,-0.4688,-0.0283,0.0405,787,0.9838,1.0000,0.168192,0.1783,-0.1085,
836,32.7408,-0.4092,-0.5375,0.0629,-0.0687,780,0.9738,1.0000,0.168192,-0.3920,0.1776,
837,32.7672,-0.5065,-0.4806,-0.0973,0.0569,787,0.9499,1.0000,0.168192,0.5953,-0.1281,
838,32.7938,-0.5153,-0.5209,-0.0088,-0.0403,779,0.9513,1.0000,0.168192,0.0442,0.1234,
839,32.8202,-0.6243,-0.6694,-0.1091,-0.1485,757,0.9637,1.0000,0.168192,0.6220,0.4868,
840,32.8469,-0.8445,-0.7669,-0.2201,-0.0975,779,0.9700,1.0000,0.168192,1.2988,0.3820,
841,32.8971,-0.8101,-0.7806,0.0344,-0.0137,785,0.9800,1.0000,0.168192,-0.2090,0.0262,
842,32.9235,-0.8126,-0.7929,-0.0025,-0.0123,785,0.9775,1.0000,0.168192,0.0123,0.0375,
843,32.9495,-0.8396,-0.8012,-0.0270,-0.0083,789,0.9850,1.0000,0.168192,0.1599,0.0359,
844,32.9754,-0.8368,-0.7990,0.0028,0.0022,786,0.9825,1.0000,0.168192,-0.0161,-0.0076,
845,33.0008,-0.8212,-0.8117,0.0156,-0.0127,786,0.9838,1.0000,0.168192,-0.0962,0.0312,
846,33.0270,-0.8214,-0.8112,-0.0002,0.0005,790,0.9875,1.0000,0.168192,0.0012,-0.0013,
847,33.0527,-0.8259,-0.7901,-0.0045,0.0211,786,0.9825,1.0000,0.168192,0.0317,-0.0609,
848,33.0786,-0.7826,-0.8194,0.0434,-0.0293,786,0.9825,1.0000,0.168192,-0.2662,0.0689,
849,33.1068,-0.8039,-0.8042,-0.0213,0.0152,787,0.9838,1.0000,0.168192,0.1310,-0.0362,
850,33.1331,-0.8018,-0.8049,0.0021,-0.0007,789,0.9912,1.0000,0.168192,-0.0127,0.0011,
851,33.1611,-0.7805,-0.8160,0.0213,-0.0111,787,0.9850,1.0000,0.168192,-0.1299,0.0240,
852,33.1894,-0.8139,-0.7936,-0.0334,0.0223,786,0.9825,1.0000,0.168192,0.2048,-0.0523,
853,33.2248,-0.7949,-0.8149,0.0190,-0.0213,788,0.9850,1.0000,0.168192,-0.1186,0.0553,
854,33.2519,-0.8087,-0.8048,-0.0138,0.0101,787,0.9838,1.0000,0.168192,0.0852,-0.0242,
855,33.2775,-0.8203,-0.8121,-0.0116,-0.0072,787,0.9838,1.0000,0.168192,0.0682,0.0264,
856,33.3031,-0.8326,-0.8127,-0.0123,-0.0006,792,0.9900,1.0000,0.168192,0.0735,0.0070,
857,33.3294,-0.8454,-0.8093,-0.0128,0.0034,788,0.9850,1.0000,0.168192,0.0774,-0.0048,
858,33.3553,-0.8308,-0.8218,0.0146,-0.0126,787,0.9838,1.0000,0.168192,-0.0901,0.0312,
859,33.3816,-0.8432,-0.8086,-0.0124,0.0132,787,0.9838,1.0000,0.168192,0.0769,-0.0340,
860,33.4075,-0.8289,-0.8204,0.0143,-0.0117,787,0.9850,1.0000,0.168192,-0.0882,0.0289,
861,33.4331,-0.8216,-0.8201,0.0073,0.0003,786,0.9838,1.0000,0.168192,-0.0434,-0.0040,
862,33.4589,-0.8233,-0.8129,-0.0017,0.0071,789,0.9862,1.0000,0.168192,0.0115,-0.0205,
863,33.4849,-0.8055,-0.8261,0.0178,-0.0132,785,0.9812,1.0000,0.168192,-0.1095,0.0317,
864,33.5111,-0.8286,-0.8104,-0.0231,0.0157,788,0.9850,1.0000,0.168192,0.1417,-0.0369,
865,33.5383,-0.8133,-0.8247,0.0153,-0.0143,785,0.9825,1.0000,0.168192,-0.0948,0.0361,
866,33.5643,-0.8078,-0.8230,0.0054,0.0017,785,0.9812,1.0000,0.168192,-0.0322,-0.0074,
867,33.5898,-0.8167,-0.8192,-0.0088,0.0038,791,0.9888,1.0000,0.168192,0.0537,-0.0076,
868,33.6161,-0.8049,-0.8234,0.0117,-0.0043,790,0.9875,1.0000,0.168192,-0.0712,0.0077,
869,33.6419,-0.8164,-0.8089,-0.0114,0.0145,786,0.9838,1.0000,0.168192,0.0715,-0.0383,
870,33.6679,-0.8040,-0.8134,0.0124,-0.0045,786,0.9838,1.0000,0.168192,-0.0750,0.0080,
871,33.7174,-0.8092,-0.8077,-0.0052,0.0057,785,0.9812,1.0000,0.168192,0.0326,-0.0146,
872,33.7428,-0.8057,-0.8063,0.0035,0.0014,785,0.9812,1.0000,0.168192,-0.0206,-0.0057,
873,33.7680,-0.7906,-0.8067,0.0152,-0.0004,785,0.9812,1.0000,0.168192,-0.0911,-0.0052,
874,33.7933,-0.7883,-0.7953,0.0023,0.0113,784,0.9800,1.0000,0.168192,-0.0114,-0.0346,
875,33.8186,-0.7592,-0.8025,0.0290,-0.0072,786,0.9838,1.0000,0.168192,-0.1755,0.0092,
876,33.8444,-0.7596,-0.7948,-0.0004,0.0077,784,0.9812,1.0000,0.168192,0.0039,-0.0227,
877,33.8766,-0.7843,-0.7959,-0.0247,-0.0011,789,0.9862,1.0000,0.168192,0.1476,0.0135,
878,33.9099,-0.8172,-0.7993,-0.0329,-0.0034,795,0.9938,1.0000,0.168192,0.1964,0.0239,
879,33.9431,-0.8594,-0.8013,-0.0423,-0.0020,789,0.9862,1.0000,0.168192,0.2529,0.0236,
880,33.9765,-0.8707,-0.8134,-0.0113,-0.0121,784,0.9800,1.0000,0.168192,0.0649,0.0407,
881,34.0101,-0.8874,-0.8081,-0.0168,0.0053,790,0.9875,1.0000,0.168192,0.1017,-0.0088,
882,34.0437,-0.8968,-0.8113,-0.0093,-0.0033,790,0.9875,1.0000,0.168192,0.0551,0.0136,
883,34.0799,-0.8775,-0.8174,0.0192,-0.0061,785,0.9812,1.0000,0.168192,-0.1166,0.0100,
884,34.1097,-0.8852,-0.8140,-0.0077,0.0034,788,0.9850,1.0000,0.168192,0.0469,-0.0068,
885,34.1438,-0.8846,-0.8145,0.0006,-0.0005,786,0.9825,1.0000,0.168192,-0.0037,0.0012,
886,34.1767,-0.8849,-0.8158,-0.0003,-0.0013,782,0.9788,1.0000,0.168192,0.0014,0.0039,
887,34.2100,-0.8736,-0.8210,0.0113,-0.0053,783,0.9788,1.0000,0.168192,-0.0691,0.0109,
888,34.2430,-0.8571,-0.8158,0.0165,0.0052,782,0.9775,1.0000,0.168192,-0.0977,-0.0224,
889,34.2771,-0.8388,-0.8178,0.0183,-0.0020,784,0.9800,1.0000,0.168192,-0.1099,-0.0016,
890,34.3099,-0.8280,-0.8200,0.0108,-0.0022,786,0.9825,1.0000,0.168192,-0.0653,0.0019,
891,34.3433,-0.8475,-0.8175,-0.0194,0.0025,788,0.9862,1.0000,0.168192,0.1171,0.0007,
892,34.3771,-0.8491,-0.8227,-0.0017,-0.0052,786,0.9838,1.0000,0.168192,0.0090,0.0162,
893,34.4099,-0.8519,-0.8197,-0.0027,0.0030,785,0.9825,1.0000,0.168192,0.0171,-0.0078,
894,34.4432,-0.8726,-0.8201,-0.0207,-0.0004,791,0.9888,1.0000,0.168192,0.1239,0.0097,
895,34.4769,-0.8801,-0.8232,-0.0075,-0.0031,788,0.9850,1.0000,0.168192,0.0444,0.0123,
896,34.5106,-0.8917,-0.8255,-0.0116,-0.0024,788,0.9850,1.0000,0.168192,0.0691,0.0119,
897,34.5431,-0.8827,-0.8275,0.0090,-0.0020,784,0.9800,1.0000,0.168192,-0.0543,0.0021,
898,34.5764,-0.8754,-0.8279,0.0073,-0.0004,783,0.9788,1.0000,0.168192,-0.0441,-0.0019,
899,34.6098,-0.8690,-0.8283,0.0064,-0.0004,787,0.9838,1.0000,0.168192,-0.0382,-0.0015,
900,34.6430,-0.8663,-0.8232,0.0027,0.0051,784,0.9800,1.0000,0.168192,-0.0154,-0.0164,
901,34.6949,-0.8644,-0.8143,0.0019,0.0089,787,0.9850,1.0000,0.168192,-0.0094,-0.0273,
902,34.7212,-0.8429,-0.8125,0.0215,0.0017,789,0.9862,1.0000,0.168192,-0.1285,-0.0142,
903,34.7472,-0.8305,-0.8044,0.0123,0.0081,786,0.9862,1.0000,0.168192,-0.0721,-0.0293,
904,34.7765,-0.8072,-0.8020,0.0233,0.0024,785,0.9825,1.0000,0.168192,-0.1392,-0.0170,
905,34.8094,-0.7748,-0.8012,0.0324,0.0008,784,0.9800,1.0000,0.168192,-0.1942,-0.0160,
906,34.8432,-0.7683,-0.7997,0.0065,0.0015,789,0.9862,1.0000,0.168192,-0.0389,-0.0071,
907,34.8762,-0.7761,-0.8029,-0.0078,-0.0032,788,0.9862,1.0000,0.168192,0.0461,0.0128,
908,34.9106,-0.7992,-0.8071,-0.0231,-0.0042,790,0.9888,1.0000,0.168192,0.1375,0.0221,
909,34.9429,-0.8182,-0.8086,-0.0191,-0.0016,787,0.9862,1.0000,0.168192,0.1140,0.0127,
910,34.9763,-0.8348,-0.8135,-0.0166,-0.0049,789,0.9875,1.0000,0.168192,0.0983,0.0215,
911,35.0095,-0.8554,-0.8178,-0.0206,-0.0043,788,0.9862,1.0000,0.168192,0.1223,0.0214,
912,35.0429,-0.8649,-0.8240,-0.0095,-0.0062,790,0.9887,1.0000,0.168192,0.0558,0.0225,
913,35.0760,-0.8760,-0.8232,-0.0111,0.0008,786,0.9838,1.0000,0.168192,0.0669,0.0024,
914,35.1095,-0.8666,-0.8236,0.0094,-0.0004,788,0.9850,1.0000,0.168192,-0.0562,-0.0029,
915,35.1427,-0.8343,-0.8200,0.0323,0.0036,784,0.9800,1.0000,0.168192,-0.1930,-0.0242,
916,35.1760,-0.8032,-0.8140,0.0311,0.0060,784,0.9800,1.0000,0.168192,-0.1853,-0.0309,
917,35.2093,-0.7578,-0.8029,0.0454,0.0111,784,0.9800,1.0000,0.168192,-0.2699,-0.0521,
918,35.2429,-0.7145,-0.7791,0.0433,0.0238,784,0.9812,1.0000,0.168192,-0.2546,-0.0889,
919,35.2758,-0.6688,-0.7797,0.0456,-0.0006,785,0.9812,1.0000,0.168192,-0.2737,-0.0175,
920,35.3094,-0.6390,-0.7652,0.0298,0.0145,785,0.9812,1.0000,0.168192,-0.1756,-0.0555,
921,35.3427,-0.6206,-0.7484,0.0184,0.0168,787,0.9838,1.0000,0.168192,-0.1066,-0.0576,
922,35.3759,-0.6209,-0.7373,-0.0003,0.0111,789,0.9862,1.0000,0.168192,0.0041,-0.0327,
923,35.4093,-0.6310,-0.7318,-0.0101,0.0055,789,0.9862,1.0000,0.168192,0.0618,-0.0121,
924,35.4432,-0.6567,-0.7352,-0.0257,-0.0034,787,0.9850,1.0000,0.168192,0.1533,0.0208,
925,35.4763,-0.6920,-0.7435,-0.0353,-0.0083,791,0.9888,1.0000,0.168192,0.2099,0.0394,
926,35.5093,-0.7339,-0.7547,-0.0419,-0.0113,790,0.9875,1.0000,0.168192,0.2487,0.0510,
927,35.5425,-0.7901,-0.7609,-0.0562,-0.0062,788,0.9850,1.0000,0.168192,0.3357,0.0421,
928,35.5759,-0.8269,-0.7783,-0.0368,-0.0173,786,0.9850,1.0000,0.168192,0.2168,0.0669,
929,35.6092,-0.8494,-0.7859,-0.0225,-0.0077,788,0.9850,1.0000,0.168192,0.1331,0.0322,
930,35.6425,-0.8603,-0.7878,-0.0109,-0.0018,790,0.9875,1.0000,0.168192,0.0651,0.0100,
931,37.2807,0.5296,0.2790,1.3900,1.0668,634,0.6271,1.0000,0.168422,-8.0636,-3.7260,
932,37.3095,0.5324,0.2350,0.0028,-0.0440,773,0.5250,1.0000,0.168422,-0.0259,0.1290,
933,37.3370,0.4421,0.3034,-0.0903,0.0684,778,0.4813,1.0000,0.168422,0.5531,-0.1647,low_inlier
934,37.3650,0.4839,0.2599,0.0418,-0.0435,750,0.7725,1.0000,0.168422,-0.2584,0.1112,
935,37.3925,0.5159,0.2606,0.0321,0.0008,723,0.9287,1.0000,0.168422,-0.1910,-0.0155,
936,37.4194,0.5270,0.2687,0.0110,0.0080,765,0.9225,1.0000,0.168422,-0.0641,-0.0282,
937,37.4473,0.6038,0.2583,0.0769,-0.0103,753,0.7225,1.0000,0.168422,-0.4605,-0.0013,
938,37.4747,0.5591,0.3173,-0.0447,0.0590,784,0.5962,1.0000,0.168422,0.2790,-0.1558,
939,37.5017,0.6009,0.2721,0.0417,-0.0453,773,0.8525,1.0000,0.168422,-0.2585,0.1164,
940,37.5288,0.5730,0.2812,-0.0279,0.0092,760,0.9537,1.0000,0.168422,0.1684,-0.0156,
941,37.5554,0.5416,0.3058,-0.0314,0.0246,792,0.9888,1.0000,0.168422,0.1921,-0.0596,
942,37.5821,0.5865,0.2554,0.0449,-0.0504,782,0.9087,1.0000,0.168422,-0.2785,0.1304,
943,37.6094,0.5189,0.3194,-0.0676,0.0640,784,0.8113,1.0000,0.168422,0.4168,-0.1611,
944,37.6364,0.5602,0.2689,0.0413,-0.0504,779,0.8600,1.0000,0.168422,-0.2567,0.1319,
945,37.6634,0.5217,0.2727,-0.0384,0.0038,764,0.9337,1.0000,0.168422,0.2299,0.0047,
946,37.6904,0.5155,0.2987,-0.0063,0.0260,784,0.9812,1.0000,0.168422,0.0429,-0.0742,
947,37.7167,0.5758,0.3053,0.0603,0.0066,782,0.9675,1.0000,0.168422,-0.3581,-0.0443,
948,37.7433,0.6128,0.5617,0.0370,0.2564,758,0.7863,1.0000,0.168422,-0.1667,-0.7728,
949,37.7713,-0.2548,0.6982,-0.8676,0.1365,560,0.5738,1.0000,0.168422,5.2024,-0.0448,
950,37.7992,-0.7884,0.3526,-0.5336,-0.3455,549,0.5337,1.0000,0.168422,3.1089,1.2414,
951,37.8274,-0.5661,0.5440,0.2223,0.1913,706,0.4561,1.0000,0.168422,-1.2854,-0.6572,low_inlier
952,37.8551,-0.6513,0.5113,-0.0852,-0.0327,788,0.5463,1.0000,0.168422,0.5012,0.1318,
953,37.8825,-0.8488,0.6775,-0.1976,0.1662,736,0.8538,1.0000,0.168422,1.2130,-0.4094,
954,37.9100,-0.8698,0.5916,-0.0209,-0.0859,721,0.6525,1.0000,0.168422,0.1068,0.2623,
955,37.9372,-0.8582,0.4905,0.0116,-0.1012,759,0.3000,1.0000,0.168422,-0.0905,0.2940,low_inlier
956,37.9652,-0.9059,0.4967,-0.0477,0.0063,776,0.5500,1.0000,0.168422,0.2859,0.0012,
957,37.9926,-0.8702,0.3448,0.0357,-0.1519,783,0.9838,1.0000,0.168422,-0.2447,0.4341,
958,38.0199,-0.8488,0.3334,0.0215,-0.0114,779,0.9738,1.0000,0.168422,-0.1304,0.0249,
959,38.0464,-0.8394,0.3652,0.0094,0.0318,783,0.9663,1.0000,0.168422,-0.0494,-0.0977,
960,38.0734,-0.8216,0.3715,0.0177,0.0064,790,0.9812,1.0000,0.168422,-0.1044,-0.0261,
961,38.1290,-0.8175,0.3879,0.0041,0.0164,789,0.9862,1.0000,0.168422,-0.0210,-0.0502,
962,38.1555,-0.8161,0.3348,0.0015,-0.0531,791,0.9900,1.0000,0.168422,-0.0201,0.1564,
963,38.1819,-0.8845,0.3341,-0.0684,-0.0007,793,0.9912,1.0000,0.168422,0.4079,0.0303,
964,38.2088,-0.9630,0.3145,-0.0785,-0.0196,792,0.9900,1.0000,0.168422,0.4642,0.0902,
965,38.2358,-0.9921,0.2953,-0.0290,-0.0192,794,0.9925,1.0000,0.168422,0.1690,0.0688,
966,38.2631,-0.9521,0.3105,0.0400,0.0152,784,0.9800,1.0000,0.168422,-0.2353,-0.0613,
967,38.2902,-0.8762,0.3475,0.0759,0.0370,787,0.9838,1.0000,0.168422,-0.4446,-0.1407,
968,38.3171,-1.0193,1.0509,-0.1431,0.7034,735,0.8783,1.0000,0.168422,1.0015,-2.0189,
969,38.3448,0.2605,1.4592,1.2798,0.4083,722,0.5781,1.0000,0.168422,-7.5452,-1.7351,
970,38.3727,-0.0845,1.5376,-0.3450,0.0785,770,0.9400,1.0000,0.168422,2.0735,-0.0892,
971,38.4000,0.2565,1.4018,0.3410,-0.1358,773,0.9100,1.0000,0.168422,-2.0619,0.2602,
972,38.4261,-0.2593,0.0094,-0.2593,0.0094,723,0.8313,1.0000,0.168422,1.5485,0.0794,
973,38.4536,-0.0559,-0.0294,0.2035,-0.0388,765,0.9550,1.0000,0.168422,-1.2214,0.0304,
974,38.4807,-0.0572,-0.0813,-0.0013,-0.0519,785,0.9800,1.0000,0.168422,-0.0034,0.1538,
975,38.5070,-0.0314,-0.0549,0.0258,0.0264,785,0.9800,1.0000,0.168422,-0.1481,-0.0885,
976,38.5336,-0.0444,-0.0842,-0.0130,-0.0293,790,0.9888,1.0000,0.168422,0.0716,0.0919,
977,38.5596,-0.3532,-0.3986,-0.3088,-0.3144,761,0.9313,1.0000,0.168422,1.7752,1.0565,
978,38.5866,-0.8005,-0.8307,-0.4472,-0.4321,771,0.8287,1.0000,0.168422,2.5759,1.4613,
979,38.6136,-0.9842,-1.1324,-0.1837,-0.3017,695,0.8175,1.0000,0.168422,1.0316,0.9672,
980,38.6408,-1.5352,-1.6472,-0.5510,-0.5148,709,0.8135,1.0000,0.168422,3.1772,1.7485,
981,38.6683,-1.7823,-1.8542,-0.2472,-0.2070,765,0.9300,1.0000,0.168422,1.4303,0.7137,
982,38.6955,-1.9908,-2.1060,-0.2085,-0.2518,770,0.9249,1.0000,0.168422,1.1902,0.8300,
983,38.7227,-2.1111,-2.2901,-0.1203,-0.1842,782,0.9775,1.0000,0.168422,0.6784,0.5938,
984,38.7496,-2.1354,-2.2820,-0.0242,0.0081,785,0.9825,1.0000,0.168422,0.1462,-0.0139,
985,38.7769,-2.0315,-2.2935,0.1038,-0.0115,782,0.9762,1.0000,0.168422,-0.6216,-0.0090,
986,38.8036,-1.9369,-2.2306,0.0946,0.0629,782,0.9424,1.0000,0.168422,-0.5508,-0.2249,
987,38.8305,-1.7300,-2.1261,0.2069,0.1045,756,0.9399,1.0000,0.168422,-1.2116,-0.3943,
988,38.8576,-1.3033,-1.6937,0.4267,0.4324,752,0.9196,1.0000,0.168422,-2.4535,-1.4538,
989,38.8847,-1.3949,-1.6468,-0.0915,0.0469,793,0.9912,1.0000,0.168422,0.5558,-0.1006,
990,38.9114,-1.3729,-1.6903,0.0220,-0.0435,787,0.9737,1.0000,0.168422,-0.1402,0.1194,
991,38.9628,-1.4850,-1.7236,-0.1121,-0.0333,789,0.9825,1.0000,0.168422,0.6617,0.1447,
992,38.9894,-1.7069,-1.8741,-0.2219,-0.1505,682,0.8425,1.0000,0.168422,1.2912,0.5364,
993,39.0164,-2.1597,-2.4098,-0.4529,-0.5357,687,0.7925,1.0000,0.168422,2.5875,1.7697,
994,39.0438,-2.1649,-2.4579,-0.0052,-0.0481,783,0.9788,1.0000,0.168422,0.0208,0.1443,
995,39.0701,-2.1751,-2.4600,-0.0102,-0.0021,785,0.9812,1.0000,0.168422,0.0603,0.0104,
996,39.0963,-2.2262,-2.4087,-0.0510,0.0513,787,0.9812,1.0000,0.168422,0.3151,-0.1305,
997,39.1237,-2.1778,-2.4590,0.0484,-0.0503,780,0.9712,1.0000,0.168422,-0.2990,0.1286,
998,39.1504,-2.1940,-2.4230,-0.0162,0.0360,762,0.9475,1.0000,0.168422,0.1044,-0.0996,
999,39.1775,-2.0867,-2.4008,0.1074,0.0222,780,0.9775,1.0000,0.168422,-0.6355,-0.1101,
1000,39.2041,-1.8948,-2.3590,0.1918,0.0418,774,0.9687,1.0000,0.168422,-1.1351,-0.2028,
1001,39.2306,-1.4004,-1.7457,0.4945,0.6133,762,0.8593,1.0000,0.168422,-2.8193,-2.0161,
1002,39.2578,-1.2743,-1.6840,0.1261,0.0618,785,0.7538,1.0000,0.168422,-0.7387,-0.2346,
1003,39.2845,-1.1542,-1.7185,0.1201,-0.0345,778,0.9738,1.0000,0.168422,-0.7236,0.0523,
1004,39.3109,-1.2591,-1.6015,-0.1049,0.1170,781,0.9800,1.0000,0.168422,0.6501,-0.3022,
1005,39.3369,-1.3081,-1.5849,-0.0490,0.0166,790,0.9875,1.0000,0.168422,0.2960,-0.0289,
1006,39.3630,-1.3851,-1.5621,-0.0770,0.0228,788,0.9862,1.0000,0.168422,0.4637,-0.0355,
1007,39.3889,-1.4379,-1.5353,-0.0529,0.0267,787,0.9850,1.0000,0.168422,0.3209,-0.0571,
1008,39.4152,-1.4124,-1.5349,0.0255,0.0004,781,0.9762,1.0000,0.168422,-0.1519,-0.0117,
1009,39.4423,-1.3964,-1.5621,0.0161,-0.0271,780,0.9775,1.0000,0.168422,-0.1015,0.0735,
1010,39.4691,-1.4076,-1.5332,-0.0112,0.0288,785,0.9812,1.0000,0.168422,0.0728,-0.0805,
1011,39.4949,-1.3525,-1.5640,0.0550,-0.0307,779,0.9762,1.0000,0.168422,-0.3345,0.0681,
1012,39.5213,-1.3666,-1.5669,-0.0141,-0.0029,784,0.9812,1.0000,0.168422,0.0834,0.0145,
1013,39.5470,-1.3898,-1.5467,-0.0231,0.0202,790,0.9875,1.0000,0.168422,0.1422,-0.0503,
1014,39.5730,-1.3667,-1.4876,0.0231,0.0591,785,0.9825,1.0000,0.168422,-0.1254,-0.1841,
1015,39.5992,-1.4191,-1.4292,-0.0525,0.0584,785,0.9775,1.0000,0.168422,0.3253,-0.1508,
1016,39.6256,-1.3784,-1.3917,0.0407,0.0375,782,0.9600,1.0000,0.168422,-0.2349,-0.1275,
1017,39.6521,-1.2558,-1.3788,0.1226,0.0129,751,0.9313,1.0000,0.168422,-0.7283,-0.0889,
1018,39.6793,-1.6412,-1.8791,-0.3854,-0.5003,762,0.9163,1.0000,0.168422,2.1927,1.6373,
1019,39.7081,-1.6156,-1.9543,0.0256,-0.0752,788,0.9850,1.0000,0.168422,-0.1685,0.2115,
1020,39.7413,-1.6308,-1.9551,-0.0152,-0.0008,785,0.9812,1.0000,0.168422,0.0902,0.0086,
1021,39.7925,-1.6463,-1.9153,-0.0155,0.0398,789,0.9862,1.0000,0.168422,0.1010,-0.1111,
1022,39.8189,-1.6025,-1.9084,0.0438,0.0070,782,0.9725,1.0000,0.168422,-0.2596,-0.0387,
1023,39.8454,-1.5818,-1.9207,0.0207,-0.0123,785,0.9825,1.0000,0.168422,-0.1263,0.0279,
1024,39.8747,-1.3789,-2.0549,0.2029,-0.1342,760,0.9525,1.0000,0.168422,-1.2379,0.3126,
1025,39.9080,-1.2413,-2.1295,0.1376,-0.0746,734,0.9000,1.0000,0.168422,-0.8362,0.1637,
1026,39.9410,-0.9729,-2.4114,0.2685,-0.2819,773,0.9100,1.0000,0.168422,-1.6603,0.7217,
1027,39.9746,-0.2613,-2.0281,0.7116,0.3833,710,0.8423,1.0000,0.168422,-4.1626,-1.4264,
1028,40.0080,0.4942,-1.3706,0.7554,0.6575,676,0.7856,1.0000,0.168422,-4.3661,-2.2548,
1029,40.0417,1.1813,-1.0295,0.6871,0.3411,748,0.9122,1.0000,0.168422,-4.0253,-1.2916,
1030,40.0747,1.3092,-1.2474,0.1279,-0.2179,662,0.6038,1.0000,0.168422,-0.8084,0.5910,
1031,40.1080,1.2970,-1.1447,-0.0121,0.1027,661,0.7512,1.0000,0.168422,0.0939,-0.2985,
1032,40.1410,1.0923,-0.9829,-0.2047,0.1619,747,0.9200,1.0000,0.168422,1.2547,-0.3936,
1033,40.1748,1.1777,-1.0279,0.0854,-0.0451,725,0.8862,1.0000,0.168422,-0.5187,0.0978,
1034,40.2079,1.1730,-1.3439,-0.0048,-0.3159,727,0.9100,1.0000,0.168422,-0.0381,0.9353,
1035,40.2414,1.1311,-1.2984,-0.0419,0.0454,754,0.9475,1.0000,0.168422,0.2592,-0.1169,
1036,40.2746,1.1717,-1.3293,0.0406,-0.0309,754,0.9375,1.0000,0.168422,-0.2486,0.0745,
1037,40.3077,1.2727,-1.3628,0.1010,-0.0335,732,0.9425,1.0000,0.168422,-0.6096,0.0572,
1038,40.3417,1.2903,-1.4308,0.0176,-0.0680,725,0.9062,1.0000,0.168422,-0.1190,0.1937,
1039,40.3747,1.3743,-1.4373,0.0839,-0.0065,749,0.9450,1.0000,0.168422,-0.5020,-0.0155,
1040,40.4079,1.4154,-1.4035,0.0411,0.0338,754,0.9425,1.0000,0.168422,-0.2380,-0.1169,
1041,40.4412,1.4728,-1.3945,0.0574,0.0090,765,0.9613,1.0000,0.168422,-0.3406,-0.0503,
1042,40.4747,1.6541,-1.2046,0.1813,0.1899,748,0.9375,1.0000,0.168422,-1.0408,-0.6359,
1043,40.5082,1.7565,-1.1323,0.1024,0.0723,752,0.9450,1.0000,0.168422,-0.5955,-0.2559,
1044,40.5411,1.8038,-1.2571,0.0473,-0.1248,750,0.9437,1.0000,0.168422,-0.3083,0.3490,
1045,40.5741,1.8064,-1.1733,0.0026,0.0838,754,0.9475,1.0000,0.168422,0.0020,-0.2487,
1046,40.6077,1.7849,-1.1980,-0.0215,-0.0247,758,0.9575,1.0000,0.168422,0.1231,0.0819,
1047,40.6409,1.7372,-1.2627,-0.0477,-0.0647,766,0.9637,1.0000,0.168422,0.2710,0.2108,
1048,40.6742,1.6951,-1.3541,-0.0421,-0.0914,766,0.9650,1.0000,0.168422,0.2318,0.2874,
1049,40.7076,1.6641,-1.5263,-0.0310,-0.1723,744,0.9487,1.0000,0.168422,0.1484,0.5218,
1050,40.7409,1.6109,-1.6147,-0.0532,-0.0884,756,0.9463,1.0000,0.168422,0.2984,0.2832,
1051,40.7915,1.3716,-2.0814,-0.2393,-0.4667,771,0.9275,1.0000,0.168422,1.3288,1.4775,
1052,40.8191,1.0267,-2.9796,-0.3449,-0.8982,766,0.7963,1.0000,0.168422,1.8674,2.7961,
1053,40.8469,0.7503,-3.3837,-0.2764,-0.4041,784,0.8888,1.0000,0.168422,1.5632,1.3081,
1054,40.8747,0.8100,-3.4623,0.0597,-0.0786,784,0.9800,1.0000,0.168422,-0.3725,0.2075,
1055,40.9074,0.7565,-3.4582,-0.0534,0.0041,786,0.9825,1.0000,0.168422,0.3195,0.0099,
1056,40.9408,0.7441,-3.4756,-0.0124,-0.0174,790,0.9912,1.0000,0.168422,0.0703,0.0566,
1057,40.9741,0.7518,-3.4947,0.0076,-0.0191,789,0.9862,1.0000,0.168422,-0.0495,0.0532,
1058,41.0074,0.6911,-3.4756,-0.0606,0.0191,786,0.9825,1.0000,0.168422,0.3656,-0.0312,
1059,41.0409,0.7019,-3.5033,0.0107,-0.0277,790,0.9875,1.0000,0.168422,-0.0699,0.0773,
1060,41.0739,0.6713,-3.5002,-0.0306,0.0031,787,0.9838,1.0000,0.168422,0.1830,0.0034,
1061,41.1074,-0.0186,-0.0326,-0.0186,-0.0326,783,0.9862,1.0000,0.168422,0.1038,0.1040,
1062,41.1408,-0.1544,-0.2598,-0.1359,-0.2272,785,0.9812,1.0000,0.168422,0.7623,0.7272,
1063,41.1739,-0.2663,-0.3894,-0.1118,-0.1296,788,0.9850,1.0000,0.168422,0.6396,0.4291,
1064,41.2073,-0.2226,-0.4286,0.0437,-0.0392,785,0.9825,1.0000,0.168422,-0.2686,0.0978,
1065,41.2406,-0.2443,-0.4322,-0.0217,-0.0036,787,0.9838,1.0000,0.168422,0.1288,0.0195,
1066,41.2738,-0.2496,-0.4406,-0.0053,-0.0085,790,0.9875,1.0000,0.168422,0.0297,0.0272,
1067,41.3073,-0.2106,-0.4503,0.0390,-0.0097,782,0.9788,1.0000,0.168422,-0.2346,0.0126,
1068,41.3408,-0.2146,-0.4177,-0.0039,0.0326,785,0.9812,1.0000,0.168422,0.0304,-0.0947,
1069,41.3741,-0.2135,-0.5591,0.0011,-0.1414,786,0.9825,1.0000,0.168422,-0.0363,0.4172,
1070,41.4075,-0.1617,-0.5677,0.0518,-0.0086,784,0.9800,1.0000,0.168422,-0.3104,0.0039,
1071,41.4410,-0.1929,-0.5453,-0.0311,0.0223,787,0.9838,1.0000,0.168422,0.1903,-0.0531,
1072,41.4741,-0.1910,-0.5283,0.0019,0.0170,787,0.9838,1.0000,0.168422,-0.0076,-0.0510,
1073,41.5073,-0.1732,-0.5344,0.0178,-0.0061,785,0.9812,1.0000,0.168422,-0.1074,0.0107,
1074,41.5406,-0.1632,-0.4672,0.0100,0.0673,789,0.9862,1.0000,0.168422,-0.0456,-0.2029,
1075,41.5740,-0.1826,-0.4112,-0.0194,0.0560,788,0.9850,1.0000,0.168422,0.1277,-0.1573,
1076,41.6074,-0.0948,-0.4189,0.0878,-0.0077,783,0.9788,1.0000,0.168422,-0.5253,-0.0135,
1077,41.6406,-0.0271,-0.3659,0.0677,0.0530,781,0.9800,1.0000,0.168422,-0.3924,-0.1845,
1078,41.6740,0.2558,0.0884,0.2829,0.4544,782,0.9775,1.0000,0.168422,-1.5914,-1.4593,
1079,41.7070,0.3754,0.1308,0.1196,0.0423,785,0.9725,1.0000,0.168422,-0.7040,-0.1745,
1080,41.7405,0.4726,0.1261,0.0973,-0.0046,784,0.9800,1.0000,0.168422,-0.5810,-0.0266,
1081,41.7920,0.4935,0.2325,0.0209,0.1064,781,0.9775,1.0000,0.168422,-0.1019,-0.3229,
1082,41.8186,0.5759,0.2640,0.0824,0.0315,781,0.9762,1.0000,0.168422,-0.4847,-0.1270,
1083,41.8456,0.6474,0.3522,0.0715,0.0882,781,0.9762,1.0000,0.168422,-0.4078,-0.2902,
1084,41.8740,0.6752,0.4146,0.0278,0.0623,782,0.9775,1.0000,0.168422,-0.1528,-0.1957,
1085,41.9070,0.6730,0.4162,-0.0023,0.0016,783,0.9788,1.0000,0.168422,0.0138,-0.0038,
1086,41.9404,0.6626,0.3968,-0.0104,-0.0194,783,0.9788,1.0000,0.168422,0.0577,0.0616,
1087,41.9738,0.6710,0.3968,0.0084,-0.0000,781,0.9775,1.0000,0.168422,-0.0498,-0.0033,
1088,42.0070,0.7276,0.4183,0.0566,0.0216,781,0.9762,1.0000,0.168422,-0.3330,-0.0871,
1089,42.0405,0.9418,0.6743,0.2143,0.2560,781,0.9775,1.0000,0.168422,-1.2238,-0.8448,
1090,42.0739,1.0404,0.7493,0.0986,0.0750,781,0.9762,1.0000,0.168422,-0.5722,-0.2624,
1091,42.1070,1.0669,0.7422,0.0265,-0.0071,781,0.9762,1.0000,0.168422,-0.1593,0.0100,
1092,42.1403,1.0675,0.7992,0.0006,0.0570,782,0.9775,1.0000,0.168422,0.0084,-0.1686,
1093,42.1738,1.0888,0.7945,0.0212,-0.0047,786,0.9825,1.0000,0.168422,-0.1277,0.0050,
1094,42.2071,1.0730,0.7961,-0.0158,0.0015,790,0.9875,1.0000,0.168422,0.0944,0.0020,
1095,42.2406,1.0196,0.8105,-0.0534,0.0144,790,0.9875,1.0000,0.168422,0.3216,-0.0204,
1096,42.2737,0.9805,0.7767,-0.0391,-0.0338,786,0.9825,1.0000,0.168422,0.2259,0.1160,
1097,42.3069,0.9321,0.7604,-0.0484,-0.0162,786,0.9825,1.0000,0.168422,0.2853,0.0679,
1098,42.3401,0.8724,0.7477,-0.0597,-0.0128,790,0.9888,1.0000,0.168422,0.3531,0.0624,
1099,42.3738,0.7539,0.5397,-0.1185,-0.2080,788,0.9850,1.0000,0.168422,0.6626,0.6634,
1100,42.4066,0.6304,0.4763,-0.1235,-0.0634,787,0.9838,1.0000,0.168422,0.7233,0.2384,
1101,42.4402,0.5764,0.4219,-0.0540,-0.0544,786,0.9825,1.0000,0.168422,0.3105,0.1832,
1102,42.4738,0.4133,0.1711,-0.1631,-0.2508,782,0.9825,1.0000,0.168422,0.9198,0.8082,
1103,42.5069,0.4101,0.0312,-0.0032,-0.1399,781,0.9762,1.0000,0.168422,-0.0103,0.4146,
1104,42.5399,0.4702,0.0575,0.0601,0.0264,781,0.9775,1.0000,0.168422,-0.3527,-0.1027,
1105,42.5735,0.5135,0.0982,0.0433,0.0407,782,0.9775,1.0000,0.168422,-0.2497,-0.1380,
1106,42.6069,0.5996,0.1401,0.0861,0.0419,781,0.9762,1.0000,0.168422,-0.5048,-0.1594,
1107,42.6399,0.8993,0.5593,0.2997,0.4192,775,0.9712,1.0000,0.168422,-1.6985,-1.3622,
1108,42.6735,0.9779,0.6307,0.0786,0.0715,783,0.9750,1.0000,0.168422,-0.4536,-0.2436,
1109,42.7068,1.0372,0.5874,0.0593,-0.0433,782,0.9775,1.0000,0.168422,-0.3628,0.1034,
1110,42.7402,0.9527,0.6216,-0.0845,0.0342,789,0.9862,1.0000,0.168422,0.5111,-0.0660,
1111,42.7907,0.9515,0.6035,-0.0012,-0.0181,790,0.9875,1.0000,0.168422,0.0034,0.0540,
1112,42.8171,0.9036,0.5839,-0.0479,-0.0196,783,0.9788,1.0000,0.168422,0.2814,0.0777,
1113,42.8435,0.8205,0.5654,-0.0831,-0.0185,786,0.9838,1.0000,0.168422,0.4914,0.0889,
1114,42.8734,0.7299,0.3868,-0.0906,-0.1786,782,0.9800,1.0000,0.168422,0.5028,0.5650,
1115,42.9067,0.7647,0.3719,0.0348,-0.0149,781,0.9762,1.0000,0.168422,-0.2105,0.0298,
1116,42.9403,0.7610,0.3959,-0.0036,0.0240,784,0.9800,1.0000,0.168422,0.0266,-0.0694,
1117,42.9735,0.8055,0.3993,0.0444,0.0034,782,0.9775,1.0000,0.168422,-0.2641,-0.0285,
1118,43.0067,0.8290,0.3100,0.0236,-0.0893,781,0.9762,1.0000,0.168422,-0.1594,0.2542,
1119,43.0399,0.7912,0.3390,-0.0378,0.0290,782,0.9775,1.0000,0.168422,0.2317,-0.0699,
1120,43.0735,0.7538,0.3509,-0.0373,0.0119,786,0.9825,1.0000,0.168422,0.2252,-0.0198,
1121,43.1068,0.7527,0.3332,-0.0011,-0.0177,784,0.9800,1.0000,0.168422,0.0031,0.0528,
1122,43.1406,0.7119,0.3393,-0.0408,0.0061,781,0.9762,1.0000,0.168422,0.2446,-0.0012,
1123,43.1732,0.7192,0.3291,0.0073,-0.0102,786,0.9825,1.0000,0.168422,-0.0456,0.0271,
1124,43.2068,0.7375,0.3226,0.0183,-0.0065,781,0.9762,1.0000,0.168422,-0.1106,0.0117,
1125,43.2403,0.7362,0.3293,-0.0013,0.0067,782,0.9775,1.0000,0.168422,0.0089,-0.0193,
1126,43.2740,0.7554,0.3328,0.0192,0.0035,784,0.9800,1.0000,0.168422,-0.1136,-0.0182,
1127,43.3067,0.7600,0.3020,0.0046,-0.0308,782,0.9775,1.0000,0.168422,-0.0338,0.0890,
1128,43.3399,0.7364,0.2856,-0.0236,-0.0164,782,0.9775,1.0000,0.168422,0.1373,0.0582,
1129,43.3734,0.7386,0.2795,0.0022,-0.0062,785,0.9812,1.0000,0.168422,-0.0146,0.0173,
1130,43.4068,0.7568,0.2624,0.0182,-0.0170,783,0.9788,1.0000,0.168422,-0.1122,0.0428,
1131,43.4403,0.7349,0.2671,-0.0220,0.0047,781,0.9762,1.0000,0.168422,0.1320,-0.0048,
1132,43.4730,0.7293,0.2687,-0.0055,0.0015,784,0.9800,1.0000,0.168422,0.0332,-0.0022,
1133,43.5070,0.7483,0.1533,0.0190,-0.1154,781,0.9762,1.0000,0.168422,-0.1375,0.3330,
1134,43.5401,0.7539,0.1655,0.0056,0.0122,782,0.9775,1.0000,0.168422,-0.0307,-0.0383,
1135,43.5734,0.7417,0.1763,-0.0122,0.0108,792,0.9900,1.0000,0.168422,0.0747,-0.0269,
1136,43.6067,0.7607,0.1747,0.0189,-0.0015,782,0.9775,1.0000,0.168422,-0.1133,-0.0034,
1137,43.6399,0.7469,0.1833,-0.0138,0.0086,782,0.9775,1.0000,0.168422,0.0843,-0.0197,
1138,43.6730,0.7398,0.1881,-0.0070,0.0047,785,0.9812,1.0000,0.168422,0.0429,-0.0111,
1139,43.7065,0.7465,0.1795,0.0067,-0.0085,783,0.9788,1.0000,0.168422,-0.0419,0.0224,
1140,43.7402,0.7280,0.1345,-0.0185,-0.0450,784,0.9800,1.0000,0.168422,0.1008,0.1407,
1141,43.7913,0.7276,0.1427,-0.0005,0.0082,784,0.9800,1.0000,0.168422,0.0046,-0.0240,
1142,43.8175,0.7212,0.1449,-0.0063,0.0022,782,0.9775,1.0000,0.168422,0.0381,-0.0039,
1143,43.8434,0.7274,0.1429,0.0062,-0.0020,784,0.9812,1.0000,0.168422,-0.0372,0.0033,
1144,43.8733,0.7249,0.1381,-0.0025,-0.0048,781,0.9775,1.0000,0.168422,0.0140,0.0153,
1145,43.9068,0.7280,0.1451,0.0031,0.0070,781,0.9762,1.0000,0.168422,-0.0168,-0.0220,
1146,43.9402,0.7464,0.1412,0.0184,-0.0039,782,0.9775,1.0000,0.168422,-0.1107,0.0039,
1147,43.9737,0.7410,0.1444,-0.0054,0.0031,782,0.9788,1.0000,0.168422,0.0327,-0.0071,
1148,44.0070,0.7420,0.1411,0.0010,-0.0033,780,0.9775,1.0000,0.168422,-0.0068,0.0093,
1149,44.0399,0.7369,0.1403,-0.0051,-0.0007,780,0.9750,1.0000,0.168422,0.0303,0.0043,
1150,44.0737,0.7333,0.1361,-0.0036,-0.0043,785,0.9812,1.0000,0.168422,0.0205,0.0141,
1151,44.1071,0.7278,0.1337,-0.0056,-0.0024,787,0.9850,1.0000,0.168422,0.0326,0.0094,
1152,44.1399,0.7095,0.1310,-0.0183,-0.0026,782,0.9775,1.0000,0.168422,0.1086,0.0153,
1153,44.1730,0.7067,0.1269,-0.0028,-0.0042,785,0.9825,1.0000,0.168422,0.0157,0.0134,
1154,44.2065,0.7039,0.1243,-0.0028,-0.0026,784,0.9800,1.0000,0.168422,0.0161,0.0089,
1155,44.2404,0.7034,0.1189,-0.0005,-0.0054,783,0.9788,1.0000,0.168422,0.0020,0.0161,
1156,44.2737,0.6980,0.1147,-0.0054,-0.0042,782,0.9788,1.0000,0.168422,0.0314,0.0147,
1157,44.3068,0.6973,0.1129,-0.0007,-0.0018,786,0.9825,1.0000,0.168422,0.0035,0.0055,
1158,44.3401,0.7077,0.0944,0.0104,-0.0185,778,0.9738,1.0000,0.168422,-0.0658,0.0503,
1159,44.3732,0.6977,0.0940,-0.0100,-0.0004,785,0.9812,1.0000,0.168422,0.0598,0.0052,
1160,44.4061,0.7021,0.0859,0.0045,-0.0082,782,0.9788,1.0000,0.168422,-0.0283,0.0223,
1161,44.4401,0.7098,0.0807,0.0077,-0.0052,788,0.9850,1.0000,0.168422,-0.0469,0.0121,
1162,44.4734,0.6975,0.0766,-0.0122,-0.0041,782,0.9775,1.0000,0.168422,0.0721,0.0173,
1163,44.5064,0.7046,0.0715,0.0071,-0.0051,790,0.9875,1.0000,0.168422,-0.0432,0.0122,
1164,44.5402,0.7191,0.0435,0.0145,-0.0280,780,0.9762,1.0000,0.168422,-0.0923,0.0767,
1165,44.5733,0.7079,0.0391,-0.0112,-0.0044,780,0.9750,1.0000,0.168422,0.0660,0.0175,
1166,44.6067,0.7107,0.0322,0.0028,-0.0069,789,0.9875,1.0000,0.168422,-0.0184,0.0191,
1167,44.6402,0.7251,0.0214,0.0144,-0.0108,779,0.9762,1.0000,0.168422,-0.0880,0.0260,
1168,44.6732,0.7104,0.0262,-0.0147,0.0047,783,0.9788,1.0000,0.168422,0.0889,-0.0079,
1169,44.7066,0.7061,0.0259,-0.0043,-0.0002,782,0.9788,1.0000,0.168422,0.0255,0.0024,
1170,44.7399,0.7090,0.0230,0.0029,-0.0030,784,0.9812,1.0000,0.168422,-0.0180,0.0076,
1171,44.7918,0.6924,0.0301,-0.0166,0.0072,789,0.9862,1.0000,0.168422,0.1004,-0.0144,
1172,44.8176,0.6835,-0.0369,-0.0089,-0.0670,792,0.9900,1.0000,0.168422,0.0388,0.2016,
1173,44.8433,0.6959,-0.0489,0.0124,-0.0121,790,0.9875,1.0000,0.168422,-0.0764,0.0306,
1174,44.8732,0.6651,-0.0363,-0.0308,0.0126,787,0.9838,1.0000,0.168422,0.1865,-0.0245,
1175,44.9065,0.6773,-0.0448,0.0123,-0.0084,788,0.9850,1.0000,0.168422,-0.0749,0.0199,
1176,44.9397,0.6731,-0.0528,-0.0042,-0.0081,787,0.9838,1.0000,0.168422,0.0235,0.0255,
1177,44.9729,0.6559,-0.0530,-0.0172,-0.0001,788,0.9850,1.0000,0.168422,0.1026,0.0075,
1178,45.0062,0.6757,-0.0611,0.0198,-0.0081,787,0.9838,1.0000,0.168422,-0.1197,0.0157,
1179,45.0400,0.6629,-0.0647,-0.0128,-0.0037,786,0.9825,1.0000,0.168422,0.0753,0.0161,
1180,45.0733,0.6458,-0.0645,-0.0171,0.0003,789,0.9862,1.0000,0.168422,0.1023,0.0063,
1181,45.1062,0.6614,-0.1576,0.0156,-0.0932,787,0.9838,1.0000,0.168422,-0.1125,0.2688,
1182,45.1397,0.6688,-0.1708,0.0074,-0.0132,786,0.9825,1.0000,0.168422,-0.0472,0.0360,
1183,45.1726,0.6376,-0.1543,-0.0313,0.0165,787,0.9838,1.0000,0.168422,0.1899,-0.0359,
1184,45.2062,0.6665,-0.1670,0.0289,-0.0127,786,0.9825,1.0000,0.168422,-0.1752,0.0256,
1185,45.2395,0.6602,-0.2480,-0.0063,-0.0810,785,0.9812,1.0000,0.168422,0.0205,0.2418,
1186,45.2732,0.6532,-0.2443,-0.0070,0.0037,789,0.9862,1.0000,0.168422,0.0427,-0.0080,
1187,45.3063,0.6436,-0.2500,-0.0095,-0.0057,790,0.9875,1.0000,0.168422,0.0555,0.0208,
1188,45.3393,0.6453,-0.2697,0.0016,-0.0197,789,0.9862,1.0000,0.168422,-0.0139,0.0575,
1189,45.3727,0.6469,-0.2796,0.0016,-0.0099,787,0.9838,1.0000,0.168422,-0.0118,0.0287,
1190,45.4061,0.6468,-0.2778,-0.0001,0.0018,787,0.9838,1.0000,0.168422,0.0010,-0.0053,
1191,45.4393,0.6588,-0.2855,0.0120,-0.0077,788,0.9850,1.0000,0.168422,-0.0731,0.0177,
1192,45.4731,0.6617,-0.2927,0.0029,-0.0072,788,0.9850,1.0000,0.168422,-0.0188,0.0200,
1193,45.5062,0.6556,-0.2845,-0.0061,0.0082,789,0.9862,1.0000,0.168422,0.0383,-0.0218,
1194,45.5391,0.6531,-0.2931,-0.0024,-0.0086,786,0.9825,1.0000,0.168422,0.0126,0.0265,
1195,45.5727,0.6369,-0.2911,-0.0163,0.0020,787,0.9838,1.0000,0.168422,0.0975,0.0008,
1196,45.6061,0.6351,-0.2998,-0.0017,-0.0087,788,0.9850,1.0000,0.168422,0.0084,0.0266,
1197,45.6392,0.6185,-0.3039,-0.0166,-0.0041,786,0.9825,1.0000,0.168422,0.0981,0.0190,
1198,45.6729,0.6151,-0.3213,-0.0035,-0.0174,789,0.9862,1.0000,0.168422,0.0171,0.0528,
1199,45.7061,0.5992,-0.3422,-0.0159,-0.0208,787,0.9838,1.0000,0.168422,0.0901,0.0681,
1200,45.7399,0.5444,-0.4224,-0.0548,-0.0802,790,0.9875,1.0000,0.168422,0.3100,0.2597,
1201,45.7925,0.5381,-0.4628,-0.0063,-0.0404,785,0.9812,1.0000,0.168422,0.0288,0.1219,
1202,45.8190,0.5207,-0.4557,-0.0174,0.0071,785,0.9812,1.0000,0.168422,0.1053,-0.0137,
1203,45.8456,0.5288,-0.4614,0.0080,-0.0057,787,0.9838,1.0000,0.168422,-0.0492,0.0136,
1204,45.8731,0.5290,-0.4751,0.0003,-0.0137,782,0.9788,1.0000,0.168422,-0.0044,0.0403,
1205,45.9061,0.5141,-0.5066,-0.0149,-0.0315,786,0.9825,1.0000,0.168422,0.0822,0.0991,
1206,45.9391,0.5309,-0.5137,0.0167,-0.0071,783,0.9788,1.0000,0.168422,-0.1014,0.0141,
1207,45.9725,0.5201,-0.5177,-0.0108,-0.0040,785,0.9812,1.0000,0.168422,0.0633,0.0164,
1208,46.0060,0.5085,-0.5115,-0.0116,0.0062,791,0.9888,1.0000,0.168422,0.0706,-0.0136,
1209,46.0393,0.5121,-0.5139,0.0036,-0.0024,783,0.9800,1.0000,0.168422,-0.0219,0.0056,
1210,46.0730,0.5073,-0.5118,-0.0048,0.0021,784,0.9800,1.0000,0.168422,0.0289,-0.0042,
1211,46.1064,0.5117,-0.5105,0.0044,0.0013,787,0.9838,1.0000,0.168422,-0.0261,-0.0056,
1212,46.1391,0.5192,-0.5113,0.0074,-0.0007,785,0.9812,1.0000,0.168422,-0.0444,-0.0009,
1213,46.1723,0.5160,-0.5034,-0.0031,0.0079,786,0.9825,1.0000,0.168422,0.0203,-0.0219,
1214,46.2057,0.5189,-0.5058,0.0028,-0.0024,787,0.9838,1.0000,0.168422,-0.0172,0.0060,
1215,46.2391,0.5303,-0.5096,0.0115,-0.0038,785,0.9812,1.0000,0.168422,-0.0692,0.0066,
1216,46.2730,0.5332,-0.5077,0.0028,0.0019,788,0.9850,1.0000,0.168422,-0.0166,-0.0069,
1217,46.3059,0.5278,-0.5063,-0.0054,0.0014,788,0.9850,1.0000,0.168422,0.0325,-0.0020,
1218,46.3395,0.5352,-0.5057,0.0075,0.0006,787,0.9838,1.0000,0.168422,-0.0444,-0.0048,
1219,46.3727,0.5320,-0.5037,-0.0032,0.0020,785,0.9812,1.0000,0.168422,0.0197,-0.0046,
1220,46.4062,0.5222,-0.5021,-0.0098,0.0016,786,0.9825,1.0000,0.168422,0.0586,-0.0006,
1221,46.4392,0.5128,-0.5054,-0.0095,-0.0033,786,0.9825,1.0000,0.168422,0.0558,0.0136,
1222,46.4727,0.4905,-0.5031,-0.0223,0.0023,787,0.9838,1.0000,0.168422,0.1335,0.0023,
1223,46.5060,0.4791,-0.5107,-0.0113,-0.0076,785,0.9812,1.0000,0.168422,0.0660,0.0273,
1224,46.5390,0.4722,-0.5181,-0.0069,-0.0074,788,0.9850,1.0000,0.168422,0.0397,0.0247,
1225,46.5721,0.4643,-0.5182,-0.0079,-0.0000,786,0.9850,1.0000,0.168422,0.0470,0.0033,
1226,46.6057,0.4756,-0.5232,0.0113,-0.0050,787,0.9850,1.0000,0.168422,-0.0685,0.0101,
1227,46.6390,0.4823,-0.5258,0.0067,-0.0026,786,0.9825,1.0000,0.168422,-0.0403,0.0049,
1228,46.6729,0.4917,-0.5239,0.0095,0.0019,786,0.9825,1.0000,0.168422,-0.0560,-0.0094,
1229,46.7056,0.4965,-0.5172,0.0047,0.0067,784,0.9800,1.0000,0.168422,-0.0269,-0.0217,
1230,46.7403,0.5023,-0.5189,0.0058,-0.0017,784,0.9800,1.0000,0.168422,-0.0352,0.0025,
1231,46.7912,0.4992,-0.5189,-0.0031,-0.0001,786,0.9837,1.0000,0.168422,0.0184,0.0015,
1232,46.8170,0.4953,-0.5213,-0.0039,-0.0023,784,0.9812,1.0000,0.168422,0.0228,0.0085,
1233,46.8427,0.4918,-0.5233,-0.0035,-0.0021,782,0.9775,1.0000,0.168422,0.0204,0.0075,
1234,46.8722,0.4935,-0.5225,0.0017,0.0009,782,0.9787,1.0000,0.168422,-0.0098,-0.0033,
1235,46.9056,0.4909,-0.5207,-0.0026,0.0017,782,0.9775,1.0000,0.168422,0.0160,-0.0041,
1236,46.9393,0.4864,-0.5209,-0.0045,-0.0002,782,0.9787,1.0000,0.168422,0.0266,0.0023,
1237,46.9722,0.4704,-0.5621,-0.0160,-0.0413,785,0.9825,1.0000,0.168422,0.0869,0.1285,
1238,47.0055,0.4998,-0.5778,0.0294,-0.0156,780,0.9762,1.0000,0.168422,-0.1786,0.0341,
1239,47.0391,0.4940,-0.5739,-0.0058,0.0039,780,0.9762,1.0000,0.168422,0.0356,-0.0091,
1240,47.0720,0.4908,-0.5734,-0.0032,0.0005,781,0.9775,1.0000,0.168422,0.0191,-0.0002,
1241,47.1058,0.5073,-0.5739,0.0166,-0.0005,781,0.9762,1.0000,0.168422,-0.0989,-0.0052,
1242,47.1391,0.4958,-0.5665,-0.0115,0.0074,785,0.9837,1.0000,0.168422,0.0704,-0.0170,
1243,47.1719,0.4918,-0.5991,-0.0040,-0.0326,780,0.9762,1.0000,0.168422,0.0172,0.0978,
1244,47.2054,0.4749,-0.6104,-0.0169,-0.0113,779,0.9762,1.0000,0.168422,0.0984,0.0404,
1245,47.2395,0.4545,-0.6043,-0.0203,0.0061,787,0.9850,1.0000,0.168422,0.1226,-0.0095,
1246,47.2731,0.4764,-0.6505,0.0219,-0.0462,770,0.9599,1.0000,0.168422,-0.1404,0.1275,
1247,47.3061,0.4996,-0.7668,0.0232,-0.1163,776,0.8373,1.0000,0.168422,-0.1626,0.3339,
1248,47.3391,0.5237,-0.8769,0.0241,-0.1101,746,0.8023,1.0000,0.168422,-0.1669,0.3152,
1249,47.3725,0.5537,-0.9999,0.0300,-0.1230,772,0.7660,1.0000,0.168422,-0.2048,0.3509,
1250,47.4056,0.5908,-1.1757,0.0371,-0.1758,679,0.5081,1.0000,0.168422,-0.2584,0.5040,
1251,47.4387,0.5943,-1.2907,0.0035,-0.1150,782,0.8598,1.0000,0.168422,-0.0449,0.3382,
1252,47.4722,0.5826,-1.1963,-0.0117,0.0944,779,0.7447,1.0000,0.168422,0.0897,-0.2740,
1253,47.5053,0.5422,-1.0316,-0.0404,0.1646,728,0.4568,1.0000,0.168422,0.2753,-0.4697,low_inlier
1254,47.5390,0.4804,-0.8006,-0.0619,0.2310,749,0.2243,1.0000,0.168422,0.4175,-0.6568,low_inlier
1255,47.5724,0.3141,-0.6184,-0.1662,0.1823,453,0.4304,1.0000,0.168422,1.0297,-0.4698,low_inlier
1256,47.6062,0.2939,-0.5061,-0.0203,0.1123,778,0.7935,1.0000,0.168422,0.1445,-0.3234,
1257,47.6395,0.2736,-0.3989,-0.0203,0.1072,777,0.7982,1.0000,0.168422,0.1436,-0.3082,
1258,47.6773,0.2691,-0.5448,-0.0044,-0.1459,604,0.6646,1.0000,0.168422,-0.0043,0.4328,
1259,47.7062,0.2871,-0.6947,0.0180,-0.1499,633,0.3705,1.0000,0.168422,-0.1387,0.4354,low_inlier
1260,47.7391,0.2676,-0.6912,-0.0195,0.0035,782,0.9787,1.0000,0.168422,0.1168,-0.0022,
1261,47.7918,0.2594,-0.6908,-0.0083,0.0004,785,0.9825,1.0000,0.168422,0.0494,0.0023,
1262,47.8179,0.2712,-0.7096,0.0119,-0.0188,785,0.9812,1.0000,0.168422,-0.0748,0.0505,
1263,47.8441,0.2483,-0.7027,-0.0229,0.0069,786,0.9825,1.0000,0.168422,0.1380,-0.0109,
1264,47.8722,0.2470,-0.6972,-0.0014,0.0055,787,0.9838,1.0000,0.168422,0.0094,-0.0156,
1265,47.9052,0.2631,-0.7091,0.0162,-0.0119,785,0.9812,1.0000,0.168422,-0.0990,0.0284,
1266,47.9385,0.2545,-0.7033,-0.0086,0.0058,789,0.9862,1.0000,0.168422,0.0524,-0.0135,
1267,47.9717,0.2618,-0.7023,0.0072,0.0011,785,0.9812,1.0000,0.168422,-0.0430,-0.0061,
1268,48.0051,0.2819,-0.7094,0.0201,-0.0071,784,0.9800,1.0000,0.168422,-0.1214,0.0128,
1269,48.0389,0.2808,-0.7047,-0.0011,0.0047,788,0.9850,1.0000,0.168422,0.0077,-0.0135,
1270,48.0717,0.2764,-0.7031,-0.0044,0.0016,786,0.9825,1.0000,0.168422,0.0263,-0.0030,
1271,48.1059,0.2801,-0.7051,0.0037,-0.0020,789,0.9862,1.0000,0.168422,-0.0225,0.0045,
1272,48.1386,0.2797,-0.6975,-0.0004,0.0076,785,0.9825,1.0000,0.168422,0.0040,-0.0223,
1273,48.1718,0.2729,-0.6960,-0.0068,0.0015,787,0.9838,1.0000,0.168422,0.0410,-0.0017,
1274,48.2051,0.2745,-0.7030,0.0016,-0.0070,784,0.9800,1.0000,0.168422,-0.0113,0.0201,
1275,48.2384,0.2686,-0.7004,-0.0060,0.0026,788,0.9850,1.0000,0.168422,0.0361,-0.0052,
1276,48.2718,0.2745,-0.6974,0.0059,0.0030,786,0.9825,1.0000,0.168422,-0.0347,-0.0113,
1277,48.3076,0.2711,-0.6983,-0.0034,-0.0009,785,0.9812,1.0000,0.168422,0.0199,0.0040,
1278,48.3381,0.2626,-0.6960,-0.0085,0.0023,788,0.9850,1.0000,0.168422,0.0515,-0.0032,
1279,48.3715,0.2627,-0.6928,0.0001,0.0032,791,0.9888,1.0000,0.168422,0.0001,-0.0095,
1280,48.4049,0.2649,-0.6936,0.0022,-0.0008,786,0.9825,1.0000,0.168422,-0.0133,0.0013,
1281,48.4385,0.2600,-0.6910,-0.0049,0.0026,789,0.9862,1.0000,0.168422,0.0300,-0.0056,
1282,48.4715,0.2661,-0.6925,0.0061,-0.0015,786,0.9825,1.0000,0.168422,-0.0369,0.0018,
1283,48.5050,0.2681,-0.6949,0.0020,-0.0024,786,0.9825,1.0000,0.168422,-0.0123,0.0064,
1284,48.5387,0.2754,-0.6955,0.0074,-0.0006,784,0.9800,1.0000,0.168422,-0.0441,-0.0014,
1285,48.5719,0.2837,-0.6968,0.0083,-0.0013,787,0.9838,1.0000,0.168422,-0.0499,0.0004,
1286,48.6049,0.2824,-0.6973,-0.0013,-0.0005,787,0.9838,1.0000,0.168422,0.0079,0.0020,
1287,48.6387,0.2820,-0.6972,-0.0004,0.0001,787,0.9838,1.0000,0.168422,0.0025,-0.0001,
1288,48.6716,0.2795,-0.6939,-0.0025,0.0034,790,0.9875,1.0000,0.168422,0.0157,-0.0089,
1289,48.7050,0.2680,-0.6976,-0.0115,-0.0037,790,0.9875,1.0000,0.168422,0.0678,0.0157,
1290,48.7399,0.2603,-0.6973,-0.0076,0.0002,786,0.9838,1.0000,0.168422,0.0456,0.0025,
1291,48.7918,0.2492,-0.6999,-0.0112,-0.0026,785,0.9812,1.0000,0.168422,0.0660,0.0123,
1292,48.8179,0.2480,-0.7044,-0.0012,-0.0045,778,0.9762,1.0000,0.168422,0.0063,0.0137,
1293,48.8442,0.2483,-0.7037,0.0004,0.0007,783,0.9788,1.0000,0.168422,-0.0021,-0.0023,
1294,48.8714,0.2570,-0.7047,0.0086,-0.0010,781,0.9762,1.0000,0.168422,-0.0516,-0.0007,
1295,48.9050,0.2687,-0.7047,0.0117,-0.0000,781,0.9762,1.0000,0.168422,-0.0699,-0.0047,
1296,48.9382,0.2686,-0.7047,-0.0001,0.0000,785,0.9812,1.0000,0.168422,0.0007,-0.0001,
1297,48.9862,0.2689,-0.7019,0.0003,0.0027,782,0.9775,1.0000,0.168422,-0.0013,-0.0082,
1298,49.0168,0.2657,-0.7071,-0.0032,-0.0052,783,0.9788,1.0000,0.168422,0.0181,0.0167,
1299,49.0440,0.2627,-0.7023,-0.0030,0.0048,784,0.9800,1.0000,0.168422,0.0189,-0.0129,
1300,49.0715,0.2674,-0.6996,0.0048,0.0027,783,0.9788,1.0000,0.168422,-0.0278,-0.0100,
1301,49.1051,0.2622,-0.7001,-0.0052,-0.0005,782,0.9775,1.0000,0.168422,0.0311,0.0036,
1302,49.1382,0.2668,-0.6997,0.0046,0.0004,784,0.9800,1.0000,0.168422,-0.0273,-0.0030,
1303,49.1714,0.2641,-0.7015,-0.0027,-0.0017,785,0.9812,1.0000,0.168422,0.0155,0.0062,
1304,49.2046,0.2581,-0.7006,-0.0060,0.0009,785,0.9812,1.0000,0.168422,0.0360,-0.0002,
1305,49.2381,0.2637,-0.7031,0.0056,-0.0025,783,0.9788,1.0000,0.168422,-0.0339,0.0052,
1306,49.2715,0.2548,-0.7053,-0.0089,-0.0022,786,0.9825,1.0000,0.168422,0.0524,0.0103,
1307,49.3049,0.2516,-0.7020,-0.0032,0.0033,787,0.9838,1.0000,0.168422,0.0200,-0.0084,
1308,49.3379,0.2570,-0.7065,0.0054,-0.0044,783,0.9788,1.0000,0.168422,-0.0331,0.0108,
1309,49.3713,0.2562,-0.7093,-0.0008,-0.0028,788,0.9850,1.0000,0.168422,0.0043,0.0087,
1310,49.4047,0.2566,-0.7036,0.0004,0.0057,785,0.9812,1.0000,0.168422,-0.0013,-0.0171,
1311,49.4380,0.2595,-0.7074,0.0029,-0.0039,784,0.9800,1.0000,0.168422,-0.0182,0.0102,
1312,49.4712,0.2563,-0.7023,-0.0033,0.0052,783,0.9788,1.0000,0.168422,0.0206,-0.0139,
1313,49.5046,0.2454,-0.6988,-0.0108,0.0034,784,0.9812,1.0000,0.168422,0.0653,-0.0057,
1314,49.5379,0.2397,-0.7048,-0.0058,-0.0060,786,0.9825,1.0000,0.168422,0.0330,0.0202,
1315,49.5713,0.2328,-0.7021,-0.0069,0.0028,785,0.9812,1.0000,0.168422,0.0416,-0.0053,
1316,49.6046,0.2258,-0.7067,-0.0070,-0.0047,788,0.9850,1.0000,0.168422,0.0410,0.0167,
1317,49.6379,0.2332,-0.7128,0.0075,-0.0061,783,0.9788,1.0000,0.168422,-0.0460,0.0148,
1318,49.6710,0.2282,-0.7120,-0.0051,0.0008,784,0.9800,1.0000,0.168422,0.0303,-0.0003,
1319,49.7044,0.2283,-0.7159,0.0001,-0.0039,783,0.9788,1.0000,0.168422,-0.0015,0.0115,
1320,49.7389,0.2333,-0.7190,0.0050,-0.0031,785,0.9812,1.0000,0.168422,-0.0306,0.0070,
1321,49.7904,0.2257,-0.7178,-0.0076,0.0012,787,0.9838,1.0000,0.168422,0.0458,-0.0004,
1322,49.8165,0.2232,-0.7202,-0.0024,-0.0024,788,0.9850,1.0000,0.168422,0.0141,0.0081,
1323,49.8421,0.2243,-0.7292,0.0010,-0.0090,786,0.9825,1.0000,0.168422,-0.0081,0.0261,
1324,49.8709,0.2161,-0.7319,-0.0082,-0.0027,787,0.9838,1.0000,0.168422,0.0486,0.0115,
1325,49.9043,0.2130,-0.7364,-0.0031,-0.0045,786,0.9825,1.0000,0.168422,0.0174,0.0146,
1326,49.9378,0.2081,-0.7431,-0.0049,-0.0067,786,0.9825,1.0000,0.168422,0.0279,0.0217,
1327,49.9710,0.2063,-0.7437,-0.0018,-0.0006,789,0.9862,1.0000,0.168422,0.0104,0.0026,
1328,50.0043,0.2020,-0.7486,-0.0043,-0.0049,784,0.9800,1.0000,0.168422,0.0244,0.0162,
1329,50.0377,0.2011,-0.7584,-0.0009,-0.0098,789,0.9862,1.0000,0.168422,0.0035,0.0293,
1330,50.0709,0.2020,-0.7626,0.0009,-0.0042,785,0.9812,1.0000,0.168422,-0.0065,0.0121,
1331,50.1041,0.2024,-0.7671,0.0004,-0.0044,786,0.9825,1.0000,0.168422,-0.0031,0.0130,
1332,50.1376,0.2149,-0.7766,0.0125,-0.0095,785,0.9812,1.0000,0.168422,-0.0765,0.0230,
1333,50.1708,0.2182,-0.7768,0.0033,-0.0002,790,0.9875,1.0000,0.168422,-0.0195,-0.0008,
1334,50.2040,0.2242,-0.7784,0.0061,-0.0016,786,0.9825,1.0000,0.168422,-0.0366,0.0023,
1335,50.2379,0.2282,-0.7809,0.0040,-0.0025,788,0.9850,1.0000,0.168422,-0.0244,0.0057,
1336,50.2710,0.2213,-0.7824,-0.0069,-0.0015,788,0.9850,1.0000,0.168422,0.0409,0.0074,
1337,50.3042,0.2139,-0.7825,-0.0075,-0.0000,788,0.9850,1.0000,0.168422,0.0445,0.0032,
1338,50.3375,0.2114,-0.7781,-0.0025,0.0044,788,0.9850,1.0000,0.168422,0.0158,-0.0119,
1339,50.3710,0.2024,-0.7766,-0.0089,0.0015,785,0.9812,1.0000,0.168422,0.0536,-0.0007,
1340,50.4042,0.2017,-0.7766,-0.0007,-0.0000,786,0.9825,1.0000,0.168422,0.0044,0.0004,
1341,50.4377,0.2071,-0.7777,0.0054,-0.0010,787,0.9838,1.0000,0.168422,-0.0327,0.0008,
1342,50.4709,0.2146,-0.7725,0.0075,0.0051,787,0.9838,1.0000,0.168422,-0.0437,-0.0182,
1343,50.5040,0.2126,-0.7764,-0.0020,-0.0038,789,0.9862,1.0000,0.168422,0.0114,0.0121,
1344,50.5374,0.2103,-0.7793,-0.0023,-0.0030,787,0.9838,1.0000,0.168422,0.0131,0.0097,
1345,50.5709,0.2095,-0.7749,-0.0008,0.0044,785,0.9812,1.0000,0.168422,0.0056,-0.0127,
1346,50.6040,0.2146,-0.7762,0.0051,-0.0013,787,0.9838,1.0000,0.168422,-0.0306,0.0017,
1347,50.6374,0.2134,-0.7747,-0.0012,0.0015,787,0.9838,1.0000,0.168422,0.0073,-0.0041,
1348,50.6707,0.2071,-0.7762,-0.0063,-0.0015,786,0.9825,1.0000,0.168422,0.0374,0.0071,
1349,50.7040,0.2020,-0.7779,-0.0051,-0.0017,788,0.9850,1.0000,0.168422,0.0298,0.0072,
1350,50.7379,0.2116,-0.7837,0.0095,-0.0058,787,0.9838,1.0000,0.168422,-0.0580,0.0131,
1351,50.7881,0.2035,-0.7809,-0.0080,0.0028,788,0.9850,1.0000,0.168422,0.0485,-0.0048,
1352,50.8140,0.1996,-0.7802,-0.0039,0.0007,787,0.9838,1.0000,0.168422,0.0234,-0.0005,
1353,50.8398,0.2068,-0.7859,0.0072,-0.0057,785,0.9812,1.0000,0.168422,-0.0440,0.0138,
1354,50.8713,0.2050,-0.7862,-0.0018,-0.0004,786,0.9825,1.0000,0.168422,0.0106,0.0018,
1355,50.9043,0.2074,-0.7840,0.0024,0.0022,785,0.9812,1.0000,0.168422,-0.0136,-0.0075,
1356,50.9376,0.2108,-0.7863,0.0034,-0.0023,787,0.9838,1.0000,0.168422,-0.0210,0.0053,
1357,50.9708,0.2116,-0.7879,0.0008,-0.0016,787,0.9838,1.0000,0.168422,-0.0051,0.0043,
1358,51.0046,0.2083,-0.7873,-0.0034,0.0006,784,0.9800,1.0000,0.168422,0.0202,-0.0004,
1359,51.0378,0.2033,-0.7904,-0.0050,-0.0031,786,0.9825,1.0000,0.168422,0.0289,0.0112,
1360,51.0707,0.1981,-0.7925,-0.0052,-0.0020,787,0.9838,1.0000,0.168422,0.0307,0.0082,
1361,51.1039,0.1932,-0.7910,-0.0049,0.0014,785,0.9812,1.0000,0.168422,0.0297,-0.0022,
1362,51.1377,0.1905,-0.7898,-0.0026,0.0013,788,0.9850,1.0000,0.168422,0.0158,-0.0026,
1363,51.1708,0.1963,-0.7912,0.0057,-0.0014,788,0.9850,1.0000,0.168422,-0.0345,0.0018,
1364,51.2042,0.2026,-0.7928,0.0063,-0.0016,785,0.9812,1.0000,0.168422,-0.0381,0.0020,
1365,51.2378,0.2120,-0.7962,0.0093,-0.0034,787,0.9838,1.0000,0.168422,-0.0565,0.0063,
1366,51.2711,0.2115,-0.7925,-0.0005,0.0037,787,0.9838,1.0000,0.168422,0.0037,-0.0108,
1367,51.3041,0.2149,-0.7903,0.0034,0.0022,786,0.9825,1.0000,0.168422,-0.0198,-0.0078,
1368,51.3378,0.2149,-0.7986,0.0000,-0.0083,786,0.9825,1.0000,0.168422,-0.0019,0.0245,
1369,51.3709,0.2060,-0.7960,-0.0089,0.0027,785,0.9812,1.0000,0.168422,0.0537,-0.0042,
1370,51.4040,0.2077,-0.7891,0.0017,0.0069,787,0.9838,1.0000,0.168422,-0.0087,-0.0212,
1371,51.4378,0.2068,-0.7934,-0.0008,-0.0044,785,0.9812,1.0000,0.168422,0.0041,0.0133,
1372,51.4711,0.1962,-0.7998,-0.0106,-0.0064,786,0.9825,1.0000,0.168422,0.0619,0.0232,
1373,51.5041,0.1907,-0.7949,-0.0055,0.0049,789,0.9862,1.0000,0.168422,0.0338,-0.0122,
1374,51.5376,0.1990,-0.7993,0.0082,-0.0044,787,0.9838,1.0000,0.168422,-0.0500,0.0095,
1375,51.5704,0.1946,-0.7952,-0.0044,0.0040,785,0.9812,1.0000,0.168422,0.0271,-0.0101,
1376,51.6040,0.1924,-0.7942,-0.0022,0.0010,787,0.9838,1.0000,0.168422,0.0133,-0.0021,
1377,51.6370,0.1997,-0.7993,0.0073,-0.0051,787,0.9838,1.0000,0.168422,-0.0444,0.0121,
1378,51.6706,0.2092,-0.8005,0.0095,-0.0011,786,0.9825,1.0000,0.168422,-0.0570,-0.0006,
1379,51.7036,0.2087,-0.7983,-0.0005,0.0022,788,0.9850,1.0000,0.168422,0.0032,-0.0062,
1380,51.7379,0.2102,-0.8006,0.0015,-0.0023,785,0.9812,1.0000,0.168422,-0.0092,0.0062,
1381,51.7893,0.2022,-0.7986,-0.0080,0.0021,784,0.9800,1.0000,0.168422,0.0481,-0.0028,
1382,51.8155,0.2007,-0.8003,-0.0014,-0.0018,788,0.9850,1.0000,0.168422,0.0082,0.0059,
1383,51.8427,0.2022,-0.8018,0.0015,-0.0015,787,0.9838,1.0000,0.168422,-0.0090,0.0038,
1384,51.8703,0.2013,-0.8025,-0.0009,-0.0007,785,0.9812,1.0000,0.168422,0.0051,0.0024,
1385,51.9037,0.1986,-0.8032,-0.0027,-0.0006,784,0.9800,1.0000,0.168422,0.0161,0.0029,
1386,51.9370,0.1988,-0.8050,0.0002,-0.0018,786,0.9825,1.0000,0.168422,-0.0018,0.0054,
1387,51.9703,0.1958,-0.8076,-0.0031,-0.0026,787,0.9838,1.0000,0.168422,0.0177,0.0090,
1388,52.0039,0.1914,-0.8059,-0.0043,0.0017,781,0.9762,1.0000,0.168422,0.0262,-0.0033,
1389,52.0369,0.1954,-0.8068,0.0040,-0.0009,784,0.9800,1.0000,0.168422,-0.0239,0.0010,
1390,52.0704,0.1974,-0.8007,0.0020,0.0061,784,0.9800,1.0000,0.168422,-0.0105,-0.0188,
1391,52.1038,0.1941,-0.7999,-0.0033,0.0008,784,0.9800,1.0000,0.168422,0.0196,-0.0011,
1392,52.1369,0.1971,-0.8005,0.0030,-0.0006,787,0.9838,1.0000,0.168422,-0.0181,0.0007,
1393,52.1701,0.1980,-0.7917,0.0009,0.0088,786,0.9825,1.0000,0.168422,-0.0032,-0.0263,
1394,52.2035,0.2078,-0.7959,0.0098,-0.0041,785,0.9812,1.0000,0.168422,-0.0592,0.0081,
1395,52.2370,0.2015,-0.7922,-0.0063,0.0037,784,0.9800,1.0000,0.168422,0.0384,-0.0083,
1396,52.2700,0.1939,-0.7892,-0.0076,0.0029,786,0.9825,1.0000,0.168422,0.0458,-0.0055,
1397,52.3035,0.1876,-0.7906,-0.0062,-0.0013,786,0.9825,1.0000,0.168422,0.0369,0.0065,
1398,52.3368,0.1905,-0.7944,0.0029,-0.0039,785,0.9812,1.0000,0.168422,-0.0181,0.0102,
1399,52.3700,0.1864,-0.7891,-0.0041,0.0053,788,0.9850,1.0000,0.168422,0.0258,-0.0139,
1400,52.4035,0.1926,-0.7908,0.0063,-0.0017,783,0.9788,1.0000,0.168422,-0.0377,0.0024,
1401,52.4366,0.2022,-0.7909,0.0096,-0.0000,782,0.9775,1.0000,0.168422,-0.0572,-0.0038,
1402,52.4701,0.2080,-0.7922,0.0057,-0.0013,783,0.9788,1.0000,0.168422,-0.0345,0.0016,
1403,52.5034,0.2161,-0.7938,0.0082,-0.0016,787,0.9838,1.0000,0.168422,-0.0491,0.0014,
1404,52.5368,0.2204,-0.7922,0.0043,0.0016,783,0.9788,1.0000,0.168422,-0.0252,-0.0064,
1405,52.5700,0.2174,-0.7901,-0.0031,0.0021,784,0.9800,1.0000,0.168422,0.0187,-0.0051,
1406,52.6034,0.2101,-0.7859,-0.0073,0.0042,782,0.9775,1.0000,0.168422,0.0444,-0.0094,
1407,52.6369,0.1979,-0.7890,-0.0122,-0.0031,785,0.9812,1.0000,0.168422,0.0718,0.0143,
1408,52.6700,0.1811,-0.7879,-0.0168,0.0010,790,0.9875,1.0000,0.168422,0.1002,0.0038,
1409,52.7033,0.1719,-0.7890,-0.0092,-0.0011,784,0.9800,1.0000,0.168422,0.0547,0.0071,
1410,52.7381,0.1680,-0.7895,-0.0039,-0.0004,783,0.9788,1.0000,0.168422,0.0231,0.0028,
1411,52.7888,0.1711,-0.7916,0.0030,-0.0021,788,0.9850,1.0000,0.168422,-0.0184,0.0050,
1412,52.8147,0.1706,-0.7949,-0.0005,-0.0034,783,0.9788,1.0000,0.168422,0.0023,0.0102,
1413,52.8408,0.1755,-0.7946,0.0050,0.0003,785,0.9812,1.0000,0.168422,-0.0297,-0.0031,
1414,52.8698,0.1814,-0.7961,0.0059,-0.0015,784,0.9800,1.0000,0.168422,-0.0352,0.0021,
1415,52.9034,0.1763,-0.7978,-0.0051,-0.0017,785,0.9812,1.0000,0.168422,0.0300,0.0070,
1416,52.9367,0.1743,-0.7974,-0.0020,0.0003,788,0.9850,1.0000,0.168422,0.0121,-0.0002,
1417,52.9701,0.1769,-0.7967,0.0026,0.0007,786,0.9825,1.0000,0.168422,-0.0153,-0.0033,
1418,53.0033,0.1789,-0.7983,0.0020,-0.0016,783,0.9788,1.0000,0.168422,-0.0123,0.0038,
1419,53.0365,0.1760,-0.7991,-0.0029,-0.0008,783,0.9788,1.0000,0.168422,0.0169,0.0037,
1420,53.0700,0.1768,-0.7979,0.0008,0.0012,787,0.9838,1.0000,0.168422,-0.0043,-0.0038,
1421,53.1035,0.1769,-0.7940,0.0001,0.0039,785,0.9812,1.0000,0.168422,0.0004,-0.0115,
1422,53.1370,0.1735,-0.7943,-0.0034,-0.0003,787,0.9838,1.0000,0.168422,0.0200,0.0022,
1423,53.1695,0.1739,-0.7905,0.0004,0.0038,781,0.9762,1.0000,0.168422,-0.0019,-0.0115,
1424,53.2030,0.1772,-0.7919,0.0033,-0.0014,788,0.9850,1.0000,0.168422,-0.0198,0.0029,
1425,53.2364,0.1696,-0.7907,-0.0076,0.0012,788,0.9850,1.0000,0.168422,0.0457,-0.0004,
1426,53.2698,0.1701,-0.7947,0.0005,-0.0040,785,0.9812,1.0000,0.168422,-0.0039,0.0117,
1427,53.3030,0.1789,-0.7942,0.0088,0.0006,783,0.9788,1.0000,0.168422,-0.0525,-0.0053,
1428,53.3364,0.1814,-0.7897,0.0024,0.0045,784,0.9800,1.0000,0.168422,-0.0136,-0.0143,
1429,53.3699,0.1776,-0.7908,-0.0038,-0.0011,782,0.9775,1.0000,0.168422,0.0226,0.0048,
1430,53.4030,0.1741,-0.7856,-0.0035,0.0051,783,0.9788,1.0000,0.168422,0.0220,-0.0137,
1431,53.4364,0.1370,-0.8255,-0.0370,-0.0398,783,0.9788,1.0000,0.168422,0.2124,0.1330,
1432,53.4694,0.1531,-0.8527,0.0160,-0.0272,785,0.9812,1.0000,0.168422,-0.1013,0.0738,
1433,53.5030,0.1464,-0.8760,-0.0067,-0.0232,784,0.9800,1.0000,0.168422,0.0349,0.0714,
1434,53.5364,0.1106,-0.8816,-0.0358,-0.0057,784,0.9800,1.0000,0.168422,0.2124,0.0315,
1435,53.5699,0.0854,-0.9758,-0.0252,-0.0942,792,0.9900,1.0000,0.168422,0.1304,0.2887,
1436,53.6030,0.0842,-0.9987,-0.0011,-0.0229,783,0.9788,1.0000,0.168422,0.0020,0.0680,
1437,53.6364,0.0661,-0.9861,-0.0181,0.0125,788,0.9850,1.0000,0.168422,0.1108,-0.0295,
1438,53.6696,0.1009,-1.0057,0.0348,-0.0196,781,0.9762,1.0000,0.168422,-0.2115,0.0435,
1439,53.7030,0.1018,-1.0032,0.0009,0.0026,782,0.9775,1.0000,0.168422,-0.0050,-0.0079,
1440,53.7378,0.0770,-0.9935,-0.0248,0.0096,788,0.9850,1.0000,0.168422,0.1498,-0.0182,
1441,53.7896,0.0891,-1.0070,0.0121,-0.0135,783,0.9788,1.0000,0.168422,-0.0750,0.0347,
1442,53.8160,0.0759,-1.0055,-0.0132,0.0015,786,0.9825,1.0000,0.168422,0.0789,0.0012,
1443,53.8422,0.0693,-1.0051,-0.0066,0.0005,782,0.9775,1.0000,0.168422,0.0394,0.0013,
1444,53.8695,0.0846,-1.0152,0.0152,-0.0101,783,0.9788,1.0000,0.168422,-0.0929,0.0237,
1445,53.9029,0.0719,-1.0121,-0.0127,0.0031,783,0.9788,1.0000,0.168422,0.0764,-0.0039,
1446,53.9361,0.0652,-1.0102,-0.0067,0.0019,791,0.9888,1.0000,0.168422,0.0404,-0.0028,
1447,53.9699,0.0779,-1.0196,0.0127,-0.0094,782,0.9775,1.0000,0.168422,-0.0778,0.0224,
1448,54.0030,0.0642,-1.0164,-0.0136,0.0032,786,0.9825,1.0000,0.168422,0.0820,-0.0037,
1449,54.0364,0.0593,-1.0168,-0.0049,-0.0004,783,0.9788,1.0000,0.168422,0.0293,0.0033,
1450,54.0697,0.0690,-1.0199,0.0097,-0.0031,782,0.9775,1.0000,0.168422,-0.0585,0.0052,
1451,54.1029,0.0760,-1.0180,0.0070,0.0019,786,0.9825,1.0000,0.168422,-0.0411,-0.0085,
1452,54.1360,0.0728,-1.0141,-0.0031,0.0039,782,0.9775,1.0000,0.168422,0.0195,-0.0103,
1453,54.1698,0.0755,-1.0207,0.0027,-0.0066,785,0.9812,1.0000,0.168422,-0.0173,0.0185,
1454,54.2028,0.0691,-1.0169,-0.0064,0.0038,786,0.9825,1.0000,0.168422,0.0387,-0.0086,
1455,54.2362,0.0568,-1.0151,-0.0123,0.0018,786,0.9825,1.0000,0.168422,0.0737,-0.0004,
1456,54.2697,0.0537,-1.0227,-0.0032,-0.0076,786,0.9825,1.0000,0.168422,0.0173,0.0238,
1457,54.3028,0.0467,-1.0216,-0.0070,0.0011,786,0.9825,1.0000,0.168422,0.0420,-0.0004,
1458,54.3365,0.0505,-1.0201,0.0039,0.0014,784,0.9800,1.0000,0.168422,-0.0228,-0.0059,
1459,54.3698,0.0654,-1.0200,0.0149,0.0002,782,0.9775,1.0000,0.168422,-0.0888,-0.0067,
1460,54.4029,0.0727,-1.0159,0.0073,0.0041,784,0.9800,1.0000,0.168422,-0.0424,-0.0151,
1461,54.4359,0.0820,-1.0188,0.0093,-0.0030,785,0.9812,1.0000,0.168422,-0.0560,0.0049,
1462,54.4696,0.0734,-1.0166,-0.0085,0.0022,785,0.9812,1.0000,0.168422,0.0514,-0.0031,
1463,54.5029,0.0738,-1.0184,0.0003,-0.0018,788,0.9850,1.0000,0.168422,-0.0023,0.0052,
1464,54.5365,0.0736,-1.0192,-0.0001,-0.0008,783,0.9788,1.0000,0.168422,0.0006,0.0025,
1465,54.5695,0.0632,-1.0197,-0.0104,-0.0005,783,0.9788,1.0000,0.168422,0.0622,0.0057,
1466,54.6028,0.0632,-1.0217,0.0000,-0.0021,786,0.9825,1.0000,0.168422,-0.0005,0.0061,
1467,54.6360,0.0590,-1.0222,-0.0042,-0.0005,781,0.9775,1.0000,0.168422,0.0249,0.0032,
1468,54.6693,0.0559,-1.0239,-0.0031,-0.0017,790,0.9875,1.0000,0.168422,0.0183,0.0065,
1469,54.7028,0.0583,-1.0245,0.0024,-0.0006,784,0.9800,1.0000,0.168422,-0.0145,0.0007,
1470,54.7369,0.0624,-1.0259,0.0041,-0.0014,786,0.9825,1.0000,0.168422,-0.0248,0.0025,
1471,54.7873,0.0624,-1.0323,0.0000,-0.0064,785,0.9812,1.0000,0.168422,-0.0013,0.0188,
1472,54.8136,0.0559,-1.0305,-0.0065,0.0018,784,0.9800,1.0000,0.168422,0.0393,-0.0026,
1473,54.8396,0.0632,-1.0285,0.0073,0.0020,783,0.9800,1.0000,0.168422,-0.0431,-0.0088,
1474,54.8692,0.0687,-1.0281,0.0055,0.0004,785,0.9812,1.0000,0.168422,-0.0327,-0.0034,
1475,54.9024,0.0653,-1.0307,-0.0034,-0.0025,787,0.9838,1.0000,0.168422,0.0197,0.0088,
1476,54.9360,0.0583,-1.0314,-0.0070,-0.0007,784,0.9800,1.0000,0.168422,0.0414,0.0051,
1477,54.9695,0.0501,-1.0312,-0.0082,0.0002,784,0.9800,1.0000,0.168422,0.0491,0.0029,
1478,55.0028,0.0538,-1.0360,0.0037,-0.0048,784,0.9800,1.0000,0.168422,-0.0233,0.0126,
1479,55.0358,0.0485,-1.0368,-0.0053,-0.0008,786,0.9825,1.0000,0.168422,0.0316,0.0047,
1480,55.0694,0.0452,-1.0351,-0.0033,0.0018,787,0.9838,1.0000,0.168422,0.0200,-0.0038,
1481,55.1031,0.0504,-1.0390,0.0052,-0.0039,784,0.9800,1.0000,0.168422,-0.0317,0.0095,
1482,55.1358,0.0571,-1.0389,0.0067,0.0001,788,0.9850,1.0000,0.168422,-0.0401,-0.0031,
1483,55.1690,0.0684,-1.0390,0.0113,-0.0001,783,0.9788,1.0000,0.168422,-0.0676,-0.0044,
1484,55.2024,0.0717,-1.0378,0.0032,0.0012,784,0.9800,1.0000,0.168422,-0.0191,-0.0048,
1485,55.2358,0.0703,-1.0373,-0.0014,0.0006,788,0.9850,1.0000,0.168422,0.0082,-0.0011,
1486,55.2689,0.0775,-1.0463,0.0072,-0.0090,785,0.9812,1.0000,0.168422,-0.0446,0.0237,
1487,55.3026,0.0758,-1.0467,-0.0017,-0.0004,785,0.9812,1.0000,0.168422,0.0100,0.0018,
1488,55.3359,0.0882,-1.0537,0.0124,-0.0070,789,0.9862,1.0000,0.168422,-0.0753,0.0156,
1489,55.3689,0.0895,-1.0608,0.0013,-0.0071,784,0.9800,1.0000,0.168422,-0.0091,0.0205,
1490,55.4025,0.0777,-1.0558,-0.0117,0.0050,786,0.9825,1.0000,0.168422,0.0710,-0.0099,
1491,55.4356,0.0745,-1.0657,-0.0032,-0.0099,785,0.9812,1.0000,0.168422,0.0172,0.0306,
1492,55.4692,0.0651,-1.0658,-0.0093,-0.0001,786,0.9825,1.0000,0.168422,0.0557,0.0042,
1493,55.5024,0.0720,-1.0793,0.0068,-0.0135,783,0.9788,1.0000,0.168422,-0.0436,0.0371,
1494,55.5359,0.0736,-1.0889,0.0016,-0.0095,779,0.9775,1.0000,0.168422,-0.0117,0.0275,
1495,55.5689,0.3371,-0.9950,0.2634,0.0938,762,0.9313,1.0000,0.168422,-1.5511,-0.3861,
1496,55.6023,0.8954,-1.2637,0.5583,-0.2687,779,0.8163,1.0000,0.168422,-3.3857,0.5630,
1497,55.6355,1.1529,-1.2758,0.2576,-0.0121,774,0.9513,1.0000,0.168422,-1.5385,-0.0707,
1498,55.6689,1.3767,-1.7863,0.2238,-0.5105,773,0.9675,1.0000,0.168422,-1.4420,1.4157,
1499,55.7020,1.6178,-1.9740,0.2411,-0.1877,769,0.8662,1.0000,0.168422,-1.4771,0.4548,
1500,55.7366,1.8428,-2.2244,0.2250,-0.2504,773,0.9663,1.0000,0.168422,-1.3942,0.6468,
1501,55.7887,1.9752,-2.2127,0.1324,0.0116,777,0.9725,1.0000,0.168422,-0.7872,-0.0891,
1502,55.8162,2.1674,-2.4940,0.1922,-0.2813,775,0.9688,1.0000,0.168422,-1.2053,0.7515,
1503,55.8438,2.4217,-2.5928,0.2544,-0.0988,777,0.9712,1.0000,0.168422,-1.5376,0.1867,
1504,55.8715,2.7566,-2.7851,0.3349,-0.1923,776,0.9675,1.0000,0.168422,-2.0376,0.4296,
1505,55.9021,3.1264,-3.0484,0.3698,-0.2633,776,0.9700,1.0000,0.168422,-2.2606,0.6250,
1506,55.9356,3.3610,-3.1556,0.2345,-0.1072,777,0.9712,1.0000,0.168422,-1.4212,0.2198,
1507,55.9690,3.6146,-3.2189,0.2536,-0.0633,772,0.9700,1.0000,0.168422,-1.5257,0.0822,
1508,56.0021,4.0013,-3.5312,0.3867,-0.3123,749,0.9425,1.0000,0.168422,-2.3716,0.7628,
1509,56.0355,4.2374,-3.4573,0.2361,0.0739,745,0.9225,1.0000,0.168422,-1.3923,-0.3159,
1510,56.0690,4.5714,-3.6027,0.3340,-0.1454,753,0.9075,1.0000,0.168422,-2.0225,0.2915,
1511,56.1021,4.8751,-3.6711,0.3036,-0.0684,738,0.9225,1.0000,0.168422,-1.8251,0.0765,
1512,56.1359,5.1214,-3.9468,0.2463,-0.2757,746,0.9225,1.0000,0.168422,-1.5266,0.7127,
1513,56.1690,5.4655,-3.9881,0.3442,-0.0413,758,0.9475,1.0000,0.168422,-2.0610,-0.0201,
1514,56.2020,5.6146,-4.0896,0.1491,-0.1015,760,0.9563,1.0000,0.168422,-0.9103,0.2381,
1515,56.2354,5.8561,-4.0885,0.2415,0.0010,763,0.9563,1.0000,0.168422,-1.4398,-0.1029,
1516,56.2687,6.1046,-4.1059,0.2485,-0.0174,716,0.9113,1.0000,0.168422,-1.4852,-0.0513,
1517,56.3032,6.6195,-4.3206,0.5150,-0.2147,747,0.8625,1.0000,0.168422,-3.1159,0.4215,
1518,56.3354,6.9472,-4.3055,0.3276,0.0151,748,0.9012,1.0000,0.168422,-1.9505,-0.1801,
1519,56.3687,7.5552,-4.6638,0.6080,-0.3583,737,0.8125,1.0000,0.168422,-3.7010,0.8072,
1520,56.4021,8.2627,-4.7909,0.7076,-0.1271,624,0.5294,1.0000,0.168422,-4.2460,0.0831,
1521,56.4354,9.8458,-4.3010,1.5831,0.4899,719,0.5487,1.0000,0.168422,-9.3366,-2.1017,
1522,56.4690,10.5224,-4.2167,0.6766,0.0843,750,0.6512,1.0000,0.168422,-4.0169,-0.5287,
1523,56.5020,10.9971,-4.2823,0.4747,-0.0657,763,0.9425,1.0000,0.168422,-2.8444,-0.0022,
1524,56.5355,11.3469,-4.4048,0.3498,-0.1225,719,0.9113,1.0000,0.168422,-2.1119,0.2174,
1525,56.5690,11.8118,-4.4471,0.4649,-0.0422,754,0.9224,1.0000,0.168422,-2.7811,-0.0674,
1526,56.6020,12.2448,-4.5055,0.4330,-0.0584,708,0.9175,1.0000,0.168422,-2.5941,-0.0063,
1527,56.6353,12.4811,-4.5769,0.2363,-0.0714,764,0.9587,1.0000,0.168422,-1.4239,0.1133,
1528,56.6686,12.8589,-4.7158,0.3778,-0.1389,738,0.9137,1.0000,0.168422,-2.2820,0.2542,
1529,56.7019,12.9359,-4.7798,0.0770,-0.0639,767,0.9500,1.0000,0.168422,-0.4729,0.1571,
1530,56.7364,12.9805,-4.7235,0.0446,0.0562,772,0.9663,1.0000,0.168422,-0.2541,-0.1846,
1531,56.7882,13.0251,-4.7333,0.0446,-0.0098,780,0.9750,1.0000,0.168422,-0.2680,0.0105,
1532,56.8155,13.0149,-4.6632,-0.0102,0.0701,780,0.9750,1.0000,0.168422,0.0755,-0.2028,
1533,56.8426,13.2155,-4.4531,0.2006,0.2101,780,0.9750,1.0000,0.168422,-1.1517,-0.7036,
1534,56.8702,13.2162,-4.4206,0.0007,0.0325,783,0.9788,1.0000,0.168422,0.0026,-0.0964,
1535,56.9021,13.2441,-4.4246,0.0279,-0.0039,781,0.9775,1.0000,0.168422,-0.1671,0.0001,
1536,56.9353,13.2441,-4.4316,0.0000,-0.0070,780,0.9750,1.0000,0.168422,-0.0016,0.0206,
1537,56.9685,13.2020,-4.4199,-0.0421,0.0116,784,0.9800,1.0000,0.168422,0.2537,-0.0170,
1538,57.0019,13.2057,-4.4429,0.0037,-0.0230,783,0.9788,1.0000,0.168422,-0.0269,0.0663,
1539,57.0350,13.1754,-4.4726,-0.0303,-0.0297,782,0.9775,1.0000,0.168422,0.1743,0.1002,
1540,57.0685,12.9338,-4.5057,-0.2416,-0.0332,772,0.9750,1.0000,0.168422,1.4338,0.1979,
1541,57.1018,12.5466,-4.4020,-0.3872,0.1037,773,0.9323,1.0000,0.168422,2.3307,-0.1463,
1542,57.1355,12.3502,-4.3430,-0.1964,0.0590,782,0.9775,1.0000,0.168422,1.1836,-0.0932,
1543,57.1686,12.2662,-4.3393,-0.0840,0.0037,786,0.9825,1.0000,0.168422,0.5014,0.0239,
1544,57.2020,11.8564,-4.2842,-0.4098,0.0552,748,0.9100,1.0000,0.168422,2.4555,0.0064,
1545,57.2356,11.4126,-4.1125,-0.4437,0.1717,654,0.8055,1.0000,0.168422,2.6822,-0.3239,
1546,57.2690,11.0071,-4.1753,-0.4056,-0.0628,774,0.9637,1.0000,0.168422,2.4051,0.3532,
1547,57.3020,10.8821,-4.1780,-0.1250,-0.0027,762,0.9575,1.0000,0.168422,0.7445,0.0598,
1548,57.3350,10.6295,-4.0826,-0.2526,0.0954,757,0.9450,1.0000,0.168422,1.5262,-0.1774,
1549,57.3686,10.0522,-3.3810,-0.5773,0.7016,741,0.5720,1.0000,0.168422,3.5901,-1.8341,
1550,57.4020,9.5665,-3.4429,-0.4858,-0.0619,745,0.7997,1.0000,0.168422,2.8837,0.3835,
1551,57.4356,9.3509,-3.3835,-0.2156,0.0594,759,0.9500,1.0000,0.168422,1.2979,-0.0863,
1552,57.4690,9.0768,-3.2431,-0.2741,0.1404,759,0.9513,1.0000,0.168422,1.6640,-0.3015,
1553,57.5023,8.6719,-2.8999,-0.4049,0.3432,759,0.9163,1.0000,0.168422,2.4869,-0.8466,
1554,57.5356,8.1797,-2.8152,-0.4922,0.0848,753,0.9460,1.0000,0.168422,2.9526,-0.0470,
1555,57.5689,7.7392,-2.6494,-0.4405,0.1657,755,0.9413,1.0000,0.168422,2.6617,-0.3075,
1556,57.6020,7.5608,-2.5665,-0.1783,0.0829,751,0.9300,1.0000,0.168422,1.0809,-0.1712,
1557,57.6349,7.2954,-2.2738,-0.2655,0.2927,754,0.9449,1.0000,0.168422,1.6448,-0.7551,
1558,57.6683,7.0720,-2.2366,-0.2234,0.0372,761,0.9574,1.0000,0.168422,1.3397,-0.0176,
1559,57.7021,7.0714,-2.2422,-0.0006,-0.0056,772,0.9662,1.0000,0.168422,0.0023,0.0168,
1560,57.7353,6.9449,-2.1619,-0.1265,0.0804,747,0.9512,1.0000,0.168422,0.7714,-0.1851,
1561,57.7874,6.6726,-1.9393,-0.2723,0.2225,784,0.9800,1.0000,0.168422,1.6707,-0.5449,
1562,57.8154,6.6290,-1.8428,-0.0435,0.0965,788,0.9850,1.0000,0.168422,0.2800,-0.2672,
1563,57.8431,6.5806,-1.8556,-0.0484,-0.0128,790,0.9875,1.0000,0.168422,0.2861,0.0579,
1564,57.8705,6.5950,-1.8788,0.0144,-0.0233,787,0.9838,1.0000,0.168422,-0.0910,0.0627,
1565,57.9016,6.5958,-1.9004,0.0008,-0.0216,788,0.9850,1.0000,0.168422,-0.0091,0.0634,
1566,57.9348,6.5596,-1.8791,-0.0362,0.0213,788,0.9850,1.0000,0.168422,0.2205,-0.0479,
1567,57.9682,6.5795,-1.9157,0.0199,-0.0366,739,0.9387,1.0000,0.168422,-0.1266,0.1000,
1568,58.0020,6.3314,-1.7772,-0.2481,0.1385,779,0.9800,1.0000,0.168422,1.5088,-0.3067,
1569,58.0349,6.1628,-1.5976,-0.1685,0.1796,784,0.9800,1.0000,0.168422,1.0428,-0.4610,
1570,58.0686,5.8932,-1.8756,-0.2696,-0.2780,729,0.9263,1.0000,0.168422,1.5492,0.9328,
1571,58.1019,5.6145,-1.8973,-0.2787,-0.0217,783,0.9788,1.0000,0.168422,1.6576,0.1793,
1572,58.1350,5.5476,-1.7914,-0.0669,0.1059,786,0.9825,1.0000,0.168422,0.4211,-0.2851,
1573,58.1687,5.4967,-1.7880,-0.0509,0.0034,791,0.9888,1.0000,0.168422,0.3041,0.0110,
1574,58.2015,5.5112,-1.7869,0.0145,0.0011,786,0.9825,1.0000,0.168422,-0.0863,-0.0092,
1575,58.2348,5.5308,-1.7995,0.0196,-0.0126,785,0.9812,1.0000,0.168422,-0.1193,0.0291,
1576,58.2680,5.4937,-1.7619,-0.0371,0.0376,785,0.9825,1.0000,0.168422,0.2290,-0.0958,
1577,58.3020,5.5157,-1.7667,0.0220,-0.0048,784,0.9812,1.0000,0.168422,-0.1323,0.0052,
1578,58.3348,5.4905,-1.8118,-0.0252,-0.0451,733,0.9513,1.0000,0.168422,0.1409,0.1437,
1579,58.3685,5.2136,-1.5724,-0.2769,0.2395,777,0.9737,1.0000,0.168422,1.7018,-0.5931,
1580,58.4018,5.0012,-1.4910,-0.2124,0.0814,768,0.9513,1.0000,0.168422,1.2836,-0.1526,
1581,58.4349,5.0476,-1.5014,0.0465,-0.0104,776,0.9712,1.0000,0.168422,-0.2793,0.0116,
1582,58.4679,5.0518,-1.5032,0.0042,-0.0017,772,0.9688,1.0000,0.168422,-0.0252,0.0034,
1583,58.5014,5.0155,-1.4670,-0.0363,0.0361,774,0.9725,1.0000,0.168422,0.2243,-0.0918,
1584,58.5348,5.0473,-1.4800,0.0318,-0.0130,778,0.9762,1.0000,0.168422,-0.1925,0.0252,
1585,58.5681,4.9340,-1.3810,-0.1132,0.0990,754,0.9200,1.0000,0.168422,0.6962,-0.2457,
1586,58.6015,4.5157,-1.2764,-0.4183,0.1046,755,0.8935,1.0000,0.168422,2.5166,-0.1362,
1587,58.6348,3.8293,-1.5722,-0.6864,-0.2958,744,0.8500,1.0000,0.168422,4.0305,1.1576,
1588,58.6678,3.5913,-1.4867,-0.2380,0.0855,760,0.9474,1.0000,0.168422,1.4375,-0.1542,
1589,58.7013,3.4327,-1.3235,-0.1585,0.1631,752,0.9425,1.0000,0.168422,0.9797,-0.4165,
1590,58.7350,3.3094,-1.2402,-0.1233,0.0833,758,0.9513,1.0000,0.168422,0.7529,-0.1951,
1591,58.7866,3.1680,-1.0494,-0.1414,0.1908,783,0.9775,1.0000,0.168422,0.8835,-0.5053,
1592,58.8150,2.8906,-0.9733,-0.2774,0.0761,781,0.9762,1.0000,0.168422,1.6702,-0.1103,
1593,58.8428,2.5997,-1.0433,-0.2909,-0.0700,776,0.9737,1.0000,0.168422,1.7200,0.3271,
1594,58.8706,2.2195,-0.9488,-0.3801,0.0945,772,0.9625,1.0000,0.168422,2.2867,-0.1220,
1595,58.9013,2.0991,-0.8020,-0.1204,0.1468,785,0.9825,1.0000,0.168422,0.7491,-0.3840,
1596,58.9346,2.0507,-0.8269,-0.0484,-0.0249,721,0.9525,1.0000,0.168422,0.2836,0.0935,
1597,58.9679,1.8261,-0.5794,-0.2246,0.2475,776,0.9712,1.0000,0.168422,1.3914,-0.6384,
1598,59.0010,1.6067,-0.4703,-0.2194,0.1091,768,0.9712,1.0000,0.168422,1.3311,-0.2316,
1599,59.0345,1.2248,-0.6898,-0.3819,-0.2195,770,0.8600,1.0000,0.168422,2.2311,0.8063,
1600,59.0680,1.0179,-0.6804,-0.2069,0.0094,768,0.9274,1.0000,0.168422,1.2357,0.0577,
1601,59.1010,0.9678,-0.5643,-0.0501,0.1160,745,0.9313,1.0000,0.168422,0.3231,-0.3221,
1602,59.1344,0.9304,-0.5537,-0.0374,0.0106,743,0.9163,1.0000,0.168422,0.2255,-0.0159,
1603,59.1679,0.8004,-0.4967,-0.1300,0.0570,743,0.9237,1.0000,0.168422,0.7873,-0.1147,
1604,59.2012,0.8708,-0.5037,0.0704,-0.0070,753,0.9300,1.0000,0.168422,-0.4211,-0.0084,
1605,59.2344,0.8020,-0.4757,-0.0687,0.0280,752,0.9486,1.0000,0.168422,0.4156,-0.0544,
1606,59.2677,0.6523,-0.3899,-0.1497,0.0858,742,0.9375,1.0000,0.168422,0.9109,-0.1917,
1607,59.3009,0.7237,-0.4546,0.0714,-0.0647,732,0.9011,1.0000,0.168422,-0.4393,0.1616,
1608,59.3346,0.6413,-0.3968,-0.0824,0.0577,719,0.8885,1.0000,0.168422,0.5036,-0.1365,
1609,59.3679,0.6714,-0.4262,0.0301,-0.0294,757,0.9499,1.0000,0.168422,-0.1856,0.0744,
1610,59.4009,0.7160,-0.4566,0.0446,-0.0304,758,0.9550,1.0000,0.168422,-0.2725,0.0713,
1611,59.4350,0.6769,-0.4388,-0.0391,0.0178,733,0.9174,1.0000,0.168422,0.2369,-0.0365,
1612,59.4680,0.7457,-0.5004,0.0688,-0.0617,750,0.9437,1.0000,0.168422,-0.4233,0.1537,
1613,59.5012,0.7438,-0.3562,-0.0019,0.1442,726,0.8759,1.0000,0.168422,0.0417,-0.4253,
1614,59.5344,0.7224,-0.3704,-0.0214,-0.0142,747,0.9387,1.0000,0.168422,0.1248,0.0509,
1615,59.5677,1.1271,-0.7320,0.4047,-0.3616,700,0.7384,1.0000,0.168422,-2.4893,0.9010,
1616,59.6017,1.5941,-0.7692,0.4671,-0.0372,760,0.8100,1.0000,0.168422,-2.7929,-0.0833,
1617,59.6350,1.8819,-0.9806,0.2878,-0.2114,770,0.8950,1.0000,0.168422,-1.7608,0.5056,
1618,59.6680,2.2639,-1.3557,0.3820,-0.3751,774,0.9663,1.0000,0.168422,-2.3569,0.9501,
1619,59.7012,2.3976,-1.3693,0.1337,-0.0136,778,0.9700,1.0000,0.168422,-0.8001,-0.0152,
1620,59.7352,2.5597,-1.5499,0.1621,-0.1807,780,0.9762,1.0000,0.168422,-1.0047,0.4667,
1621,59.7871,2.8126,-1.6664,0.2528,-0.1165,785,0.9812,1.0000,0.168422,-1.5322,0.2397,
1622,59.8154,3.1893,-1.9302,0.3768,-0.2638,785,0.9474,1.0000,0.168422,-2.3022,0.6235,
1623,59.8434,3.6226,-2.1732,0.4332,-0.2430,785,0.9574,1.0000,0.168422,-2.6345,0.5388,
1624,59.8713,3.8571,-2.4190,0.2345,-0.2458,781,0.8413,1.0000,0.168422,-1.4501,0.6292,
1625,59.9012,3.8548,-2.4587,-0.0023,-0.0398,770,0.9788,1.0000,0.168422,0.0053,0.1185,
1626,59.9350,3.8952,-2.4654,0.0404,-0.0067,787,0.9838,1.0000,0.168422,-0.2424,0.0031,
1627,59.9679,3.8648,-2.4543,-0.0304,0.0111,787,0.9838,1.0000,0.168422,0.1836,-0.0203,
1628,60.0013,3.9945,-2.4912,0.1297,-0.0369,787,0.9812,1.0000,0.168422,-0.7812,0.0553,
1629,60.0348,4.0544,-2.5501,0.0599,-0.0589,787,0.9812,1.0000,0.168422,-0.3698,0.1493,
1630,60.0677,4.1717,-2.5586,0.1173,-0.0085,785,0.9825,1.0000,0.168422,-0.7010,-0.0234,
1631,60.1015,4.5115,-2.9323,0.3398,-0.3737,746,0.9563,1.0000,0.168422,-2.1049,0.9635,
1632,60.1349,4.5624,-2.8699,0.0509,0.0623,783,0.9775,1.0000,0.168422,-0.2905,-0.2052,
1633,60.1675,4.5715,-2.8765,0.0091,-0.0066,776,0.9663,1.0000,0.168422,-0.0555,0.0159,
1634,60.2010,4.3306,-2.9477,-0.2409,-0.0712,761,0.9387,1.0000,0.168422,1.4213,0.3099,
1635,60.2346,3.5961,-2.9236,-0.7345,0.0241,674,0.6767,1.0000,0.168422,4.3846,0.2322,
1636,60.2675,2.6810,-2.4107,-0.9152,0.5129,745,0.4969,1.0000,0.168422,5.5652,-1.1370,low_inlier
1637,60.3010,2.2807,-2.2693,-0.4002,0.1414,726,0.6170,1.0000,0.168422,2.4164,-0.2522,
1638,60.3340,2.2714,-2.3042,-0.0093,-0.0348,788,0.9475,1.0000,0.168422,0.0480,0.1068,
1639,60.3675,2.2543,-2.2216,-0.0171,0.0826,743,0.9113,1.0000,0.168422,0.1195,-0.2368,
1640,60.4009,1.7036,-1.8507,-0.5507,0.3709,766,0.9573,1.0000,0.168422,3.3619,-0.8682,
1641,60.4341,1.4372,-1.6263,-0.2665,0.2244,739,0.8995,1.0000,0.168422,1.6362,-0.5529,
1642,60.4679,1.3891,-1.5700,-0.0480,0.0563,788,0.9862,1.0000,0.168422,0.2983,-0.1463,
1643,60.5008,1.4141,-1.7281,0.0250,-0.1581,787,0.9337,1.0000,0.168422,-0.1823,0.4567,
1644,60.5341,1.4299,-1.7313,0.0158,-0.0032,784,0.9587,1.0000,0.168422,-0.0950,0.0030,
1645,60.5673,1.4114,-1.7258,-0.0186,0.0056,788,0.9850,1.0000,0.168422,0.1118,-0.0087,
1646,60.6009,1.6662,-1.6277,0.2548,0.0980,730,0.9261,1.0000,0.168422,-1.4989,-0.3950,
1647,60.6341,2.4062,-2.2082,0.7401,-0.5805,659,0.5925,1.0000,0.168422,-4.5353,1.4091,
1648,60.6672,2.9172,-2.3706,0.5109,-0.1623,778,0.9537,1.0000,0.168422,-3.0809,0.2684,
1649,60.7007,3.3119,-2.5271,0.3947,-0.1565,783,0.9663,1.0000,0.168422,-2.3867,0.2993,
1650,60.7341,3.5223,-2.5913,0.2104,-0.0643,783,0.9613,1.0000,0.168422,-1.2679,0.1029,
1651,60.7860,3.7492,-2.5939,0.2269,-0.0026,782,0.9738,1.0000,0.168422,-1.3537,-0.0861,
1652,60.8140,3.9921,-2.6884,0.2429,-0.0945,782,0.9463,1.0000,0.168422,-1.4684,0.1788,
1653,60.8419,4.0800,-2.7192,0.0879,-0.0308,784,0.9800,1.0000,0.168422,-0.5308,0.0546,
1654,60.8696,4.0735,-2.6914,-0.0065,0.0278,786,0.9838,1.0000,0.168422,0.0447,-0.0794,
1655,60.9009,3.9835,-2.7157,-0.0900,-0.0243,786,0.9825,1.0000,0.168422,0.5313,0.1090,
1656,60.9340,3.3264,-2.6787,-0.6571,0.0371,661,0.6520,1.0000,0.168422,3.9262,0.1621,
1657,60.9671,2.0571,-1.9992,-1.2693,0.6795,600,0.4955,1.0000,0.168422,7.7121,-1.4827,low_inlier
1658,61.0006,1.3768,-1.7924,-0.6803,0.2068,663,0.5987,1.0000,0.168422,4.1002,-0.3298,
1659,61.0338,1.4349,-1.8119,0.0581,-0.0195,759,0.9500,1.0000,0.168422,-0.3506,0.0335,
1660,61.0670,1.7291,-1.8351,0.2942,-0.0232,759,0.8862,1.0000,0.168422,-1.7592,-0.0531,
1661,61.1005,2.5262,-1.9710,0.7971,-0.1359,687,0.6887,1.0000,0.168422,-4.7816,0.0722,
1662,61.1337,3.5405,-2.4536,1.0143,-0.4826,547,0.6150,1.0000,0.168422,-6.1500,1.0064,
1663,61.1670,4.0221,-2.5353,0.4816,-0.0817,733,0.8048,1.0000,0.168422,-2.8889,0.0424,
1664,61.2005,4.0363,-2.5065,0.0143,0.0288,784,0.9800,1.0000,0.168422,-0.0790,-0.0909,
1665,61.2338,3.8714,-2.5780,-0.1650,-0.0715,761,0.9550,1.0000,0.168422,0.9687,0.2795,
1666,61.2669,3.0773,-2.4150,-0.7940,0.1631,713,0.7689,1.0000,0.168422,4.7693,-0.1536,
1667,61.3004,2.2070,-2.2370,-0.8703,0.1780,568,0.5807,1.0000,0.168422,5.2273,-0.1661,
1668,61.3337,1.6690,-2.0801,-0.5379,0.1569,711,0.6503,1.0000,0.168422,3.2408,-0.2413,
1669,61.3670,1.6419,-2.0936,-0.0272,-0.0135,776,0.9700,1.0000,0.168422,0.1591,0.0512,
1670,61.4001,2.0663,-2.1297,0.4245,-0.0361,718,0.8561,1.0000,0.168422,-2.5388,-0.0687,
1671,61.4340,2.8773,-2.3614,0.8109,-0.2317,601,0.6629,1.0000,0.168422,-4.8845,0.3495,
1672,61.4669,3.6989,-2.6413,0.8216,-0.2798,718,0.6671,1.0000,0.168422,-4.9584,0.4871,
1673,61.5002,3.8803,-2.6376,0.1814,0.0037,782,0.9725,1.0000,0.168422,-1.0807,-0.0859,
1674,61.5337,3.8632,-2.6115,-0.0171,0.0260,785,0.9812,1.0000,0.168422,0.1072,-0.0698,
1675,61.5669,3.6726,-2.7342,-0.1906,-0.1227,756,0.9425,1.0000,0.168422,1.1105,0.4412,
1676,61.6002,2.9671,-2.5018,-0.7055,0.2324,641,0.6671,1.0000,0.168422,4.2560,-0.3950,
1677,61.6336,1.6723,-2.1160,-1.2948,0.3858,647,0.5273,1.0000,0.168422,7.8024,-0.6046,
1678,61.6670,1.4810,-1.9936,-0.1912,0.1223,723,0.5962,1.0000,0.168422,1.1661,-0.2824,
1679,61.7002,1.3258,-2.1401,-0.1553,-0.1464,741,0.8525,1.0000,0.168422,0.8951,0.4968,
1680,61.7335,1.8214,-2.0269,0.4957,0.1131,681,0.7997,1.0000,0.168422,-2.9318,-0.5391,
1681,61.7856,3.0353,-2.5272,1.2139,-0.5003,599,0.5526,1.0000,0.168422,-7.3438,0.9762,
1682,61.8144,4.1718,-2.8906,1.1365,-0.3634,509,0.5475,1.0000,0.168422,-6.8535,0.6038,
1683,61.8431,4.4469,-2.8208,0.2751,0.0698,758,0.7950,1.0000,0.168422,-1.6259,-0.3198,
1684,61.8716,4.3839,-2.9839,-0.0630,-0.1630,657,0.7975,1.0000,0.168422,0.3415,0.5077,
1685,61.8999,3.6435,-2.7040,-0.7404,0.2798,662,0.7130,1.0000,0.168422,4.4738,-0.5207,
1686,61.9334,2.5851,-2.3783,-1.0584,0.3257,741,0.5433,1.0000,0.168422,6.3799,-0.5247,
1687,61.9671,2.2601,-2.2661,-0.3250,0.1123,728,0.8498,1.0000,0.168422,1.9618,-0.1973,
1688,62.0000,2.2177,-2.3945,-0.0424,-0.1284,782,0.9775,1.0000,0.168422,0.2258,0.3970,
1689,62.0339,2.8174,-2.3389,0.5997,0.0556,672,0.8296,1.0000,0.168422,-3.5645,-0.4121,
1690,62.0669,3.8131,-2.6414,0.9957,-0.3024,547,0.4863,1.0000,0.168422,-6.0010,0.4820,low_inlier
1691,62.1000,4.7128,-3.0305,0.8997,-0.3892,661,0.6162,1.0000,0.168422,-5.4470,0.7779,
1692,62.1339,4.7726,-2.9611,0.0598,0.0694,755,0.9475,1.0000,0.168422,-0.3420,-0.2298,
1693,62.1669,4.5440,-2.9225,-0.2286,0.0386,733,0.8962,1.0000,0.168422,1.3715,-0.0196,
1694,62.1999,3.8498,-2.7370,-0.6942,0.1856,653,0.5990,1.0000,0.168422,4.1786,-0.2613,
1695,62.2334,2.9010,-2.5066,-0.9488,0.2304,590,0.6466,1.0000,0.168422,5.7061,-0.2885,
1696,62.2667,2.5962,-2.4369,-0.3048,0.0697,769,0.8725,1.0000,0.168422,1.8320,-0.0799,
1697,62.2999,2.7002,-2.4966,0.1039,-0.0597,767,0.9537,1.0000,0.168422,-0.6323,0.1333,
1698,62.3333,3.4305,-2.6008,0.7304,-0.1042,736,0.8260,1.0000,0.168422,-4.3771,0.0060,
1699,62.3668,4.8507,-3.0366,1.4202,-0.4358,600,0.4500,1.0000,0.168422,-8.5606,0.7006,low_inlier
1700,62.4001,5.9188,-3.5266,1.0681,-0.4900,662,0.4474,1.0000,0.168422,-6.4721,1.0063,low_inlier
1701,62.4339,6.1424,-3.4038,0.2236,0.1228,717,0.8612,1.0000,0.168422,-1.3076,-0.4553,
1702,62.4669,5.6697,-3.0845,-0.4727,0.3193,701,0.8248,1.0000,0.168422,2.8860,-0.7480,
1703,62.5000,4.7183,-2.8462,-0.9514,0.2383,627,0.4874,1.0000,0.168422,5.7235,-0.3107,low_inlier
1704,62.5335,3.5727,-2.7688,-1.1457,0.0774,682,0.4211,1.0000,0.168422,6.8479,0.2449,low_inlier
1705,62.5669,3.2538,-2.6651,-0.3189,0.1037,704,0.7937,1.0000,0.168422,1.9233,-0.1746,
1706,62.6000,3.2553,-2.6946,0.0015,-0.0296,699,0.7950,1.0000,0.168422,-0.0154,0.0867,
1707,62.6333,4.0934,-3.0172,0.8381,-0.3225,665,0.7963,1.0000,0.168422,-5.0655,0.6064,
1708,62.6670,5.0814,-3.2888,0.9879,-0.2717,585,0.5075,1.0000,0.168422,-5.9483,0.3943,
1709,62.7000,5.7946,-3.5268,0.7132,-0.2380,710,0.6275,1.0000,0.168422,-4.3031,0.4083,
1710,62.7336,5.9182,-3.4692,0.1236,0.0577,724,0.8862,1.0000,0.168422,-0.7252,-0.2214,
1711,62.7855,5.3259,-3.3046,-0.5923,0.1646,743,0.8725,1.0000,0.168422,3.5666,-0.2413,
1712,62.8144,4.4104,-3.0493,-0.9155,0.2553,622,0.6971,1.0000,0.168422,5.5130,-0.3757,
1713,62.8431,3.7724,-2.8321,-0.6380,0.2172,745,0.6792,1.0000,0.168422,3.8500,-0.3781,
1714,62.8716,3.6353,-2.8221,-0.1371,0.0100,698,0.8063,1.0000,0.168422,0.8197,0.0271,
1715,62.9001,4.1711,-2.8349,0.5357,-0.0128,679,0.7797,1.0000,0.168422,-3.1973,-0.1837,
1716,62.9337,5.1161,-2.9432,0.9450,-0.1083,569,0.4925,1.0000,0.168422,-5.6581,-0.0707,low_inlier
1717,62.9664,6.0188,-3.2805,0.9026,-0.3373,716,0.5557,1.0000,0.168422,-5.4535,0.6234,
1718,62.9998,6.2579,-3.3335,0.2391,-0.0531,769,0.8263,1.0000,0.168422,-1.4371,0.0580,
1719,63.0332,5.9944,-3.2231,-0.2635,0.1105,777,0.9587,1.0000,0.168422,1.5944,-0.2175,
1720,63.0664,5.8550,-3.2307,-0.1394,-0.0076,769,0.9600,1.0000,0.168422,0.8298,0.0801,
1721,63.0996,5.7340,-3.2933,-0.1210,-0.0626,786,0.9825,1.0000,0.168422,0.7082,0.2350,
1722,63.1329,5.5397,-3.2153,-0.1943,0.0780,782,0.9775,1.0000,0.168422,1.1750,-0.1502,
1723,63.1662,5.5787,-3.2433,0.0390,-0.0280,786,0.9812,1.0000,0.168422,-0.2382,0.0667,
1724,63.1995,5.3875,-3.2360,-0.1911,0.0073,781,0.9762,1.0000,0.168422,1.1412,0.0574,
1725,63.2333,5.2850,-3.1510,-0.1026,0.0850,788,0.9850,1.0000,0.168422,0.6296,-0.2088,
1726,63.2664,5.2750,-3.1735,-0.0099,-0.0225,788,0.9862,1.0000,0.168422,0.0545,0.0705,
1727,63.2998,5.2694,-3.1519,-0.0056,0.0216,785,0.9812,1.0000,0.168422,0.0378,-0.0615,
1728,63.3329,5.3175,-3.1862,0.0480,-0.0343,784,0.9800,1.0000,0.168422,-0.2935,0.0816,
1729,63.3662,5.2921,-3.1666,-0.0253,0.0196,784,0.9800,1.0000,0.168422,0.1553,-0.0473,
1730,63.3996,5.2949,-3.1667,0.0028,-0.0001,789,0.9862,1.0000,0.168422,-0.0164,-0.0008,
1731,63.4328,5.3100,-3.1796,0.0151,-0.0129,783,0.9800,1.0000,0.168422,-0.0929,0.0319,
1732,63.4666,5.2900,-3.1676,-0.0200,0.0120,787,0.9838,1.0000,0.168422,0.1217,-0.0273,
1733,63.4996,5.3144,-3.1756,0.0244,-0.0080,786,0.9825,1.0000,0.168422,-0.1469,0.0134,
1734,63.5328,5.3264,-3.1689,0.0120,0.0067,786,0.9825,1.0000,0.168422,-0.0702,-0.0247,
1735,63.5664,5.3429,-3.1810,0.0165,-0.0121,783,0.9800,1.0000,0.168422,-0.1010,0.0290,
1736,63.5995,5.3335,-3.1685,-0.0094,0.0125,792,0.9912,1.0000,0.168422,0.0588,-0.0330,
1737,63.6328,5.2815,-3.1606,-0.0519,0.0079,784,0.9800,1.0000,0.168422,0.3114,-0.0020,
1738,63.6663,5.3602,-3.2309,0.0787,-0.0703,784,0.9800,1.0000,0.168422,-0.4841,0.1751,
1739,63.6994,5.4027,-3.2302,0.0424,0.0006,748,0.9563,1.0000,0.168422,-0.2530,-0.0195,
1740,63.7328,5.5616,-2.4378,0.1589,0.7924,762,0.9485,1.0000,0.168422,-0.7807,-2.4067,
1741,63.7850,5.5439,-2.9639,-0.0177,-0.5261,631,0.4556,1.0000,0.168422,-0.0054,1.5615,low_inlier
1742,63.8139,5.9085,-2.8405,0.3645,0.1234,752,0.4487,1.0000,0.168422,-2.1478,-0.5151,low_inlier
1743,63.8429,6.4911,-2.6037,0.5827,0.2368,693,0.8120,1.0000,0.168422,-3.4245,-0.9405,
1744,63.8718,6.8482,-2.4313,0.3571,0.1724,644,0.7800,1.0000,0.168422,-2.0930,-0.6570,
1745,63.9007,7.7910,-2.0837,0.9428,0.3475,744,0.6921,1.0000,0.168422,-5.5488,-1.4164,
1746,63.9328,8.3979,-2.3091,0.6068,-0.2254,529,0.4875,1.0000,0.168422,-3.6660,0.4152,low_inlier
1747,63.9660,9.1202,-1.9876,0.7223,0.3216,554,0.5400,1.0000,0.168422,-4.2395,-1.2485,
1748,63.9995,9.6056,-1.8181,0.4855,0.1695,671,0.4838,1.0000,0.168422,-2.8591,-0.7015,low_inlier
1749,64.0328,9.7692,-1.5684,0.1636,0.2497,740,0.4138,1.0000,0.168422,-0.9229,-0.8052,low_inlier
1750,64.0659,9.8556,-1.7767,0.0864,-0.2083,680,0.1638,1.0000,0.168422,-0.5592,0.5796,low_inlier
1751,64.0994,9.8061,-1.9283,-0.0496,-0.1517,679,0.2125,1.0000,0.168422,0.2637,0.4685,low_inlier
1752,64.1326,9.2629,-2.0325,-0.5432,-0.1042,513,0.2925,1.0000,0.168422,3.2172,0.5323,low_inlier
1753,64.1659,8.9163,-2.5852,-0.3466,-0.5527,423,0.1288,1.0000,0.168422,1.9503,1.7760,low_inlier
1754,64.1997,8.7806,-2.8633,-0.1357,-0.2781,414,0.1550,1.0000,0.168422,0.7505,0.8777,low_inlier
1755,64.2328,8.1748,-3.1764,-0.6058,-0.3131,543,0.2425,1.0000,0.168422,3.5464,1.1753,low_inlier
1756,64.2659,7.6080,-3.5667,-0.5668,-0.3903,427,0.2178,1.0000,0.168422,3.2974,1.3873,low_inlier
1757,64.2992,7.0911,-3.4551,-0.5169,0.1116,435,0.3073,1.0000,0.168422,3.1058,-0.1160,low_inlier
1758,64.3329,6.3173,-3.8346,-0.7738,-0.3795,422,0.2111,1.0000,0.168422,4.5345,1.4411,low_inlier
1759,64.3660,5.6157,-4.2101,-0.7016,-0.3754,508,0.1916,1.0000,0.168422,4.1045,1.3991,low_inlier
1760,64.3994,5.3685,-4.6335,-0.2472,-0.4235,461,0.1376,1.0000,0.168422,1.3848,1.3532,low_inlier
1761,64.4330,5.2219,-5.1070,-0.1466,-0.4734,373,0.1084,1.0000,0.168422,0.7743,1.4592,low_inlier
1762,64.4663,5.0070,-5.3157,-0.2149,-0.2087,387,0.1722,1.0000,0.168422,1.2374,0.7055,low_inlier
1763,64.4999,4.7465,-6.1253,-0.2605,-0.8096,401,0.0987,1.0000,0.168422,1.3829,2.4995,low_inlier
1764,64.5331,4.5791,-6.4446,-0.1674,-0.3193,376,0.0892,1.0000,0.168422,0.9308,1.0123,low_inlier
1765,64.5659,4.0358,-6.7095,-0.5433,-0.2649,448,0.1972,1.0000,0.168422,3.1840,1.0072,low_inlier
1766,64.5999,3.7461,-7.4024,-0.2897,-0.6929,467,0.0786,1.0000,0.168422,1.5814,2.1667,low_inlier
1767,64.6331,3.8829,-7.9733,0.1368,-0.5708,429,0.0596,1.0000,0.168422,-0.9361,1.6298,low_inlier
1768,64.6662,4.0681,-8.8086,0.1852,-0.8354,363,0.0512,1.0000,0.168422,-1.2801,2.3913,low_inlier
1769,64.6998,3.9142,-9.5519,-0.1539,-0.7433,359,0.0709,1.0000,0.168422,0.7610,2.2595,low_inlier
1770,64.7330,3.7744,-9.8066,-0.1398,-0.2547,454,0.1334,1.0000,0.168422,0.7798,0.8103,low_inlier
1771,64.7861,3.5071,-10.1222,-0.2673,-0.3156,522,0.2225,1.0000,0.168422,1.5277,1.0428,low_inlier
1772,64.8154,2.9815,-10.8097,-0.5256,-0.6875,478,0.1650,1.0000,0.168422,2.9890,2.2482,low_inlier
1773,64.8445,2.9388,-11.2416,-0.0427,-0.4318,513,0.1452,1.0000,0.168422,0.1638,1.2934,low_inlier
1774,64.8739,2.8909,-11.9958,-0.0479,-0.7543,477,0.1018,1.0000,0.168422,0.1268,2.2482,low_inlier
1775,64.9029,2.7869,-12.7501,-0.1040,-0.7542,332,0.0451,1.0000,0.168422,0.4613,2.2712,low_inlier
1776,64.9329,2.6983,-13.3147,-0.0886,-0.5647,405,0.0972,1.0000,0.168422,0.4091,1.7047,low_inlier
1777,64.9657,2.4363,-13.6977,-0.2620,-0.3830,365,0.1146,1.0000,0.168422,1.4818,1.2398,low_inlier
1778,64.9996,2.1949,-14.4570,-0.2414,-0.7592,363,0.1045,1.0000,0.168422,1.2796,2.3428,low_inlier
1779,65.0330,1.9728,-15.0016,-0.2220,-0.5446,430,0.1059,1.0000,0.168422,1.2091,1.7005,low_inlier
1780,65.0658,1.9468,-15.6029,-0.0261,-0.6013,441,0.1087,1.0000,0.168422,0.0287,1.7873,low_inlier
1781,65.0995,2.0245,-16.1121,0.0777,-0.5092,488,0.1113,1.0000,0.168422,-0.5707,1.4721,low_inlier
1782,65.1329,1.8271,-16.5021,-0.1974,-0.3901,439,0.1508,1.0000,0.168422,1.0947,1.2340,low_inlier
1783,65.1657,1.5198,-17.0841,-0.3073,-0.5820,470,0.1364,1.0000,0.168422,1.7101,1.8464,low_inlier
1784,65.1990,1.6440,-17.7025,0.1242,-0.6183,430,0.0919,1.0000,0.168422,-0.8709,1.7754,low_inlier
1785,65.2323,1.6066,-18.1485,-0.0374,-0.4461,425,0.1159,1.0000,0.168422,0.1288,1.3332,low_inlier
1786,65.2656,1.4546,-18.6429,-0.1520,-0.4943,470,0.1396,1.0000,0.168422,0.8022,1.5232,low_inlier
1787,65.2990,1.4677,-19.1640,0.0131,-0.5211,476,0.1156,1.0000,0.168422,-0.1876,1.5341,low_inlier
1788,65.3323,1.4410,-19.7300,-0.0267,-0.5660,447,0.0991,1.0000,0.168422,0.0400,1.6833,low_inlier
1789,65.3659,1.5413,-20.2360,0.1003,-0.5060,441,0.1004,1.0000,0.168422,-0.7047,1.4533,low_inlier
1790,65.3991,1.5015,-20.6828,-0.0398,-0.4469,480,0.1322,1.0000,0.168422,0.1432,1.3366,low_inlier
1791,65.4325,1.1921,-21.5358,-0.3093,-0.8530,420,0.1041,1.0000,0.168422,1.6649,2.6478,low_inlier
1792,65.4656,1.2374,-21.9079,0.0452,-0.3720,433,0.0931,1.0000,0.168422,-0.3482,1.0804,low_inlier
1793,65.4990,0.8644,-22.5021,-0.3729,-0.5942,432,0.1093,1.0000,0.168422,2.0985,1.9096,low_inlier
1794,65.5327,0.5923,-23.4973,-0.2721,-0.9952,381,0.0717,1.0000,0.168422,1.4129,3.0526,low_inlier
1795,65.5659,0.4050,-23.8886,-0.1873,-0.3913,422,0.0930,1.0000,0.168422,1.0344,1.2333,low_inlier
1796,65.5988,-0.0043,-24.6495,-0.4094,-0.7609,401,0.0943,1.0000,0.168422,2.2809,2.4171,low_inlier
1797,65.6320,-0.4207,-25.3614,-0.4164,-0.7119,403,0.0754,1.0000,0.168422,2.3329,2.2753,low_inlier
1798,65.6656,-0.5661,-26.0351,-0.1453,-0.6737,410,0.0879,1.0000,0.168422,0.7247,2.0503,low_inlier
1799,65.6990,-0.8549,-26.5034,-0.2888,-0.4682,412,0.0927,1.0000,0.168422,1.6235,1.5027,low_inlier
1800,65.7327,-1.1480,-27.3514,-0.2932,-0.8480,363,0.0802,1.0000,0.168422,1.5696,2.6265,low_inlier
1801,65.7863,-1.5759,-28.1039,-0.4278,-0.7525,496,0.1203,1.0000,0.168422,2.3924,2.3999,low_inlier
1802,65.8162,-2.1391,-28.4809,-0.5633,-0.3770,464,0.1366,1.0000,0.168422,3.2795,1.3465,low_inlier
1803,65.8456,-2.7205,-29.2089,-0.5814,-0.7280,479,0.1407,1.0000,0.168422,3.3133,2.3910,low_inlier
1804,65.8749,-3.1149,-30.1363,-0.3944,-0.9274,364,0.1135,1.0000,0.168422,2.1566,2.9029,low_inlier
1805,65.9041,-3.4637,-30.6994,-0.3488,-0.5630,460,0.1305,1.0000,0.168422,1.9612,1.8074,low_inlier
1806,65.9339,-3.7894,-31.4432,-0.3257,-0.7439,481,0.1343,1.0000,0.168422,1.7852,2.3322,low_inlier
1807,65.9660,-3.6849,-32.3156,0.1045,-0.8724,442,0.1182,1.0000,0.168422,-0.8067,2.5340,low_inlier
1808,65.9990,-3.7122,-33.1285,-0.0272,-0.8129,483,0.1297,1.0000,0.168422,-0.0089,2.4129,low_inlier
1809,66.0321,-4.1904,-33.9598,-0.4782,-0.8313,469,0.1438,1.0000,0.168422,2.6765,2.6535,low_inlier
1810,66.0656,-4.1302,-35.0167,0.0602,-1.0569,425,0.1020,1.0000,0.168422,-0.5817,3.0973,low_inlier
1811,66.0986,-3.9619,-35.8685,0.1683,-0.8519,412,0.1019,1.0000,0.168422,-1.1832,2.4470,low_inlier
1812,66.1320,-4.5162,-36.7810,-0.5544,-0.9125,457,0.1562,1.0000,0.168422,3.1134,2.9248,low_inlier
1813,66.1655,-4.7229,-37.5435,-0.2067,-0.7625,432,0.1327,1.0000,0.168422,1.0721,2.3380,low_inlier
1814,66.1988,-4.4208,-37.9632,0.3021,-0.4197,483,0.1487,1.0000,0.168422,-1.8900,1.1150,low_inlier
1815,66.2321,-4.5314,-38.5958,-0.1106,-0.6326,419,0.1665,1.0000,0.168422,0.5262,1.9147,low_inlier
1816,66.2654,-4.9660,-39.5003,-0.4346,-0.9045,467,0.1675,1.0000,0.168422,2.4008,2.8518,low_inlier
1817,66.2989,-5.1649,-39.6806,-0.1989,-0.1803,484,0.2626,1.0000,0.168422,1.1481,0.6149,low_inlier
1818,66.3320,-5.4954,-40.0510,-0.3305,-0.3703,514,0.3425,1.0000,0.168422,1.8927,1.2306,low_inlier
1819,66.3655,-6.0170,-40.6208,-0.5216,-0.5699,514,0.3476,1.0000,0.168422,2.9903,1.8992,low_inlier
1820,66.3988,-6.3261,-40.9118,-0.3091,-0.2910,496,0.4555,1.0000,0.168422,1.7817,0.9873,low_inlier
1821,66.4321,-6.6914,-41.2541,-0.3654,-0.3423,515,0.5745,1.0000,0.168422,2.1066,1.1623,
1822,66.4656,-6.7694,-41.4530,-0.0779,-0.1989,515,0.5232,1.0000,0.168422,0.4227,0.6197,
1823,66.4992,-6.9916,-41.7865,-0.2223,-0.3335,521,0.5763,1.0000,0.168422,1.2552,1.0771,
1824,66.5321,-7.4826,-42.2466,-0.4909,-0.4601,527,0.5507,1.0000,0.168422,2.8306,1.5622,
1825,66.5658,-7.6368,-41.9439,-0.1542,0.3027,626,0.7825,1.0000,0.168422,0.9832,-0.8305,
1826,66.5986,-7.7588,-41.8364,-0.1220,0.1075,704,0.8925,1.0000,0.168422,0.7501,-0.2673,
1827,66.6321,-7.7476,-41.8040,0.0112,0.0324,627,0.7985,1.0000,0.168422,-0.0601,-0.1004,
1828,66.6654,-7.7069,-41.7722,0.0406,0.0318,626,0.7987,1.0000,0.168422,-0.2357,-0.1106,
1829,66.6991,-7.6964,-41.7008,0.0105,0.0714,641,0.8273,1.0000,0.168422,-0.0475,-0.2154,
1830,66.7317,-7.9301,-41.6922,-0.2337,0.0086,693,0.7347,1.0000,0.168422,1.3951,0.0712,
1831,66.7853,-8.7783,-41.3319,-0.8482,0.3603,728,0.8986,1.0000,0.168422,5.1339,-0.7139,
1832,66.8148,-9.4988,-40.5479,-0.7205,0.7840,725,0.7863,1.0000,0.168422,4.4617,-2.0182,
1833,66.8441,-10.0816,-40.5361,-0.5827,0.0118,674,0.8500,1.0000,0.168422,3.4773,0.2060,
1834,66.8734,-10.2525,-40.5637,-0.1709,-0.0276,732,0.8170,1.0000,0.168422,1.0133,0.1523,
1835,66.9025,-10.3554,-40.6594,-0.1030,-0.0957,425,0.5326,1.0000,0.168422,0.5938,0.3252,
1836,66.9319,-10.5906,-40.6295,-0.2351,0.0299,744,0.3805,1.0000,0.168422,1.4085,0.0089,low_inlier
1837,66.9650,-11.0150,-40.5884,-0.4244,0.0411,421,0.5262,1.0000,0.168422,2.5396,0.0539,
1838,66.9985,-11.2272,-40.7466,-0.2122,-0.1582,758,0.9187,1.0000,0.168422,1.2320,0.5552,
1839,67.0319,-11.2158,-40.8904,0.0115,-0.1438,749,0.9362,1.0000,0.168422,-0.0986,0.4200,
1840,67.0657,-11.1891,-40.9681,0.0267,-0.0778,759,0.9375,1.0000,0.168422,-0.1755,0.2188,
1841,67.0991,-11.0526,-41.2555,0.1365,-0.2874,759,0.4938,1.0000,0.168422,-0.8744,0.7925,low_inlier
1842,67.1318,-10.2123,-41.5709,0.8403,-0.3154,741,0.8350,1.0000,0.168422,-5.0772,0.5844,
1843,67.1649,-10.4937,-43.7151,-0.2814,-2.1442,742,0.3141,1.0000,0.168422,1.2260,6.4509,low_inlier
1844,67.1985,-12.3920,-44.9744,-1.8984,-1.2592,661,0.2165,1.0000,0.168422,11.0545,4.5047,low_inlier
1845,67.2321,-14.0918,-45.2493,-1.6998,-0.2749,639,0.6138,1.0000,0.168422,10.0777,1.5146,
1846,67.2656,-15.2987,-45.2242,-1.2070,0.0250,690,0.2741,1.0000,0.168422,7.2025,0.4249,low_inlier
1847,67.2984,-15.5827,-44.9430,-0.2839,0.2812,422,0.5200,1.0000,0.168422,1.7522,-0.7134,
1848,67.3320,-15.5452,-45.0751,0.0375,-0.1321,399,0.5094,1.0000,0.168422,-0.2514,0.3748,
1849,67.3655,-16.1063,-44.8417,-0.5611,0.2335,377,0.4750,1.0000,0.168422,3.3953,-0.4578,low_inlier
1850,67.3984,-16.7903,-44.9480,-0.6840,-0.1063,415,0.4363,1.0000,0.168422,4.0565,0.5968,low_inlier
1851,67.4323,-17.3466,-45.2746,-0.5563,-0.3266,753,0.4468,1.0000,0.168422,3.2484,1.1948,low_inlier
1852,67.4649,-17.9193,-45.6837,-0.5727,-0.4090,742,0.5337,1.0000,0.168422,3.3287,1.4450,
1853,67.4984,-18.5866,-46.1102,-0.6673,-0.4266,524,0.4900,1.0000,0.168422,3.8892,1.5359,low_inlier
1854,67.5316,-19.5178,-46.1257,-0.9311,-0.0155,777,0.2662,1.0000,0.168422,5.5491,0.4307,low_inlier
1855,67.5650,-20.3392,-46.2070,-0.8214,-0.0813,734,0.2607,1.0000,0.168422,4.8810,0.5797,low_inlier
1856,67.5983,-21.3597,-46.2386,-1.0205,-0.0316,433,0.4700,1.0000,0.168422,6.0784,0.5151,low_inlier
1857,67.6317,-22.4152,-44.9150,-1.0555,1.3236,728,0.2644,1.0000,0.168422,6.5730,-3.4740,low_inlier
1858,67.6649,-23.1712,-44.1514,-0.7560,0.7636,393,0.4255,1.0000,0.168422,4.6689,-1.9433,low_inlier
1859,67.6987,-22.6977,-45.2488,0.4735,-1.0974,749,0.2728,1.0000,0.168422,-3.0545,3.0462,low_inlier
1860,67.7317,-24.6005,-44.6329,-1.9028,0.6159,578,0.1506,1.0000,0.168422,11.4761,-1.0331,low_inlier
1861,67.7854,-25.8722,-44.6584,-1.2717,-0.0255,628,0.3992,1.0000,0.168422,7.5777,0.6008,low_inlier
1862,67.8155,-26.0143,-44.0544,-0.1421,0.6040,504,0.3066,1.0000,0.168422,0.9744,-1.7255,low_inlier
1863,67.8453,-24.0561,-42.7382,1.9582,1.3162,658,0.0063,1.0000,0.168422,-11.3995,-4.6979,low_inlier
1864,67.8757,-24.0169,-42.3894,0.0391,0.3488,244,0.0264,1.0000,0.168422,-0.1598,-1.0466,low_inlier
1865,67.9058,-23.1809,-41.9882,0.8360,0.4011,296,0.0226,1.0000,0.168422,-4.9007,-1.5306,low_inlier
1866,67.9362,-21.1333,-40.0031,2.0476,1.9852,644,0.0214,1.0000,0.168422,-11.7915,-6.7110,low_inlier
1867,67.9670,-19.0769,-38.3146,2.0564,1.6884,636,0.0092,1.0000,0.168422,-11.9066,-5.8380,low_inlier
1868,67.9980,-18.2007,-37.6885,0.8763,0.6261,429,0.0089,1.0000,0.168422,-5.0933,-2.2118,low_inlier
1869,68.0315,-17.0056,-36.9860,1.1950,0.7026,585,0.0102,1.0000,0.168422,-6.9779,-2.5695,low_inlier
1870,68.0647,-9.7480,-34.1406,7.2576,2.8454,118,0.0013,1.0000,0.168422,-42.6774,-11.4055,low_inlier
1871,68.0985,-7.6481,-34.0680,2.0999,0.0726,187,0.0054,1.0000,0.168422,-12.5064,-1.0825,low_inlier
1872,68.1316,-5.1350,-32.4057,2.5131,1.6622,303,0.0180,1.0000,0.168422,-14.6354,-5.9493,low_inlier
1873,68.1647,-3.1458,-31.4622,1.9892,0.9435,754,0.0230,1.0000,0.168422,-11.6627,-3.6096,low_inlier
1874,68.1984,-0.8410,-30.0587,2.3048,1.4035,507,0.0013,1.0000,0.168422,-13.4477,-5.0989,low_inlier
1875,68.2318,4.2205,-27.7185,5.0615,2.3401,380,0.0124,1.0000,0.168422,-29.6887,-9.0052,low_inlier
1876,68.2646,4.9437,-25.4800,0.7233,2.2385,419,0.0213,1.0000,0.168422,-3.8411,-6.9120,low_inlier
1877,68.2984,4.5946,-24.7855,-0.3491,0.6945,677,0.0553,1.0000,0.168422,2.2279,-1.9075,low_inlier
1878,68.3318,5.3552,-24.1386,0.7605,0.6469,677,0.0384,1.0000,0.168422,-4.3988,-2.2253,low_inlier
1879,68.3650,6.6406,-22.1367,1.2854,2.0019,330,0.0238,1.0000,0.168422,-7.2433,-6.4455,low_inlier
1880,68.3984,9.3807,-20.0028,2.7401,2.1340,538,0.0569,1.0000,0.168422,-15.8896,-7.4367,low_inlier
1881,68.4316,11.2051,-17.7659,1.8244,2.2368,506,0.0156,1.0000,0.168422,-10.4076,-7.3622,low_inlier
1882,68.4649,13.3208,-16.7804,2.1157,0.9855,684,0.0330,1.0000,0.168422,-12.4082,-3.7858,low_inlier
1883,68.4983,15.8282,-15.3767,2.5074,1.4037,619,0.0379,1.0000,0.168422,-14.6560,-5.1833,low_inlier
1884,68.5315,17.6201,-13.6115,1.7919,1.7652,266,0.0683,1.0000,0.168422,-10.3131,-5.9555,low_inlier
1885,68.5648,18.5931,-12.5746,0.9730,1.0369,727,0.0703,1.0000,0.168422,-5.5835,-3.4654,low_inlier
1886,68.5986,19.2106,-12.4777,0.6174,0.0969,762,0.1094,1.0000,0.168422,-3.6614,-0.5414,low_inlier
1887,68.6320,20.6993,-11.4142,1.4887,1.0635,712,0.1037,1.0000,0.168422,-8.6533,-3.7572,low_inlier
1888,68.6645,22.1957,-10.4062,1.4964,1.0080,709,0.0958,1.0000,0.168422,-8.7105,-3.5963,low_inlier
1889,68.6984,23.1725,-9.9646,0.9768,0.4416,734,0.2679,1.0000,0.168422,-5.7317,-1.7083,low_inlier
1890,68.7310,23.8083,-9.4842,0.6358,0.4804,757,0.3020,1.0000,0.168422,-3.6902,-1.6821,low_inlier
1891,68.7836,24.4201,-9.1043,0.6118,0.3799,712,0.4560,1.0000,0.168422,-3.5678,-1.3751,low_inlier
1892,68.8133,24.6299,-9.0880,0.2098,0.0163,784,0.7113,1.0000,0.168422,-1.2476,-0.1347,
1893,68.8421,24.5601,-9.3853,-0.0698,-0.2973,734,0.6400,1.0000,0.168422,0.3534,0.9071,
1894,68.8706,24.5352,-9.3602,-0.0249,0.0251,777,0.8413,1.0000,0.168422,0.1540,-0.0638,
1895,68.8990,24.5815,-9.4382,0.0463,-0.0779,781,0.9463,1.0000,0.168422,-0.2927,0.2111,
1896,68.9316,24.5815,-9.4177,0.0000,0.0205,777,0.9788,1.0000,0.168422,0.0043,-0.0605,
1897,68.9639,24.8466,-9.8201,0.2651,-0.4024,755,0.9550,1.0000,0.168422,-1.6655,1.0792,
1898,68.9980,24.8401,-9.7325,-0.0065,0.0876,783,0.9825,1.0000,0.168422,0.0572,-0.2562,
1899,69.0310,25.1680,-9.8755,0.3279,-0.1430,757,0.9275,1.0000,0.168422,-1.9852,0.2870,
1900,69.0642,25.7688,-9.8591,0.6008,0.0164,713,0.8403,1.0000,0.168422,-3.5792,-0.2967,
1901,69.0979,26.5087,-9.9317,0.7399,-0.0726,744,0.5856,1.0000,0.168422,-4.4274,-0.0912,
1902,69.1320,27.0944,-10.1123,0.5857,-0.1806,713,0.7447,1.0000,0.168422,-3.5306,0.2914,
1903,69.1650,27.2399,-10.1351,0.1455,-0.0228,768,0.8900,1.0000,0.168422,-0.8725,0.0071,
1904,69.1979,27.2701,-10.2160,0.0302,-0.0809,751,0.9012,1.0000,0.168422,-0.1972,0.2266,
1905,69.2315,27.3805,-10.3470,0.1103,-0.1310,736,0.8173,1.0000,0.168422,-0.6855,0.3413,
1906,69.2650,27.4215,-10.5005,0.0411,-0.1535,742,0.7375,1.0000,0.168422,-0.2772,0.4364,
1907,69.2980,27.5995,-10.6688,0.1780,-0.1684,713,0.8450,1.0000,0.168422,-1.0967,0.4238,
1908,69.3316,27.7013,-10.8106,0.1018,-0.1417,770,0.8275,1.0000,0.168422,-0.6369,0.3766,
1909,69.3649,27.7364,-10.9733,0.0351,-0.1628,737,0.7997,1.0000,0.168422,-0.2434,0.4664,
1910,69.3979,27.6282,-11.0813,-0.1082,-0.1080,663,0.8166,1.0000,0.168422,0.6223,0.3637,
1911,69.4310,27.5086,-11.0336,-0.1196,0.0477,729,0.5806,1.0000,0.168422,0.7233,-0.0914,
1912,69.4648,27.3847,-11.2099,-0.1239,-0.1763,770,0.9212,1.0000,0.168422,0.7016,0.5720,
1913,69.4978,27.4428,-11.2582,0.0581,-0.0483,765,0.9625,1.0000,0.168422,-0.3565,0.1186,
1914,69.5309,27.8726,-10.9185,0.4298,0.3397,707,0.8577,1.0000,0.168422,-2.4911,-1.1813,
1915,69.5647,27.9575,-11.5726,0.0850,-0.6541,685,0.5282,1.0000,0.168422,-0.6445,1.8974,
1916,69.5976,29.8373,-12.0595,1.8797,-0.4869,608,0.1831,1.0000,0.168422,-11.3114,0.6614,low_inlier
1917,69.6309,31.6643,-11.9258,1.8270,0.1336,638,0.4849,1.0000,0.168422,-10.8664,-1.1499,low_inlier
1918,69.6646,32.4835,-11.8595,0.8192,0.0663,650,0.5359,1.0000,0.168422,-4.8710,-0.5344,
1919,69.6975,32.7015,-12.1436,0.2180,-0.2841,715,0.6200,1.0000,0.168422,-1.3600,0.7491,
1920,69.7310,33.4252,-12.1291,0.7237,0.0145,680,0.7738,1.0000,0.168422,-4.3123,-0.3419,
1921,69.7841,33.8337,-12.0158,0.4085,0.1133,782,0.6846,1.0000,0.168422,-2.4118,-0.5035,
1922,69.8136,34.2774,-12.1450,0.4437,-0.1292,776,0.4850,1.0000,0.168422,-2.6730,0.1983,low_inlier
1923,69.8430,34.0056,-11.3046,-0.2719,0.8404,723,0.3909,1.0000,0.168422,1.7982,-2.3705,low_inlier
1924,69.8728,33.7101,-11.3545,-0.2955,-0.0499,788,0.8988,1.0000,0.168422,1.7515,0.2697,
1925,69.9016,33.3940,-11.5235,-0.3161,-0.1690,756,0.9263,1.0000,0.168422,1.8493,0.6298,
1926,69.9309,32.6516,-11.4364,-0.7424,0.0871,787,0.6809,1.0000,0.168422,4.4450,0.0494,
1927,69.9642,31.8708,-11.3458,-0.7808,0.0906,726,0.7854,1.0000,0.168422,4.6749,0.0551,
1928,69.9980,31.6511,-10.7322,-0.2198,0.6136,553,0.1841,1.0000,0.168422,1.4397,-1.7220,low_inlier
1929,70.0309,32.1662,-10.6008,0.5152,0.1314,703,0.7412,1.0000,0.168422,-3.0442,-0.6010,
1930,70.0643,32.4175,-10.4955,0.2513,0.1052,638,0.4398,1.0000,0.168422,-1.4762,-0.4148,low_inlier
1931,70.0978,32.4150,-10.4609,-0.0025,0.0346,784,0.9575,1.0000,0.168422,0.0220,-0.1012,
1932,70.1314,32.4590,-10.4599,0.0439,0.0011,740,0.8586,1.0000,0.168422,-0.2617,-0.0213,
1933,70.1640,33.0351,-10.5450,0.5761,-0.0851,785,0.9400,1.0000,0.168422,-3.4535,0.0134,
1934,70.1975,33.4076,-10.4766,0.3725,0.0683,783,0.9437,1.0000,0.168422,-2.2067,-0.3559,
1935,70.2308,33.8756,-10.5563,0.4680,-0.0796,776,0.8438,1.0000,0.168422,-2.8077,0.0418,
1936,70.2642,34.2287,-10.5755,0.3531,-0.0192,786,0.9825,1.0000,0.168422,-2.1095,-0.0892,
1937,70.2976,34.1929,-10.4560,-0.0358,0.1195,789,0.9862,1.0000,0.168422,0.2386,-0.3383,
1938,70.3312,34.1433,-10.3719,-0.0496,0.0841,792,0.9900,1.0000,0.168422,0.3134,-0.2280,
1939,70.3641,34.1902,-10.3848,0.0469,-0.0129,787,0.9850,1.0000,0.168422,-0.2821,0.0189,
1940,70.3975,34.1902,-10.3818,-0.0000,0.0030,792,0.9900,1.0000,0.168422,0.0007,-0.0088,
1941,70.4311,34.1345,-10.3412,-0.0557,0.0406,789,0.9862,1.0000,0.168422,0.3408,-0.0970,
1942,70.4647,34.1630,-10.3321,0.0286,0.0091,795,0.9950,1.0000,0.168422,-0.1683,-0.0388,
1943,70.4974,34.1481,-10.3162,-0.0149,0.0159,787,0.9875,1.0000,0.168422,0.0922,-0.0407,
1944,70.5308,34.1051,-10.2861,-0.0430,0.0301,787,0.9850,1.0000,0.168422,0.2628,-0.0712,
1945,70.5639,34.1361,-10.2759,0.0310,0.0102,786,0.9838,1.0000,0.168422,-0.1827,-0.0430,
1946,70.5973,34.1634,-10.2579,0.0272,0.0180,786,0.9850,1.0000,0.168422,-0.1586,-0.0643,
1947,70.6307,34.1781,-10.2226,0.0148,0.0353,787,0.9838,1.0000,0.168422,-0.0808,-0.1104,
1948,70.6638,34.1869,-10.1904,0.0088,0.0322,789,0.9888,1.0000,0.168422,-0.0454,-0.0988,
1949,70.6975,34.2007,-10.1788,0.0138,0.0116,787,0.9850,1.0000,0.168422,-0.0800,-0.0399,
1950,70.7307,34.2086,-10.1640,0.0078,0.0148,789,0.9875,1.0000,0.168422,-0.0436,-0.0470,
1951,70.7829,34.1776,-10.1376,-0.0309,0.0264,778,0.9725,1.0000,0.168422,0.1898,-0.0652,
1952,70.8109,34.1731,-10.1256,-0.0046,0.0120,779,0.9762,1.0000,0.168422,0.0297,-0.0336,
1953,70.8385,34.1638,-10.1112,-0.0093,0.0144,776,0.9788,1.0000,0.168422,0.0583,-0.0388,
1954,70.8663,34.2180,-10.1159,0.0542,-0.0048,776,0.9700,1.0000,0.168422,-0.3241,-0.0083,
1955,70.8970,34.3094,-10.1439,0.0914,-0.0280,773,0.9675,1.0000,0.168422,-0.5510,0.0449,
1956,70.9308,34.3168,-10.1168,0.0074,0.0271,772,0.9650,1.0000,0.168422,-0.0382,-0.0832,
1957,70.9639,34.4490,-10.1094,0.1322,0.0073,770,0.9625,1.0000,0.168422,-0.7866,-0.0762,
1958,70.9970,34.5946,-10.0373,0.1456,0.0721,776,0.9700,1.0000,0.168422,-0.8533,-0.2732,
1959,71.0304,34.7418,-9.6994,0.1472,0.3379,766,0.9612,1.0000,0.168422,-0.8065,-1.0592,
1960,71.0637,34.8881,-9.3589,0.1464,0.3405,745,0.9461,1.0000,0.168422,-0.8010,-1.0663,
1961,71.0968,35.1306,-9.1688,0.2424,0.1901,779,0.9337,1.0000,0.168422,-1.4054,-0.6619,
1962,71.1302,35.4078,-9.1126,0.2772,0.0562,765,0.8825,1.0000,0.168422,-1.6413,-0.2805,
1963,71.1635,35.3507,-9.0148,-0.0571,0.0979,746,0.9363,1.0000,0.168422,0.3612,-0.2655,
1964,71.1969,35.2705,-8.9310,-0.0802,0.0837,773,0.9625,1.0000,0.168422,0.4957,-0.2142,
1965,71.2303,35.3553,-9.0075,0.0848,-0.0764,770,0.8962,1.0000,0.168422,-0.5216,0.1907,
1966,71.2636,35.0423,-8.5338,-0.3130,0.4736,765,0.9012,1.0000,0.168422,1.9660,-1.2698,
1967,71.2968,35.0131,-8.5988,-0.0292,-0.0650,703,0.9036,1.0000,0.168422,0.1606,0.2040,
1968,71.3305,35.0095,-8.6728,-0.0036,-0.0739,767,0.7907,1.0000,0.168422,0.0059,0.2199,
1969,71.3636,34.9523,-8.6410,-0.0571,0.0317,778,0.7137,1.0000,0.168422,0.3474,-0.0702,
1970,71.3971,34.9851,-8.7384,0.0328,-0.0974,771,0.8113,1.0000,0.168422,-0.2161,0.2743,
1971,71.4304,34.7964,-9.1900,-0.1887,-0.4516,771,0.9100,1.0000,0.168422,1.0303,1.4121,
1972,71.4645,34.9335,-9.3095,0.1371,-0.1195,747,0.6138,1.0000,0.168422,-0.8430,0.2963,
1973,71.4970,35.8454,-10.2727,0.9119,-0.9632,740,0.4324,1.0000,0.168422,-5.6404,2.4685,low_inlier
1974,71.5300,37.1595,-10.6793,1.3141,-0.4066,551,0.4003,1.0000,0.168422,-7.9214,0.6581,low_inlier
1975,71.5635,38.0069,-10.3782,0.8474,0.3011,668,0.6654,1.0000,0.168422,-4.9897,-1.2398,
1976,71.5970,38.6301,-10.3905,0.6232,-0.0123,729,0.5413,1.0000,0.168422,-3.7186,-0.2212,
1977,71.6304,38.3374,-9.8052,-0.2927,0.5852,760,0.3995,1.0000,0.168422,1.8688,-1.6079,low_inlier
1978,71.6634,37.9964,-9.5355,-0.3410,0.2698,724,0.6291,1.0000,0.168422,2.0899,-0.6561,
1979,71.6968,37.4545,-9.1463,-0.5419,0.3892,665,0.5910,1.0000,0.168422,3.3131,-0.9258,
1980,71.7302,37.1212,-9.0450,-0.3333,0.1013,742,0.7625,1.0000,0.168422,2.0089,-0.1615,
1981,71.7834,36.5259,-8.9224,-0.5954,0.1226,756,0.9300,1.0000,0.168422,3.5760,-0.1160,
1982,71.8127,36.1796,-8.9835,-0.3463,-0.0610,755,0.8512,1.0000,0.168422,2.0521,0.3234,
1983,71.8420,36.0023,-8.7502,-0.1773,0.2332,784,0.9812,1.0000,0.168422,1.1063,-0.6158,
1984,71.8713,35.9741,-8.7023,-0.0282,0.0479,784,0.9788,1.0000,0.168422,0.1782,-0.1300,
1985,71.8998,35.9297,-8.6541,-0.0444,0.0482,789,0.9862,1.0000,0.168422,0.2748,-0.1241,
1986,71.9300,35.9319,-8.6898,0.0022,-0.0357,789,0.9862,1.0000,0.168422,-0.0205,0.1046,
1987,71.9634,35.9883,-8.7896,0.0564,-0.0998,787,0.9838,1.0000,0.168422,-0.3576,0.2715,
1988,71.9968,36.0030,-8.8357,0.0147,-0.0462,788,0.9862,1.0000,0.168422,-0.0974,0.1303,
1989,72.0311,36.5259,-9.4330,0.5229,-0.5973,753,0.6385,1.0000,0.168422,-3.2437,1.5485,
1990,72.0635,36.6556,-9.0690,0.1297,0.3640,738,0.5075,1.0000,0.168422,-0.6968,-1.1291,
1991,72.0966,36.7130,-8.8435,0.0574,0.2255,765,0.9123,1.0000,0.168422,-0.2948,-0.6899,
1992,72.1301,36.6878,-8.6317,-0.0252,0.2118,786,0.9825,1.0000,0.168422,0.1949,-0.6153,
1993,72.1634,36.5498,-8.3173,-0.1380,0.3144,780,0.9762,1.0000,0.168422,0.8892,-0.8719,
1994,72.1965,36.3247,-7.8481,-0.2251,0.4692,729,0.9220,1.0000,0.168422,1.4411,-1.2931,
1995,72.2299,35.0808,-5.7048,-1.2439,2.1433,434,0.1617,1.0000,0.168422,7.8690,-5.8176,low_inlier
1996,72.2633,31.9181,-4.5686,-3.1627,1.1363,357,0.0513,1.0000,0.168422,19.0988,-2.0497,low_inlier
1997,72.2965,31.3954,-5.4333,-0.5227,-0.8647,769,0.0000,1.0000,0.168422,2.9347,2.7706,low_inlier
1998,72.3299,26.8761,-5.2604,-4.5193,0.1728,440,0.0910,1.0000,0.168422,26.9850,1.3572,low_inlier
1999,72.3632,23.7078,-4.6295,-3.1682,0.6310,415,0.1716,1.0000,0.168422,19.0251,-0.5546,low_inlier
2000,72.3966,20.9150,-4.2179,-2.7928,0.4116,595,0.2911,1.0000,0.168422,16.7402,-0.0617,low_inlier
2001,72.4302,17.9220,-3.7390,-2.9930,0.4789,562,0.1413,1.0000,0.168422,17.9479,-0.1778,low_inlier
2002,72.4634,15.1341,-3.3961,-2.7879,0.3428,446,0.3213,1.0000,0.168422,16.6967,0.1394,low_inlier
2003,72.4966,12.0300,-3.1149,-3.1041,0.2812,431,0.2807,1.0000,0.168422,18.5688,0.4521,low_inlier
2004,72.5297,8.8169,-3.1747,-3.2131,-0.0598,469,0.1345,1.0000,0.168422,19.1470,1.5045,low_inlier
2005,72.5631,6.9490,-2.9689,-1.8679,0.2057,550,0.3668,1.0000,0.168422,11.1817,0.1642,low_inlier
2006,72.5964,5.6596,-2.7911,-1.2894,0.1779,498,0.4871,1.0000,0.168422,7.7261,0.0075,low_inlier
2007,72.6299,4.1594,-2.8394,-1.5002,-0.0484,499,0.4528,1.0000,0.168422,8.9354,0.7629,low_inlier
2008,72.6630,2.7644,-2.2909,-1.3950,0.5485,589,0.4095,1.0000,0.168422,8.4341,-1.0439,low_inlier
2009,72.6964,0.8473,-1.7828,-1.9172,0.5081,448,0.1161,1.0000,0.168422,11.5391,-0.7086,low_inlier
2010,72.7300,-2.1234,-2.1886,-2.9707,-0.4057,436,0.2781,1.0000,0.168422,17.6287,2.4264,low_inlier
2011,72.7832,-5.2345,-1.7369,-3.1111,0.4517,535,0.3148,1.0000,0.168422,18.6467,-0.0486,low_inlier
2012,72.8135,-8.2929,-1.3273,-3.0583,0.4096,454,0.1673,1.0000,0.168422,18.3232,0.0538,low_inlier
2013,72.8433,-11.5426,-1.5577,-3.2497,-0.2304,510,0.3382,1.0000,0.168422,19.3292,2.0239,low_inlier
2014,72.8731,-14.6080,-0.5427,-3.0654,1.0150,486,0.2438,1.0000,0.168422,18.4930,-1.7317,low_inlier
2015,72.9034,-19.5485,-0.6867,-4.9405,-0.1440,366,0.0942,1.0000,0.168422,29.4297,2.4674,low_inlier
2016,72.9343,-19.7929,3.5864,-0.2444,4.2731,666,0.0000,1.0000,0.168422,2.3578,-12.5227,low_inlier
2017,72.9638,-24.8829,4.2309,-5.0900,0.6445,691,0.0166,1.0000,0.168422,30.4874,0.1996,low_inlier
2018,72.9964,-22.4489,7.9924,2.4340,3.7615,87,0.0245,1.0000,0.168422,-13.7211,-12.1182,low_inlier
2019,73.0296,-22.0372,9.5912,0.4117,1.5988,113,0.0217,1.0000,0.168422,-2.1184,-4.8934,low_inlier
2020,73.0629,-28.7883,9.2385,-6.7511,-0.3527,724,0.0420,1.0000,0.168422,40.1823,3.8322,low_inlier
2021,73.0963,-34.3866,9.4699,-5.5983,0.2315,650,0.0028,1.0000,0.168422,33.4313,1.6299,low_inlier
2022,73.1294,-41.6238,8.8211,-7.2372,-0.6488,302,0.0399,1.0000,0.168422,43.0185,4.9079,low_inlier
2023,73.1630,-48.6092,8.3231,-6.9854,-0.4980,259,0.0593,1.0000,0.168422,41.5489,4.3582,low_inlier
2024,73.1966,-53.5331,9.0635,-4.9240,0.7403,261,0.1420,1.0000,0.168422,29.5175,-0.1520,low_inlier
2025,73.2298,-59.5187,8.6017,-5.9856,-0.4618,248,0.0867,1.0000,0.168422,35.5948,3.8380,low_inlier
2026,73.2629,-65.1926,7.9808,-5.6739,-0.6209,194,0.0456,1.0000,0.168422,33.7024,4.1792,low_inlier
2027,73.2962,-69.4608,8.3826,-4.2682,0.4018,230,0.1455,1.0000,0.168422,25.5361,0.5771,low_inlier
2028,73.3295,-74.2093,8.1662,-4.7485,-0.2163,279,0.1327,1.0000,0.168422,28.2694,2.6017,low_inlier
2029,73.3629,-79.6494,7.3346,-5.4401,-0.8317,481,0.0792,1.0000,0.168422,32.2640,4.7054,low_inlier
2030,73.3961,-83.9158,7.4147,-4.2665,0.0802,502,0.0510,1.0000,0.168422,25.4578,1.5265,low_inlier
2031,73.4297,-87.8874,7.7959,-3.9715,0.3811,458,0.0789,1.0000,0.168422,23.7623,0.5154,low_inlier
2032,73.4629,-92.9619,6.9109,-5.0745,-0.8850,492,0.0406,1.0000,0.168422,30.0729,4.7117,low_inlier
2033,73.4965,-97.1128,6.9476,-4.1509,0.0367,443,0.0190,1.0000,0.168422,24.7595,1.6071,low_inlier
2034,73.5294,-101.1715,7.3592,-4.0587,0.4116,373,0.0758,1.0000,0.168422,24.2886,0.4614,low_inlier
2035,73.5630,-106.8285,6.4474,-5.6571,-0.9118,315,0.0076,1.0000,0.168422,33.5408,5.0318,low_inlier
2036,73.5965,-112.4177,5.6008,-5.5892,-0.8467,398,0.0100,1.0000,0.168422,33.1501,4.8113,low_inlier
2037,73.6294,-117.3010,5.9212,-4.8833,0.3205,339,0.0322,1.0000,0.168422,29.1863,1.0715,low_inlier
2038,73.6628,-123.4046,4.8537,-6.1036,-1.0675,401,0.0176,1.0000,0.168422,36.1706,5.6762,low_inlier
2039,73.6959,-128.7969,4.0781,-5.3923,-0.7757,446,0.0059,1.0000,0.168422,31.9908,4.5202,low_inlier
2040,73.7296,-134.7495,3.0803,-5.9526,-0.9978,392,0.0000,1.0000,0.168422,35.2852,5.4080,low_inlier
2041,73.7833,-140.0940,3.4272,-5.3445,0.3469,265,0.0239,1.0000,0.168422,31.9426,1.1841,low_inlier
2042,73.8147,-144.3771,3.6334,-4.2831,0.2063,331,0.0399,1.0000,0.168422,25.5836,1.1608,low_inlier
2043,73.8454,-149.0339,3.7374,-4.6568,0.1040,294,0.0133,1.0000,0.168422,27.7904,1.6175,low_inlier
2044,73.8765,-151.9036,4.0647,-2.8697,0.3272,320,0.0272,1.0000,0.168422,17.1807,0.2193,low_inlier
2045,73.9076,-152.5334,4.1995,-0.6298,0.1348,338,0.1438,1.0000,0.168422,3.7840,-0.1381,low_inlier
2046,73.9382,-152.1043,4.4434,0.4291,0.2439,375,0.1617,1.0000,0.168422,-2.5074,-0.8979,low_inlier
2047,73.9686,-151.5462,4.2916,0.5581,-0.1518,278,0.1147,1.0000,0.168422,-3.3598,0.2177,low_inlier
2048,73.9990,-151.1179,3.9466,0.4283,-0.3451,406,0.2111,1.0000,0.168422,-2.6268,0.8424,low_inlier
2049,74.0294,-149.3979,3.7392,1.7200,-0.2073,449,0.0295,1.0000,0.168422,-10.3000,-0.0983,low_inlier
2050,74.0629,-144.4330,3.1134,4.9648,-0.6258,412,0.0292,1.0000,0.168422,-29.7372,-0.2031,low_inlier
2051,74.0959,-137.3439,3.1790,7.0891,0.0655,355,0.0030,1.0000,0.168422,-42.2586,-3.1236,low_inlier
2052,74.1292,-130.0032,4.3058,7.3407,1.1268,319,0.0046,1.0000,0.168422,-43.5349,-6.3627,low_inlier
2053,74.1629,-126.9364,2.6211,3.0668,-1.6846,438,0.0028,1.0000,0.168422,-18.6425,3.7093,low_inlier
2054,74.1960,-123.5683,0.9136,3.3681,-1.7075,129,0.0041,1.0000,0.168422,-20.4438,3.6524,low_inlier
2055,74.2296,-114.6043,0.9188,8.9640,0.0052,222,0.0017,1.0000,0.168422,-53.4510,-3.7201,low_inlier
2056,74.2629,-105.2698,0.1357,9.3345,-0.7830,321,0.0155,1.0000,0.168422,-55.8263,-1.5446,low_inlier
2057,74.2961,-97.1191,-1.1251,8.1507,-1.2608,194,0.0060,1.0000,0.168422,-48.8681,0.3561,low_inlier
2058,74.3299,-87.1201,-2.1456,9.9991,-1.0205,293,0.0032,1.0000,0.168422,-59.8394,-1.1178,low_inlier
2059,74.3629,-75.8408,-4.3626,11.2793,-2.2171,190,0.0034,1.0000,0.168422,-67.7253,1.8880,low_inlier
2060,74.3961,-63.2225,-5.3174,12.6182,-0.9547,300,0.0068,1.0000,0.168422,-75.4436,-2.3946,low_inlier
2061,74.4297,-52.2322,-4.8685,10.9903,0.4488,521,0.0032,1.0000,0.168422,-65.4405,-5.8682,low_inlier
2062,74.4630,-42.8707,-5.0247,9.3616,-0.1561,554,0.0090,1.0000,0.168422,-55.8557,-3.4079,low_inlier
2063,74.4959,-33.8098,-5.4102,9.0609,-0.3855,325,0.0409,1.0000,0.168422,-54.1112,-2.6060,low_inlier
2064,74.5290,-28.2956,-4.8177,5.5142,0.5925,46,0.0015,1.0000,0.168422,-32.7562,-4.0293,low_inlier
2065,74.5625,-24.9274,-4.6078,3.3682,0.2099,471,0.0000,1.0000,0.168422,-20.0402,-2.0121,low_inlier
2066,74.5958,-19.8657,-4.8913,5.0617,-0.2835,567,0.0029,1.0000,0.168422,-30.2429,-1.2545,low_inlier
2067,74.6290,-15.1541,-4.9423,4.7116,-0.0510,650,0.0104,1.0000,0.168422,-28.1060,-1.7966,low_inlier
2068,74.6624,-11.6120,-4.4597,3.5420,0.4827,663,0.0042,1.0000,0.168422,-21.0193,-2.8898,low_inlier
2069,74.6960,-9.1035,-3.7520,2.5086,0.7077,307,0.0722,1.0000,0.168422,-14.8094,-3.1274,low_inlier
2070,74.7295,-6.9288,-3.0231,2.1747,0.7289,338,0.0509,1.0000,0.168422,-12.8139,-3.0523,low_inlier
2071,74.7849,-7.0510,-6.5212,-0.1222,-3.4982,302,0.0303,1.0000,0.168422,-0.0082,10.3850,low_inlier
2072,74.8171,-7.6702,-10.3411,-0.6192,-3.8199,256,0.0277,1.0000,0.168422,2.8872,11.5408,low_inlier
2073,74.8486,-8.5534,-13.4622,-0.8833,-3.1211,211,0.0256,1.0000,0.168422,4.6093,9.5855,low_inlier
2074,74.8790,-7.1925,-11.8421,1.3609,1.6202,354,0.0206,1.0000,0.168422,-7.7739,-5.3488,low_inlier
2075,74.9097,-7.1400,-11.9224,0.0525,-0.0804,227,0.0290,1.0000,0.168422,-0.3302,0.2157,low_inlier
2076,74.9398,-6.8133,-11.9886,0.3266,-0.0661,245,0.0474,1.0000,0.168422,-1.9617,0.0604,low_inlier
2077,74.9696,-7.8318,-10.6766,-1.0185,1.3120,342,0.0331,1.0000,0.168422,6.3495,-3.4550,low_inlier
2078,75.0001,-10.5715,-10.9783,-2.7396,-0.3018,277,0.0245,1.0000,0.168422,16.2729,2.0238,low_inlier
2079,75.0305,-11.5513,-9.6899,-0.9799,1.2885,246,0.0306,1.0000,0.168422,6.1145,-3.4015,low_inlier
2080,75.0628,-13.3032,-6.7509,-1.7519,2.9389,235,0.0166,1.0000,0.168422,11.0656,-7.9583,low_inlier
2081,75.0965,-16.4907,-7.5149,-3.1875,-0.7640,386,0.0304,1.0000,0.168422,18.8463,3.5744,low_inlier
2082,75.1293,-19.4347,-6.9522,-2.9440,0.5627,263,0.0223,1.0000,0.168422,17.6736,-0.4455,low_inlier
2083,75.1627,-17.1286,-5.4833,2.3061,1.4689,308,0.0266,1.0000,0.168422,-13.4420,-5.2928,low_inlier
2084,75.1958,-17.7468,-6.7774,-0.6182,-1.2941,463,0.0464,1.0000,0.168422,3.4138,4.0785,low_inlier
2085,75.2292,-18.0952,-14.2051,-0.3484,-7.4277,359,0.0365,1.0000,0.168422,0.5125,22.0874,low_inlier
2086,75.2625,-20.2897,-11.4085,-2.1946,2.7966,259,0.0169,1.0000,0.168422,13.6753,-7.3547,low_inlier
2087,75.2958,-20.7041,-11.6340,-0.4143,-0.2255,733,0.0000,1.0000,0.168422,2.4232,0.8374,low_inlier
2088,75.3293,-23.4757,-10.7978,-2.7717,0.8362,380,0.0280,1.0000,0.168422,16.7035,-1.3248,low_inlier
2089,75.3623,-24.1873,-9.7321,-0.7116,1.0658,335,0.0539,1.0000,0.168422,4.4678,-2.8544,low_inlier
2090,75.3959,-25.4425,-9.6986,-1.2552,0.0334,482,0.0965,1.0000,0.168422,7.4919,0.4200,low_inlier
2091,75.4286,-24.7783,-9.0968,0.6643,0.6019,521,0.2089,1.0000,0.168422,-3.8342,-2.0526,low_inlier
2092,75.4620,-22.5062,-8.2000,2.2720,0.8967,609,0.7243,1.0000,0.168422,-13.3593,-3.5882,
2093,75.4954,-21.5036,-8.3036,1.0026,-0.1036,557,0.4518,1.0000,0.168422,-6.0005,-0.1084,low_inlier
2094,75.5289,-20.6743,-8.7340,0.8293,-0.4304,658,0.8188,1.0000,0.168422,-5.0359,0.9287,
2095,75.5619,-19.8681,-9.0329,0.8061,-0.2989,536,0.6166,1.0000,0.168422,-4.8700,0.5500,
2096,75.5955,-18.1496,-9.0885,1.7186,-0.0556,533,0.4732,1.0000,0.168422,-10.2595,-0.5460,low_inlier
2097,75.6289,-15.9499,-9.7766,2.1996,-0.6880,592,0.6348,1.0000,0.168422,-13.2614,1.1235,
2098,75.6618,-12.9297,-10.0778,3.0202,-0.3012,450,0.1949,1.0000,0.168422,-18.0729,-0.3584,low_inlier
2099,75.6954,-9.2967,-9.6942,3.6330,0.3836,597,0.4948,1.0000,0.168422,-21.5828,-2.6347,low_inlier
2100,75.7282,-6.4980,-10.3122,2.7987,-0.6180,564,0.6096,1.0000,0.168422,-16.8187,0.6691,
2101,75.7810,-4.6273,-9.6850,1.8708,0.6273,570,0.4074,1.0000,0.168422,-11.0233,-2.6263,low_inlier
2102,75.8115,-3.1297,-9.3750,1.4976,0.3100,635,0.5192,1.0000,0.168422,-8.8649,-1.5349,
2103,75.8419,-2.9856,-8.9662,0.1441,0.4087,709,0.5210,1.0000,0.168422,-0.7730,-1.2670,
2104,75.8718,-2.7153,-9.0068,0.2703,-0.0406,679,0.7623,1.0000,0.168422,-1.6201,0.0081,
2105,75.9015,-2.6947,-8.6112,0.0206,0.3956,684,0.7990,1.0000,0.168422,-0.0396,-1.1773,
2106,75.9310,-2.7202,-8.6870,-0.0255,-0.0758,650,0.8116,1.0000,0.168422,0.1360,0.2345,
2107,75.9624,-3.0460,-9.3947,-0.3258,-0.7078,624,0.3253,1.0000,0.168422,1.7936,2.2256,low_inlier
2108,75.9957,-3.5097,-8.6086,-0.4637,0.7861,426,0.1161,1.0000,0.168422,2.9305,-2.1308,low_inlier
2109,76.0289,-2.9011,-8.8042,0.6085,-0.1956,599,0.5795,1.0000,0.168422,-3.6699,0.3263,
2110,76.0622,-2.4976,-8.2773,0.4036,0.5269,676,0.4504,1.0000,0.168422,-2.2954,-1.7233,low_inlier
2111,76.0955,-1.8357,-7.7622,0.6618,0.5151,675,0.8025,1.0000,0.168422,-3.8379,-1.7954,
2112,76.1288,-1.6553,-7.5354,0.1804,0.2268,721,0.5369,1.0000,0.168422,-1.0280,-0.7445,
2113,76.1617,0.0561,-0.1234,0.0561,-0.1234,746,0.9113,1.0000,0.168422,-0.3604,0.3415,
2114,76.1957,-0.1025,0.1230,-0.1586,0.2464,717,0.7393,1.0000,0.168422,0.9976,-0.6625,
2115,76.2285,-0.2378,0.3470,-0.1353,0.2240,705,0.7905,1.0000,0.168422,0.8539,-0.6059,
2116,76.2622,-0.3553,0.4417,-0.1175,0.0947,680,0.7384,1.0000,0.168422,0.7203,-0.2312,
2117,76.2952,-0.4368,0.6294,-0.0815,0.1877,680,0.7262,1.0000,0.168422,0.5258,-0.5208,
2118,76.3287,-0.6230,0.7980,-0.1862,0.1685,621,0.7171,1.0000,0.168422,1.1458,-0.4210,
2119,76.3621,-0.5795,0.9124,0.0435,0.1145,622,0.7562,1.0000,0.168422,-0.2356,-0.3562,
2120,76.3958,-0.5696,1.1859,0.0098,0.2734,657,0.6650,1.0000,0.168422,-0.0011,-0.8118,
2121,76.4299,-0.7883,1.3076,-0.2187,0.1218,594,0.6095,1.0000,0.168422,1.3299,-0.2693,
2122,76.4618,-0.7350,1.4431,0.0534,0.1355,718,0.8037,1.0000,0.168422,-0.2896,-0.4224,
2123,76.4951,-0.8303,1.8741,-0.0953,0.4310,317,0.1531,1.0000,0.168422,0.6592,-1.2339,low_inlier
2124,76.5283,-3.4179,3.6941,-2.5876,1.8200,496,0.1345,1.0000,0.168422,15.8135,-4.3073,low_inlier
2125,76.5617,-5.6294,3.1431,-2.2114,-0.5510,587,0.1941,1.0000,0.168422,13.0706,2.5418,low_inlier
2126,76.5950,-6.6174,3.5950,-0.9880,0.4519,571,0.3618,1.0000,0.168422,5.9867,-0.9267,low_inlier
2127,76.6283,-7.5245,3.8690,-0.9071,0.2740,679,0.4840,1.0000,0.168422,5.4669,-0.4345,low_inlier
2128,76.6617,-7.7509,3.8161,-0.2264,-0.0529,671,0.8348,1.0000,0.168422,1.3389,0.2499,
2129,76.6949,-7.8182,3.7417,-0.0673,-0.0744,691,0.7900,1.0000,0.168422,0.3855,0.2476,
2130,76.7284,-7.7894,3.8477,0.0288,0.1060,652,0.6621,1.0000,0.168422,-0.1491,-0.3250,
2131,76.7791,-7.7418,3.9353,0.0477,0.0877,740,0.6763,1.0000,0.168422,-0.2659,-0.2787,
2132,76.8061,-7.7228,3.8165,0.0190,-0.1188,756,0.9137,1.0000,0.168422,-0.1383,0.3431,
2133,76.8322,-7.6707,3.7208,0.0521,-0.0957,785,0.9788,1.0000,0.168422,-0.3309,0.2611,
2134,76.8617,-7.5970,3.6166,0.0737,-0.1042,734,0.8688,1.0000,0.168422,-0.4613,0.2774,
2135,76.8950,-7.5141,3.3606,0.0829,-0.2560,739,0.7797,1.0000,0.168422,-0.5482,0.7221,
2136,76.9283,-6.1814,2.2540,1.3326,-1.1067,711,0.1259,1.0000,0.168422,-8.1797,2.7186,low_inlier
2137,76.9619,-4.1907,1.7196,1.9908,-0.5343,568,0.4018,1.0000,0.168422,-11.9836,0.7558,low_inlier
2138,76.9949,-1.6909,0.9670,2.4997,-0.7527,634,0.4223,1.0000,0.168422,-15.0645,1.1904,low_inlier
2139,77.0282,0.2924,0.9670,1.9834,-0.0000,598,0.3477,1.0000,0.168422,-11.8267,-0.8197,low_inlier
2140,77.0620,1.5036,1.2326,1.2112,0.2656,705,0.4154,1.0000,0.168422,-7.1663,-1.2853,low_inlier
2141,77.0950,2.1489,1.2495,0.6453,0.0170,711,0.8020,1.0000,0.168422,-3.8443,-0.3168,
2142,77.1284,2.3288,1.3850,0.1799,0.1354,717,0.9094,1.0000,0.168422,-1.0440,-0.4744,
2143,77.1618,2.3889,1.3837,0.0602,-0.0013,726,0.9175,1.0000,0.168422,-0.3591,-0.0211,
2144,77.1949,2.3485,1.4431,-0.0404,0.0595,730,0.9213,1.0000,0.168422,0.2534,-0.1590,
2145,77.2284,2.3475,1.4508,-0.0010,0.0076,770,0.9712,1.0000,0.168422,0.0077,-0.0222,
2146,77.2618,2.3544,1.4597,0.0068,0.0090,777,0.9812,1.0000,0.168422,-0.0389,-0.0293,
2147,77.2950,2.3438,1.4807,-0.0106,0.0210,761,0.9738,1.0000,0.168422,0.0674,-0.0576,
2148,77.3282,2.3447,1.4849,0.0009,0.0042,763,0.9688,1.0000,0.168422,-0.0044,-0.0127,
2149,77.3616,2.3416,1.5023,-0.0031,0.0174,764,0.9712,1.0000,0.168422,0.0220,-0.0500,
2150,77.3949,2.3490,1.5217,0.0074,0.0195,781,0.9825,1.0000,0.168422,-0.0398,-0.0606,
2151,77.4280,2.3409,1.5303,-0.0081,0.0086,783,0.9900,1.0000,0.168422,0.0499,-0.0220,
2152,77.4616,2.3156,1.5761,-0.0253,0.0458,746,0.9549,1.0000,0.168422,0.1605,-0.1248,
2153,77.4949,2.2797,1.6443,-0.0359,0.0682,737,0.9263,1.0000,0.168422,0.2284,-0.1866,
2154,77.5280,2.2322,1.7208,-0.0475,0.0765,737,0.9275,1.0000,0.168422,0.2996,-0.2063,
2155,77.5615,2.2389,1.7220,0.0067,0.0012,763,0.9725,1.0000,0.168422,-0.0395,-0.0064,
2156,77.5949,2.2415,1.7264,0.0027,0.0044,773,0.9788,1.0000,0.168422,-0.0149,-0.0140,
2157,77.6282,2.2453,1.7192,0.0038,-0.0073,785,0.9912,1.0000,0.168422,-0.0244,0.0198,
2158,77.6614,2.2531,1.7182,0.0078,-0.0010,785,0.9875,1.0000,0.168422,-0.0466,-0.0003,
2159,77.6950,2.2597,1.7108,0.0066,-0.0074,768,0.9788,1.0000,0.168422,-0.0407,0.0192,
2160,77.7280,2.2676,1.7031,0.0079,-0.0077,773,0.9850,1.0000,0.168422,-0.0487,0.0196,
2161,77.7794,2.2698,1.6996,0.0022,-0.0035,795,0.9950,1.0000,0.168422,-0.0140,0.0093,
2162,77.8051,2.2760,1.6869,0.0062,-0.0127,795,0.9950,1.0000,0.168422,-0.0399,0.0350,
2163,77.8306,2.2742,1.6912,-0.0018,0.0043,795,0.9938,1.0000,0.168422,0.0116,-0.0120,
2164,77.8614,2.2655,1.6934,-0.0088,0.0022,795,0.9950,1.0000,0.168422,0.0527,-0.0029,
2165,77.8948,2.2726,1.6884,0.0072,-0.0050,797,0.9975,1.0000,0.168422,-0.0437,0.0117,
2166,77.9279,2.2765,1.6944,0.0038,0.0060,793,0.9925,1.0000,0.168422,-0.0216,-0.0192,
2167,77.9614,2.2839,1.6911,0.0074,-0.0032,793,0.9938,1.0000,0.168422,-0.0447,0.0065,
2168,77.9949,2.2844,1.6974,0.0005,0.0062,794,0.9925,1.0000,0.168422,-0.0018,-0.0186,
2169,78.0280,2.2812,1.6956,-0.0031,-0.0018,796,0.9950,1.0000,0.168422,0.0184,0.0066,
2170,78.0617,2.2883,1.6897,0.0070,-0.0058,795,0.9938,1.0000,0.168422,-0.0432,0.0143,
2171,78.0948,2.2747,1.6992,-0.0136,0.0094,793,0.9938,1.0000,0.168422,0.0829,-0.0222,
2172,78.1280,2.2714,1.6965,-0.0033,-0.0027,796,0.9962,1.0000,0.168422,0.0190,0.0093,
2173,78.1610,2.2679,1.6981,-0.0035,0.0016,796,0.9950,1.0000,0.168422,0.0215,-0.0034,
2174,78.1946,2.2656,1.6967,-0.0023,-0.0015,795,0.9938,1.0000,0.168422,0.0133,0.0052,
2175,78.2280,2.2730,1.6973,0.0074,0.0006,795,0.9950,1.0000,0.168422,-0.0441,-0.0049,
2176,78.2613,2.2695,1.7063,-0.0035,0.0090,794,0.9938,1.0000,0.168422,0.0229,-0.0252,
2177,78.2946,2.2721,1.7036,0.0026,-0.0027,795,0.9950,1.0000,0.168422,-0.0162,0.0068,
2178,78.3278,2.2730,1.7027,0.0009,-0.0010,796,0.9950,1.0000,0.168422,-0.0055,0.0025,
2179,78.3609,2.2659,1.7050,-0.0071,0.0024,795,0.9938,1.0000,0.168422,0.0429,-0.0040,
2180,78.3948,2.2703,1.6987,0.0044,-0.0063,795,0.9938,1.0000,0.168422,-0.0278,0.0169,
2181,78.4279,2.2665,1.6988,-0.0039,0.0001,797,0.9962,1.0000,0.168422,0.0231,0.0012,
2182,78.4610,2.2640,1.6950,-0.0024,-0.0038,797,0.9962,1.0000,0.168422,0.0138,0.0122,
2183,78.4945,2.2595,1.6946,-0.0045,-0.0005,796,0.9950,1.0000,0.168422,0.0267,0.0032,
2184,78.5279,2.2525,1.6926,-0.0071,-0.0020,796,0.9950,1.0000,0.168422,0.0416,0.0089,
2185,78.5609,2.2482,1.6905,-0.0043,-0.0021,796,0.9950,1.0000,0.168422,0.0251,0.0079,
2186,78.5949,2.2406,1.6960,-0.0076,0.0055,794,0.9950,1.0000,0.168422,0.0464,-0.0133,
2187,78.6280,2.2391,1.6989,-0.0015,0.0029,796,0.9950,1.0000,0.168422,0.0093,-0.0081,
2188,78.6616,2.2432,1.6992,0.0041,0.0002,795,0.9938,1.0000,0.168422,-0.0244,-0.0023,
2189,78.6944,2.2416,1.7073,-0.0017,0.0081,794,0.9925,1.0000,0.168422,0.0116,-0.0232,
2190,78.7279,2.2492,1.7079,0.0076,0.0006,796,0.9950,1.0000,0.168422,-0.0451,-0.0050,
2191,78.7779,2.2513,1.7084,0.0021,0.0005,796,0.9950,1.0000,0.168422,-0.0127,-0.0024,
2192,78.8032,2.2537,1.7043,0.0024,-0.0040,796,0.9950,1.0000,0.168422,-0.0149,0.0109,
2193,78.8282,2.2526,1.7110,-0.0010,0.0067,796,0.9950,1.0000,0.168422,0.0075,-0.0193,
2194,78.8610,2.2575,1.7074,0.0048,-0.0036,797,0.9962,1.0000,0.168422,-0.0296,0.0087,
2195,78.8946,2.2555,1.7057,-0.0020,-0.0017,796,0.9950,1.0000,0.168422,0.0117,0.0058,
2196,78.9276,2.2461,1.7060,-0.0094,0.0002,794,0.9950,1.0000,0.168422,0.0560,0.0032,
2197,78.9610,2.2462,1.7017,0.0001,-0.0043,796,0.9950,1.0000,0.168422,-0.0017,0.0126,
2198,78.9943,2.2451,1.7099,-0.0011,0.0082,797,0.9962,1.0000,0.168422,0.0085,-0.0237,
2199,79.0278,2.2420,1.7121,-0.0031,0.0022,796,0.9950,1.0000,0.168422,0.0188,-0.0052,
2200,79.0609,2.2400,1.7133,-0.0020,0.0012,796,0.9950,1.0000,0.168422,0.0125,-0.0028,
2201,79.0944,2.2353,1.7098,-0.0046,-0.0035,796,0.9950,1.0000,0.168422,0.0269,0.0124,
2202,79.1280,2.2322,1.7164,-0.0031,0.0066,796,0.9950,1.0000,0.168422,0.0199,-0.0183,
2203,79.1612,2.2340,1.7109,0.0018,-0.0055,796,0.9950,1.0000,0.168422,-0.0118,0.0156,
2204,79.1943,2.2433,1.7079,0.0093,-0.0030,796,0.9950,1.0000,0.168422,-0.0563,0.0051,
2205,79.2276,2.2469,1.7179,0.0036,0.0101,796,0.9950,1.0000,0.168422,-0.0193,-0.0312,
2206,79.2609,2.2438,1.7218,-0.0031,0.0039,796,0.9950,1.0000,0.168422,0.0195,-0.0103,
2207,79.2941,2.2442,1.7182,0.0004,-0.0036,797,0.9962,1.0000,0.168422,-0.0032,0.0104,
2208,79.3275,2.2335,1.7201,-0.0107,0.0019,797,0.9975,1.0000,0.168422,0.0642,-0.0012,
2209,79.3610,2.2273,1.7204,-0.0062,0.0003,797,0.9962,1.0000,0.168422,0.0370,0.0016,
2210,79.3940,2.2222,1.7241,-0.0051,0.0037,796,0.9950,1.0000,0.168422,0.0312,-0.0088,
2211,79.4280,2.2187,1.7276,-0.0035,0.0035,796,0.9950,1.0000,0.168422,0.0218,-0.0087,
2212,79.4607,2.2730,1.8074,0.0543,0.0798,788,0.9850,1.0000,0.168422,-0.3072,-0.2582,
2213,79.4940,2.3494,1.7422,0.0764,-0.0652,788,0.6850,1.0000,0.168422,-0.4695,0.1610,
2214,79.5275,2.3241,1.8257,-0.0253,0.0835,791,0.8900,1.0000,0.168422,0.1685,-0.2362,
2215,79.5607,2.3423,1.8009,0.0182,-0.0248,776,0.9875,1.0000,0.168422,-0.1138,0.0658,
2216,79.5940,2.3586,1.7905,0.0162,-0.0103,794,0.9925,1.0000,0.168422,-0.0991,0.0238,
2217,79.6275,2.3142,1.8506,-0.0444,0.0601,781,0.9387,1.0000,0.168422,0.2776,-0.1591,
2218,79.6610,2.3629,1.7714,0.0487,-0.0793,784,0.8213,1.0000,0.168422,-0.3074,0.2140,
2219,79.6940,2.3292,1.8342,-0.0337,0.0629,785,0.9150,1.0000,0.168422,0.2143,-0.1718,
2220,79.7275,2.3333,1.8037,0.0042,-0.0305,786,0.9862,1.0000,0.168422,-0.0312,0.0885,
2221,79.7782,2.3481,1.8027,0.0148,-0.0010,791,0.9938,1.0000,0.168422,-0.0883,-0.0032,
2222,79.8043,2.3287,1.8348,-0.0194,0.0321,792,0.9800,1.0000,0.168422,0.1225,-0.0868,
2223,79.8303,2.3597,1.7729,0.0310,-0.0619,791,0.9263,1.0000,0.168422,-0.1976,0.1701,
2224,79.8609,2.3168,1.8487,-0.0428,0.0758,794,0.9575,1.0000,0.168422,0.2714,-0.2063,
2225,79.8940,2.3264,1.8091,0.0096,-0.0396,792,0.9950,1.0000,0.168422,-0.0656,0.1130,
2226,79.9274,2.3332,1.8064,0.0068,-0.0028,793,0.9938,1.0000,0.168422,-0.0409,0.0053,
2227,79.9608,2.3061,1.8412,-0.0270,0.0348,792,0.9900,1.0000,0.168422,0.1686,-0.0917,
2228,79.9939,2.3454,1.7835,0.0393,-0.0577,791,0.9800,1.0000,0.168422,-0.2463,0.1542,
2229,80.0276,2.3253,1.8392,-0.0201,0.0558,796,0.9812,1.0000,0.168422,0.1315,-0.1564,
2230,80.0608,2.3413,1.8038,0.0160,-0.0354,796,0.9988,1.0000,0.168422,-0.1028,0.0981,
2231,80.0940,2.3483,1.8049,0.0070,0.0011,795,0.9938,1.0000,0.168422,-0.0416,-0.0063,
2232,80.1274,2.3264,1.8309,-0.0219,0.0260,795,0.9938,1.0000,0.168422,0.1359,-0.0678,
2233,80.1606,2.3477,1.7849,0.0213,-0.0460,794,0.9888,1.0000,0.168422,-0.1366,0.1271,
2234,80.1939,2.2529,1.8129,-0.0948,0.0279,791,0.9900,1.0000,0.168422,0.5711,-0.0434,
2235,80.2274,2.0195,1.9505,-0.2334,0.1376,776,0.9737,1.0000,0.168422,1.4209,-0.3099,
2236,80.2605,1.2689,1.9757,-0.7506,0.0253,753,0.8365,1.0000,0.168422,4.4811,0.2355,
2237,80.2940,0.1529,2.0533,-1.1160,0.0775,659,0.8111,1.0000,0.168422,6.6710,0.2322,
2238,80.3269,-1.1128,1.8953,-1.2657,-0.1580,655,0.7283,1.0000,0.168422,7.5142,0.9899,
2239,80.3607,-2.2471,1.7033,-1.1343,-0.1920,746,0.8102,1.0000,0.168422,6.7234,1.0360,
2240,80.3940,-3.0305,2.0706,-0.7834,0.3673,750,0.8231,1.0000,0.168422,4.7486,-0.7613,
2241,80.4270,-3.7186,1.9196,-0.6881,-0.1510,683,0.5329,1.0000,0.168422,4.0713,0.7306,
2242,80.4604,-4.8369,1.6620,-1.1183,-0.2576,716,0.6274,1.0000,0.168422,6.6142,1.2232,
2243,80.4940,-5.3888,1.9506,-0.5520,0.2886,627,0.6718,1.0000,0.168422,3.3522,-0.6245,
2244,80.5270,-5.8901,1.6890,-0.5012,-0.2616,672,0.8056,1.0000,0.168422,2.9337,0.9800,
2245,80.5605,-6.0308,1.7058,-0.1407,0.0169,740,0.8934,1.0000,0.168422,0.8425,0.0083,
2246,80.5937,-6.2459,1.7500,-0.2151,0.0442,757,0.9127,1.0000,0.168422,1.2922,-0.0415,
2247,80.6270,-6.2369,1.8413,0.0090,0.0913,746,0.9443,1.0000,0.168422,-0.0345,-0.2734,
2248,80.6605,-5.9021,2.0204,0.3348,0.1791,740,0.9290,1.0000,0.168422,-1.9586,-0.6675,
2249,80.6937,-5.6401,2.1318,0.2620,0.1114,724,0.8720,1.0000,0.168422,-1.5389,-0.4374,
2250,80.7270,-5.6322,2.1203,0.0079,-0.0114,753,0.9583,1.0000,0.168422,-0.0494,0.0305,
2251,80.7778,-5.5997,2.1625,0.0325,0.0421,785,0.9912,1.0000,0.168422,-0.1850,-0.1378,
2252,80.8038,-5.1748,2.0397,0.4249,-0.1228,761,0.9435,1.0000,0.168422,-2.5594,0.1871,
2253,80.8306,-5.1862,2.0799,-0.0113,0.0402,788,0.9850,1.0000,0.168422,0.0761,-0.1142,
2254,80.8604,-4.9788,1.8761,0.2074,-0.2038,782,0.9225,1.0000,0.168422,-1.2794,0.5165,
2255,80.8939,-4.6949,1.8016,0.2840,-0.0745,770,0.8838,1.0000,0.168422,-1.7089,0.1027,
2256,80.9269,-4.1485,1.7740,0.5464,-0.0276,764,0.9349,1.0000,0.168422,-3.2640,-0.1444,
2257,80.9602,-3.9598,1.7304,0.1887,-0.0436,776,0.9587,1.0000,0.168422,-1.1342,0.0510,
2258,80.9937,-3.5816,1.6832,0.3782,-0.0471,750,0.9413,1.0000,0.168422,-2.2653,-0.0170,
2259,81.0269,-3.2124,1.5636,0.3692,-0.1196,706,0.8762,1.0000,0.168422,-2.2268,0.2007,
2260,81.0600,-3.2701,1.6259,-0.0577,0.0622,682,0.8525,1.0000,0.168422,0.3572,-0.1600,
2261,81.0939,-3.2566,1.6021,0.0134,-0.0238,697,0.8750,1.0000,0.168422,-0.0851,0.0646,
2262,81.1268,-3.1961,1.4870,0.0606,-0.1152,674,0.8298,1.0000,0.168422,-0.3853,0.3152,
2263,81.1600,-3.3106,1.4996,-0.1145,0.0127,645,0.7975,1.0000,0.168422,0.6855,0.0099,
2264,81.1934,-3.5925,1.3740,-0.2819,-0.1256,666,0.7597,1.0000,0.168422,1.6543,0.4876,
2265,81.2270,-3.2289,1.7478,0.3635,0.3738,728,0.8579,1.0000,0.168422,-2.0891,-1.2544,
2266,81.2600,-3.0409,1.9496,0.1881,0.2018,713,0.6671,1.0000,0.168422,-1.0789,-0.6740,
2267,81.2936,-3.2156,1.8279,-0.1747,-0.1217,678,0.7550,1.0000,0.168422,1.0162,0.4319,
2268,81.3264,-2.9537,2.1135,0.2618,0.2856,704,0.8498,1.0000,0.168422,-1.5011,-0.9520,
2269,81.3600,-3.0116,1.9833,-0.0578,-0.1302,686,0.8235,1.0000,0.168422,0.3173,0.4086,
2270,81.3936,-3.2627,1.9163,-0.2512,-0.0670,612,0.7349,1.0000,0.168422,1.4837,0.3018,
2271,81.4268,-3.7185,1.9550,-0.4557,0.0387,739,0.9059,1.0000,0.168422,2.7257,0.0740,
2272,81.4599,-4.2028,2.1479,-0.4843,0.1929,692,0.7342,1.0000,0.168422,2.9288,-0.3697,
2273,81.4935,-4.8875,2.3758,-0.6847,0.2280,733,0.8699,1.0000,0.168422,4.1307,-0.3905,
2274,81.5269,-5.5787,2.3165,-0.6912,-0.0593,764,0.9530,1.0000,0.168422,4.1093,0.4609,
2275,81.5600,-6.0419,2.3074,-0.4632,-0.0091,733,0.8729,1.0000,0.168422,2.7599,0.2183,
2276,81.5935,-6.6164,2.2482,-0.5745,-0.0592,737,0.9402,1.0000,0.168422,3.4135,0.4125,
2277,81.6268,-6.9281,2.3267,-0.3117,0.0785,750,0.9247,1.0000,0.168422,1.8750,-0.1032,
2278,81.6599,-7.0398,2.3372,-0.1117,0.0105,760,0.8133,1.0000,0.168422,0.6681,0.0152,
2279,81.6933,-7.0726,2.4861,-0.0328,0.1489,762,0.8688,1.0000,0.168422,0.2269,-0.4264,
2280,81.7269,-7.0457,2.4761,0.0268,-0.0100,759,0.9412,1.0000,0.168422,-0.1620,0.0185,
2281,81.7779,-7.0887,2.5477,-0.0430,0.0716,784,0.9838,1.0000,0.168422,0.2712,-0.1938,
2282,81.8035,-0.0456,0.0642,-0.0456,0.0642,781,0.9775,1.0000,0.168422,0.2852,-0.1708,
2283,81.8293,-0.0184,-0.0106,0.0272,-0.0748,772,0.9350,1.0000,0.168422,-0.1780,0.2098,
2284,81.8600,-0.0846,0.0965,-0.0663,0.1071,793,0.9337,1.0000,0.168422,0.4177,-0.2891,
2285,81.8932,-0.0786,0.0671,0.0060,-0.0294,792,0.9912,1.0000,0.168422,-0.0419,0.0845,
2286,81.9267,-0.0735,0.0726,0.0051,0.0055,792,0.9950,1.0000,0.168422,-0.0291,-0.0183,
2287,81.9600,-0.0940,0.1041,-0.0204,0.0315,787,0.9888,1.0000,0.168422,0.1284,-0.0847,
2288,81.9933,-0.0565,0.0655,0.0374,-0.0386,787,0.9800,1.0000,0.168422,-0.2314,0.0986,
2289,82.0265,-0.0494,0.1099,0.0071,0.0444,792,0.9938,1.0000,0.168422,-0.0328,-0.1341,
2290,82.0600,-0.0509,0.1140,-0.0014,0.0042,794,0.9938,1.0000,0.168422,0.0094,-0.0117,
2291,82.0933,-0.0059,0.1164,0.0450,0.0023,794,0.9950,1.0000,0.168422,-0.2678,-0.0255,
2292,82.1266,0.0154,0.0911,0.0213,-0.0253,794,0.9925,1.0000,0.168422,-0.1322,0.0659,
2293,82.1600,0.0172,0.1379,0.0018,0.0468,793,0.9912,1.0000,0.168422,-0.0009,-0.1389,
2294,82.1932,0.0179,0.1468,0.0007,0.0090,795,0.9938,1.0000,0.168422,-0.0021,-0.0268,
2295,82.2264,0.0181,0.1669,0.0002,0.0200,796,0.9962,1.0000,0.168422,0.0027,-0.0593,
2296,82.2598,0.0128,0.1904,-0.0053,0.0235,790,0.9912,1.0000,0.168422,0.0365,-0.0673,
2297,82.2930,0.0345,0.1849,0.0217,-0.0055,793,0.9925,1.0000,0.168422,-0.1307,0.0073,
2298,82.3263,0.0781,0.1824,0.0436,-0.0025,790,0.9950,1.0000,0.168422,-0.2604,-0.0107,
2299,82.3598,0.0963,0.1737,0.0182,-0.0087,796,0.9950,1.0000,0.168422,-0.1103,0.0181,
2300,82.3930,0.0819,0.2130,-0.0143,0.0393,794,0.9925,1.0000,0.168422,0.0938,-0.1101,
2301,82.4264,0.1019,0.1715,0.0199,-0.0415,796,0.9950,1.0000,0.168422,-0.1277,0.1145,
2302,82.4596,0.0940,0.2004,-0.0079,0.0290,794,0.9925,1.0000,0.168422,0.0532,-0.0824,
2303,82.4930,0.0919,0.2038,-0.0021,0.0034,794,0.9938,1.0000,0.168422,0.0135,-0.0092,
2304,82.5265,0.0948,0.2022,0.0029,-0.0016,795,0.9950,1.0000,0.168422,-0.0177,0.0036,
2305,82.5597,0.0744,0.2303,-0.0203,0.0281,791,0.9912,1.0000,0.168422,0.1272,-0.0746,
2306,82.5930,0.0883,0.1814,0.0139,-0.0489,794,0.9938,1.0000,0.168422,-0.0931,0.1388,
2307,82.6262,0.0721,0.2130,-0.0162,0.0317,794,0.9925,1.0000,0.168422,0.1031,-0.0868,
2308,82.6595,0.0724,0.2070,0.0003,-0.0060,795,0.9938,1.0000,0.168422,-0.0029,0.0177,
2309,82.6930,0.0832,0.2001,0.0108,-0.0069,795,0.9962,1.0000,0.168422,-0.0658,0.0160,
2310,82.7263,0.0761,0.2180,-0.0071,0.0179,792,0.9900,1.0000,0.168422,0.0462,-0.0499,
2311,82.7761,0.0987,0.1781,0.0227,-0.0399,771,0.9637,1.0000,0.168422,-0.1436,0.1086,
2312,82.8019,0.0836,0.2147,-0.0152,0.0366,772,0.9675,1.0000,0.168422,0.0983,-0.1019,
2313,82.8273,0.0726,0.2257,-0.0110,0.0111,774,0.9775,1.0000,0.168422,0.0677,-0.0282,
2314,82.8598,0.1862,0.3136,0.1136,0.0879,768,0.9587,1.0000,0.168422,-0.6590,-0.3066,
2315,82.8930,0.4925,0.4812,0.3063,0.1675,758,0.7300,1.0000,0.168422,-1.7910,-0.6215,
2316,82.9265,0.7695,0.5881,0.2770,0.1069,753,0.9448,1.0000,0.168422,-1.6290,-0.4303,
2317,82.9598,0.7056,0.6734,-0.0638,0.0853,769,0.9463,1.0000,0.168422,0.3985,-0.2257,
2318,82.9930,0.6718,0.7043,-0.0338,0.0309,786,0.9825,1.0000,0.168422,0.2081,-0.0773,
2319,83.0260,0.9063,0.7834,0.2345,0.0791,764,0.9637,1.0000,0.168422,-1.3814,-0.3305,
2320,83.0598,0.9487,1.0587,0.0424,0.2754,761,0.9549,1.0000,0.168422,-0.1948,-0.8310,
2321,83.0932,1.0433,1.2672,0.0946,0.2085,764,0.9561,1.0000,0.168422,-0.5200,-0.6550,
2322,83.1267,1.1539,1.3196,0.1107,0.0524,783,0.9825,1.0000,0.168422,-0.6489,-0.2006,
2323,83.1598,1.4368,1.4543,0.2829,0.1347,747,0.9363,1.0000,0.168422,-1.6584,-0.5148,
2324,83.1929,1.5636,1.7410,0.1268,0.2867,749,0.9324,1.0000,0.168422,-0.6960,-0.8995,
2325,83.2260,1.5796,1.8486,0.0160,0.1076,761,0.9124,1.0000,0.168422,-0.0726,-0.3245,
2326,83.2596,1.5775,1.6948,-0.0022,-0.1539,776,0.9712,1.0000,0.168422,-0.0195,0.4554,
2327,83.2929,1.3799,1.5629,-0.1976,-0.1319,761,0.9124,1.0000,0.168422,1.1504,0.4712,
2328,83.3259,1.3707,1.5585,-0.0092,-0.0045,762,0.9513,1.0000,0.168422,0.0538,0.0169,
2329,83.3594,1.4398,1.5238,0.0691,-0.0346,781,0.9875,1.0000,0.168422,-0.4192,0.0738,
2330,83.3928,1.3739,1.5466,-0.0659,0.0228,740,0.9337,1.0000,0.168422,0.3978,-0.0401,
2331,83.4259,1.3584,1.5459,-0.0155,-0.0007,767,0.9613,1.0000,0.168422,0.0923,0.0086,
2332,83.4598,1.4067,1.5049,0.0483,-0.0410,780,0.9850,1.0000,0.168422,-0.2967,0.1010,
2333,83.4929,1.3681,1.5351,-0.0386,0.0301,779,0.9800,1.0000,0.168422,0.2366,-0.0731,
2334,83.5260,1.3698,1.5893,0.0017,0.0542,760,0.9525,1.0000,0.168422,0.0013,-0.1610,
2335,83.5594,1.4642,1.5426,0.0945,-0.0467,756,0.9450,1.0000,0.168422,-0.5731,0.0990,
2336,83.5929,1.5409,1.5779,0.0767,0.0353,763,0.9587,1.0000,0.168422,-0.4497,-0.1360,
2337,83.6265,1.6027,1.7577,0.0619,0.1798,763,0.9525,1.0000,0.168422,-0.3311,-0.5567,
2338,83.6596,1.8090,1.7995,0.2063,0.0418,749,0.9200,1.0000,0.168422,-1.2211,-0.2089,
2339,83.6927,2.0301,1.9065,0.2211,0.1070,723,0.8911,1.0000,0.168422,-1.2960,-0.4074,
2340,83.7262,1.9800,1.9928,-0.0501,0.0863,697,0.8798,1.0000,0.168422,0.3168,-0.2344,
2341,83.7772,1.9949,1.8616,0.0149,-0.1312,785,0.9587,1.0000,0.168422,-0.1165,0.3815,
2342,83.8040,1.9853,1.7926,-0.0096,-0.0690,783,0.8623,1.0000,0.168422,0.0430,0.2079,
2343,83.8304,2.2281,2.0326,0.2428,0.2400,760,0.8532,1.0000,0.168422,-1.3971,-0.8093,
2344,83.8595,2.3201,2.1111,0.0920,0.0785,782,0.8874,1.0000,0.168422,-0.5320,-0.2701,
2345,83.8926,2.3887,2.0287,0.0686,-0.0825,791,0.9850,1.0000,0.168422,-0.4267,0.2152,
2346,83.9260,2.5693,2.0594,0.1806,0.0307,770,0.9624,1.0000,0.168422,-1.0707,-0.1654,
2347,83.9592,2.6804,2.1977,0.1111,0.1383,772,0.9424,1.0000,0.168422,-0.6331,-0.4545,
2348,83.9925,2.7081,2.1895,0.0277,-0.0082,776,0.9700,1.0000,0.168422,-0.1671,0.0128,
2349,84.0259,2.7717,2.2395,0.0636,0.0501,781,0.9850,1.0000,0.168422,-0.3685,-0.1742,
2350,84.0589,2.9273,2.3985,0.1556,0.1589,789,0.9161,1.0000,0.168422,-0.8943,-0.5338,
2351,84.0928,2.9981,2.3125,0.0708,-0.0860,766,0.8725,1.0000,0.168422,-0.4402,0.2247,
2352,84.1260,2.6378,1.9422,-0.3603,-0.3703,670,0.7000,1.0000,0.168422,2.0705,1.2429,
2353,84.1595,2.8049,2.0051,0.1671,0.0629,780,0.9737,1.0000,0.168422,-0.9832,-0.2550,
2354,84.1924,2.7154,2.0935,-0.0894,0.0884,792,0.9900,1.0000,0.168422,0.5520,-0.2242,
2355,84.2260,2.7323,2.1013,0.0168,0.0078,790,0.9900,1.0000,0.168422,-0.0987,-0.0300,
2356,84.2590,2.7705,2.0638,0.0383,-0.0375,787,0.9888,1.0000,0.168422,-0.2361,0.0948,
2357,84.2924,2.7231,2.1123,-0.0474,0.0485,791,0.9912,1.0000,0.168422,0.2930,-0.1235,
2358,84.3257,2.7504,2.1302,0.0273,0.0179,785,0.9862,1.0000,0.168422,-0.1593,-0.0642,
2359,84.3590,2.7702,2.0983,0.0197,-0.0319,790,0.9875,1.0000,0.168422,-0.1245,0.0862,
2360,84.3925,2.7252,2.1459,-0.0450,0.0477,788,0.9862,1.0000,0.168422,0.2786,-0.1222,
2361,84.4257,2.9348,2.3766,0.2096,0.2306,776,0.9712,1.0000,0.168422,-1.2014,-0.7680,
2362,84.4589,3.1392,2.6977,0.2044,0.3211,774,0.9648,1.0000,0.168422,-1.1510,-1.0330,
2363,84.4923,3.0139,2.4180,-0.1252,-0.2796,758,0.7562,1.0000,0.168422,0.6877,0.8778,
2364,84.5257,2.6993,2.3259,-0.3147,-0.0922,708,0.6875,1.0000,0.168422,1.8571,0.4023,
2365,84.5590,2.9656,2.6958,0.2663,0.3699,759,0.9499,1.0000,0.168422,-1.5103,-1.2029,
2366,84.5927,3.0742,2.6885,0.1086,-0.0073,783,0.9712,1.0000,0.168422,-0.6490,-0.0233,
2367,84.6258,3.1060,2.5834,0.0318,-0.1051,765,0.9513,1.0000,0.168422,-0.2118,0.2973,
2368,84.6590,3.2515,2.6553,0.1455,0.0719,782,0.9650,1.0000,0.168422,-0.8525,-0.2726,
2369,84.6924,3.0657,2.5096,-0.1858,-0.1457,746,0.9038,1.0000,0.168422,1.0771,0.5073,
2370,84.7257,3.1173,2.5708,0.0516,0.0612,784,0.9800,1.0000,0.168422,-0.2946,-0.2022,
2371,84.7763,3.3004,2.7304,0.1831,0.1596,765,0.9650,1.0000,0.168422,-1.0581,-0.5472,
2372,84.8028,3.5406,2.7150,0.2402,-0.0154,741,0.9062,1.0000,0.168422,-1.4358,-0.0539,
2373,84.8300,3.5105,2.5399,-0.0301,-0.1752,783,0.9788,1.0000,0.168422,0.1426,0.5299,
2374,84.8591,3.4535,2.6422,-0.0570,0.1024,794,0.9925,1.0000,0.168422,0.3617,-0.2788,
2375,84.8924,3.5939,2.7580,0.1404,0.1157,779,0.9412,1.0000,0.168422,-0.8128,-0.3999,
2376,84.9259,3.2697,2.4863,-0.3241,-0.2716,753,0.9436,1.0000,0.168422,1.8754,0.9364,
2377,84.9592,3.1442,2.4631,-0.1255,-0.0232,792,0.9838,1.0000,0.168422,0.7436,0.1206,
2378,84.9926,3.2386,2.5926,0.0944,0.1295,795,0.9950,1.0000,0.168422,-0.5357,-0.4216,
2379,85.0257,3.5295,2.8454,0.2909,0.2528,773,0.8875,1.0000,0.168422,-1.6811,-0.8671,
2380,85.0590,3.3385,2.7132,-0.1910,-0.1322,739,0.7837,1.0000,0.168422,1.1111,0.4695,
2381,85.0921,2.9649,2.5142,-0.3736,-0.1990,658,0.7882,1.0000,0.168422,2.1859,0.7423,
2382,85.1262,2.9860,2.6253,0.0211,0.1111,785,0.9762,1.0000,0.168422,-0.1025,-0.3369,
2383,85.1592,2.9348,2.6733,-0.0512,0.0480,789,0.9888,1.0000,0.168422,0.3153,-0.1207,
2384,85.1926,3.1495,2.7575,0.2146,0.0841,754,0.9450,1.0000,0.168422,-1.2622,-0.3373,
2385,85.2258,2.8833,2.8688,-0.2662,0.1113,750,0.9400,1.0000,0.168422,1.6106,-0.2188,
2386,85.2591,2.8473,2.9770,-0.0360,0.1082,766,0.8762,1.0000,0.168422,0.2375,-0.3049,
2387,85.2928,2.5514,2.6048,-0.2959,-0.3723,727,0.8761,1.0000,0.168422,1.6860,1.2220,
2388,85.3261,2.7158,2.8649,0.1645,0.2602,789,0.9749,1.0000,0.168422,-0.9259,-0.8365,
2389,85.3594,2.3383,2.8060,-0.3776,-0.0589,758,0.8030,1.0000,0.168422,2.2391,0.3301,
2390,85.3926,1.7969,2.3314,-0.5413,-0.4746,716,0.6364,1.0000,0.168422,3.1279,1.6258,
2391,85.4261,1.9686,2.4403,0.1716,0.1088,752,0.8538,1.0000,0.168422,-1.0005,-0.3925,
2392,85.4590,1.9810,2.4845,0.0124,0.0443,776,0.8612,1.0000,0.168422,-0.0647,-0.1360,
2393,85.4927,2.1355,2.5838,0.1545,0.0992,765,0.6600,1.0000,0.168422,-0.9005,-0.3571,
2394,85.5256,2.1894,2.7048,0.0538,0.1211,761,0.9500,1.0000,0.168422,-0.2956,-0.3799,
2395,85.5588,2.0781,2.7758,-0.1113,0.0710,773,0.9725,1.0000,0.168422,0.6788,-0.1636,
2396,85.5926,2.1873,2.6699,0.1092,-0.1059,783,0.9637,1.0000,0.168422,-0.6738,0.2678,
2397,85.6260,1.9667,2.8504,-0.2206,0.1805,750,0.9362,1.0000,0.168422,1.3537,-0.4420,
2398,85.6589,1.8000,2.9068,-0.1667,0.0564,769,0.9700,1.0000,0.168422,1.0057,-0.0977,
2399,85.6926,1.5068,2.8920,-0.2932,-0.0148,770,0.9525,1.0000,0.168422,1.7453,0.1648,
2400,85.7256,1.2619,2.9250,-0.2449,0.0330,763,0.9550,1.0000,0.168422,1.4670,0.0036,
2401,85.7764,0.9186,2.5690,-0.3434,-0.3560,649,0.7884,1.0000,0.168422,1.9724,1.1937,
2402,85.8038,-0.0718,2.9246,-0.9904,0.3556,703,0.7570,1.0000,0.168422,5.9807,-0.6411,
2403,85.8309,-0.9279,2.9070,-0.8560,-0.0176,733,0.8811,1.0000,0.168422,5.1009,0.4058,
2404,85.8586,-1.8330,2.7318,-0.9052,-0.1751,680,0.6888,1.0000,0.168422,5.3605,0.8915,
2405,85.8921,-2.6247,2.6270,-0.7917,-0.1048,660,0.6973,1.0000,0.168422,4.6987,0.6367,
2406,85.9253,-3.5680,2.7202,-0.9432,0.0932,636,0.7219,1.0000,0.168422,5.6442,0.1146,
2407,85.9586,-4.6753,2.5987,-1.1073,-0.1215,708,0.7875,1.0000,0.168422,6.5774,0.8167,
2408,85.9921,-5.4228,2.5794,-0.7475,-0.0193,702,0.8231,1.0000,0.168422,4.4532,0.3660,
2409,86.0253,-6.0754,2.6442,-0.6526,0.0648,706,0.7163,1.0000,0.168422,3.9052,0.0782,
2410,86.0587,-6.8289,2.5711,-0.7535,-0.0731,601,0.7526,1.0000,0.168422,4.4777,0.5273,
2411,86.0922,-7.7499,2.3665,-0.9210,-0.2046,665,0.8335,1.0000,0.168422,5.4488,0.9851,
2412,86.1255,-8.2307,2.4717,-0.4808,0.1052,658,0.7019,1.0000,0.168422,2.8894,-0.1120,
2413,86.1585,-9.2750,2.3319,-1.0442,-0.1398,674,0.7951,1.0000,0.168422,6.1973,0.8445,
2414,86.1919,-10.6110,2.1667,-1.3360,-0.1652,651,0.8034,1.0000,0.168422,7.9319,1.0402,
2415,86.2260,-11.7624,1.9551,-1.1514,-0.2116,663,0.8104,1.0000,0.168422,6.8212,1.1011,
2416,86.2591,-12.4327,1.8366,-0.6703,-0.1185,662,0.7432,1.0000,0.168422,3.9721,0.6271,
2417,86.2919,-12.7230,1.9396,-0.2902,0.1030,691,0.8733,1.0000,0.168422,1.7524,-0.1843,
2418,86.3255,-12.6046,1.9196,0.1184,-0.0200,727,0.9260,1.0000,0.168422,-0.7100,0.0101,
2419,86.3585,-12.3195,2.0862,0.2851,0.1666,673,0.7655,1.0000,0.168422,-1.6650,-0.6100,
2420,86.3920,-11.3768,2.4219,0.9427,0.3357,664,0.7258,1.0000,0.168422,-5.5506,-1.3813,
2421,86.4260,-10.1039,2.5581,1.2729,0.1362,648,0.7819,1.0000,0.168422,-7.5617,-0.9285,
2422,86.4588,-8.9547,2.5527,1.1491,-0.0054,667,0.7995,1.0000,0.168422,-6.8533,-0.4590,
2423,86.4922,-7.7508,2.2082,1.2039,-0.3445,704,0.7872,1.0000,0.168422,-7.2515,0.5202,
2424,86.5255,-6.6242,2.0683,1.1266,-0.1398,691,0.7433,1.0000,0.168422,-6.7476,-0.0525,
2425,86.5583,-5.5494,2.0746,1.0748,0.0063,712,0.5709,1.0000,0.168422,-6.4078,-0.4628,
2426,86.5921,-5.0246,2.0343,0.5248,-0.0403,705,0.8726,1.0000,0.168422,-3.1378,-0.0978,
2427,86.6248,-4.5485,2.1150,0.4760,0.0807,715,0.8268,1.0000,0.168422,-2.8217,-0.4352,
2428,86.6588,-3.8306,2.2284,0.7179,0.1133,725,0.9013,1.0000,0.168422,-4.2569,-0.6314,
2429,86.6916,-3.2490,2.2626,0.5817,0.0342,697,0.8657,1.0000,0.168422,-3.4612,-0.3416,
2430,86.7250,-2.6944,2.2959,0.5546,0.0333,664,0.8557,1.0000,0.168422,-3.2998,-0.3277,
2431,86.7764,-2.0242,2.3885,0.6702,0.0926,698,0.9045,1.0000,0.168422,-3.9768,-0.5505,
2432,86.8038,-1.4024,2.3381,0.6218,-0.0504,668,0.8348,1.0000,0.168422,-3.7187,-0.1081,
2433,86.8313,-0.9442,2.2669,0.4582,-0.0713,740,0.9273,1.0000,0.168422,-2.7474,0.0211,
2434,86.8586,-0.5268,2.1939,0.4174,-0.0730,740,0.8480,1.0000,0.168422,-2.5042,0.0430,
2435,86.8918,-0.5952,2.2097,-0.0684,0.0157,742,0.9173,1.0000,0.168422,0.4113,-0.0182,
2436,86.9258,-0.5997,2.1042,-0.0045,-0.1055,739,0.9473,1.0000,0.168422,0.0044,0.3135,
2437,86.9582,-0.1909,1.8449,0.4088,-0.2592,688,0.8428,1.0000,0.168422,-2.4923,0.5969,
2438,86.9920,0.6567,1.7136,0.8476,-0.1314,591,0.6252,1.0000,0.168422,-5.0818,0.0378,
2439,87.0249,1.2004,1.6905,0.5437,-0.0230,727,0.8858,1.0000,0.168422,-3.2468,-0.1567,
2440,87.0587,1.3167,1.8201,0.1163,0.1295,678,0.8557,1.0000,0.168422,-0.6664,-0.4307,
2441,87.0921,1.6696,1.7393,0.3529,-0.0807,716,0.9058,1.0000,0.168422,-2.1212,0.0926,
2442,87.1251,1.8306,1.7586,0.1610,0.0192,725,0.9332,1.0000,0.168422,-0.9561,-0.1234,
2443,87.1586,2.2397,1.7883,0.4091,0.0298,673,0.8647,1.0000,0.168422,-2.4331,-0.2570,
2444,87.1915,2.6859,1.7755,0.4462,-0.0129,728,0.8308,1.0000,0.168422,-2.6633,-0.1464,
2445,87.2250,3.0756,1.6724,0.3897,-0.1031,691,0.6608,1.0000,0.168422,-2.3456,0.1434,
2446,87.2580,3.5022,1.6413,0.4266,-0.0311,672,0.7729,1.0000,0.168422,-2.5501,-0.0844,
2447,87.2915,3.4097,1.7656,-0.0925,0.1244,752,0.8647,1.0000,0.168422,0.5778,-0.3291,
2448,87.3249,3.3856,1.7770,-0.0240,0.0113,735,0.9134,1.0000,0.168422,0.1458,-0.0235,
2449,87.3579,3.3303,1.7773,-0.0553,0.0003,760,0.9473,1.0000,0.168422,0.3297,0.0219,
2450,87.3912,3.0518,1.7389,-0.2786,-0.0384,733,0.7990,1.0000,0.168422,1.6530,0.2284,
2451,87.4246,2.5439,1.4967,-0.5079,-0.2423,717,0.6527,1.0000,0.168422,2.9775,0.9256,
2452,87.4579,1.5879,1.3905,-0.9559,-0.1062,673,0.8357,1.0000,0.168422,5.6779,0.7087,
2453,87.4914,0.6994,1.3833,-0.8885,-0.0072,708,0.8729,1.0000,0.168422,5.2966,0.3885,
2454,87.5248,-0.1452,1.2831,-0.8446,-0.1002,691,0.8827,1.0000,0.168422,5.0153,0.6451,
2455,87.5580,-0.8922,1.4424,-0.7470,0.1593,623,0.7535,1.0000,0.168422,4.4880,-0.1620,
2456,87.5919,-1.8267,1.4095,-0.9346,-0.0329,707,0.8408,1.0000,0.168422,5.5658,0.4834,
2457,87.6249,-3.0531,1.2218,-1.2264,-0.1878,681,0.8338,1.0000,0.168422,7.2734,1.0616,
2458,87.6579,-4.1600,1.2435,-1.1069,0.0217,728,0.7471,1.0000,0.168422,6.6049,0.3934,
2459,87.6913,-5.6320,0.9815,-1.4720,-0.2620,677,0.8327,1.0000,0.168422,8.7225,1.3823,
2460,87.7249,-6.9551,0.7273,-1.3230,-0.2542,664,0.7210,1.0000,0.168422,7.8356,1.2977,
2461,87.7761,-7.7685,0.7063,-0.8134,-0.0210,715,0.8782,1.0000,0.168422,4.8461,0.3982,
2462,87.8035,-8.5787,0.6235,-0.8102,-0.0828,695,0.8766,1.0000,0.168422,4.8137,0.5794,
2463,87.8309,-9.2556,0.4962,-0.6769,-0.1273,700,0.8376,1.0000,0.168422,4.0095,0.6558,
2464,87.8586,-9.3357,0.4653,-0.0802,-0.0310,706,0.8600,1.0000,0.168422,0.4715,0.1247,
2465,87.8912,-9.3502,0.4770,-0.0145,0.0117,635,0.7837,1.0000,0.168422,0.0889,-0.0287,
2466,87.9246,-9.2809,0.5350,0.0694,0.0581,629,0.6875,1.0000,0.168422,-0.4014,-0.2002,
2467,87.9580,-8.6789,0.6334,0.6020,0.0984,615,0.5482,1.0000,0.168422,-3.5690,-0.5394,
2468,87.9909,-7.2563,0.6210,1.4225,-0.0124,734,0.8033,1.0000,0.168422,-8.4851,-0.5511,
2469,88.0246,-5.9173,0.7126,1.3391,0.0916,652,0.6259,1.0000,0.168422,-7.9655,-0.8242,
2470,88.0580,-4.1542,0.6977,1.7630,-0.0149,670,0.7649,1.0000,0.168422,-10.5161,-0.6847,
2471,88.0910,-1.9388,0.6954,2.2154,-0.0023,580,0.6390,1.0000,0.168422,-13.2108,-0.9088,
2472,88.1246,-0.0082,0.8675,1.9306,0.1721,668,0.6357,1.0000,0.168422,-11.4759,-1.3063,
2473,88.1580,1.3509,1.0609,1.3591,0.1934,622,0.6347,1.0000,0.168422,-8.0637,-1.1329,
2474,88.1910,2.1016,1.1725,0.7507,0.1117,661,0.8148,1.0000,0.168422,-4.4528,-0.6402,
2475,88.2246,2.3278,0.9688,0.2262,-0.2038,725,0.8479,1.0000,0.168422,-1.3917,0.5086,
2476,88.2578,2.3056,0.9987,-0.0221,0.0300,722,0.9089,1.0000,0.168422,0.1382,-0.0794,
2477,88.2909,1.9911,1.0690,-0.3146,0.0702,709,0.8561,1.0000,0.168422,1.8906,-0.0775,
2478,88.3244,1.4424,0.8169,-0.5486,-0.2520,677,0.8312,1.0000,0.168422,3.2184,0.9713,
2479,88.3580,-0.0480,1.0411,-1.4905,0.2241,604,0.6852,1.0000,0.168422,8.9348,-0.0462,
2480,88.3909,-1.6164,1.1484,-1.5684,0.1074,586,0.4044,1.0000,0.168422,9.3748,0.3310,low_inlier
2481,88.4245,-3.1786,1.0269,-1.5622,-0.1215,628,0.7188,1.0000,0.168422,9.2897,1.0046,
2482,88.4577,-4.8096,0.8572,-1.6310,-0.1697,667,0.6915,1.0000,0.168422,9.6898,1.1755,
2483,88.4909,-5.6205,0.8603,-0.8110,0.0032,572,0.6798,1.0000,0.168422,4.8365,0.3259,
2484,88.5246,-6.0673,0.8460,-0.4468,-0.0143,699,0.7786,1.0000,0.168422,2.6610,0.2269,
2485,88.5575,-6.0324,0.7774,0.0350,-0.0687,719,0.8725,1.0000,0.168422,-0.2229,0.1884,
2486,88.5911,-6.0576,0.8999,-0.0252,0.1226,663,0.8325,1.0000,0.168422,0.1762,-0.3516,
2487,88.6246,-5.8387,0.9479,0.2189,0.0480,715,0.8337,1.0000,0.168422,-1.2953,-0.2323,
2488,88.6578,-5.2233,1.0089,0.6153,0.0610,724,0.5859,1.0000,0.168422,-3.6562,-0.4346,
2489,88.6909,-4.4697,1.1672,0.7536,0.1583,663,0.5972,1.0000,0.168422,-4.4603,-0.7790,
2490,88.7241,-3.4552,1.0437,1.0145,-0.1235,659,0.7817,1.0000,0.168422,-6.0754,-0.0545,
2491,88.7751,-2.1005,1.1189,1.3548,0.0752,708,0.8467,1.0000,0.168422,-8.0627,-0.7820,
2492,88.8031,-0.9897,1.2237,1.1107,0.1049,737,0.8162,1.0000,0.168422,-6.6011,-0.7688,
2493,88.8305,-0.4133,1.2952,0.5765,0.0715,666,0.4672,1.0000,0.168422,-3.4223,-0.4494,low_inlier
2494,88.8586,-0.3129,1.3113,0.1004,0.0160,718,0.8907,1.0000,0.168422,-0.5952,-0.0889,
2495,88.8914,-0.3413,1.2950,-0.0283,-0.0163,712,0.9107,1.0000,0.168422,0.1656,0.0598,
2496,88.9243,-0.4439,1.2842,-0.1026,-0.0108,715,0.7103,1.0000,0.168422,0.6098,0.0743,
2497,88.9576,-0.9087,1.1458,-0.4648,-0.1384,657,0.6018,1.0000,0.168422,2.7422,0.6008,
2498,88.9910,-2.0213,0.8857,-1.1126,-0.2601,686,0.7474,1.0000,0.168422,6.5798,1.2284,
2499,89.0246,-3.1864,0.5264,-1.1651,-0.3592,642,0.6510,1.0000,0.168422,6.8719,1.5428,
2500,89.0576,-4.1986,0.6572,-1.0122,0.1308,698,0.7281,1.0000,0.168422,6.0631,0.0319,
2501,89.0908,-5.2302,0.5132,-1.0316,-0.1441,716,0.9003,1.0000,0.168422,6.1212,0.8520,
2502,89.1246,-6.0733,0.3212,-0.8431,-0.1919,705,0.7975,1.0000,0.168422,4.9872,0.9155,
2503,89.1581,-6.4786,0.3402,-0.4052,0.0190,639,0.6897,1.0000,0.168422,2.4203,0.1115,
2504,89.1909,-6.3922,0.2978,0.0864,-0.0424,707,0.8712,1.0000,0.168422,-0.5239,0.0897,
2505,89.2246,-6.3551,0.3336,0.0371,0.0359,693,0.8538,1.0000,0.168422,-0.2139,-0.1214,
2506,89.2576,-5.8760,0.5698,0.4791,0.2362,666,0.8198,1.0000,0.168422,-2.8068,-0.8957,
2507,89.2910,-5.0354,0.7282,0.8406,0.1584,616,0.6830,1.0000,0.168422,-4.9794,-0.8153,
2508,89.3247,-4.2880,1.2200,0.7474,0.4918,666,0.7161,1.0000,0.168422,-4.3530,-1.7618,
2509,89.3574,-3.4464,1.0566,0.8416,-0.1634,758,0.8030,1.0000,0.168422,-5.0530,0.1350,
2510,89.3911,-2.3875,1.1987,1.0589,0.1421,722,0.8864,1.0000,0.168422,-6.2841,-0.8575,
2511,89.4247,-1.5781,1.3960,0.8094,0.1974,744,0.8953,1.0000,0.168422,-4.7851,-0.9176,
2512,89.4576,-1.0681,1.3277,0.5099,-0.0683,668,0.6796,1.0000,0.168422,-3.0552,-0.0089,
2513,89.4913,-1.1298,1.2372,-0.0617,-0.0905,659,0.8141,1.0000,0.168422,0.3489,0.2930,
2514,89.5245,-1.1029,1.2273,0.0269,-0.0099,698,0.8683,1.0000,0.168422,-0.1625,0.0180,
2515,89.5573,-1.0849,1.1761,0.0180,-0.0512,684,0.8063,1.0000,0.168422,-0.1184,0.1438,
2516,89.5907,-1.1267,1.2703,-0.0418,0.0942,670,0.7559,1.0000,0.168422,0.2690,-0.2609,
2517,89.6240,-1.0814,1.2102,0.0452,-0.0600,663,0.7963,1.0000,0.168422,-0.2823,0.1587,
2518,89.6576,-1.1515,1.2508,-0.0700,0.0406,710,0.8900,1.0000,0.168422,0.4262,-0.0910,
2519,89.6909,-1.2129,1.2974,-0.0614,0.0466,731,0.9275,1.0000,0.168422,0.3759,-0.1122,
2520,89.7241,-1.1696,1.2490,0.0432,-0.0484,691,0.8638,1.0000,0.168422,-0.2679,0.1251,
2521,89.7752,-1.2072,1.2684,-0.0376,0.0194,755,0.9487,1.0000,0.168422,0.2284,-0.0418,
2522,89.8022,-1.2036,1.2553,0.0037,-0.0131,768,0.9725,1.0000,0.168422,-0.0246,0.0371,
2523,89.8286,-1.1913,1.2458,0.0123,-0.0095,791,0.9950,1.0000,0.168422,-0.0752,0.0230,
2524,89.8580,-1.2248,1.2666,-0.0335,0.0207,757,0.9563,1.0000,0.168422,0.2043,-0.0474,
2525,89.8906,-1.2016,1.2481,0.0233,-0.0185,757,0.9525,1.0000,0.168422,-0.1426,0.0451,
2526,89.9240,-1.2092,1.2732,-0.0076,0.0251,775,0.9712,1.0000,0.168422,0.0508,-0.0710,
2527,89.9571,-1.1392,1.3865,0.0700,0.1134,786,0.9850,1.0000,0.168422,-0.3936,-0.3639,
2528,89.9908,-0.8700,1.7392,0.2693,0.3527,747,0.8999,1.0000,0.168422,-1.5312,-1.1531,
2529,90.0240,-0.2336,2.2565,0.6364,0.5173,636,0.7166,1.0000,0.168422,-3.6859,-1.7913,
2530,90.0570,-0.3730,1.9626,-0.1394,-0.2940,719,0.4450,1.0000,0.168422,0.7694,0.9260,low_inlier
2531,90.0907,-1.0790,1.8069,-0.7060,-0.1556,525,0.2243,1.0000,0.168422,4.1773,0.7516,low_inlier
2532,90.1239,-2.3588,1.5651,-1.2798,-0.2419,689,0.3490,1.0000,0.168422,7.5805,1.2434,low_inlier
2533,90.1571,-3.1700,1.7402,-0.8112,0.1751,681,0.3580,1.0000,0.168422,4.8741,-0.1822,low_inlier
2534,90.1903,-2.9332,1.9680,0.2369,0.2278,737,0.4788,1.0000,0.168422,-1.3644,-0.7709,low_inlier
2535,90.2239,-3.8194,1.4059,-0.8862,-0.5622,548,0.1713,1.0000,0.168422,5.1659,2.0271,low_inlier
2536,90.2570,-4.8791,0.9898,-1.0597,-0.4160,608,0.1709,1.0000,0.168422,6.2316,1.6670,low_inlier
2537,90.2904,-5.6396,0.7315,-0.7605,-0.2583,687,0.1807,1.0000,0.168422,4.4802,1.0775,low_inlier
2538,90.3238,-6.7092,0.2099,-1.0696,-0.5216,646,0.1662,1.0000,0.168422,6.2684,1.9831,low_inlier
2539,90.3570,-7.6593,-0.1276,-0.9501,-0.3375,606,0.1633,1.0000,0.168422,5.5944,1.3898,low_inlier
2540,90.3904,-8.6230,-0.8286,-0.9637,-0.7009,516,0.1217,1.0000,0.168422,5.5987,2.4690,low_inlier
2541,90.4237,-9.3633,-0.9648,-0.7403,-0.1363,527,0.1625,1.0000,0.168422,4.3854,0.7085,low_inlier
2542,90.4574,-9.8371,-1.2028,-0.4738,-0.2380,580,0.2146,1.0000,0.168422,2.7754,0.8989,low_inlier
2543,90.4904,-10.8450,-1.8653,-1.0079,-0.6625,512,0.1957,1.0000,0.168422,5.8704,2.3737,low_inlier
2544,90.5237,-11.7230,-2.2237,-0.8780,-0.3584,562,0.1877,1.0000,0.168422,5.1599,1.4218,low_inlier
2545,90.5574,-11.9941,-2.3193,-0.2711,-0.0956,638,0.3136,1.0000,0.168422,1.5965,0.3944,low_inlier
2546,90.5903,-12.5764,-2.6703,-0.5823,-0.3510,586,0.2360,1.0000,0.168422,3.3982,1.2775,low_inlier
2547,90.6238,-13.0489,-3.0937,-0.4725,-0.4234,591,0.2595,1.0000,0.168422,2.7284,1.4462,low_inlier
2548,90.6570,-13.2524,-3.1421,-0.2035,-0.0484,670,0.3413,1.0000,0.168422,1.2032,0.2272,low_inlier
2549,90.6902,-13.7108,-3.5617,-0.4584,-0.4195,659,0.2393,1.0000,0.168422,2.6452,1.4289,low_inlier
2550,90.7238,-14.3266,-4.0904,-0.6158,-0.5287,574,0.1922,1.0000,0.168422,3.5605,1.8166,low_inlier
2551,90.7756,-14.2825,-4.2389,0.0441,-0.1485,660,0.2525,1.0000,0.168422,-0.2942,0.4204,low_inlier
2552,90.8037,-14.6021,-4.6153,-0.3196,-0.3764,727,0.3162,1.0000,0.168422,1.8266,1.2442,low_inlier
2553,90.8315,-15.3523,-5.2885,-0.7502,-0.6732,609,0.5057,1.0000,0.168422,4.3314,2.2988,
2554,90.8593,-15.5113,-5.2927,-0.1590,-0.0041,699,0.6529,1.0000,0.168422,0.9475,0.0779,
2555,90.8903,-15.4529,-5.3273,0.0585,-0.0347,608,0.6170,1.0000,0.168422,-0.3559,0.0782,
2556,90.9240,-15.8843,-5.3605,-0.4314,-0.0332,586,0.6160,1.0000,0.168422,2.5655,0.2763,
2557,90.9570,-16.5239,-5.4194,-0.6397,-0.0589,635,0.5333,1.0000,0.168422,3.8019,0.4383,
2558,90.9900,-17.3240,-5.9987,-0.8001,-0.5793,564,0.4955,1.0000,0.168422,4.6487,2.0421,low_inlier
2559,91.0234,-18.1244,-6.0578,-0.8004,-0.0591,599,0.4454,1.0000,0.168422,4.7602,0.5055,low_inlier
2560,91.0569,-18.5459,-6.2249,-0.4216,-0.1671,633,0.3139,1.0000,0.168422,2.4785,0.6679,low_inlier
2561,91.0900,-18.8646,-6.2919,-0.3187,-0.0670,665,0.3873,1.0000,0.168422,1.8860,0.3297,low_inlier
2562,91.1234,-19.0424,-6.2143,-0.1778,0.0776,649,0.5433,1.0000,0.168422,1.0767,-0.1559,
2563,91.1569,-19.3957,-6.3534,-0.3533,-0.1391,495,0.5089,1.0000,0.168422,2.0773,0.5569,
2564,91.1900,-19.6343,-6.2848,-0.2386,0.0685,697,0.5967,1.0000,0.168422,1.4374,-0.1039,
2565,91.2231,-19.7038,-6.2112,-0.0695,0.0736,678,0.7810,1.0000,0.168422,0.4302,-0.1887,
2566,91.2568,-20.0944,-6.3787,-0.3906,-0.1675,650,0.7163,1.0000,0.168422,2.2936,0.6561,
2567,91.2900,-20.3204,-6.2329,-0.2260,0.1458,673,0.6058,1.0000,0.168422,1.3781,-0.3373,
2568,91.3232,-20.3662,-6.1362,-0.0458,0.0967,727,0.7985,1.0000,0.168422,0.2935,-0.2668,
2569,91.3567,-20.4772,-6.1493,-0.1110,-0.0131,721,0.8185,1.0000,0.168422,0.6592,0.0846,
2570,91.3899,-20.5205,-6.0112,-0.0433,0.1381,652,0.6687,1.0000,0.168422,0.2873,-0.3901,
2571,91.4234,-20.5163,-5.8313,0.0042,0.1798,748,0.7225,1.0000,0.168422,0.0131,-0.5330,
2572,91.4564,-20.5558,-5.8215,-0.0395,0.0099,740,0.8912,1.0000,0.168422,0.2377,-0.0128,
2573,91.4900,-20.6571,-5.8068,-0.1013,0.0147,732,0.8411,1.0000,0.168422,0.6071,-0.0016,
2574,91.5236,-20.7660,-5.9374,-0.1088,-0.1306,731,0.8337,1.0000,0.168422,0.6214,0.4309,
2575,91.5568,-21.0641,-6.0855,-0.2982,-0.1481,729,0.6797,1.0000,0.168422,1.7467,0.5608,
2576,91.5898,-21.2473,-6.1010,-0.1832,-0.0155,732,0.5623,1.0000,0.168422,1.0889,0.1214,
2577,91.6231,-21.2099,-5.8552,0.0374,0.2458,655,0.4698,1.0000,0.168422,-0.1713,-0.7416,low_inlier
2578,91.6564,-21.1995,-5.8646,0.0104,-0.0095,622,0.4637,1.0000,0.168422,-0.0638,0.0237,low_inlier
2579,91.6899,-21.4734,-5.8338,-0.2739,0.0308,543,0.3193,1.0000,0.168422,1.6398,0.0222,low_inlier
2580,91.7232,-21.4849,-5.5148,-0.0115,0.3190,555,0.2357,1.0000,0.168422,0.1356,-0.9378,low_inlier
2581,91.7748,-21.1316,-5.2570,0.3533,0.2578,633,0.1673,1.0000,0.168422,-2.0525,-0.9075,low_inlier
2582,91.8026,-20.7149,-4.8785,0.4167,0.3785,684,0.1885,1.0000,0.168422,-2.4050,-1.2904,low_inlier
2583,91.8306,-20.2903,-4.3748,0.4246,0.5037,631,0.1886,1.0000,0.168422,-2.4258,-1.6636,low_inlier
2584,91.8585,-19.9528,-4.2021,0.3374,0.1727,611,0.2341,1.0000,0.168422,-1.9758,-0.6495,low_inlier
2585,91.8897,-19.4161,-3.7020,0.5368,0.5001,587,0.1185,1.0000,0.168422,-3.0953,-1.6994,low_inlier
2586,91.9231,-18.6816,-3.0237,0.7345,0.6782,529,0.1252,1.0000,0.168422,-4.2368,-2.3073,low_inlier
2587,91.9563,-18.3327,-2.7574,0.3489,0.2663,578,0.1418,1.0000,0.168422,-2.0244,-0.9309,low_inlier
2588,91.9897,-18.1109,-2.6002,0.2218,0.1572,702,0.1593,1.0000,0.168422,-1.2892,-0.5560,low_inlier
2589,92.0230,-17.4147,-1.9809,0.6963,0.6194,495,0.1087,1.0000,0.168422,-4.0214,-2.1176,low_inlier
2590,92.0564,-16.7374,-1.3771,0.6773,0.6038,470,0.1469,1.0000,0.168422,-3.9114,-2.0638,low_inlier
2591,92.0899,-15.7717,-0.9427,0.9657,0.4344,590,0.1277,1.0000,0.168422,-5.6671,-1.6824,low_inlier
2592,92.1236,-14.4198,-0.1808,1.3519,0.7619,417,0.0997,1.0000,0.168422,-7.9010,-2.8096,low_inlier
2593,92.1565,-13.6074,0.3358,0.8124,0.5166,530,0.2319,1.0000,0.168422,-4.7354,-1.8618,low_inlier
2594,92.1897,-12.7312,0.7486,0.8761,0.4128,559,0.3914,1.0000,0.168422,-5.1375,-1.5816,low_inlier
2595,92.2230,-11.9204,1.3014,0.8109,0.5527,546,0.4943,1.0000,0.168422,-4.7188,-1.9681,low_inlier
2596,92.2564,-11.9590,1.3204,-0.0387,0.0190,602,0.7406,1.0000,0.168422,0.2347,-0.0402,
2597,92.2900,-11.6007,1.4833,0.3583,0.1630,596,0.7069,1.0000,0.168422,-2.1024,-0.6296,
2598,92.3231,-10.5899,1.8249,1.0108,0.3416,551,0.3355,1.0000,0.168422,-5.9554,-1.4269,low_inlier
2599,92.3565,-9.1631,3.0740,1.4268,1.2491,469,0.3783,1.0000,0.168422,-8.2449,-4.2798,low_inlier
2600,92.3900,-8.2328,3.2508,0.9303,0.1768,667,0.2000,1.0000,0.168422,-5.5103,-0.9068,low_inlier
2601,92.4235,-7.9514,3.5365,0.2813,0.2857,601,0.1608,1.0000,0.168422,-1.6174,-0.9602,low_inlier
2602,92.4564,-7.2634,3.7392,0.6880,0.2027,593,0.1891,1.0000,0.168422,-4.0601,-0.8833,low_inlier
2603,92.4899,-7.2719,3.4248,-0.0085,-0.3144,580,0.1215,1.0000,0.168422,-0.0153,0.9324,low_inlier
2604,92.5231,-7.5449,3.0359,-0.2730,-0.3889,495,0.1108,1.0000,0.168422,1.5458,1.2618,low_inlier
2605,92.5565,-7.4075,3.0843,0.1374,0.0485,585,0.2003,1.0000,0.168422,-0.8092,-0.2000,low_inlier
2606,92.5894,-7.7855,2.8038,-0.3781,-0.2805,546,0.1208,1.0000,0.168422,2.1952,0.9850,low_inlier
2607,92.6228,-8.0769,2.3577,-0.2913,-0.4461,565,0.1321,1.0000,0.168422,1.6431,1.4384,low_inlier
2608,92.6560,-8.5424,1.8475,-0.4656,-0.5102,569,0.1029,1.0000,0.168422,2.6686,1.6998,low_inlier
2609,92.6895,-9.2999,1.4591,-0.7575,-0.3884,539,0.1168,1.0000,0.168422,4.4352,1.4605,low_inlier
2610,92.7229,-9.9257,0.9250,-0.6258,-0.5340,477,0.1167,1.0000,0.168422,3.6191,1.8363,low_inlier
2611,92.7748,-10.5707,0.2698,-0.6449,-0.6553,507,0.1225,1.0000,0.168422,3.7077,2.2023,low_inlier
2612,92.8030,-11.1549,-0.1320,-0.5843,-0.4018,518,0.1263,1.0000,0.168422,3.3994,1.4284,low_inlier
2613,92.8311,-11.3901,-0.6187,-0.2351,-0.4867,440,0.1363,1.0000,0.168422,1.2997,1.5350,low_inlier
2614,92.8589,-11.6686,-0.9377,-0.2785,-0.3191,624,0.2250,1.0000,0.168422,1.5934,1.0577,low_inlier
2615,92.8898,-11.9955,-1.3267,-0.3269,-0.3889,595,0.2213,1.0000,0.168422,1.8672,1.2841,low_inlier
2616,92.9234,-11.9998,-1.4598,-0.0044,-0.1331,576,0.3805,1.0000,0.168422,-0.0021,0.3951,low_inlier
2617,92.9560,-11.9744,-1.5330,0.0254,-0.0732,755,0.4138,1.0000,0.168422,-0.1668,0.2056,low_inlier
2618,92.9894,-12.1899,-2.0176,-0.2154,-0.4846,571,0.2750,1.0000,0.168422,1.1826,1.5207,low_inlier
2619,93.0227,-12.0712,-1.9389,0.1187,0.0786,623,0.4150,1.0000,0.168422,-0.6911,-0.2813,low_inlier
2620,93.0561,-12.2694,-2.1467,-0.1982,-0.2077,664,0.3187,1.0000,0.168422,1.1382,0.6956,low_inlier
2621,93.0897,-12.9401,-2.8428,-0.6707,-0.6961,446,0.2271,1.0000,0.168422,3.8529,2.3338,low_inlier
2622,93.1230,-13.4260,-3.1731,-0.4859,-0.3303,507,0.1812,1.0000,0.168422,2.8278,1.1766,low_inlier
2623,93.1560,-13.9553,-3.4971,-0.5293,-0.3240,581,0.1862,1.0000,0.168422,3.0878,1.1761,low_inlier
2624,93.1896,-14.6927,-4.1614,-0.7374,-0.6642,433,0.1466,1.0000,0.168422,4.2570,2.2670,low_inlier
2625,93.2229,-15.5958,-4.7864,-0.9031,-0.6250,495,0.1982,1.0000,0.168422,5.2537,2.2197,low_inlier
2626,93.2562,-16.0814,-5.1109,-0.4856,-0.3245,524,0.3000,1.0000,0.168422,2.8271,1.1594,low_inlier
2627,93.2895,-16.2746,-5.5624,-0.1931,-0.4515,589,0.3204,1.0000,0.168422,1.0566,1.4137,low_inlier
2628,93.3226,-16.5580,-5.9151,-0.2834,-0.3527,631,0.6921,1.0000,0.168422,1.6157,1.1591,
2629,93.3558,-16.5125,-5.9264,0.0454,-0.0113,686,0.7807,1.0000,0.168422,-0.2733,0.0146,
2630,93.3894,-16.7844,-6.0333,-0.2719,-0.1068,699,0.7854,1.0000,0.168422,1.5986,0.4280,
2631,93.4224,-17.1283,-6.1846,-0.3439,-0.1513,611,0.6226,1.0000,0.168422,2.0186,0.5891,
2632,93.4561,-18.6043,-6.4372,-1.4761,-0.2526,717,0.3923,1.0000,0.168422,8.7485,1.3563,low_inlier
2633,93.4894,-19.3975,-6.6080,-0.7932,-0.1708,684,0.3074,1.0000,0.168422,4.6936,0.8323,low_inlier
2634,93.5227,-19.6666,-6.8616,-0.2691,-0.2537,601,0.3522,1.0000,0.168422,1.5511,0.8607,low_inlier
2635,93.5559,-20.1850,-7.1541,-0.5184,-0.2925,533,0.3633,1.0000,0.168422,3.0294,1.0784,low_inlier
2636,93.5893,-20.3761,-7.0422,-0.1911,0.1120,582,0.2437,1.0000,0.168422,1.1632,-0.2518,low_inlier
2637,93.6227,-20.3292,-6.9153,0.0469,0.1268,530,0.2336,1.0000,0.168422,-0.2528,-0.3941,low_inlier
2638,93.6559,-20.2392,-6.7846,0.0900,0.1307,594,0.2241,1.0000,0.168422,-0.5089,-0.4233,low_inlier
2639,93.6891,-19.9196,-6.5280,0.3197,0.2566,600,0.2010,1.0000,0.168422,-1.8521,-0.8902,low_inlier
2640,93.7226,-19.5244,-6.2245,0.3952,0.3035,632,0.1863,1.0000,0.168422,-2.2926,-1.0600,low_inlier
2641,93.7747,-19.0202,-5.8964,0.5042,0.3281,521,0.1079,1.0000,0.168422,-2.9373,-1.1776,low_inlier
2642,93.8035,-18.2215,-5.5261,0.7987,0.3703,468,0.1248,1.0000,0.168422,-4.6847,-1.4240,low_inlier
2643,93.8321,-17.3321,-4.9787,0.8894,0.5474,444,0.1059,1.0000,0.168422,-5.1882,-1.9849,low_inlier
2644,93.8610,-16.5109,-4.5376,0.8211,0.4410,374,0.0831,1.0000,0.168422,-4.8034,-1.6423,low_inlier
2645,93.8895,-15.5890,-3.8570,0.9220,0.6806,487,0.1209,1.0000,0.168422,-5.3542,-2.3918,low_inlier
2646,93.9225,-14.7821,-3.2399,0.8069,0.6171,390,0.1084,1.0000,0.168422,-4.6816,-2.1566,low_inlier
2647,93.9557,-13.8982,-2.8113,0.8839,0.4286,438,0.1471,1.0000,0.168422,-5.1802,-1.6315,low_inlier
2648,93.9892,-12.9927,-2.1817,0.9055,0.6296,403,0.1362,1.0000,0.168422,-5.2667,-2.2341,low_inlier
2649,94.0225,-12.4266,-1.7421,0.5661,0.4396,467,0.2352,1.0000,0.168422,-3.2831,-1.5327,low_inlier
2650,94.0558,-11.8438,-1.1938,0.5828,0.5483,550,0.4508,1.0000,0.168422,-3.3599,-1.8607,low_inlier
2651,94.0892,-11.7212,-1.0284,0.1226,0.1654,660,0.7150,1.0000,0.168422,-0.6962,-0.5392,
2652,94.1225,-11.6184,-1.1465,0.1027,-0.1181,619,0.7897,1.0000,0.168422,-0.6375,0.3065,
2653,94.1557,-11.6447,-1.1160,-0.0262,0.0305,634,0.8388,1.0000,0.168422,0.1629,-0.0793,
2654,94.1890,-11.5997,-1.1056,0.0449,0.0104,607,0.7814,1.0000,0.168422,-0.2658,-0.0494,
2655,94.2224,-11.5771,-1.0957,0.0226,0.0099,646,0.8631,1.0000,0.168422,-0.1326,-0.0385,
2656,94.2559,-11.6168,-1.0355,-0.0396,0.0602,630,0.8356,1.0000,0.168422,0.2491,-0.1615,
2657,94.2888,-11.6243,-1.0203,-0.0075,0.0151,731,0.9372,1.0000,0.168422,0.0477,-0.0416,
2658,94.3223,-11.6054,-1.0368,0.0189,-0.0164,713,0.9234,1.0000,0.168422,-0.1160,0.0408,
2659,94.3558,-11.6187,-1.0304,-0.0133,0.0064,721,0.9322,1.0000,0.168422,0.0808,-0.0134,
2660,94.3889,-11.6174,-1.0250,0.0014,0.0053,718,0.9284,1.0000,0.168422,-0.0069,-0.0164,
2661,94.4222,-11.5803,-1.0372,0.0371,-0.0122,666,0.8643,1.0000,0.168422,-0.2237,0.0207,
2662,94.4561,-11.5885,-1.0303,-0.0082,0.0069,734,0.9398,1.0000,0.168422,0.0503,-0.0170,
2663,94.4890,-11.5870,-1.0170,0.0015,0.0134,761,0.9686,1.0000,0.168422,-0.0061,-0.0401,
2664,94.5223,-11.5548,-1.0151,0.0322,0.0019,713,0.9146,1.0000,0.168422,-0.1914,-0.0188,
2665,94.5555,-11.4648,-0.9251,0.0900,0.0899,658,0.8306,1.0000,0.168422,-0.5177,-0.3029,
2666,94.5889,-11.4491,-0.8875,0.0157,0.0377,700,0.9159,1.0000,0.168422,-0.0859,-0.1177,
2667,94.6221,-11.4458,-0.9147,0.0032,-0.0272,726,0.9183,1.0000,0.168422,-0.0251,0.0789,
2668,94.6556,-11.4129,-0.9378,0.0330,-0.0231,665,0.8708,1.0000,0.168422,-0.2014,0.0547,
2669,94.6889,-11.4705,-0.8933,-0.0576,0.0445,618,0.7915,1.0000,0.168422,0.3531,-0.1076,
2670,94.7222,-11.4729,-0.8023,-0.0024,0.0910,689,0.8706,1.0000,0.168422,0.0333,-0.2677,
2671,94.7733,-11.4844,-0.9905,-0.0116,-0.1882,763,0.9075,1.0000,0.168422,0.0293,0.5606,
2672,94.8009,-11.9749,-0.8709,-0.4904,0.1196,768,0.7751,1.0000,0.168422,2.9496,-0.1505,
2673,94.8287,-12.3043,-0.9937,-0.3294,-0.1228,729,0.9511,1.0000,0.168422,1.9382,0.4989,
2674,94.8565,-12.6687,-1.1286,-0.3645,-0.1349,750,0.9119,1.0000,0.168422,2.1448,0.5491,
2675,94.8898,-13.0709,-1.0714,-0.4022,0.0572,765,0.9454,1.0000,0.168422,2.4105,-0.0027,
2676,94.9222,-13.5010,-1.2110,-0.4300,-0.1396,688,0.8615,1.0000,0.168422,2.5348,0.5900,
2677,94.9563,-13.9153,-1.3936,-0.4143,-0.1827,666,0.8306,1.0000,0.168422,2.4321,0.7109,
2678,94.9893,-14.3424,-1.3771,-0.4271,0.0165,633,0.6939,1.0000,0.168422,2.5502,0.1277,
2679,95.0222,-14.4202,-1.2954,-0.0778,0.0817,658,0.7538,1.0000,0.168422,0.4810,-0.2092,
2680,95.0559,-14.7418,-1.3560,-0.3216,-0.0607,661,0.7735,1.0000,0.168422,1.9048,0.3121,
2681,95.0889,-15.3312,-1.4889,-0.5895,-0.1329,681,0.8642,1.0000,0.168422,3.4871,0.6362,
2682,95.1227,-15.4527,-1.3189,-0.1214,0.1700,706,0.8808,1.0000,0.168422,0.7599,-0.4520,
2683,95.1554,-15.6885,-1.2050,-0.2359,0.1139,730,0.8598,1.0000,0.168422,1.4305,-0.2391,
2684,95.1890,-15.9202,-1.2648,-0.2317,-0.0598,677,0.8545,1.0000,0.168422,1.3688,0.2724,
2685,95.2223,-16.1805,-1.1642,-0.2603,0.1006,701,0.8810,1.0000,0.168422,1.5734,-0.1895,
2686,95.2558,-16.4100,-1.2606,-0.2295,-0.0964,687,0.8733,1.0000,0.168422,1.3480,0.3797,
2687,95.2892,-16.4552,-1.1808,-0.0453,0.0798,734,0.9287,1.0000,0.168422,0.2867,-0.2171,
2688,95.3227,-16.8263,-1.1583,-0.3710,0.0225,703,0.8857,1.0000,0.168422,2.2171,0.0870,
2689,95.3558,-16.9263,-1.0268,-0.1001,0.1315,712,0.8825,1.0000,0.168422,0.6244,-0.3473,
2690,95.3888,-16.7936,-0.9770,0.1327,0.0498,768,0.9363,1.0000,0.168422,-0.7807,-0.2020,
2691,95.4228,-16.7736,-0.9345,0.0200,0.0424,732,0.9150,1.0000,0.168422,-0.1103,-0.1336,
2692,95.4559,-16.7366,-0.8248,0.0370,0.1097,691,0.8475,1.0000,0.168422,-0.1975,-0.3395,
2693,95.4890,-16.3909,-0.7844,0.3458,0.0404,740,0.8375,1.0000,0.168422,-2.0535,-0.2621,
2694,95.5219,-15.7095,-0.5623,0.6814,0.2221,650,0.8212,1.0000,0.168422,-4.0162,-0.9378,
2695,95.5553,-14.9978,-0.0670,0.7117,0.4953,672,0.6345,1.0000,0.168422,-4.1392,-1.7574,
2696,95.5889,-13.7527,0.2975,1.2451,0.3645,661,0.7098,1.0000,0.168422,-7.3480,-1.5914,
2697,95.6220,-12.4815,0.6553,1.2712,0.3578,628,0.7614,1.0000,0.168422,-7.5049,-1.5824,
2698,95.6560,-11.1930,0.8803,1.2885,0.2251,670,0.8261,1.0000,0.168422,-7.6357,-1.1975,
2699,95.6889,-10.0900,0.8948,1.1030,0.0145,677,0.8551,1.0000,0.168422,-6.5741,-0.4987,
2700,95.7220,-8.9468,1.2402,1.1432,0.3453,654,0.7843,1.0000,0.168422,-6.7440,-1.4927,
2701,95.7740,-7.7529,1.4561,1.1939,0.2159,650,0.8387,1.0000,0.168422,-7.0738,-1.1314,
2702,95.8027,-6.4816,1.7303,1.2713,0.2741,657,0.8452,1.0000,0.168422,-7.5230,-1.3353,
2703,95.8313,-5.5946,1.8910,0.8870,0.1607,601,0.5939,1.0000,0.168422,-5.2553,-0.8414,
2704,95.8606,-4.5175,1.9808,1.0770,0.0898,624,0.5452,1.0000,0.168422,-6.4035,-0.7105,
2705,95.8899,-3.3458,2.3189,1.1718,0.3381,655,0.8327,1.0000,0.168422,-6.9160,-1.4830,
2706,95.9219,-2.1612,2.5543,1.1845,0.2355,656,0.7939,1.0000,0.168422,-7.0138,-1.1852,
2707,95.9549,-1.1353,2.9023,1.0259,0.3480,657,0.8133,1.0000,0.168422,-6.0441,-1.4520,
2708,95.9882,-0.2158,3.1470,0.9195,0.2447,566,0.6471,1.0000,0.168422,-5.4313,-1.1030,
2709,96.0219,0.2266,3.3643,0.4425,0.2173,624,0.7970,1.0000,0.168422,-2.5927,-0.8248,
2710,96.0555,0.2595,3.3766,0.0329,0.0123,690,0.8712,1.0000,0.168422,-0.1936,-0.0499,
2711,96.0890,0.2512,3.3183,-0.0084,-0.0583,672,0.8474,1.0000,0.168422,0.0377,0.1758,
2712,96.1217,-0.1542,2.9292,-0.4054,-0.3891,629,0.7525,1.0000,0.168422,2.3353,1.3170,
2713,96.1550,-1.1397,2.7047,-0.9855,-0.2245,621,0.6385,1.0000,0.168422,5.8293,1.0706,
2714,96.1884,-2.1284,2.1770,-0.9887,-0.5277,550,0.4598,1.0000,0.168422,5.7844,1.9675,low_inlier
2715,96.2214,-3.7410,1.7235,-1.6126,-0.4535,656,0.7481,1.0000,0.168422,9.5201,2.0061,
2716,96.2552,-5.5747,1.1441,-1.8337,-0.5794,646,0.6996,1.0000,0.168422,10.8125,2.4696,
2717,96.2883,-7.3800,0.8479,-1.8053,-0.2962,574,0.6077,1.0000,0.168422,10.7026,1.6211,
2718,96.3214,-9.9499,0.4743,-2.5698,-0.3736,652,0.5404,1.0000,0.168422,15.2452,2.1658,
2719,96.3549,-12.4795,0.1421,-2.5296,-0.3322,626,0.5813,1.0000,0.168422,15.0139,2.0269,
2720,96.3881,-14.8559,-0.0567,-2.3764,-0.1989,606,0.6149,1.0000,0.168422,14.1288,1.5697,
2721,96.4214,-17.2171,-0.5043,-2.3612,-0.4476,610,0.6384,1.0000,0.168422,13.9858,2.2983,
2722,96.4548,-18.8688,-0.7539,-1.6516,-0.2495,532,0.6261,1.0000,0.168422,9.7962,1.4198,
2723,96.4881,-20.0665,-0.9561,-1.1977,-0.2023,595,0.7426,1.0000,0.168422,7.0995,1.0925,
2724,96.5219,-20.4303,-1.0537,-0.3638,-0.0976,659,0.7478,1.0000,0.168422,2.1486,0.4386,
2725,96.5550,-20.1404,-0.6866,0.2899,0.3671,636,0.7881,1.0000,0.168422,-1.6516,-1.2045,
2726,96.5884,-19.3754,0.0257,0.7649,0.7122,579,0.6280,1.0000,0.168422,-4.4111,-2.4202,
2727,96.6216,-18.0611,0.7702,1.3144,0.7446,628,0.6721,1.0000,0.168422,-7.6807,-2.7429,
2728,96.6549,-16.4913,0.6667,1.5698,-0.1036,649,0.5937,1.0000,0.168422,-9.3824,-0.3428,
2729,96.6882,-14.1852,1.2589,2.3061,0.5922,634,0.2098,1.0000,0.168422,-13.6263,-2.7027,low_inlier
2730,96.7214,-11.6692,1.6172,2.5160,0.3583,594,0.4137,1.0000,0.168422,-14.9275,-2.0984,low_inlier
2731,96.7737,-9.6849,1.6414,1.9843,0.0242,651,0.4786,1.0000,0.168422,-11.8275,-0.8915,low_inlier
2732,96.8025,-7.5259,2.0139,2.1590,0.3725,548,0.5778,1.0000,0.168422,-12.7955,-1.9928,
2733,96.8310,-5.4316,2.2399,2.0943,0.2260,623,0.5482,1.0000,0.168422,-12.4406,-1.5332,
2734,96.8600,-3.7523,2.0140,1.6793,-0.2258,578,0.7025,1.0000,0.168422,-10.0612,-0.0269,
2735,96.8889,-1.7773,2.5909,1.9750,0.5768,565,0.6384,1.0000,0.168422,-11.6556,-2.5203,
2736,96.9222,-0.9122,2.9020,0.8650,0.3111,627,0.6223,1.0000,0.168422,-5.0927,-1.2766,
2737,96.9553,-1.0337,2.7673,-0.1215,-0.1346,663,0.8186,1.0000,0.168422,0.6960,0.4480,
2738,96.9886,-1.9278,2.0820,-0.8941,-0.6853,604,0.7243,1.0000,0.168422,5.1868,2.3941,
2739,97.0222,-3.2641,1.7396,-1.3363,-0.3424,644,0.5497,1.0000,0.168422,7.8965,1.5639,
2740,97.0549,-5.2606,1.2549,-1.9965,-0.4846,474,0.3686,1.0000,0.168422,11.8032,2.2569,low_inlier
2741,97.0880,-8.0174,0.6142,-2.7568,-0.6407,647,0.4772,1.0000,0.168422,16.3035,3.0322,low_inlier
2742,97.1218,-10.9298,0.2922,-2.9124,-0.3220,616,0.4377,1.0000,0.168422,17.2988,2.1550,low_inlier
2743,97.1550,-14.3163,-0.1593,-3.3865,-0.4516,584,0.4134,1.0000,0.168422,20.0986,2.7337,low_inlier
2744,97.1880,-17.6972,-0.4396,-3.3809,-0.2803,593,0.4258,1.0000,0.168422,20.1013,2.2254,low_inlier
2745,97.2231,-21.0469,-0.9481,-3.3497,-0.5084,582,0.4177,1.0000,0.168422,19.8671,2.8864,low_inlier
2746,97.2554,-23.8978,-1.0774,-2.8509,-0.1294,558,0.4855,1.0000,0.168422,16.9724,1.5605,low_inlier
2747,97.2879,-26.0452,-1.3213,-2.1474,-0.2438,563,0.4463,1.0000,0.168422,12.7538,1.6079,low_inlier
2748,97.3212,-27.3967,-1.2801,-1.3515,0.0412,544,0.5969,1.0000,0.168422,8.0674,0.4367,
2749,97.3546,-27.6232,-1.3211,-0.2265,-0.0411,636,0.7471,1.0000,0.168422,1.3419,0.2149,
2750,97.3877,-26.9346,-0.4157,0.6886,0.9054,555,0.6013,1.0000,0.168422,-3.9153,-2.9594,
2751,97.4214,-25.6110,0.4513,1.3236,0.8670,604,0.5957,1.0000,0.168422,-7.7102,-3.1083,
2752,97.4547,-23.9097,1.0569,1.7013,0.6057,566,0.4580,1.0000,0.168422,-10.0172,-2.4925,low_inlier
2753,97.4880,-21.8528,1.2319,2.0568,0.1749,545,0.2919,1.0000,0.168422,-12.2280,-1.3669,low_inlier
2754,97.5217,-18.9315,1.7828,2.9213,0.5509,582,0.4260,1.0000,0.168422,-17.3037,-2.8349,low_inlier
2755,97.5546,-16.5764,1.8575,2.3551,0.0747,590,0.3819,1.0000,0.168422,-14.0276,-1.1942,low_inlier
2756,97.5880,-13.9691,2.0787,2.6073,0.2212,611,0.5125,1.0000,0.168422,-15.5010,-1.7310,
2757,97.6215,-11.3935,2.3280,2.5756,0.2493,594,0.6074,1.0000,0.168422,-15.3056,-1.8011,
2758,97.6549,-9.6315,2.2224,1.7620,-0.1057,579,0.6806,1.0000,0.168422,-10.5293,-0.4160,
2759,97.6885,-8.2914,2.3178,1.3401,0.0955,584,0.7186,1.0000,0.168422,-7.9709,-0.8359,
2760,97.7212,-7.5564,2.3392,0.7349,0.0214,587,0.6323,1.0000,0.168422,-4.3779,-0.3669,
2761,97.7734,-7.6237,2.3067,-0.0673,-0.0325,724,0.9187,1.0000,0.168422,0.3943,0.1238,
2762,97.8016,-7.9721,1.7809,-0.3484,-0.5258,678,0.8304,1.0000,0.168422,1.9665,1.6974,
2763,97.8306,-8.7886,1.5509,-0.8165,-0.2300,690,0.6790,1.0000,0.168422,4.8205,1.0169,
2764,97.8600,-10.0838,1.1319,-1.2952,-0.4190,599,0.5319,1.0000,0.168422,7.6348,1.7730,
2765,97.8894,-12.4919,0.6958,-2.4081,-0.4361,685,0.4359,1.0000,0.168422,14.2678,2.2836,low_inlier
2766,97.9210,-14.9549,0.2979,-2.4630,-0.3979,589,0.4774,1.0000,0.168422,14.6028,2.1934,low_inlier
2767,97.9544,-17.7209,-0.1244,-2.7660,-0.4223,513,0.4721,1.0000,0.168422,16.4045,2.3908,low_inlier
2768,97.9878,-20.7121,-0.6848,-2.9912,-0.5604,559,0.3563,1.0000,0.168422,17.7185,2.8918,low_inlier
2769,98.0208,-23.1692,-0.8038,-2.4572,-0.1190,562,0.5455,1.0000,0.168422,14.6269,1.3671,
2770,98.0544,-25.5495,-1.1957,-2.3803,-0.3919,540,0.5755,1.0000,0.168422,14.1108,2.1416,
2771,98.0875,-27.1789,-1.3746,-1.6294,-0.1789,573,0.4187,1.0000,0.168422,9.6783,1.2020,low_inlier
2772,98.1210,-27.7141,-1.6086,-0.5352,-0.2339,588,0.6470,1.0000,0.168422,3.1421,0.9123,
2773,98.1544,-27.5554,-1.4968,0.1587,0.1118,624,0.7901,1.0000,0.168422,-0.9229,-0.3958,
2774,98.1875,-26.7773,-1.0272,0.7781,0.4697,506,0.5524,1.0000,0.168422,-4.5406,-1.7090,
2775,98.2209,-25.4250,-0.4331,1.3523,0.5941,547,0.6401,1.0000,0.168422,-7.9388,-2.3140,
2776,98.2545,-23.9452,0.1631,1.4797,0.5961,563,0.5806,1.0000,0.168422,-8.6980,-2.3727,
2777,98.2877,-22.4380,0.5306,1.5072,0.3675,627,0.5913,1.0000,0.168422,-8.9102,-1.7087,
2778,98.3210,-21.1878,0.6147,1.2502,0.0841,512,0.5168,1.0000,0.168422,-7.4373,-0.7652,
2779,98.3546,-19.0297,1.0689,2.1580,0.4543,554,0.5720,1.0000,0.168422,-12.7726,-2.2339,
2780,98.3876,-16.8515,1.3357,2.1783,0.2668,609,0.6121,1.0000,0.168422,-12.9327,-1.6884,
2781,98.4207,-15.0728,1.4032,1.7787,0.0675,618,0.6031,1.0000,0.168422,-10.5919,-0.9345,
2782,98.4544,-13.1882,1.6674,1.8846,0.2642,604,0.6744,1.0000,0.168422,-11.1821,-1.5595,
2783,98.4877,-11.4707,1.9154,1.7176,0.2480,585,0.7341,1.0000,0.168422,-10.1896,-1.4425,
2784,98.5209,-10.3616,2.0819,1.1090,0.1664,606,0.7587,1.0000,0.168422,-6.5782,-0.9500,
2785,98.5541,-9.6949,2.1075,0.6668,0.0256,632,0.5421,1.0000,0.168422,-3.9705,-0.3512,
2786,98.5875,-9.9001,2.1117,-0.2052,0.0042,615,0.7116,1.0000,0.168422,1.2247,0.0723,
2787,98.6210,-10.4891,1.7294,-0.5890,-0.3823,569,0.4253,1.0000,0.168422,3.4315,1.3729,low_inlier
2788,98.6542,-11.5532,1.1767,-1.0641,-0.5527,645,0.7208,1.0000,0.168422,6.2286,2.0725,
2789,98.6878,-13.7651,1.0909,-2.2119,-0.0858,635,0.3372,1.0000,0.168422,13.1715,1.1677,low_inlier
2790,98.7208,-16.1257,0.6686,-2.3606,-0.4223,585,0.4735,1.0000,0.168422,13.9875,2.2231,low_inlier
2791,98.7731,-19.3245,0.5753,-3.1988,-0.0933,596,0.4397,1.0000,0.168422,19.0545,1.5977,low_inlier
2792,98.8020,-22.5327,-0.0551,-3.2082,-0.6304,559,0.5285,1.0000,0.168422,18.9978,3.1884,
2793,98.8308,-25.2387,-0.3489,-2.7060,-0.2938,556,0.4858,1.0000,0.168422,16.0739,1.9864,low_inlier
2794,98.8596,-28.1184,-0.6129,-2.8797,-0.2639,546,0.5202,1.0000,0.168422,17.1158,1.9699,
2795,98.8885,-30.6345,-0.9528,-2.5161,-0.3399,575,0.4987,1.0000,0.168422,14.9321,2.0442,low_inlier
2796,98.9208,-32.3298,-1.1557,-1.6953,-0.2029,519,0.5104,1.0000,0.168422,10.0665,1.3002,
2797,98.9546,-33.0050,-1.2508,-0.6751,-0.0951,602,0.6628,1.0000,0.168422,4.0058,0.5600,
2798,98.9878,-32.6965,-1.1594,0.3084,0.0914,607,0.7684,1.0000,0.168422,-1.8200,-0.3975,
2799,99.0206,-31.1720,-0.5599,1.5245,0.5996,509,0.3321,1.0000,0.168422,-8.9644,-2.4014,low_inlier
2800,99.0540,-29.5061,0.1663,1.6659,0.7262,578,0.4269,1.0000,0.168422,-9.7806,-2.8338,low_inlier
2801,99.0872,-27.1305,0.5480,2.3756,0.3817,635,0.4264,1.0000,0.168422,-14.0853,-2.1094,low_inlier
2802,99.1207,-24.7534,0.7863,2.3772,0.2382,610,0.4595,1.0000,0.168422,-14.1247,-1.6863,low_inlier
2803,99.1538,-21.9868,1.0255,2.7666,0.2393,561,0.3951,1.0000,0.168422,-16.4469,-1.8503,low_inlier
2804,99.1871,-19.3311,1.2909,2.6556,0.2654,582,0.5985,1.0000,0.168422,-15.7796,-1.8816,
2805,99.2202,-16.5427,1.6256,2.7885,0.3347,585,0.6080,1.0000,0.168422,-16.5571,-2.1413,
2806,99.2539,-13.8739,1.7377,2.6687,0.1121,582,0.5571,1.0000,0.168422,-15.8901,-1.4341,
2807,99.2871,-11.3489,2.0220,2.5250,0.2843,600,0.5902,1.0000,0.168422,-14.9967,-1.8834,
2808,99.3206,-9.6093,2.0523,1.7396,0.0303,580,0.7282,1.0000,0.168422,-10.3670,-0.8084,
2809,99.3539,-8.5696,2.1498,1.0397,0.0975,554,0.6809,1.0000,0.168422,-6.1792,-0.7179,
2810,99.3869,-8.5144,2.1645,0.0552,0.0146,673,0.7308,1.0000,0.168422,-0.3263,-0.0660,
2811,99.4209,-8.9692,1.7280,-0.4549,-0.4365,596,0.5683,1.0000,0.168422,2.6204,1.4774,
2812,99.4539,-9.9270,1.2838,-0.9577,-0.4442,534,0.6010,1.0000,0.168422,5.6175,1.7081,
2813,99.4871,-11.0927,1.1149,-1.1657,-0.1689,512,0.4962,1.0000,0.168422,6.9155,0.9806,low_inlier
2814,99.5204,-13.4175,0.7242,-2.3248,-0.3907,594,0.5748,1.0000,0.168422,13.7804,2.1151,
2815,99.5539,-15.8272,0.5547,-2.4097,-0.1695,582,0.4878,1.0000,0.168422,14.3334,1.4967,low_inlier
2816,99.5871,-18.4123,0.3584,-2.5851,-0.1963,570,0.5524,1.0000,0.168422,15.3737,1.6483,
2817,99.6206,-21.4759,-0.2456,-3.0635,-0.6040,567,0.5768,1.0000,0.168422,18.1406,3.0506,
2818,99.6539,-23.8973,-0.2146,-2.4214,0.0310,559,0.5473,1.0000,0.168422,14.4453,0.9091,
2819,99.6871,-26.2093,-0.6363,-2.3120,-0.4218,557,0.6059,1.0000,0.168422,13.6977,2.2015,
2820,99.7204,-27.7777,-0.9224,-1.5685,-0.2860,569,0.6033,1.0000,0.168422,9.2925,1.4933,
2821,99.7722,-28.4988,-1.0591,-0.7210,-0.1367,627,0.7848,1.0000,0.168422,4.2706,0.7020,
2822,99.8009,-28.4419,-1.0153,0.0569,0.0438,654,0.8175,1.0000,0.168422,-0.3300,-0.1529,
2823,99.8286,-28.0100,-0.5060,0.4319,0.5093,582,0.6388,1.0000,0.168422,-2.4678,-1.6832,
2824,99.8572,-26.7043,0.1484,1.3057,0.6544,642,0.7265,1.0000,0.168422,-7.6483,-2.4728,
2825,99.8868,-24.8251,0.5443,1.8791,0.3959,549,0.4550,1.0000,0.168422,-11.1218,-1.9462,low_inlier
2826,99.9204,-22.8017,0.7059,2.0235,0.1617,629,0.5388,1.0000,0.168422,-12.0319,-1.3139,
2827,99.9539,-20.3768,1.0635,2.4248,0.3576,552,0.5237,1.0000,0.168422,-14.3839,-2.0586,
2828,99.9870,-18.2948,1.1938,2.0821,0.1303,474,0.5168,1.0000,0.168422,-12.3879,-1.2453,
2829,100.0206,-16.2385,1.2396,2.0562,0.0458,553,0.7091,1.0000,0.168422,-12.2516,-0.9851,
2830,100.0540,-14.0030,1.1562,2.2355,-0.0834,543,0.6526,1.0000,0.168422,-13.3480,-0.6776,
2831,100.0876,-12.1043,1.2451,1.8987,0.0889,539,0.6446,1.0000,0.168422,-11.3032,-1.0474,
2832,100.1210,-10.4714,1.4529,1.6329,0.2078,573,0.6753,1.0000,0.168422,-9.6933,-1.2888,
2833,100.1538,-9.1602,1.6088,1.3112,0.1560,565,0.6896,1.0000,0.168422,-7.7855,-1.0027,
2834,100.1875,-8.8834,1.5809,0.2769,-0.0280,620,0.5499,1.0000,0.168422,-1.6568,-0.0318,
2835,100.2208,-8.9964,1.4322,-0.1130,-0.1486,628,0.7107,1.0000,0.168422,0.6427,0.4858,
2836,100.2539,-9.7150,1.1591,-0.7187,-0.2731,577,0.6988,1.0000,0.168422,4.2278,1.1040,
2837,100.2869,-10.4404,0.8859,-0.7253,-0.2732,513,0.3590,1.0000,0.168422,4.2676,1.1068,low_inlier
2838,100.3202,-11.8826,0.6847,-1.4422,-0.2012,603,0.7046,1.0000,0.168422,8.5574,1.1905,
2839,100.3539,-13.8408,0.5484,-1.9582,-0.1363,550,0.6336,1.0000,0.168422,11.6480,1.2120,
2840,100.3872,-15.6793,0.2104,-1.8385,-0.3380,546,0.5570,1.0000,0.168422,10.8920,1.7584,
2841,100.4208,-17.9805,-0.0654,-2.3012,-0.2758,575,0.4857,1.0000,0.168422,13.6636,1.7658,low_inlier
2842,100.4539,-20.5664,-0.5685,-2.5859,-0.5031,535,0.4877,1.0000,0.168422,15.3139,2.5551,low_inlier
2843,100.4870,-23.0309,-0.7511,-2.4645,-0.1826,552,0.5422,1.0000,0.168422,14.6572,1.5579,
2844,100.5204,-25.1333,-1.1198,-2.1024,-0.3687,570,0.5643,1.0000,0.168422,12.4588,1.9583,
2845,100.5539,-26.3990,-1.1250,-1.2658,-0.0052,489,0.5000,1.0000,0.168422,7.5466,0.5386,
2846,100.5869,-26.9914,-1.1982,-0.5924,-0.0732,590,0.7443,1.0000,0.168422,3.5172,0.4610,
2847,100.6201,-26.7925,-1.4006,0.1990,-0.2024,631,0.7594,1.0000,0.168422,-1.2291,0.5157,
2848,100.6540,-26.2183,-0.7188,0.5742,0.6818,594,0.7331,1.0000,0.168422,-3.2804,-2.2516,
2849,100.6870,-25.0728,0.1962,1.1455,0.9150,544,0.6277,1.0000,0.168422,-6.6376,-3.1765,
2850,100.7205,-23.8199,1.0672,1.2529,0.8710,497,0.5133,1.0000,0.168422,-7.2876,-3.0911,
2851,100.7726,-22.5905,1.3352,1.2293,0.2680,593,0.3237,1.0000,0.168422,-7.2740,-1.2999,low_inlier
2852,100.8016,-20.9261,1.8184,1.6645,0.4832,478,0.3489,1.0000,0.168422,-9.8234,-2.1153,low_inlier
2853,100.8305,-19.5463,1.8123,1.3798,-0.0062,489,0.1538,1.0000,0.168422,-8.2288,-0.5521,low_inlier
2854,100.8596,-18.6271,1.1339,0.9192,-0.6784,395,0.0427,1.0000,0.168422,-5.6242,1.6241,low_inlier
2855,100.8886,-18.3132,0.2174,0.3138,-0.9165,521,0.0401,1.0000,0.168422,-2.0646,2.5780,low_inlier
2856,100.9203,-18.2314,-0.8303,0.0818,-1.0477,500,0.0402,1.0000,0.168422,-0.7086,3.0613,low_inlier
2857,100.9539,-18.2136,-1.6122,0.0178,-0.7819,520,0.0440,1.0000,0.168422,-0.2710,2.3026,low_inlier
2858,100.9870,-19.2198,-2.9500,-1.0062,-1.3378,259,0.0338,1.0000,0.168422,5.7179,4.3681,low_inlier
2859,101.0205,-19.6386,-4.2841,-0.4188,-1.3340,234,0.0238,1.0000,0.168422,2.2161,4.1141,low_inlier
2860,101.0535,-19.6171,-5.0130,0.0215,-0.7289,473,0.0150,1.0000,0.168422,-0.2816,2.1446,low_inlier
2861,101.0868,-20.6448,-6.4427,-1.0277,-1.4297,394,0.0291,1.0000,0.168422,5.8272,4.6485,low_inlier
2862,101.1204,-22.5204,-8.1614,-1.8756,-1.7187,228,0.0284,1.0000,0.168422,10.8220,5.8526,low_inlier
2863,101.1540,-24.2075,-9.4249,-1.6870,-1.2635,243,0.0232,1.0000,0.168422,9.7936,4.4300,low_inlier
2864,101.1869,-26.5404,-10.9450,-2.3330,-1.5201,264,0.0246,1.0000,0.168422,13.5912,5.4550,low_inlier
2865,101.2206,-29.9174,-12.4715,-3.3770,-1.5265,362,0.0275,1.0000,0.168422,19.8155,5.9052,low_inlier
2866,101.2539,-31.3406,-13.4172,-1.4231,-0.9457,270,0.0211,1.0000,0.168422,8.2869,3.3821,low_inlier
2867,101.2869,-32.4654,-14.5900,-1.1248,-1.1727,401,0.0170,1.0000,0.168422,6.4601,3.9295,low_inlier
2868,101.3200,-35.1624,-16.2913,-2.6971,-1.7013,310,0.0252,1.0000,0.168422,15.7241,6.1408,low_inlier
2869,101.3533,-38.0402,-17.9841,-2.8777,-1.6928,379,0.0208,1.0000,0.168422,16.8031,6.1904,low_inlier
2870,101.3865,-38.5338,-18.7754,-0.4936,-0.7913,268,0.0153,1.0000,0.168422,2.7766,2.5416,low_inlier
2871,101.4199,-38.5921,-19.8767,-0.0583,-1.1014,339,0.0226,1.0000,0.168422,0.1158,3.2778,low_inlier
2872,101.4535,-40.0018,-22.3311,-1.4097,-2.4544,394,0.0139,1.0000,0.168422,7.8891,7.8335,low_inlier
2873,101.4869,-40.7332,-23.6491,-0.7314,-1.3179,312,0.0127,1.0000,0.168422,4.0835,4.1957,low_inlier
2874,101.5200,-41.0795,-24.8063,-0.3463,-1.1572,481,0.0151,1.0000,0.168422,1.8211,3.5619,low_inlier
2875,101.5535,-41.9111,-26.8747,-0.8316,-2.0684,291,0.0101,1.0000,0.168422,4.5233,6.4542,low_inlier
2876,101.5867,-42.9774,-28.1211,-1.0663,-1.2464,326,0.0146,1.0000,0.168422,6.0957,4.1230,low_inlier
2877,101.6202,-44.3419,-30.0037,-1.3645,-1.8826,315,0.0195,1.0000,0.168422,7.7400,6.1256,low_inlier
2878,101.6537,-45.9592,-31.2005,-1.6172,-1.1968,330,0.0231,1.0000,0.168422,9.3914,4.2040,low_inlier
2879,101.6868,-47.5989,-32.7083,-1.6398,-1.5078,305,0.0206,1.0000,0.168422,9.4601,5.1321,low_inlier
2880,101.7201,-49.7392,-34.3136,-2.1403,-1.6053,266,0.0351,1.0000,0.168422,12.4243,5.6270,low_inlier
2881,101.7732,-51.4301,-35.3844,-1.6909,-1.0708,473,0.0718,1.0000,0.168422,9.8572,3.8624,low_inlier
2882,101.8031,-52.8628,-36.2823,-1.4327,-0.8978,464,0.1456,1.0000,0.168422,8.3541,3.2445,low_inlier
2883,101.8329,-54.8405,-37.5682,-1.9777,-1.2859,468,0.1610,1.0000,0.168422,11.5220,4.6162,low_inlier
2884,101.8627,-56.7600,-38.5602,-1.9195,-0.9921,372,0.1482,1.0000,0.168422,11.2369,3.7242,low_inlier
2885,101.8928,-57.1071,-43.0465,-0.3471,-4.4862,417,0.0269,1.0000,0.168422,1.1245,13.3969,low_inlier
2886,101.9234,-54.1957,-45.1110,2.9114,-2.0645,416,0.0052,1.0000,0.168422,-17.7953,4.8958,low_inlier
2887,101.9538,-51.4523,-45.2337,2.7434,-0.1227,286,0.0355,1.0000,0.168422,-16.3848,-0.7713,low_inlier
2888,101.9864,-50.3223,-47.2897,1.1301,-2.0560,388,0.0752,1.0000,0.168422,-7.1717,5.6069,low_inlier
2889,102.0198,-49.1341,-46.8697,1.1881,0.4200,427,0.1113,1.0000,0.168422,-6.9962,-1.7318,low_inlier
2890,102.0529,-48.7512,-47.0807,0.3829,-0.2110,483,0.5713,1.0000,0.168422,-2.3278,0.4652,
2891,102.0869,-47.4746,-48.3400,1.2766,-1.2593,538,0.1089,1.0000,0.168422,-7.8776,3.1926,low_inlier
2892,102.1207,-45.3905,-48.3833,2.0841,-0.0433,570,0.2387,1.0000,0.168422,-12.4366,-0.7334,low_inlier
2893,102.1530,-44.3214,-49.0888,1.0692,-0.7055,489,0.5602,1.0000,0.168422,-6.5240,1.6423,
2894,102.1869,-44.1664,-49.1496,0.1550,-0.0608,709,0.6108,1.0000,0.168422,-0.9370,0.1155,
2895,102.2200,-44.1615,-48.5796,0.0049,0.5700,492,0.4800,1.0000,0.168422,0.0909,-1.6861,low_inlier
2896,102.2539,-44.2956,-48.9116,-0.1341,-0.3321,482,0.5513,1.0000,0.168422,0.7299,1.0365,
2897,102.2867,-44.3600,-48.4582,-0.0644,0.4534,477,0.5875,1.0000,0.168422,0.4792,-1.3129,
2898,102.3205,-44.6981,-47.9177,-0.3381,0.5405,729,0.4868,1.0000,0.168422,2.1301,-1.4571,low_inlier
2899,102.3535,-44.8214,-47.9817,-0.1233,-0.0640,528,0.6525,1.0000,0.168422,0.7216,0.2401,
2900,102.3869,-44.9187,-47.7753,-0.0974,0.2064,708,0.7588,1.0000,0.168422,0.6240,-0.5695,
2901,102.4198,-44.9133,-47.6139,0.0054,0.1614,675,0.6737,1.0000,0.168422,0.0020,-0.4790,
2902,102.4533,-44.8028,-47.7546,0.1106,-0.1407,717,0.4687,1.0000,0.168422,-0.6891,0.3699,low_inlier
2903,102.4862,-44.7617,-47.6788,0.0411,0.0758,742,0.8988,1.0000,0.168422,-0.2290,-0.2409,
2904,102.5194,-44.7355,-47.8416,0.0262,-0.1628,762,0.9038,1.0000,0.168422,-0.1905,0.4701,
2905,102.5531,-44.7662,-47.7337,-0.0307,0.1079,767,0.9525,1.0000,0.168422,0.2058,-0.3061,
2906,102.5861,-44.7705,-47.7340,-0.0043,-0.0003,726,0.9213,1.0000,0.168422,0.0256,0.0026,
2907,102.6201,-44.7357,-47.8185,0.0348,-0.0845,750,0.9363,1.0000,0.168422,-0.2250,0.2352,
2908,102.6529,-44.7160,-47.7243,0.0197,0.0942,769,0.9600,1.0000,0.168422,-0.0976,-0.2864,
2909,102.6865,-44.7525,-47.8111,-0.0365,-0.0868,766,0.9313,1.0000,0.168422,0.1994,0.2715,
2910,102.7194,-44.7600,-47.7211,-0.0075,0.0899,777,0.9688,1.0000,0.168422,0.0635,-0.2626,
2911,102.7716,-44.7424,-47.7242,0.0176,-0.0031,789,0.9862,1.0000,0.168422,-0.1058,0.0017,
2912,102.7994,-44.7416,-47.7340,0.0007,-0.0098,789,0.9862,1.0000,0.168422,-0.0064,0.0286,
2913,102.8273,-44.7078,-47.6708,0.0338,0.0631,781,0.9838,1.0000,0.168422,-0.1882,-0.2004,
2914,102.8558,-44.7416,-47.6772,-0.0337,-0.0063,776,0.9800,1.0000,0.168422,0.1999,0.0326,
2915,102.8873,-44.7545,-47.6426,-0.0129,0.0346,787,0.9862,1.0000,0.168422,0.0845,-0.0968,
2916,102.9197,-44.7317,-47.6358,0.0228,0.0068,789,0.9875,1.0000,0.168422,-0.1346,-0.0295,
2917,102.9527,-44.7248,-47.6605,0.0069,-0.0247,789,0.9862,1.0000,0.168422,-0.0463,0.0701,
2918,102.9860,-44.7986,-47.4778,-0.0738,0.1827,789,0.9862,1.0000,0.168422,0.4784,-0.5092,
2919,103.0195,-44.7709,-47.4395,0.0277,0.0384,790,0.9875,1.0000,0.168422,-0.1569,-0.1249,
2920,103.0529,-44.7800,-47.5116,-0.0090,-0.0721,726,0.9062,1.0000,0.168422,0.0388,0.2169,
2921,103.0864,-44.7909,-47.4683,-0.0109,0.0433,784,0.9888,1.0000,0.168422,0.0741,-0.1235,
2922,103.1193,-44.7764,-47.4926,0.0145,-0.0244,788,0.9850,1.0000,0.168422,-0.0914,0.0660,
2923,103.1529,-44.7751,-47.4999,0.0013,-0.0072,789,0.9862,1.0000,0.168422,-0.0093,0.0208,
2924,103.1859,-44.8046,-47.5240,-0.0295,-0.0241,785,0.9812,1.0000,0.168422,0.1710,0.0834,
2925,103.2196,-44.8282,-47.5421,-0.0235,-0.0182,791,0.9888,1.0000,0.168422,0.1364,0.0634,
2926,103.2529,-44.8453,-47.5212,-0.0171,0.0209,788,0.9850,1.0000,0.168422,0.1065,-0.0546,
2927,103.2859,-44.8084,-47.4650,0.0369,0.0563,790,0.9875,1.0000,0.168422,-0.2082,-0.1815,
2928,103.3192,-44.8868,-47.4771,-0.0784,-0.0121,786,0.9912,1.0000,0.168422,0.4649,0.0681,
2929,103.3526,-44.9038,-47.5077,-0.0170,-0.0306,788,0.9850,1.0000,0.168422,0.0951,0.0976,
2930,103.3859,-44.9197,-47.5456,-0.0159,-0.0379,785,0.9825,1.0000,0.168422,0.0865,0.1185,
2931,103.4197,-44.9210,-47.5312,-0.0013,0.0144,783,0.9738,1.0000,0.168422,0.0109,-0.0419,
2932,103.4526,-44.9460,-47.5624,-0.0250,-0.0312,776,0.9700,1.0000,0.168422,0.1425,0.1024,
2933,103.4857,-44.9570,-47.5435,-0.0111,0.0188,784,0.9825,1.0000,0.168422,0.0700,-0.0511,
2934,103.5189,-44.9582,-47.5481,-0.0011,-0.0045,791,0.9888,1.0000,0.168422,0.0057,0.0139,
2935,103.5524,-44.9725,-47.5379,-0.0143,0.0101,790,0.9875,1.0000,0.168422,0.0875,-0.0240,
2936,103.5859,-44.9724,-47.5325,0.0000,0.0054,788,0.9862,1.0000,0.168422,0.0009,-0.0161,
2937,103.6189,-45.0472,-47.2541,-0.0748,0.2784,790,0.9800,1.0000,0.168422,0.5047,-0.7915,
2938,103.6523,-45.3293,-46.3858,-0.2820,0.8683,578,0.3258,1.0000,0.168422,1.8646,-2.4487,low_inlier
2939,103.6860,-47.4383,-46.0652,-2.1091,0.3206,671,0.3209,1.0000,0.168422,12.6438,-0.0754,low_inlier
2940,103.7192,-49.2864,-46.2508,-1.8481,-0.1856,382,0.2931,1.0000,0.168422,10.9810,1.3121,low_inlier
2941,103.7727,-50.5523,-46.3370,-1.2659,-0.0862,542,0.6093,1.0000,0.168422,7.5302,0.7780,
2942,103.8027,-50.8362,-46.5330,-0.2839,-0.1960,719,0.3775,1.0000,0.168422,1.6515,0.6964,low_inlier
2943,103.8322,-50.8436,-46.5260,-0.0074,0.0070,447,0.5725,1.0000,0.168422,0.0455,-0.0176,
2944,103.8615,-50.7917,-46.3811,0.0519,0.1449,452,0.5725,1.0000,0.168422,-0.2787,-0.4495,
2945,103.8901,-50.8308,-46.6217,-0.0391,-0.2405,426,0.5325,1.0000,0.168422,0.1823,0.7268,
2946,103.9194,-50.9239,-46.4627,-0.0931,0.1589,767,0.5825,1.0000,0.168422,0.5887,-0.4310,
2947,103.9523,-50.8960,-46.5213,0.0279,-0.0586,708,0.8838,1.0000,0.168422,-0.1788,0.1616,
2948,103.9857,-50.8875,-46.5532,0.0084,-0.0319,728,0.9163,1.0000,0.168422,-0.0571,0.0907,
2949,104.0192,-50.9219,-46.4178,-0.0344,0.1354,723,0.8888,1.0000,0.168422,0.2334,-0.3859,
2950,104.0524,-50.9241,-46.5458,-0.0022,-0.1280,775,0.9075,1.0000,0.168422,-0.0135,0.3789,
2951,104.0861,-50.9114,-46.4359,0.0127,0.1098,769,0.9187,1.0000,0.168422,-0.0526,-0.3298,
2952,104.1190,-50.9173,-46.4631,-0.0059,-0.0272,759,0.9587,1.0000,0.168422,0.0293,0.0827,
2953,104.1526,-50.9337,-46.4475,-0.0164,0.0156,766,0.9688,1.0000,0.168422,0.1010,-0.0392,
2954,104.1858,-50.9242,-46.3888,0.0095,0.0587,786,0.9812,1.0000,0.168422,-0.0441,-0.1772,
2955,104.2190,-50.9197,-46.5067,0.0045,-0.1179,791,0.9413,1.0000,0.168422,-0.0518,0.3463,
2956,104.2526,-50.9282,-46.4028,-0.0085,0.1039,782,0.9437,1.0000,0.168422,0.0727,-0.3034,
2957,104.2856,-50.9282,-46.4522,-0.0000,-0.0494,779,0.9812,1.0000,0.168422,-0.0104,0.1459,
2958,104.3189,-50.9251,-46.4619,0.0031,-0.0097,789,0.9888,1.0000,0.168422,-0.0205,0.0273,
2959,104.3522,-50.9240,-46.4147,0.0011,0.0472,785,0.9862,1.0000,0.168422,0.0031,-0.1399,
2960,104.3855,-50.9237,-46.5071,0.0003,-0.0925,790,0.9587,1.0000,0.168422,-0.0214,0.2730,
2961,104.4192,-50.9236,-46.4212,0.0000,0.0859,787,0.9688,1.0000,0.168422,0.0180,-0.2539,
2962,104.4524,-50.9217,-46.4788,0.0020,-0.0576,781,0.9788,1.0000,0.168422,-0.0239,0.1694,
2963,104.4854,-50.9257,-46.4759,-0.0040,0.0029,786,0.9875,1.0000,0.168422,0.0244,-0.0069,
2964,104.5188,-50.9188,-46.4465,0.0068,0.0294,789,0.9900,1.0000,0.168422,-0.0344,-0.0898,
2965,104.5521,-50.9237,-46.5356,-0.0049,-0.0892,788,0.9788,1.0000,0.168422,0.0103,0.2654,
2966,104.5855,-50.9281,-46.4691,-0.0044,0.0666,785,0.9725,1.0000,0.168422,0.0403,-0.1948,
2967,104.6188,-50.9293,-46.5255,-0.0012,-0.0564,787,0.9838,1.0000,0.168422,-0.0049,0.1671,
2968,104.6525,-50.9376,-46.5101,-0.0083,0.0153,787,0.9925,1.0000,0.168422,0.0527,-0.0419,
2969,104.6854,-50.9363,-46.4828,0.0012,0.0273,786,0.9900,1.0000,0.168422,-0.0016,-0.0813,
2970,104.7189,-50.9360,-46.5458,0.0003,-0.0630,788,0.9850,1.0000,0.168422,-0.0154,0.1861,
2971,104.7713,-50.9382,-46.4704,-0.0022,0.0754,795,0.9925,1.0000,0.168422,0.0292,-0.2219,
2972,104.7996,-50.9351,-46.5358,0.0032,-0.0654,797,0.9950,1.0000,0.168422,-0.0326,0.1920,
2973,104.8279,-50.9381,-46.5230,-0.0030,0.0128,795,0.9962,1.0000,0.168422,0.0208,-0.0365,
2974,104.8556,-50.9446,-46.5260,-0.0065,-0.0030,791,0.9925,1.0000,0.168422,0.0381,0.0114,
2975,104.8858,-50.9644,-46.5854,-0.0198,-0.0594,789,0.9862,1.0000,0.168422,0.1057,0.1838,
2976,104.9191,-50.9641,-46.5325,0.0003,0.0530,794,0.9925,1.0000,0.168422,0.0094,-0.1566,
2977,104.9520,-50.9549,-46.5936,0.0092,-0.0611,794,0.9925,1.0000,0.168422,-0.0676,0.1768,
2978,104.9853,-50.9531,-46.5537,0.0018,0.0399,791,0.9900,1.0000,0.168422,-0.0023,-0.1185,
2979,105.0188,-50.9280,-46.5093,0.0252,0.0445,797,0.9962,1.0000,0.168422,-0.1407,-0.1418,
2980,105.0519,-50.9281,-46.5116,-0.0001,-0.0023,797,0.9962,1.0000,0.168422,0.0004,0.0070,
2981,105.0853,-50.9285,-46.4515,-0.0003,0.0601,798,0.9975,1.0000,0.168422,0.0147,-0.1775,
2982,105.1188,-50.9230,-46.5073,0.0055,-0.0558,795,0.9938,1.0000,0.168422,-0.0443,0.1627,
2983,105.1520,-50.9204,-46.4814,0.0026,0.0259,792,0.9912,1.0000,0.168422,-0.0102,-0.0777,
2984,105.1852,-50.9220,-46.4908,-0.0016,-0.0095,797,0.9962,1.0000,0.168422,0.0075,0.0286,
2985,106.8484,-50.6903,-46.4131,0.2317,0.0777,794,0.9925,1.0000,0.276206,0.5560,0.2379,
2986,106.8787,-50.7026,-46.3874,-0.0123,0.0257,794,0.9925,1.0000,0.276206,-0.0373,0.0665,
2987,106.9075,-50.7048,-46.4060,-0.0023,-0.0186,793,0.9912,1.0000,0.276206,-0.0007,-0.0497,
2988,106.9360,-50.7192,-46.4012,-0.0144,0.0048,793,0.9925,1.0000,0.276206,-0.0370,0.0108,
2989,106.9663,-50.7243,-46.3962,-0.0052,0.0050,793,0.9925,1.0000,0.276206,-0.0142,0.0127,
2990,106.9949,-50.7247,-46.4047,-0.0004,-0.0085,797,0.9975,1.0000,0.276206,0.0012,-0.0226,
2991,107.0239,-50.7377,-46.4024,-0.0130,0.0023,795,0.9950,1.0000,0.276206,-0.0329,0.0043,
2992,107.0528,-50.7621,-46.4439,-0.0243,-0.0415,795,0.9938,1.0000,0.276206,-0.0497,-0.1135,
2993,107.0824,-50.7668,-46.4450,-0.0047,-0.0011,795,0.9938,1.0000,0.276206,-0.0115,-0.0036,
2994,107.1108,-50.7651,-46.4437,0.0017,0.0013,796,0.9950,1.0000,0.276206,0.0039,0.0038,
2995,107.1388,-50.7814,-46.4498,-0.0163,-0.0061,797,0.9962,1.0000,0.276206,-0.0391,-0.0185,
2996,107.1673,-50.7878,-46.4353,-0.0064,0.0145,796,0.9950,1.0000,0.276206,-0.0197,0.0375,
2997,107.1958,-50.7868,-46.4490,0.0011,-0.0137,797,0.9962,1.0000,0.276206,0.0062,-0.0361,
2998,107.2244,-50.7861,-46.4415,0.0007,0.0075,793,0.9912,1.0000,0.276206,-0.0002,0.0201,
2999,107.2529,-50.7725,-46.4364,0.0136,0.0051,796,0.9962,1.0000,0.276206,0.0325,0.0154,
3000,107.2831,-50.7657,-46.4330,0.0068,0.0033,795,0.9950,1.0000,0.276206,0.0161,0.0097,
3001,107.3417,-50.7689,-46.4192,-0.0032,0.0138,795,0.9938,1.0000,0.276206,-0.0117,0.0362,
3002,107.3700,-50.7659,-46.4157,0.0030,0.0036,797,0.9962,1.0000,0.276206,0.0066,0.0099,
3003,107.3978,-50.7715,-46.4005,-0.0057,0.0151,797,0.9962,1.0000,0.276206,-0.0181,0.0394,
3004,107.4276,-50.7517,-46.3886,0.0198,0.0120,798,0.9975,1.0000,0.276206,0.0462,0.0345,
3005,107.4644,-50.7467,-46.3795,0.0050,0.0090,792,0.9925,1.0000,0.276206,0.0101,0.0246,
3006,107.4952,-50.7512,-46.3809,-0.0045,-0.0014,797,0.9975,1.0000,0.276206,-0.0109,-0.0044,
3007,107.5243,-50.7489,-46.3930,0.0023,-0.0121,799,0.9988,1.0000,0.276206,0.0089,-0.0317,
3008,107.5532,-50.7608,-46.3894,-0.0119,0.0036,799,0.9988,1.0000,0.276206,-0.0305,0.0080,
3009,107.5818,-50.7722,-46.3933,-0.0114,-0.0039,798,0.9975,1.0000,0.276206,-0.0274,-0.0119,
3010,107.6100,-50.7806,-46.4025,-0.0083,-0.0092,797,0.9962,1.0000,0.276206,-0.0184,-0.0255,
3011,107.6381,-50.7898,-46.4021,-0.0092,0.0004,796,0.9962,1.0000,0.276206,-0.0230,-0.0002,
3012,107.6670,-50.7964,-46.4006,-0.0067,0.0014,795,0.9938,1.0000,0.276206,-0.0170,0.0029,
3013,107.6975,-50.7988,-46.3952,-0.0023,0.0054,799,0.9988,1.0000,0.276206,-0.0072,0.0141,
3014,107.7265,-50.7945,-46.3983,0.0043,-0.0030,798,0.9988,1.0000,0.276206,0.0115,-0.0075,
3015,107.7551,-50.8022,-46.3953,-0.0077,0.0029,797,0.9975,1.0000,0.276206,-0.0199,0.0067,
3016,107.7852,-50.7998,-46.3876,0.0024,0.0077,796,0.9950,1.0000,0.276206,0.0039,0.0207,
3017,107.8165,-50.7853,-46.3873,0.0145,0.0003,797,0.9962,1.0000,0.276206,0.0359,0.0029,
3018,107.8469,-50.7910,-46.3806,-0.0057,0.0068,788,0.9938,1.0000,0.276206,-0.0159,0.0171,
3019,107.8774,-50.7988,-46.3837,-0.0078,-0.0031,796,0.9950,1.0000,0.276206,-0.0187,-0.0094,
3020,107.9056,-50.7941,-46.3875,0.0048,-0.0038,797,0.9962,1.0000,0.276206,0.0128,-0.0094,
3021,107.9341,-50.7837,-46.3902,0.0103,-0.0027,798,0.9975,1.0000,0.276206,0.0265,-0.0058,
3022,107.9620,-50.7836,-46.3880,0.0001,0.0022,798,0.9975,1.0000,0.276206,-0.0003,0.0059,
3023,107.9897,-50.7866,-46.3709,-0.0030,0.0171,792,0.9925,1.0000,0.276206,-0.0118,0.0449,
3024,108.0184,-50.7821,-46.3707,0.0045,0.0003,798,0.9988,1.0000,0.276206,0.0111,0.0013,
3025,108.0484,-50.7834,-46.3698,-0.0013,0.0008,800,1.0000,1.0000,0.276206,-0.0035,0.0020,
3026,108.0766,-50.7912,-46.3664,-0.0078,0.0034,797,0.9975,1.0000,0.276206,-0.0202,0.0080,
3027,108.1046,-50.8059,-46.3614,-0.0147,0.0051,797,0.9975,1.0000,0.276206,-0.0380,0.0114,
3028,108.1333,-50.8073,-46.3540,-0.0015,0.0073,795,0.9962,1.0000,0.276206,-0.0056,0.0192,
3029,108.1618,-50.8083,-46.3594,-0.0009,-0.0054,796,0.9950,1.0000,0.276206,-0.0009,-0.0144,
3030,108.1897,-50.8027,-46.3612,0.0056,-0.0018,797,0.9975,1.0000,0.276206,0.0144,-0.0041,
3031,108.2419,-50.7987,-46.3637,0.0039,-0.0025,798,0.9975,1.0000,0.276206,0.0104,-0.0061,
3032,108.2698,-50.7949,-46.3709,0.0038,-0.0072,798,0.9975,1.0000,0.276206,0.0114,-0.0185,
3033,108.2990,-50.7884,-46.3711,0.0065,-0.0002,796,0.9950,1.0000,0.276206,0.0163,0.0004,
3034,108.3268,-50.7852,-46.3743,0.0031,-0.0032,795,0.9938,1.0000,0.276206,0.0087,-0.0080,
3035,108.3546,-50.7896,-46.3760,-0.0044,-0.0018,797,0.9962,1.0000,0.276206,-0.0104,-0.0053,
3036,108.3831,-50.7895,-46.3784,0.0001,-0.0023,796,0.9950,1.0000,0.276206,0.0009,-0.0062,
3037,108.4167,-50.7884,-46.3785,0.0011,-0.0001,799,0.9988,1.0000,0.276206,0.0028,-0.0002,
3038,108.4455,-50.7913,-46.3784,-0.0029,0.0001,798,0.9975,1.0000,0.276206,-0.0074,-0.0002,
3039,108.4736,-50.8045,-46.3726,-0.0132,0.0058,799,0.9988,1.0000,0.276206,-0.0344,0.0137,
3040,108.5029,-50.8042,-46.3673,0.0003,0.0053,798,0.9975,1.0000,0.276206,-0.0006,0.0141,
3041,108.5316,-50.8138,-46.3613,-0.0096,0.0060,798,0.9975,1.0000,0.276206,-0.0254,0.0147,
3042,108.5635,-50.8310,-46.3578,-0.0172,0.0035,796,0.9950,1.0000,0.276206,-0.0438,0.0069,
3043,108.5923,-50.8416,-46.3541,-0.0106,0.0037,796,0.9950,1.0000,0.276206,-0.0273,0.0083,
3044,108.6212,-50.8443,-46.3530,-0.0027,0.0011,796,0.9950,1.0000,0.276206,-0.0070,0.0024,
3045,108.6500,-50.8432,-46.3470,0.0011,0.0060,788,0.9900,1.0000,0.276206,0.0012,0.0162,
3046,108.6785,-50.8431,-46.3351,0.0001,0.0119,799,0.9988,1.0000,0.276206,-0.0029,0.0317,
3047,108.7070,-50.8408,-46.3311,0.0023,0.0040,800,1.0000,1.0000,0.276206,0.0046,0.0109,
3048,108.7354,-50.8296,-46.3308,0.0112,0.0002,796,0.9962,1.0000,0.276206,0.0278,0.0022,
3049,108.7661,-50.8285,-46.3268,0.0011,0.0040,798,0.9975,1.0000,0.276206,0.0017,0.0109,
3050,108.7953,-50.8312,-46.3230,-0.0027,0.0038,799,0.9988,1.0000,0.276206,-0.0076,0.0098,
3051,108.8240,-50.8260,-46.3229,0.0052,0.0000,799,0.9988,1.0000,0.276206,0.0129,0.0007,
3052,108.8528,-50.8282,-46.3244,-0.0023,-0.0015,797,0.9962,1.0000,0.276206,-0.0052,-0.0042,
3053,108.8810,-50.8329,-46.3231,-0.0046,0.0013,796,0.9950,1.0000,0.276206,-0.0118,0.0027,
3054,108.9090,-50.8264,-46.3252,0.0065,-0.0020,797,0.9962,1.0000,0.276206,0.0166,-0.0045,
3055,108.9370,-50.8193,-46.3315,0.0071,-0.0063,800,1.0000,1.0000,0.276206,0.0194,-0.0157,
3056,108.9650,-50.8232,-46.3343,-0.0040,-0.0028,797,0.9962,1.0000,0.276206,-0.0092,-0.0081,
3057,108.9930,-50.8315,-46.3315,-0.0082,0.0028,798,0.9975,1.0000,0.276206,-0.0212,0.0063,
3058,109.0214,-50.8338,-46.3310,-0.0024,0.0005,798,0.9975,1.0000,0.276206,-0.0060,0.0010,
3059,109.0496,-50.8372,-46.3339,-0.0034,-0.0029,799,1.0000,1.0000,0.276206,-0.0077,-0.0081,
3060,109.0780,-50.8363,-46.3322,0.0009,0.0017,799,0.9988,1.0000,0.276206,0.0017,0.0047,
3061,109.1322,-50.8406,-46.3292,-0.0042,0.0030,797,0.9962,1.0000,0.276206,-0.0114,0.0074,
3062,109.1606,-50.8411,-46.3266,-0.0005,0.0025,797,0.9962,1.0000,0.276206,-0.0018,0.0066,
3063,109.1886,-50.8328,-46.3223,0.0083,0.0044,799,0.9988,1.0000,0.276206,0.0194,0.0128,
3064,109.2168,-50.8119,-46.3227,0.0209,-0.0004,798,0.9975,1.0000,0.276206,0.0520,0.0017,
3065,109.2448,-50.8114,-46.3179,0.0005,0.0047,769,0.9625,1.0000,0.276206,0.0000,0.0126,
3066,109.2729,-50.8131,-46.3250,-0.0017,-0.0070,798,0.9988,1.0000,0.276206,-0.0023,-0.0189,
3067,109.3010,-50.8112,-46.3363,0.0019,-0.0113,797,0.9975,1.0000,0.276206,0.0077,-0.0297,
3068,109.3292,-50.8056,-46.3457,0.0056,-0.0095,796,0.9962,1.0000,0.276206,0.0165,-0.0243,
3069,109.3574,-50.7969,-46.3450,0.0087,0.0007,799,0.9988,1.0000,0.276206,0.0214,0.0030,
3070,109.3854,-50.7937,-46.3414,0.0032,0.0036,797,0.9975,1.0000,0.276206,0.0071,0.0100,
3071,109.4134,-50.8154,-46.3283,-0.0217,0.0131,799,0.9988,1.0000,0.276206,-0.0575,0.0318,
3072,109.4416,-50.8362,-46.3111,-0.0209,0.0172,786,0.9925,1.0000,0.276206,-0.0564,0.0428,
3073,109.4716,-50.8560,-46.3009,-0.0197,0.0102,800,1.0000,1.0000,0.276206,-0.0517,0.0243,
3074,109.4999,-50.8541,-46.3006,0.0019,0.0004,798,0.9975,1.0000,0.276206,0.0045,0.0012,
3075,109.5282,-50.8531,-46.2914,0.0011,0.0092,800,1.0000,1.0000,0.276206,0.0002,0.0245,
3076,109.5564,-50.8560,-46.2835,-0.0029,0.0079,792,0.9962,1.0000,0.276206,-0.0093,0.0205,
3077,109.5847,-50.8531,-46.2834,0.0029,0.0001,798,0.9988,1.0000,0.276206,0.0071,0.0007,
3078,109.6129,-50.8520,-46.2840,0.0011,-0.0005,799,0.9988,1.0000,0.276206,0.0028,-0.0013,
3079,109.6409,-50.8417,-46.2925,0.0104,-0.0086,800,1.0000,1.0000,0.276206,0.0280,-0.0214,
3080,109.6688,-50.8416,-46.2917,0.0000,0.0008,799,0.9988,1.0000,0.276206,-0.0001,0.0022,
3081,109.6971,-50.8490,-46.2863,-0.0074,0.0054,797,0.9962,1.0000,0.276206,-0.0198,0.0133,
3082,109.7256,-50.8598,-46.2808,-0.0108,0.0055,792,0.9988,1.0000,0.276206,-0.0284,0.0132,
3083,109.7538,-50.8699,-46.2810,-0.0100,-0.0001,797,0.9988,1.0000,0.276206,-0.0249,-0.0017,
3084,109.7819,-50.8697,-46.2854,0.0001,-0.0044,798,0.9975,1.0000,0.276206,0.0015,-0.0117,
3085,109.8119,-50.8654,-46.2909,0.0044,-0.0056,799,0.9988,1.0000,0.276206,0.0123,-0.0142,
3086,109.8394,-50.8778,-46.2873,-0.0124,0.0037,797,1.0000,1.0000,0.276206,-0.0318,0.0080,
3087,109.8712,-50.8775,-46.2875,0.0002,-0.0002,799,0.9988,1.0000,0.276206,0.0007,-0.0005,
3088,109.8992,-50.8751,-46.2871,0.0024,0.0004,796,0.9988,1.0000,0.276206,0.0058,0.0014,
3089,109.9266,-50.8780,-46.2883,-0.0029,-0.0012,797,1.0000,1.0000,0.276206,-0.0068,-0.0036,
3090,109.9541,-50.8771,-46.2933,0.0010,-0.0050,798,0.9988,1.0000,0.276206,0.0037,-0.0132,
3091,110.0060,-50.8696,-46.2938,0.0075,-0.0005,796,0.9950,1.0000,0.276206,0.0188,-0.0002,
3092,110.0338,-50.8562,-46.2973,0.0133,-0.0035,797,0.9962,1.0000,0.276206,0.0341,-0.0075,
3093,110.0633,-50.8488,-46.2968,0.0074,0.0005,796,0.9950,1.0000,0.276206,0.0183,0.0024,
3094,110.0943,-50.8536,-46.2914,-0.0048,0.0053,795,0.9938,1.0000,0.276206,-0.0133,0.0135,
3095,110.1236,-50.8517,-46.2931,0.0019,-0.0017,794,0.9925,1.0000,0.276206,0.0052,-0.0042,
3096,110.1537,-50.8549,-46.2912,-0.0032,0.0019,795,0.9938,1.0000,0.276206,-0.0085,0.0047,
3097,110.1854,-50.8729,-46.2902,-0.0180,0.0010,791,0.9888,1.0000,0.276206,-0.0450,0.0001,
3098,110.2132,-50.8802,-46.2838,-0.0073,0.0064,792,0.9950,1.0000,0.276206,-0.0200,0.0160,
3099,110.2410,-50.8814,-46.2798,-0.0011,0.0040,796,0.9950,1.0000,0.276206,-0.0039,0.0105,
3100,110.2688,-50.8811,-46.2780,0.0002,0.0019,799,0.9988,1.0000,0.276206,0.0001,0.0049,
3101,110.2966,-50.8820,-46.2711,-0.0009,0.0068,794,0.9925,1.0000,0.276206,-0.0040,0.0179,
3102,110.3239,-50.8814,-46.2732,0.0006,-0.0021,796,0.9950,1.0000,0.276206,0.0021,-0.0054,
3103,110.3515,-50.8921,-46.2669,-0.0107,0.0064,795,0.9938,1.0000,0.276206,-0.0282,0.0154,
3104,110.3792,-50.9042,-46.2622,-0.0121,0.0046,795,0.9938,1.0000,0.276206,-0.0314,0.0106,
3105,110.4068,-50.9146,-46.2597,-0.0104,0.0025,797,0.9962,1.0000,0.276206,-0.0265,0.0052,
3106,110.4344,-50.9122,-46.2552,0.0023,0.0045,793,0.9912,1.0000,0.276206,0.0046,0.0122,
3107,110.4618,-50.9176,-46.2568,-0.0054,-0.0016,797,0.9962,1.0000,0.276206,-0.0129,-0.0049,
3108,110.4894,-50.9222,-46.2550,-0.0046,0.0018,797,0.9962,1.0000,0.276206,-0.0120,0.0041,
3109,110.5185,-50.9326,-46.2501,-0.0104,0.0050,797,0.9962,1.0000,0.276206,-0.0272,0.0117,
3110,110.5463,-50.9348,-46.2452,-0.0021,0.0049,790,0.9938,1.0000,0.276206,-0.0066,0.0126,
3111,110.5739,-50.9415,-46.2361,-0.0067,0.0091,795,0.9938,1.0000,0.276206,-0.0192,0.0233,
3112,110.6018,-50.9503,-46.2327,-0.0088,0.0034,795,0.9938,1.0000,0.276206,-0.0227,0.0079,
3113,110.6300,-50.9749,-46.2166,-0.0246,0.0160,796,0.9950,1.0000,0.276206,-0.0655,0.0391,
3114,110.6579,-50.9924,-46.2069,-0.0175,0.0097,793,0.9912,1.0000,0.276206,-0.0461,0.0234,
3115,110.6857,-51.0106,-46.1938,-0.0182,0.0131,794,0.9938,1.0000,0.276206,-0.0488,0.0323,
3116,110.7135,-51.0248,-46.1650,-0.0142,0.0288,794,0.9925,1.0000,0.276206,-0.0428,0.0744,
3117,110.7416,-51.2839,-46.2642,-0.2591,-0.0991,794,0.9925,1.0000,0.276206,-0.6186,-0.2985,
3118,110.7706,-51.2208,-46.3344,0.0632,-0.0702,794,0.9925,1.0000,0.276206,0.1756,-0.1777,
3119,110.7991,-51.3091,-46.4038,-0.0883,-0.0694,794,0.9925,1.0000,0.276206,-0.2015,-0.1962,
3120,110.8280,-51.4740,-46.4221,-0.1650,-0.0183,798,0.9975,1.0000,0.276206,-0.4057,-0.0712,
3121,110.8815,-51.5235,-46.4952,-0.0494,-0.0730,793,0.9925,1.0000,0.276206,-0.1038,-0.2005,
3122,110.9107,-51.7146,-46.6192,-0.1912,-0.1240,794,0.9925,1.0000,0.276206,-0.4431,-0.3552,
3123,110.9421,-50.3399,-46.6813,1.3747,-0.0621,724,0.9070,1.0000,0.276206,3.4364,0.0232,
3124,110.9739,-51.9676,-45.4468,-1.6278,1.2345,708,0.7882,1.0000,0.276206,-4.3733,3.0531,
3125,111.0043,-51.9384,-45.4598,0.0292,-0.0131,542,0.3174,1.0000,0.276206,0.0760,-0.0307,low_inlier
3126,111.0423,-54.0307,-46.0737,-2.0922,-0.6138,526,0.3804,1.0000,0.276206,-5.0443,-1.9147,low_inlier
3127,111.0732,-58.4058,-47.0259,-4.3752,-0.9522,500,0.5950,1.0000,0.276206,-10.6352,-3.1247,
3128,111.1036,-62.8932,-47.4906,-4.4874,-0.4647,364,0.4195,1.0000,0.276206,-11.0421,-1.8465,low_inlier
3129,111.1338,-68.7610,-48.5433,-5.8678,-1.0527,415,0.2107,1.0000,0.276206,-14.3223,-3.5954,low_inlier
3130,111.1640,-75.3479,-49.2890,-6.5869,-0.7457,789,0.0973,1.0000,0.276206,-16.1918,-2.8792,low_inlier
3131,111.1940,-80.7349,-49.8132,-5.3870,-0.5242,364,0.2772,1.0000,0.276206,-13.2648,-2.1274,low_inlier
3132,111.2355,-85.2101,-50.7273,-4.4752,-0.9141,369,0.2940,1.0000,0.276206,-10.8940,-3.0372,low_inlier
3133,111.2687,-89.6017,-51.5954,-4.3916,-0.8681,388,0.2156,1.0000,0.276206,-10.6981,-2.9038,low_inlier
3134,111.2999,-92.0422,-52.2618,-2.4406,-0.6664,376,0.2036,1.0000,0.276206,-5.8971,-2.1020,low_inlier
3135,111.3306,-94.6167,-53.3676,-2.5745,-1.1058,370,0.1954,1.0000,0.276206,-6.1151,-3.2861,low_inlier
3136,111.3623,-96.2988,-54.3966,-1.6821,-1.0289,377,0.1421,1.0000,0.276206,-3.9150,-2.9601,low_inlier
3137,111.3933,-97.3499,-54.8960,-1.0510,-0.4994,366,0.1594,1.0000,0.276206,-2.4839,-1.4688,low_inlier
3138,111.4243,-99.0598,-56.0315,-1.7099,-1.1356,372,0.2025,1.0000,0.276206,-3.9564,-3.2468,low_inlier
3139,111.4558,-100.5222,-56.6958,-1.4624,-0.6642,521,0.1776,1.0000,0.276206,-3.4641,-1.9624,low_inlier
3140,111.4875,-102.3884,-57.2826,-1.8662,-0.5868,402,0.2449,1.0000,0.276206,-4.4890,-1.8121,low_inlier
3141,111.5185,-104.3093,-58.0465,-1.9209,-0.7639,474,0.4003,1.0000,0.276206,-4.5786,-2.2895,low_inlier
3142,111.5499,-104.9903,-58.4663,-0.6811,-0.4199,520,0.4572,1.0000,0.276206,-1.5843,-1.2072,low_inlier
3143,111.5831,-105.0225,-58.7336,-0.0322,-0.2673,567,0.7018,1.0000,0.276206,-0.0100,-0.7136,
3144,111.6165,-104.5587,-58.6095,0.4638,0.1242,556,0.6942,1.0000,0.276206,1.1213,0.3928,
3145,111.6499,-104.7106,-58.3429,-0.1519,0.2666,555,0.6893,1.0000,0.276206,-0.4478,0.6866,
3146,111.6828,-104.7517,-58.4212,-0.0411,-0.0784,633,0.7710,1.0000,0.276206,-0.0817,-0.2135,
3147,111.7168,-104.6426,-58.3658,0.1091,0.0554,712,0.8534,1.0000,0.276206,0.2568,0.1619,
3148,111.7505,-104.7080,-58.3342,-0.0654,0.0316,616,0.8523,1.0000,0.276206,-0.1710,0.0749,
3149,111.7836,-104.7335,-58.3904,-0.0255,-0.0562,724,0.8986,1.0000,0.276206,-0.0488,-0.1526,
3150,111.8164,-104.6112,-58.2939,0.1223,0.0965,708,0.8661,1.0000,0.276206,0.2789,0.2728,
3151,111.8707,-104.6587,-58.3676,-0.0475,-0.0737,770,0.9600,1.0000,0.276206,-0.0987,-0.2021,
3152,111.9003,-104.6885,-58.3216,-0.0298,0.0460,766,0.9587,1.0000,0.276206,-0.0862,0.1181,
3153,111.9295,-104.6158,-58.3673,0.0727,-0.0457,771,0.9650,1.0000,0.276206,0.1929,-0.1113,
3154,111.9587,-104.6417,-58.4261,-0.0259,-0.0588,768,0.9612,1.0000,0.276206,-0.0490,-0.1597,
3155,111.9880,-104.6542,-58.3493,-0.0125,0.0768,767,0.9575,1.0000,0.276206,-0.0513,0.2022,
3156,112.0176,-104.6700,-58.4232,-0.0158,-0.0739,769,0.9600,1.0000,0.276206,-0.0199,-0.1983,
3157,112.0497,-104.6325,-58.3802,0.0375,0.0430,767,0.9587,1.0000,0.276206,0.0819,0.1193,
3158,112.0835,-104.6694,-58.3981,-0.0369,-0.0179,773,0.9675,1.0000,0.276206,-0.0870,-0.0526,
3159,112.1167,-104.9139,-58.5971,-0.2446,-0.1990,758,0.9350,1.0000,0.276206,-0.5563,-0.5614,
3160,112.1496,-105.8923,-58.4601,-0.9784,0.1370,754,0.4688,1.0000,0.276206,-2.4700,0.2297,low_inlier
3161,112.1831,-107.8122,-58.8583,-1.9198,-0.3982,717,0.5450,1.0000,0.276206,-4.6719,-1.3190,
3162,112.2164,-107.7944,-58.5497,0.0178,0.3086,714,0.3717,1.0000,0.276206,-0.0367,0.8213,low_inlier
3163,112.2502,-105.6458,-57.9133,2.1486,0.6365,636,0.3262,1.0000,0.276206,5.1785,1.9825,low_inlier
3164,112.2833,-106.4958,-58.0755,-0.8499,-0.1622,695,0.2687,1.0000,0.276206,-2.0720,-0.5467,low_inlier
3165,112.3161,-106.0604,-57.3740,0.4353,0.7015,504,0.2814,1.0000,0.276206,0.8992,1.9209,low_inlier
3166,112.3494,-102.8538,-56.1192,3.2066,1.2548,453,0.1877,1.0000,0.276206,7.6486,3.7677,low_inlier
3167,112.3830,-97.6057,-55.0472,5.2482,1.0721,439,0.1735,1.0000,0.276206,12.7756,3.5621,low_inlier
3168,112.4167,-91.5624,-53.9978,6.0433,1.0493,766,0.1427,1.0000,0.276206,14.7597,3.6105,low_inlier
3169,112.4496,-85.0303,-53.1316,6.5322,0.8663,761,0.1730,1.0000,0.276206,16.0240,3.1916,low_inlier
3170,112.4831,-78.3642,-51.8699,6.6661,1.2617,760,0.1142,1.0000,0.276206,16.2536,4.2591,low_inlier
3171,112.5165,-72.4608,-50.8524,5.9033,1.0175,362,0.2000,1.0000,0.276206,14.4200,3.5068,low_inlier
3172,112.5501,-69.5109,-50.1858,2.9500,0.6666,424,0.3290,1.0000,0.276206,7.1644,2.1721,low_inlier
3173,112.5828,-67.7296,-49.9357,1.7813,0.2501,438,0.4323,1.0000,0.276206,4.3660,0.9070,low_inlier
3174,112.6165,-67.4795,-49.7634,0.2501,0.1723,459,0.5313,1.0000,0.276206,0.5771,0.4915,
3175,112.6494,-68.2231,-49.6020,-0.7437,0.1614,503,0.6066,1.0000,0.276206,-1.8925,0.3265,
3176,112.6827,-68.5166,-49.9420,-0.2935,-0.3400,483,0.6345,1.0000,0.276206,-0.6411,-0.9423,
3177,112.7158,-68.7933,-50.1383,-0.2767,-0.1963,511,0.6375,1.0000,0.276206,-0.6368,-0.5586,
3178,112.7493,0.1704,0.0376,0.1704,0.0376,672,0.7388,1.0000,0.276206,0.4142,0.1232,
3179,112.7831,0.2290,-0.0406,0.0586,-0.0782,683,0.7797,1.0000,0.276206,0.1663,-0.1996,
3180,112.8164,0.1093,-0.0191,-0.1197,0.0215,623,0.8400,1.0000,0.276206,-0.3034,0.0408,
3181,112.8692,0.1085,0.0064,-0.0008,0.0255,797,0.9988,1.0000,0.276206,-0.0088,0.0676,
3182,112.8957,0.1234,-0.0906,0.0149,-0.0970,668,0.8375,1.0000,0.276206,0.0625,-0.2554,
3183,112.9219,0.1138,-0.1394,-0.0096,-0.0488,786,0.9812,1.0000,0.276206,-0.0110,-0.1309,
3184,112.9492,0.0604,-0.1944,-0.0534,-0.0550,787,0.9850,1.0000,0.276206,-0.1185,-0.1532,
3185,112.9825,0.0922,-0.1983,0.0318,-0.0040,791,0.9912,1.0000,0.276206,0.0803,-0.0061,
3186,113.0160,0.1154,-0.2286,0.0232,-0.0302,788,0.9888,1.0000,0.276206,0.0656,-0.0771,
3187,113.0493,0.1003,-0.2199,-0.0151,0.0087,796,0.9950,1.0000,0.276206,-0.0398,0.0209,
3188,113.0829,0.1004,-0.2603,0.0001,-0.0404,792,0.9900,1.0000,0.276206,0.0107,-0.1071,
3189,113.1159,0.1484,-0.2243,0.0481,0.0360,794,0.9912,1.0000,0.276206,0.1102,0.1021,
3190,113.1491,0.1394,-0.2658,-0.0091,-0.0415,792,0.9900,1.0000,0.276206,-0.0117,-0.1114,
3191,113.1824,0.1486,-0.2723,0.0092,-0.0065,791,0.9925,1.0000,0.276206,0.0245,-0.0160,
3192,113.2157,0.1679,-0.2854,0.0193,-0.0130,795,0.9938,1.0000,0.276206,0.0515,-0.0320,
3193,113.2490,0.1866,-0.3059,0.0187,-0.0206,795,0.9938,1.0000,0.276206,0.0520,-0.0521,
3194,113.2827,0.1747,-0.2810,-0.0119,0.0250,793,0.9912,1.0000,0.276206,-0.0361,0.0646,
3195,113.3157,0.1757,-0.3064,0.0010,-0.0254,792,0.9912,1.0000,0.276206,0.0092,-0.0672,
3196,113.3489,0.1883,-0.3133,0.0126,-0.0069,794,0.9950,1.0000,0.276206,0.0331,-0.0165,
3197,113.3824,0.1879,-0.3071,-0.0004,0.0061,795,0.9938,1.0000,0.276206,-0.0025,0.0162,
3198,113.4156,0.1701,-0.3244,-0.0179,-0.0173,792,0.9912,1.0000,0.276206,-0.0399,-0.0483,
3199,113.4490,0.1751,-0.3034,0.0050,0.0210,793,0.9912,1.0000,0.276206,0.0070,0.0564,
3200,113.4824,0.1694,-0.3363,-0.0057,-0.0329,794,0.9938,1.0000,0.276206,-0.0055,-0.0881,
3201,113.5158,0.1703,-0.3384,0.0009,-0.0021,793,0.9925,1.0000,0.276206,0.0028,-0.0054,
3202,113.5489,0.1531,-0.3476,-0.0172,-0.0092,794,0.9962,1.0000,0.276206,-0.0404,-0.0268,
3203,113.5820,0.1227,-0.3371,-0.0304,0.0105,796,0.9962,1.0000,0.276206,-0.0783,0.0237,
3204,113.6156,0.0684,-0.3248,-0.0543,0.0123,793,0.9925,1.0000,0.276206,-0.1384,0.0253,
3205,113.6490,-0.7587,-0.4478,-0.8271,-0.1230,762,0.9287,1.0000,0.276206,-2.0255,-0.4395,
3206,113.6822,-2.2177,-1.0618,-1.4590,-0.6140,666,0.8387,1.0000,0.276206,-3.4689,-1.8287,
3207,113.7156,-4.1386,-1.1984,-1.9209,-0.1366,643,0.5112,1.0000,0.276206,-4.7430,-0.6251,
3208,113.7488,-2.3430,-0.4928,1.7956,0.7056,552,0.6468,1.0000,0.276206,4.2822,2.1177,
3209,113.7820,0.2704,-0.2219,2.6134,0.2709,528,0.4375,1.0000,0.276206,6.4308,1.0762,low_inlier
3210,113.8161,2.6247,0.1900,2.3543,0.4119,487,0.4595,1.0000,0.276206,5.7493,1.4149,low_inlier
3211,113.8678,5.5942,0.9369,2.9694,0.7469,444,0.4015,1.0000,0.276206,7.1917,2.3878,low_inlier
3212,113.8958,9.7097,1.5400,4.1156,0.6030,428,0.4923,1.0000,0.276206,10.0809,2.1628,low_inlier
3213,113.9235,14.3321,2.2092,4.6224,0.6693,435,0.4974,1.0000,0.276206,11.3245,2.4077,low_inlier
3214,113.9513,20.1693,2.9185,5.8371,0.7093,390,0.3752,1.0000,0.276206,14.3361,2.6800,low_inlier
3215,113.9825,25.3691,3.2696,5.1998,0.3511,406,0.4818,1.0000,0.276206,12.8445,1.6425,low_inlier
3216,114.0156,28.1256,3.4182,2.7565,0.1486,427,0.5332,1.0000,0.276206,6.8187,0.7713,
3217,114.0488,30.7096,3.5616,2.5841,0.1434,427,0.5707,1.0000,0.276206,6.3912,0.7337,
3218,114.0821,32.3229,3.7915,1.6133,0.2299,454,0.5291,1.0000,0.276206,3.9534,0.8306,
3219,114.1155,32.1036,3.5839,-0.2193,-0.2076,464,0.5420,1.0000,0.276206,-0.4911,-0.5808,
3220,114.1490,31.8673,3.3690,-0.2363,-0.2149,738,0.7046,1.0000,0.276206,-0.5316,-0.6026,
3221,114.1821,32.1376,3.3863,0.2703,0.0173,511,0.5857,1.0000,0.276206,0.6680,0.0828,
3222,114.2157,31.8637,3.4678,-0.2739,0.0815,651,0.6758,1.0000,0.276206,-0.7029,0.1789,
3223,114.2490,32.1310,3.3858,0.2674,-0.0820,713,0.8512,1.0000,0.276206,0.6866,-0.1812,
3224,114.2821,31.8901,3.4224,-0.2409,0.0366,695,0.8600,1.0000,0.276206,-0.6090,0.0641,
3225,114.3153,32.1162,3.4404,0.2261,0.0180,766,0.9362,1.0000,0.276206,0.5578,0.0788,
3226,114.3486,31.9637,3.3563,-0.1525,-0.0841,689,0.8561,1.0000,0.276206,-0.3573,-0.2440,
3227,114.3817,32.0645,3.4327,0.1008,0.0764,752,0.8824,1.0000,0.276206,0.2307,0.2166,
3228,114.4155,31.9722,3.3244,-0.0923,-0.1083,764,0.9113,1.0000,0.276206,-0.2013,-0.3000,
3229,114.4487,0.1426,0.0612,0.1426,0.0612,753,0.9274,1.0000,0.276206,0.3386,0.1819,
3230,114.4819,-0.0176,0.0621,-0.1602,0.0008,737,0.9225,1.0000,0.276206,-0.3987,-0.0197,
3231,114.5154,0.1937,0.0535,0.2113,-0.0085,748,0.9324,1.0000,0.276206,0.5280,0.0063,
3232,114.5486,0.0416,0.1358,-0.1521,0.0823,753,0.9337,1.0000,0.276206,-0.4000,0.1975,
3233,114.5819,0.2370,0.1077,0.1954,-0.0282,732,0.9237,1.0000,0.276206,0.4935,-0.0480,
3234,114.6152,0.1357,0.1293,-0.1013,0.0216,757,0.9587,1.0000,0.276206,-0.2577,0.0435,
3235,114.6487,0.2245,0.1576,0.0888,0.0283,758,0.9549,1.0000,0.276206,0.2135,0.0872,
3236,114.6820,0.1691,0.0655,-0.0554,-0.0921,761,0.9475,1.0000,0.276206,-0.1138,-0.2520,
3237,114.7152,0.1828,0.1220,0.0137,0.0566,768,0.9512,1.0000,0.276206,0.0192,0.1520,
3238,114.7489,0.1281,0.0334,-0.0547,-0.0886,755,0.9437,1.0000,0.276206,-0.1128,-0.2426,
3239,114.7818,0.1814,0.0301,0.0533,-0.0033,752,0.9574,1.0000,0.276206,0.1334,-0.0016,
3240,114.8158,0.0828,0.0373,-0.0985,0.0073,732,0.9324,1.0000,0.276206,-0.2471,0.0058,
3241,114.8676,0.4261,0.1467,0.3433,0.1093,786,0.9975,1.0000,0.276206,0.8253,0.3371,
3242,114.8949,-0.1732,0.0935,-0.5993,-0.0532,768,0.9712,1.0000,0.276206,-1.4770,-0.2231,
3243,114.9220,0.5669,0.0334,0.7402,-0.0600,758,0.9563,1.0000,0.276206,1.8571,-0.0581,
3244,114.9490,-0.1695,0.0104,-0.7365,-0.0231,752,0.9738,1.0000,0.276206,-1.8262,-0.1618,
3245,114.9819,0.8816,0.2142,1.0512,0.2038,747,0.8734,1.0000,0.276206,2.5617,0.6844,
3246,115.0150,-0.2555,0.3039,-1.1371,0.0898,727,0.6162,1.0000,0.276206,-2.8524,0.0828,
3247,115.0485,-0.5310,0.1024,-0.2756,-0.2016,763,0.6262,1.0000,0.276206,-0.6327,-0.5725,
3248,115.0817,0.6339,-0.6094,1.1649,-0.7118,725,0.4696,1.0000,0.276206,3.0848,-1.7293,low_inlier
3249,115.1149,0.6292,-0.7986,-0.0047,-0.1892,652,0.7812,1.0000,0.276206,0.0378,-0.5026,
3250,115.1483,2.8142,-0.3542,2.1850,0.4443,583,0.6264,1.0000,0.276206,5.3195,1.4777,
3251,115.1818,5.5784,-0.4573,2.7642,-0.1031,552,0.4613,1.0000,0.276206,6.9039,0.1044,low_inlier
3252,115.2151,8.6296,-0.1757,3.0512,0.2816,515,0.6467,1.0000,0.276206,7.5172,1.1643,
3253,115.2486,11.5613,0.3149,2.9316,0.4906,354,0.4550,1.0000,0.276206,7.1649,1.7026,low_inlier
3254,115.2816,13.8120,0.2132,2.2507,-0.1017,394,0.5103,1.0000,0.276206,5.6261,0.0379,
3255,115.3149,15.3479,0.5034,1.5359,0.2902,353,0.4873,1.0000,0.276206,3.7451,0.9799,low_inlier
3256,115.3483,16.6644,0.7788,1.3165,0.2755,583,0.7408,1.0000,0.276206,3.2031,0.9109,
3257,115.3817,15.9359,0.5582,-0.7285,-0.2206,445,0.4524,1.0000,0.276206,-1.7546,-0.6850,low_inlier
3258,115.4149,16.1492,0.6944,0.2133,0.1362,640,0.4981,1.0000,0.276206,0.4951,0.3905,low_inlier
3259,115.4482,16.2535,0.4619,0.1043,-0.2325,428,0.5357,1.0000,0.276206,0.3204,-0.6025,
3260,115.4817,16.2949,0.5439,0.0414,0.0819,719,0.8798,1.0000,0.276206,0.0814,0.2230,
3261,115.5149,16.2372,0.4797,-0.0576,-0.0642,644,0.7372,1.0000,0.276206,-0.1266,-0.1782,
3262,115.5482,16.3392,0.4643,0.1020,-0.0154,660,0.8145,1.0000,0.276206,0.2577,-0.0269,
3263,115.5818,16.2973,0.5151,-0.0419,0.0508,756,0.9262,1.0000,0.276206,-0.1174,0.1291,
3264,115.6147,16.3800,0.4257,0.0827,-0.0894,717,0.8498,1.0000,0.276206,0.2292,-0.2260,
3265,115.6480,16.3217,0.5126,-0.0584,0.0869,756,0.8797,1.0000,0.276206,-0.1680,0.2226,
3266,115.6816,16.3454,0.4408,0.0238,-0.0718,740,0.9149,1.0000,0.276206,0.0779,-0.1872,
3267,115.7148,16.3606,0.4647,0.0152,0.0239,751,0.9374,1.0000,0.276206,0.0315,0.0655,
3268,115.7484,-0.0426,0.0396,-0.0426,0.0396,762,0.9549,1.0000,0.276206,-0.1163,0.0993,
3269,115.7814,0.0328,-0.0033,0.0754,-0.0430,762,0.9511,1.0000,0.276206,0.1988,-0.1037,
3270,115.8154,-0.0176,0.0387,-0.0504,0.0420,760,0.9549,1.0000,0.276206,-0.1364,0.1047,
3271,115.8782,0.0085,0.0562,0.0261,0.0175,793,0.9950,1.0000,0.276206,0.0604,0.0501,
3272,115.9039,0.0244,0.0532,0.0158,-0.0030,795,0.9938,1.0000,0.276206,0.0402,-0.0059,
3273,115.9299,0.0255,0.0722,0.0011,0.0190,794,0.9925,1.0000,0.276206,-0.0022,0.0507,
3274,115.9556,0.0467,0.0676,0.0212,-0.0046,793,0.9912,1.0000,0.276206,0.0539,-0.0093,
3275,115.9815,0.0472,0.1005,0.0006,0.0328,783,0.9825,1.0000,0.276206,-0.0072,0.0872,
3276,116.0149,0.0326,0.0809,-0.0146,-0.0195,791,0.9888,1.0000,0.276206,-0.0312,-0.0538,
3277,116.0481,0.0540,0.0710,0.0214,-0.0100,793,0.9912,1.0000,0.276206,0.0558,-0.0235,
3278,116.0813,0.0102,0.0590,-0.0438,-0.0120,790,0.9912,1.0000,0.276206,-0.1059,-0.0378,
3279,116.1150,0.0604,0.0282,0.0502,-0.0308,794,0.9950,1.0000,0.276206,0.1331,-0.0748,
3280,116.1480,-0.0060,-0.0007,-0.0664,-0.0289,795,0.9938,1.0000,0.276206,-0.1576,-0.0856,
3281,116.1813,-0.0107,-0.0264,-0.0048,-0.0257,795,0.9962,1.0000,0.276206,-0.0051,-0.0689,
3282,116.2146,-0.0433,-0.0635,-0.0325,-0.0371,788,0.9887,1.0000,0.276206,-0.0712,-0.1029,
3283,116.2481,-0.0862,-0.0697,-0.0429,-0.0062,793,0.9912,1.0000,0.276206,-0.1052,-0.0223,
3284,116.2814,-0.0709,-0.0889,0.0153,-0.0192,794,0.9925,1.0000,0.276206,0.0432,-0.0488,
3285,116.3146,-0.0948,-0.0873,-0.0240,0.0015,791,0.9900,1.0000,0.276206,-0.0601,0.0008,
3286,116.3478,-0.0933,-0.0870,0.0015,0.0004,791,0.9900,1.0000,0.276206,0.0036,0.0012,
3287,116.3816,-0.0825,-0.0840,0.0109,0.0030,794,0.9938,1.0000,0.276206,0.0263,0.0094,
3288,116.4146,-0.1079,-0.0610,-0.0255,0.0230,793,0.9938,1.0000,0.276206,-0.0694,0.0574,
3289,116.4480,-0.0713,-0.0515,0.0367,0.0095,795,0.9950,1.0000,0.276206,0.0887,0.0303,
3290,116.4812,-0.0954,-0.0287,-0.0241,0.0228,791,0.9912,1.0000,0.276206,-0.0660,0.0571,
3291,116.5146,-0.0743,-0.0262,0.0210,0.0025,795,0.9950,1.0000,0.276206,0.0517,0.0095,
3292,116.5481,-0.0899,-0.0337,-0.0156,-0.0075,791,0.9900,1.0000,0.276206,-0.0367,-0.0220,
3293,116.5819,-0.1203,-0.0213,-0.0304,0.0124,795,0.9938,1.0000,0.276206,-0.0788,0.0287,
3294,116.6148,-0.1185,-0.0315,0.0018,-0.0102,791,0.9912,1.0000,0.276206,0.0071,-0.0267,
3295,116.6479,-0.1397,-0.0258,-0.0212,0.0056,791,0.9925,1.0000,0.276206,-0.0542,0.0120,
3296,116.6815,-0.1463,-0.0298,-0.0067,-0.0040,790,0.9900,1.0000,0.276206,-0.0155,-0.0114,
3297,116.7147,-0.1350,-0.0330,0.0113,-0.0032,794,0.9925,1.0000,0.276206,0.0290,-0.0069,
3298,116.7486,-0.1398,-0.0238,-0.0048,0.0091,793,0.9938,1.0000,0.276206,-0.0143,0.0236,
3299,116.7815,-0.4700,-0.1297,-0.3302,-0.1058,786,0.9900,1.0000,0.276206,-0.7938,-0.3259,
3300,116.8159,-0.1638,-0.1411,0.3062,-0.0114,785,0.9950,1.0000,0.276206,0.7649,0.0115,
3301,116.8674,-0.3917,-0.1554,-0.2280,-0.0143,794,0.9938,1.0000,0.276206,-0.5634,-0.0691,
3302,116.8944,-0.2351,-0.1698,0.1566,-0.0144,784,0.9938,1.0000,0.276206,0.3935,-0.0168,
3303,116.9219,-0.4573,-0.1917,-0.2222,-0.0219,793,0.9925,1.0000,0.276206,-0.5471,-0.0884,
3304,116.9493,-0.2499,-0.1699,0.2074,0.0218,793,0.9875,1.0000,0.276206,0.5104,0.0861,
3305,116.9815,-0.5052,-0.1971,-0.2553,-0.0272,796,0.9962,1.0000,0.276206,-0.6281,-0.1069,
3306,117.0150,-0.2959,-0.2152,0.2093,-0.0181,797,0.9962,1.0000,0.276206,0.5254,-0.0193,
3307,117.0480,-0.5369,-0.2110,-0.2409,0.0042,785,0.9888,1.0000,0.276206,-0.6005,-0.0219,
3308,117.0814,-0.3306,-0.2286,0.2062,-0.0176,788,0.9938,1.0000,0.276206,0.5176,-0.0185,
3309,117.1147,-0.4798,-0.2245,-0.1492,0.0041,797,0.9962,1.0000,0.276206,-0.3721,-0.0096,
3310,117.1479,-0.3399,-0.2286,0.1398,-0.0041,789,0.9950,1.0000,0.276206,0.3490,0.0082,
3311,117.1814,-0.4529,-0.2249,-0.1129,0.0038,797,0.9975,1.0000,0.276206,-0.2820,-0.0054,
3312,117.2145,-0.3278,-0.2145,0.1250,0.0103,796,0.9975,1.0000,0.276206,0.3084,0.0445,
3313,117.2481,-0.4520,-0.2238,-0.1241,-0.0093,798,0.9975,1.0000,0.276206,-0.3064,-0.0416,
3314,117.2809,-0.3268,-0.2144,0.1252,0.0094,797,0.9962,1.0000,0.276206,0.3090,0.0422,
3315,117.3143,-0.4321,-0.2225,-0.1053,-0.0081,798,0.9988,1.0000,0.276206,-0.2598,-0.0359,
3316,117.3482,-0.3250,-0.2426,0.1071,-0.0201,796,0.9975,1.0000,0.276206,0.2717,-0.0387,
3317,117.3815,-0.4596,-0.2327,-0.1346,0.0099,796,0.9962,1.0000,0.276206,-0.3374,0.0078,
3318,117.4151,-0.3211,-0.2353,0.1384,-0.0026,798,0.9975,1.0000,0.276206,0.3450,0.0121,
3319,117.4478,-0.4260,-0.2146,-0.1048,0.0207,798,0.9975,1.0000,0.276206,-0.2663,0.0405,
3320,117.4816,-0.3123,-0.2010,0.1137,0.0136,796,0.9962,1.0000,0.276206,0.2792,0.0516,
3321,117.5145,-0.3385,-0.1912,-0.0262,0.0098,796,0.9962,1.0000,0.276206,-0.0677,0.0225,
3322,117.5476,-0.2384,-0.1766,0.1001,0.0145,795,0.9962,1.0000,0.276206,0.2451,0.0522,
3323,117.5815,-0.2844,-0.1733,-0.0460,0.0033,798,0.9975,1.0000,0.276206,-0.1152,0.0026,
3324,117.6147,-0.2166,-0.1759,0.0678,-0.0026,798,0.9988,1.0000,0.276206,0.1693,0.0023,
3325,117.6480,-0.2968,-0.1788,-0.0801,-0.0029,799,0.9988,1.0000,0.276206,-0.1986,-0.0187,
3326,117.6814,-0.2529,-0.2044,0.0439,-0.0256,797,0.9975,1.0000,0.276206,0.1159,-0.0619,
3327,117.7149,-0.3502,-0.2165,-0.0973,-0.0121,797,0.9962,1.0000,0.276206,-0.2390,-0.0455,
3328,117.7486,-0.3141,-0.2349,0.0361,-0.0183,795,0.9950,1.0000,0.276206,0.0946,-0.0437,
3329,117.7814,-0.3748,-0.2444,-0.0607,-0.0095,798,0.9988,1.0000,0.276206,-0.1485,-0.0336,
3330,117.8155,-0.3268,-0.2535,0.0480,-0.0091,798,0.9988,1.0000,0.276206,0.1218,-0.0177,
3331,117.8774,-0.3426,-0.2591,-0.0158,-0.0056,798,0.9975,1.0000,0.276206,-0.0379,-0.0170,
3332,117.9031,-0.2883,-0.2554,0.0543,0.0038,797,0.9975,1.0000,0.276206,0.1341,0.0175,
3333,117.9301,-0.3130,-0.2467,-0.0247,0.0087,798,0.9975,1.0000,0.276206,-0.0638,0.0196,
3334,117.9563,-0.2720,-0.2336,0.0410,0.0131,798,0.9975,1.0000,0.276206,0.0987,0.0403,
3335,117.9818,-0.2765,-0.2411,-0.0045,-0.0075,780,0.9838,1.0000,0.276206,-0.0093,-0.0206,
3336,118.0142,-0.1717,-0.2435,0.1048,-0.0024,799,0.9988,1.0000,0.276206,0.2615,0.0080,
3337,118.0481,-0.2137,-0.2418,-0.0420,0.0018,798,0.9975,1.0000,0.276206,-0.1050,-0.0011,
3338,118.0809,-0.1201,-0.2669,0.0936,-0.0252,797,0.9988,1.0000,0.276206,0.2394,-0.0540,
3339,118.1147,-0.1436,-0.2712,-0.0235,-0.0043,798,0.9975,1.0000,0.276206,-0.0573,-0.0147,
3340,118.1476,-0.1058,-0.2717,0.0379,-0.0005,799,0.9988,1.0000,0.276206,0.0943,0.0038,
3341,118.1810,-0.1130,-0.2671,-0.0072,0.0047,800,1.0000,1.0000,0.276206,-0.0192,0.0114,
3342,118.2147,-0.0843,-0.2601,0.0286,0.0069,799,0.9988,1.0000,0.276206,0.0695,0.0223,
3343,118.2480,-0.0914,-0.2641,-0.0071,-0.0039,799,0.9988,1.0000,0.276206,-0.0166,-0.0114,
3344,118.2812,-0.0749,-0.2593,0.0165,0.0047,799,0.9988,1.0000,0.276206,0.0398,0.0148,
3345,118.3145,-0.0925,-0.2667,-0.0176,-0.0074,799,0.9988,1.0000,0.276206,-0.0417,-0.0219,
3346,118.3477,-0.0440,-0.2826,0.0485,-0.0160,798,0.9988,1.0000,0.276206,0.1247,-0.0357,
3347,118.3812,-0.0803,-0.2872,-0.0362,-0.0045,798,0.9975,1.0000,0.276206,-0.0889,-0.0170,
3348,118.4153,-0.0353,-0.2885,0.0450,-0.0014,798,0.9975,1.0000,0.276206,0.1122,0.0025,
3349,118.4474,-0.0608,-0.2990,-0.0255,-0.0105,797,0.9975,1.0000,0.276206,-0.0606,-0.0313,
3350,118.4813,-0.0392,-0.3001,0.0216,-0.0011,799,0.9988,1.0000,0.276206,0.0540,0.0000,
3351,118.5145,-0.0663,-0.2972,-0.0272,0.0029,799,0.9988,1.0000,0.276206,-0.0684,0.0040,
3352,118.5479,-0.0374,-0.2979,0.0289,-0.0007,798,0.9975,1.0000,0.276206,0.0722,0.0021,
3353,118.5811,-0.0256,-0.3025,0.0118,-0.0046,798,0.9975,1.0000,0.276206,0.0305,-0.0107,
3354,118.6141,-0.0025,-0.2927,0.0231,0.0098,798,0.9975,1.0000,0.276206,0.0550,0.0292,
3355,118.6473,1.0360,-0.1395,1.0385,0.1532,754,0.9314,1.0000,0.276206,2.5435,0.5484,
3356,118.6808,1.2461,-0.4044,0.2102,-0.2648,797,0.6713,1.0000,0.276206,0.5923,-0.6740,
3357,118.7143,1.3392,0.1261,0.0931,0.5304,549,0.4713,1.0000,0.276206,0.0925,1.4201,low_inlier
3358,118.7485,1.8583,0.2516,0.5191,0.1255,749,0.2550,1.0000,0.276206,1.2584,0.4040,low_inlier
3359,118.7809,1.7893,0.1948,-0.0690,-0.0568,779,0.9213,1.0000,0.276206,-0.1567,-0.1601,
3360,118.8150,1.6999,0.3835,-0.0894,0.1887,736,0.8712,1.0000,0.276206,-0.2718,0.4886,
3361,118.8662,2.0966,0.2805,0.3967,-0.1031,753,0.5262,1.0000,0.276206,1.0139,-0.2192,
3362,118.8934,1.8333,0.6602,-0.2633,0.3798,588,0.4500,1.0000,0.276206,-0.7546,0.9717,low_inlier
3363,118.9209,3.4482,0.8983,1.6149,0.2380,647,0.2797,1.0000,0.276206,3.9552,0.8523,low_inlier
3364,118.9486,3.5483,1.6938,0.1001,0.7955,598,0.4138,1.0000,0.276206,0.0405,2.1244,low_inlier
3365,118.9811,3.6593,3.1428,0.1110,1.4491,719,0.3204,1.0000,0.276206,-0.1038,3.8600,low_inlier
3366,119.0140,3.6153,3.3360,-0.0439,0.1932,618,0.1646,1.0000,0.276206,-0.1600,0.5067,low_inlier
3367,119.0477,-2.3226,2.6317,-5.9380,-0.7044,409,0.1620,1.0000,0.276206,-14.5882,-2.6807,low_inlier
3368,119.0806,-13.4432,3.5646,-11.1206,0.9329,279,0.0053,1.0000,0.276206,-27.9110,0.9549,low_inlier
3369,119.1141,-21.2807,1.4528,-7.8375,-2.1117,430,0.0779,1.0000,0.276206,-18.9450,-6.6747,low_inlier
3370,119.1472,-31.9782,0.6238,-10.6975,-0.8290,737,0.0052,1.0000,0.276206,-26.3966,-3.6622,low_inlier
3371,119.1807,-42.3510,-0.0104,-10.3728,-0.6342,689,0.0000,1.0000,0.276206,-25.6399,-3.1009,low_inlier
3372,119.2141,-53.4082,-1.2865,-11.0572,-1.2762,182,0.0158,1.0000,0.276206,-27.1742,-4.8978,low_inlier
3373,119.2471,-58.4595,-1.1978,-5.0514,0.0887,544,0.0120,1.0000,0.276206,-12.5905,-0.4551,low_inlier
3374,119.2803,-58.8486,-3.5010,-0.3891,-2.3032,388,0.0159,1.0000,0.276206,-0.3642,-6.1644,low_inlier
3375,119.3138,-60.8964,-2.2395,-2.0478,1.2614,413,0.0027,1.0000,0.276206,-5.4253,3.0671,low_inlier
3376,119.3469,-63.2350,-3.5551,-2.3386,-1.3155,654,0.0106,1.0000,0.276206,-5.4732,-3.8103,low_inlier
3377,119.3804,-60.8029,-6.4514,2.4321,-2.8963,306,0.0148,1.0000,0.276206,6.8101,-7.3524,low_inlier
3378,119.4137,-60.7017,-8.1138,0.1012,-1.6624,522,0.0185,1.0000,0.276206,0.6876,-4.3971,low_inlier
3379,119.4469,-64.8129,-10.4239,-4.1112,-2.3101,459,0.0130,1.0000,0.276206,-9.6224,-6.6917,low_inlier
3380,119.4803,-70.4885,-12.3113,-5.6756,-1.8874,365,0.0349,1.0000,0.276206,-13.6252,-5.7838,low_inlier
3381,119.5136,-73.4976,-13.4639,-3.0092,-1.1526,482,0.0519,1.0000,0.276206,-7.1842,-3.4696,low_inlier
3382,119.5469,-77.9648,-14.1457,-4.4672,-0.6818,511,0.2611,1.0000,0.276206,-10.9351,-2.4199,low_inlier
3383,119.5802,-78.7900,-14.6261,-0.8252,-0.4804,525,0.2312,1.0000,0.276206,-1.9270,-1.3874,low_inlier
3384,119.6136,-79.0674,-13.7477,-0.2773,0.8784,562,0.5056,1.0000,0.276206,-0.9203,2.2927,
3385,119.6467,-79.6114,-13.7310,-0.5441,0.0167,647,0.6721,1.0000,0.276206,-1.3579,-0.0301,
3386,119.6806,-79.9173,-14.3320,-0.3059,-0.6010,646,0.6437,1.0000,0.276206,-0.6034,-1.6364,
3387,119.7140,-80.1825,-14.0807,-0.2652,0.2513,726,0.8093,1.0000,0.276206,-0.7258,0.6304,
3388,119.7477,-80.3667,-13.9627,-0.1842,0.1180,657,0.7685,1.0000,0.276206,-0.4892,0.2880,
3389,119.7805,-80.4942,-13.8175,-0.1276,0.1452,713,0.8118,1.0000,0.276206,-0.3554,0.3678,
3390,119.8150,-80.4096,-13.5069,0.0846,0.3106,691,0.6299,1.0000,0.276206,0.1292,0.8357,
3391,119.8670,-80.5486,-13.5173,-0.1390,-0.0104,628,0.5375,1.0000,0.276206,-0.3431,-0.0467,
3392,119.8944,-80.7238,-13.3118,-0.1752,0.2055,713,0.8562,1.0000,0.276206,-0.4897,0.5214,
3393,119.9215,-80.7585,-13.1998,-0.0347,0.1120,796,0.9988,1.0000,0.276206,-0.1156,0.2924,
3394,119.9480,-80.5366,-13.1965,0.2219,0.0033,766,0.6408,1.0000,0.276206,0.5511,0.0392,
3395,119.9806,-80.3811,-13.3852,0.1555,-0.1888,799,0.5463,1.0000,0.276206,0.4363,-0.4796,
3396,120.0139,-80.1338,-13.6556,0.2473,-0.2704,421,0.5337,1.0000,0.276206,0.6862,-0.6836,
3397,120.0471,-82.1080,-14.5049,-1.9742,-0.8493,771,0.3717,1.0000,0.276206,-4.6888,-2.5233,low_inlier
3398,120.0808,-87.3726,-16.4083,-5.2646,-1.9034,696,0.4363,1.0000,0.276206,-12.5986,-5.7701,low_inlier
3399,120.1136,-92.1291,-17.5967,-4.7565,-1.1884,275,0.3102,1.0000,0.276206,-11.5219,-3.8036,low_inlier
3400,120.1516,-95.0770,-17.6540,-2.9480,-0.0573,765,0.0337,1.0000,0.276206,-7.3191,-0.5550,low_inlier
3401,120.1808,-93.2925,-16.3724,1.7846,1.2816,720,0.0226,1.0000,0.276206,4.1037,3.6445,low_inlier
3402,120.2134,-92.0080,-12.8106,1.2845,3.5618,466,0.0064,1.0000,0.276206,2.2618,9.6263,low_inlier
3403,120.2469,-91.2537,-13.8929,0.7543,-1.0823,433,0.0076,1.0000,0.276206,2.1603,-2.7685,low_inlier
3404,120.2800,-87.9327,-12.9094,3.3210,0.9835,441,0.0052,1.0000,0.276206,8.0044,3.0635,low_inlier
3405,120.3132,-85.2264,-12.7893,2.7064,0.1201,525,0.0039,1.0000,0.276206,6.7015,0.6888,low_inlier
3406,120.3468,-73.8031,-9.2969,11.4233,3.4924,510,0.0000,1.0000,0.276206,27.5040,10.8283,low_inlier
3407,120.3798,-52.2098,-4.7373,21.5933,4.5596,588,0.0054,1.0000,0.276206,52.5258,15.0503,low_inlier
3408,120.4130,-33.1760,-1.6051,19.0338,3.1323,333,0.0000,1.0000,0.276206,46.5323,10.9133,low_inlier
3409,120.4469,-16.4683,0.1345,16.7077,1.7396,656,0.0027,1.0000,0.276206,41.1105,6.8999,low_inlier
3410,120.4805,7.9291,3.0247,24.3974,2.8903,528,0.0075,1.0000,0.276206,59.9397,11.0044,low_inlier
3411,120.5134,23.7884,2.9663,15.8593,-0.0585,440,0.0044,1.0000,0.276206,39.4711,2.0131,low_inlier
3412,120.5467,33.7986,2.4200,10.0102,-0.5463,476,0.0629,1.0000,0.276206,25.0472,-0.0809,low_inlier
3413,120.5799,39.6085,3.5255,5.8098,1.1055,402,0.0094,1.0000,0.276206,14.1643,3.7277,low_inlier
3414,120.6131,37.1944,3.1824,-2.4140,-0.3432,431,0.0304,1.0000,0.276206,-5.9158,-1.2406,low_inlier
3415,120.6468,37.3925,1.8778,0.1981,-1.3046,377,0.1191,1.0000,0.276206,0.8348,-3.4344,low_inlier
3416,120.6799,36.0056,2.6601,-1.3869,0.7823,385,0.0570,1.0000,0.276206,-3.6556,1.8861,low_inlier
3417,120.7130,35.7332,2.1907,-0.2724,-0.4694,481,0.0528,1.0000,0.276206,-0.5546,-1.2828,low_inlier
3418,120.7469,35.8917,2.2391,0.1585,0.0484,565,0.2050,1.0000,0.276206,0.3817,0.1500,low_inlier
3419,120.7797,35.8819,2.0792,-0.0098,-0.1599,468,0.5100,1.0000,0.276206,0.0175,-0.4255,
3420,120.8145,35.7469,2.0120,-0.1350,-0.0672,488,0.4612,1.0000,0.276206,-0.3182,-0.1967,low_inlier
3421,120.8665,35.3619,1.7613,-0.3849,-0.2507,795,0.4525,1.0000,0.276206,-0.8919,-0.7178,low_inlier
3422,120.8942,35.6437,1.7790,0.2818,0.0177,734,0.6525,1.0000,0.276206,0.6963,0.0856,
3423,120.9222,35.2270,1.6968,-0.4167,-0.0822,776,0.9700,1.0000,0.276206,-1.0151,-0.2752,
3424,120.9499,35.0566,1.6494,-0.1704,-0.0474,727,0.9075,1.0000,0.276206,-0.4114,-0.1492,
3425,120.9800,34.9261,1.6037,-0.1306,-0.0457,734,0.7925,1.0000,0.276206,-0.3129,-0.1391,
3426,121.0134,34.7930,1.5919,-0.1331,-0.0118,783,0.4662,1.0000,0.276206,-0.3279,-0.0494,low_inlier
3427,121.0468,34.6191,1.5719,-0.1739,-0.0200,626,0.7750,1.0000,0.276206,-0.4274,-0.0768,
3428,121.0799,34.4690,1.5160,-0.1501,-0.0559,781,0.6075,1.0000,0.276206,-0.3587,-0.1689,
3429,121.1134,34.3718,1.4738,-0.0972,-0.0422,623,0.4113,1.0000,0.276206,-0.2308,-0.1253,low_inlier
3430,121.1466,34.4877,1.5534,0.1158,0.0795,706,0.7850,1.0000,0.276206,0.2673,0.2269,
3431,121.1800,34.3971,1.5052,-0.0905,-0.0482,796,0.7100,1.0000,0.276206,-0.2125,-0.1403,
3432,121.2132,34.3586,1.4630,-0.0385,-0.0422,796,0.5363,1.0000,0.276206,-0.0847,-0.1172,
3433,121.2472,34.4044,1.4230,0.0457,-0.0400,796,0.4338,1.0000,0.276206,0.1243,-0.0998,low_inlier
3434,121.2803,34.4174,1.4081,0.0130,-0.0149,786,0.7100,1.0000,0.276206,0.0363,-0.0377,
3435,121.3134,34.5661,1.4216,0.1487,0.0135,737,0.4575,1.0000,0.276206,0.3665,0.0562,low_inlier
3436,121.3467,34.6398,1.4055,0.0737,-0.0161,673,0.5513,1.0000,0.276206,0.1875,-0.0327,
3437,121.3805,34.8636,1.4572,0.2238,0.0517,670,0.5875,1.0000,0.276206,0.5431,0.1679,
3438,121.4137,34.9881,1.4916,0.1245,0.0344,735,0.6950,1.0000,0.276206,0.3007,0.1083,
3439,121.4467,34.9104,1.5094,-0.0776,0.0178,419,0.4850,1.0000,0.276206,-0.1978,0.0366,low_inlier
3440,121.4798,34.8164,1.4413,-0.0940,-0.0681,440,0.3900,1.0000,0.276206,-0.2159,-0.1935,low_inlier
3441,121.5132,34.7087,1.3666,-0.1078,-0.0747,795,0.9938,1.0000,0.276206,-0.2485,-0.2130,
3442,121.5460,34.6891,1.3084,-0.0196,-0.0582,740,0.9437,1.0000,0.276206,-0.0335,-0.1572,
3443,121.5795,34.6665,1.2611,-0.0226,-0.0473,607,0.7812,1.0000,0.276206,-0.0438,-0.1286,
3444,121.6132,34.5835,1.2019,-0.0829,-0.0592,794,0.9950,1.0000,0.276206,-0.1908,-0.1684,
3445,121.6504,34.6794,1.1951,0.0959,-0.0068,794,0.9925,1.0000,0.276206,0.2403,-0.0049,
3446,121.6799,34.5837,1.1520,-0.0957,-0.0431,793,0.9925,1.0000,0.276206,-0.2267,-0.1275,
3447,121.7128,34.6512,1.1385,0.0675,-0.0135,746,0.9463,1.0000,0.276206,0.1714,-0.0265,
3448,121.7460,34.5707,1.1157,-0.0805,-0.0228,794,0.9938,1.0000,0.276206,-0.1944,-0.0715,
3449,121.7837,34.4939,1.1785,-0.0768,0.0628,789,0.9888,1.0000,0.276206,-0.2075,0.1561,
3450,121.8147,34.5481,1.2121,0.0542,0.0336,793,0.9912,1.0000,0.276206,0.1260,0.0965,
3451,121.8667,34.3828,1.1266,-0.1652,-0.0855,796,0.9825,1.0000,0.276206,-0.3887,-0.2495,
3452,121.8939,34.4765,1.1748,0.0936,0.0482,798,0.9912,1.0000,0.276206,0.2203,0.1408,
3453,121.9209,34.3541,1.1467,-0.1224,-0.0281,798,0.9975,1.0000,0.276206,-0.2972,-0.0913,
3454,121.9478,34.3525,1.1515,-0.0016,0.0048,797,0.9975,1.0000,0.276206,-0.0052,0.0125,
3455,121.9797,34.4065,1.1660,0.0540,0.0145,790,0.9925,1.0000,0.276206,0.1305,0.0459,
3456,122.0128,34.2798,1.1182,-0.1267,-0.0478,795,0.9925,1.0000,0.276206,-0.3027,-0.1441,
3457,122.0465,34.3955,1.1664,0.1158,0.0482,797,0.9962,1.0000,0.276206,0.2754,0.1437,
3458,122.0795,34.3225,1.1531,-0.0730,-0.0132,795,0.9975,1.0000,0.276206,-0.1782,-0.0451,
3459,122.1127,34.3410,1.1429,0.0185,-0.0103,799,0.9988,1.0000,0.276206,0.0487,-0.0247,
3460,122.1459,34.4130,1.1728,0.0720,0.0299,797,0.9962,1.0000,0.276206,0.1712,0.0892,
3461,122.1795,34.2913,1.1123,-0.1217,-0.0605,796,0.9950,1.0000,0.276206,-0.2868,-0.1772,
3462,122.2129,34.3898,1.1682,0.0985,0.0559,798,0.9975,1.0000,0.276206,0.2304,0.1619,
3463,122.2467,34.3242,1.1457,-0.0656,-0.0225,798,0.9975,1.0000,0.276206,-0.1573,-0.0687,
3464,122.2794,34.2879,1.1098,-0.0363,-0.0359,799,0.9988,1.0000,0.276206,-0.0809,-0.1002,
3465,122.3127,34.3289,1.1267,0.0410,0.0169,798,0.9975,1.0000,0.276206,0.0977,0.0504,
3466,122.3460,34.2127,1.0694,-0.1162,-0.0573,796,0.9950,1.0000,0.276206,-0.2742,-0.1678,
3467,122.3793,34.3126,1.1074,0.0999,0.0380,797,0.9962,1.0000,0.276206,0.2386,0.1144,
3468,122.4128,34.2440,1.0983,-0.0686,-0.0091,798,0.9975,1.0000,0.276206,-0.1683,-0.0335,
3469,122.4459,34.2334,1.0898,-0.0106,-0.0086,798,0.9975,1.0000,0.276206,-0.0241,-0.0242,
