frame,t_s,X_mm,Y_mm,dX_mm,dY_mm,tracked_points,inlier_ratio,roi_visible,mm_per_px,du_px,dv_px,flags
0,0.0965,0.0000,0.0000,0.0000,0.0000,0,0.0000,1.0000,,0.0000,0.0000,no_calib
1,0.1608,0.0000,0.0000,0.0000,0.0000,0,0.0000,1.0000,,0.0000,0.0000,no_calib
2,0.1888,0.0000,0.0000,0.0000,0.0000,0,0.0000,1.0000,,0.0000,0.0000,no_calib
3,0.2151,0.0000,0.0000,0.0000,0.0000,0,0.0000,1.0000,,0.0000,0.0000,no_calib
4,0.2395,0.0000,0.0000,0.0000,0.0000,0,0.0000,1.0000,,0.0000,0.0000,no_calib
5,0.2628,0.0000,0.0000,0.0000,0.0000,0,0.0000,1.0000,,0.0000,0.0000,no_calib
6,0.2859,0.0000,0.0000,0.0000,0.0000,0,0.0000,1.0000,,0.0000,0.0000,no_calib
7,0.3089,0.0000,0.0000,0.0000,0.0000,0,0.0000,1.0000,,0.0000,0.0000,no_calib
8,0.3322,0.0000,0.0000,0.0000,0.0000,0,0.0000,1.0000,,0.0000,0.0000,no_calib
9,0.3655,0.0000,0.0000,0.0000,0.0000,0,0.0000,1.0000,,0.0000,0.0000,no_calib
10,0.3998,0.0000,0.0000,0.0000,0.0000,0,0.0000,1.0000,,0.0000,0.0000,no_calib
11,0.4328,0.0000,0.0000,0.0000,0.0000,0,0.0000,1.0000,,0.0000,0.0000,no_calib
12,0.4662,0.0000,0.0000,0.0000,0.0000,0,0.0000,1.0000,,0.0000,0.0000,no_calib
13,0.4994,0.0000,0.0000,0.0000,0.0000,0,0.0000,1.0000,,0.0000,0.0000,no_calib
14,0.5327,0.0000,0.0000,0.0000,0.0000,0,0.0000,1.0000,,0.0000,0.0000,no_calib
15,0.5667,0.0000,0.0000,0.0000,0.0000,0,0.0000,1.0000,,0.0000,0.0000,no_calib
16,0.5997,0.0000,0.0000,0.0000,0.0000,0,0.0000,1.0000,,0.0000,0.0000,no_calib
17,0.6328,0.0000,0.0000,0.0000,0.0000,0,0.0000,1.0000,,0.0000,0.0000,no_calib
18,0.6668,0.0000,0.0000,0.0000,0.0000,0,0.0000,1.0000,,0.0000,0.0000,no_calib
19,0.7010,0.0000,0.0000,0.0000,0.0000,0,0.0000,1.0000,,0.0000,0.0000,no_calib
20,0.7332,0.0000,0.0000,0.0000,0.0000,0,0.0000,1.0000,,0.0000,0.0000,no_calib
21,0.7665,0.0000,0.0000,0.0000,0.0000,0,0.0000,1.0000,,0.0000,0.0000,no_calib
22,0.8032,0.0000,0.0000,0.0000,0.0000,0,0.0000,1.0000,,0.0000,0.0000,no_calib
23,0.8330,0.0000,0.0000,0.0000,0.0000,0,0.0000,1.0000,,0.0000,0.0000,no_calib
24,0.8664,0.0000,0.0000,0.0000,0.0000,0,0.0000,1.0000,,0.0000,0.0000,no_calib
25,0.8991,0.0000,0.0000,0.0000,0.0000,0,0.0000,1.0000,,0.0000,0.0000,no_calib
26,0.9326,0.0000,0.0000,0.0000,0.0000,0,0.0000,1.0000,,0.0000,0.0000,no_calib
27,0.9662,0.0000,0.0000,0.0000,0.0000,0,0.0000,1.0000,,0.0000,0.0000,no_calib
28,0.9994,0.0000,0.0000,0.0000,0.0000,0,0.0000,1.0000,,0.0000,0.0000,no_calib
29,1.0327,0.0000,0.0000,0.0000,0.0000,0,0.0000,1.0000,,0.0000,0.0000,no_calib
30,1.0662,0.0000,0.0000,0.0000,0.0000,0,0.0000,1.0000,,0.0000,0.0000,no_calib
31,1.1243,0.0000,0.0000,0.0000,0.0000,0,0.0000,1.0000,,0.0000,0.0000,no_calib
32,1.1503,0.0000,0.0000,0.0000,0.0000,0,0.0000,1.0000,,0.0000,0.0000,no_calib
33,1.1749,0.0000,0.0000,0.0000,0.0000,0,0.0000,1.0000,,0.0000,0.0000,no_calib
34,1.1993,0.0000,0.0000,0.0000,0.0000,0,0.0000,1.0000,,0.0000,0.0000,no_calib
35,1.2332,0.0000,0.0000,0.0000,0.0000,0,0.0000,1.0000,,0.0000,0.0000,no_calib
36,1.2693,0.0000,0.0000,0.0000,0.0000,0,0.0000,1.0000,,0.0000,0.0000,no_calib
37,1.2990,0.0000,0.0000,0.0000,0.0000,0,0.0000,1.0000,,0.0000,0.0000,no_calib
38,1.3329,0.0000,0.0000,0.0000,0.0000,0,0.0000,1.0000,,0.0000,0.0000,no_calib
39,1.3666,0.0000,0.0000,0.0000,0.0000,0,0.0000,1.0000,,0.0000,0.0000,no_calib
40,1.4051,0.0000,0.0000,0.0000,0.0000,0,0.0000,1.0000,,0.0000,0.0000,no_calib
41,1.4448,0.0000,0.0000,0.0000,0.0000,0,0.0000,1.0000,,0.0000,0.0000,no_calib
42,1.4749,0.0000,0.0000,0.0000,0.0000,0,0.0000,1.0000,,0.0000,0.0000,no_calib
43,1.5002,0.0000,0.0000,0.0000,0.0000,0,0.0000,1.0000,,0.0000,0.0000,no_calib
44,1.5310,0.0000,0.0000,0.0000,0.0000,0,0.0000,1.0000,,0.0000,0.0000,no_calib
45,1.5644,0.0000,0.0000,0.0000,0.0000,0,0.0000,1.0000,,0.0000,0.0000,no_calib
46,1.5979,0.0000,0.0000,0.0000,0.0000,0,0.0000,1.0000,,0.0000,0.0000,no_calib
47,1.6310,0.0000,0.0000,0.0000,0.0000,0,0.0000,1.0000,,0.0000,0.0000,no_calib
48,1.6643,0.0000,0.0000,0.0000,0.0000,0,0.0000,1.0000,,0.0000,0.0000,no_calib
49,1.6980,0.0000,0.0000,0.0000,0.0000,0,0.0000,1.0000,,0.0000,0.0000,no_calib
50,1.7312,0.0000,0.0000,0.0000,0.0000,0,0.0000,1.0000,,0.0000,0.0000,no_calib
51,1.7646,0.0000,0.0000,0.0000,0.0000,0,0.0000,1.0000,,0.0000,0.0000,no_calib
52,1.7982,0.0000,0.0000,0.0000,0.0000,0,0.0000,1.0000,,0.0000,0.0000,no_calib
53,1.8314,0.0000,0.0000,0.0000,0.0000,0,0.0000,1.0000,,0.0000,0.0000,no_calib
54,1.8640,0.0000,0.0000,0.0000,0.0000,0,0.0000,1.0000,,0.0000,0.0000,no_calib
55,1.8982,0.0000,0.0000,0.0000,0.0000,0,0.0000,1.0000,,0.0000,0.0000,no_calib
56,1.9304,0.0000,0.0000,0.0000,0.0000,0,0.0000,1.0000,,0.0000,0.0000,no_calib
57,1.9636,0.0000,0.0000,0.0000,0.0000,0,0.0000,1.0000,,0.0000,0.0000,no_calib
58,1.9971,0.0000,0.0000,0.0000,0.0000,0,0.0000,1.0000,,0.0000,0.0000,no_calib
59,2.0304,0.0000,0.0000,0.0000,0.0000,0,0.0000,1.0000,,0.0000,0.0000,no_calib
60,2.0641,0.0000,0.0000,0.0000,0.0000,0,0.0000,1.0000,,0.0000,0.0000,no_calib
61,2.1164,0.0000,0.0000,0.0000,0.0000,0,0.0000,1.0000,,0.0000,0.0000,no_calib
62,2.1419,0.0000,0.0000,0.0000,0.0000,0,0.0000,1.0000,,0.0000,0.0000,no_calib
63,2.1672,0.0000,0.0000,0.0000,0.0000,0,0.0000,1.0000,,0.0000,0.0000,no_calib
64,2.1992,0.0000,0.0000,0.0000,0.0000,0,0.0000,1.0000,,0.0000,0.0000,no_calib
65,2.2327,0.0000,0.0000,0.0000,0.0000,0,0.0000,1.0000,,0.0000,0.0000,no_calib
66,2.2657,0.0000,0.0000,0.0000,0.0000,0,0.0000,1.0000,,0.0000,0.0000,no_calib
67,2.2993,0.0000,0.0000,0.0000,0.0000,0,0.0000,1.0000,,0.0000,0.0000,no_calib
68,2.3348,0.0000,0.0000,0.0000,0.0000,0,0.0000,1.0000,,0.0000,0.0000,no_calib
69,2.3688,0.0000,0.0000,0.0000,0.0000,0,0.0000,1.0000,,0.0000,0.0000,no_calib
70,2.3998,0.0000,0.0000,0.0000,0.0000,0,0.0000,1.0000,,0.0000,0.0000,no_calib
71,2.4327,0.0000,0.0000,0.0000,0.0000,0,0.0000,1.0000,,0.0000,0.0000,no_calib
72,2.4656,0.0000,0.0000,0.0000,0.0000,0,0.0000,1.0000,,0.0000,0.0000,no_calib
73,2.4990,0.0000,0.0000,0.0000,0.0000,0,0.0000,1.0000,,0.0000,0.0000,no_calib
74,2.5380,0.0000,0.0000,0.0000,0.0000,0,0.0000,1.0000,,0.0000,0.0000,no_calib
75,2.5651,0.0000,0.0000,0.0000,0.0000,0,0.0000,1.0000,,0.0000,0.0000,no_calib
76,2.5989,0.0000,0.0000,0.0000,0.0000,0,0.0000,1.0000,,0.0000,0.0000,no_calib
77,2.6326,0.0000,0.0000,0.0000,0.0000,0,0.0000,1.0000,,0.0000,0.0000,no_calib
78,2.6652,0.0000,0.0000,0.0000,0.0000,0,0.0000,1.0000,,0.0000,0.0000,no_calib
79,2.7004,0.0000,0.0000,0.0000,0.0000,0,0.0000,1.0000,,0.0000,0.0000,no_calib
80,2.7326,0.0000,0.0000,0.0000,0.0000,0,0.0000,1.0000,,0.0000,0.0000,no_calib
81,2.7656,0.0000,0.0000,0.0000,0.0000,0,0.0000,1.0000,,0.0000,0.0000,no_calib
82,2.7991,0.0000,0.0000,0.0000,0.0000,0,0.0000,1.0000,,0.0000,0.0000,no_calib
83,2.8324,0.0000,0.0000,0.0000,0.0000,0,0.0000,1.0000,,0.0000,0.0000,no_calib
84,2.8694,0.0000,0.0000,0.0000,0.0000,0,0.0000,1.0000,,0.0000,0.0000,no_calib
85,2.8988,0.0000,0.0000,0.0000,0.0000,0,0.0000,1.0000,,0.0000,0.0000,no_calib
86,2.9324,0.0000,0.0000,0.0000,0.0000,0,0.0000,1.0000,,0.0000,0.0000,no_calib
87,2.9659,0.0000,0.0000,0.0000,0.0000,0,0.0000,1.0000,,0.0000,0.0000,no_calib
88,2.9988,0.0000,0.0000,0.0000,0.0000,0,0.0000,1.0000,,0.0000,0.0000,no_calib
89,3.0323,0.0000,0.0000,0.0000,0.0000,0,0.0000,1.0000,,0.0000,0.0000,no_calib
90,3.0658,0.0000,0.0000,0.0000,0.0000,0,0.0000,1.0000,,0.0000,0.0000,no_calib
91,3.1187,0.0000,0.0000,0.0000,0.0000,0,0.0000,1.0000,,0.0000,0.0000,no_calib
92,3.1448,0.0000,0.0000,0.0000,0.0000,0,0.0000,1.0000,,0.0000,0.0000,no_calib
93,3.1690,0.0000,0.0000,0.0000,0.0000,0,0.0000,1.0000,,0.0000,0.0000,no_calib
94,3.1990,0.0000,0.0000,0.0000,0.0000,0,0.0000,1.0000,,0.0000,0.0000,no_calib
95,3.2320,0.0000,0.0000,0.0000,0.0000,0,0.0000,1.0000,,0.0000,0.0000,no_calib
96,3.2659,0.0000,0.0000,0.0000,0.0000,0,0.0000,1.0000,,0.0000,0.0000,no_calib
97,3.2987,0.0000,0.0000,0.0000,0.0000,0,0.0000,1.0000,,0.0000,0.0000,no_calib
98,3.3323,0.0000,0.0000,0.0000,0.0000,0,0.0000,1.0000,,0.0000,0.0000,no_calib
99,3.3656,0.0000,0.0000,0.0000,0.0000,0,0.0000,1.0000,,0.0000,0.0000,no_calib
100,3.3984,0.0000,0.0000,0.0000,0.0000,0,0.0000,1.0000,,0.0000,0.0000,no_calib
101,3.4327,0.0000,0.0000,0.0000,0.0000,0,0.0000,1.0000,,0.0000,0.0000,no_calib
102,3.4658,0.0000,0.0000,0.0000,0.0000,0,0.0000,1.0000,,0.0000,0.0000,no_calib
103,3.4988,0.0000,0.0000,0.0000,0.0000,0,0.0000,1.0000,,0.0000,0.0000,no_calib
104,3.5323,0.0000,0.0000,0.0000,0.0000,0,0.0000,1.0000,,0.0000,0.0000,no_calib
105,3.5656,0.0000,0.0000,0.0000,0.0000,0,0.0000,1.0000,,0.0000,0.0000,no_calib
106,3.5988,0.0000,0.0000,0.0000,0.0000,0,0.0000,1.0000,,0.0000,0.0000,no_calib
107,3.6323,0.0000,0.0000,0.0000,0.0000,0,0.0000,1.0000,,0.0000,0.0000,no_calib
108,3.6657,0.0000,0.0000,0.0000,0.0000,0,0.0000,1.0000,,0.0000,0.0000,no_calib
109,3.6998,0.0000,0.0000,0.0000,0.0000,0,0.0000,1.0000,,0.0000,0.0000,no_calib
110,3.7318,0.0000,0.0000,0.0000,0.0000,0,0.0000,1.0000,,0.0000,0.0000,no_calib
111,3.7656,0.0000,0.0000,0.0000,0.0000,0,0.0000,1.0000,,0.0000,0.0000,no_calib
112,3.7985,0.0000,0.0000,0.0000,0.0000,0,0.0000,1.0000,,0.0000,0.0000,no_calib
113,3.8318,0.0000,0.0000,0.0000,0.0000,0,0.0000,1.0000,,0.0000,0.0000,no_calib
114,3.8656,0.0000,0.0000,0.0000,0.0000,0,0.0000,1.0000,,0.0000,0.0000,no_calib
115,3.8989,0.0000,0.0000,0.0000,0.0000,0,0.0000,1.0000,,0.0000,0.0000,no_calib
116,3.9324,0.0000,0.0000,0.0000,0.0000,0,0.0000,1.0000,,0.0000,0.0000,no_calib
117,3.9655,0.0000,0.0000,0.0000,0.0000,0,0.0000,1.0000,,0.0000,0.0000,no_calib
118,3.9988,0.0000,0.0000,0.0000,0.0000,0,0.0000,1.0000,,0.0000,0.0000,no_calib
119,4.0316,0.0000,0.0000,0.0000,0.0000,0,0.0000,1.0000,,0.0000,0.0000,no_calib
120,4.0654,0.0000,0.0000,0.0000,0.0000,0,0.0000,1.0000,,0.0000,0.0000,no_calib
121,4.1192,0.0000,0.0000,0.0000,0.0000,0,0.0000,1.0000,,0.0000,0.0000,no_calib
122,4.1435,0.0000,0.0000,0.0000,0.0000,0,0.0000,1.0000,,0.0000,0.0000,no_calib
123,4.1676,0.0000,0.0000,0.0000,0.0000,0,0.0000,1.0000,,0.0000,0.0000,no_calib
124,4.1982,0.0000,0.0000,0.0000,0.0000,0,0.0000,1.0000,,0.0000,0.0000,no_calib
125,4.2315,0.0000,0.0000,0.0000,0.0000,0,0.0000,1.0000,,0.0000,0.0000,no_calib
126,4.2655,0.0000,0.0000,0.0000,0.0000,0,0.0000,1.0000,,0.0000,0.0000,no_calib
127,4.2989,0.0000,0.0000,0.0000,0.0000,0,0.0000,1.0000,,0.0000,0.0000,no_calib
128,4.3315,0.0000,0.0000,0.0000,0.0000,0,0.0000,1.0000,,0.0000,0.0000,no_calib
129,4.3653,0.0000,0.0000,0.0000,0.0000,0,0.0000,1.0000,,0.0000,0.0000,no_calib
130,4.3986,0.0000,0.0000,0.0000,0.0000,0,0.0000,1.0000,,0.0000,0.0000,no_calib
131,4.4335,0.0000,0.0000,0.0000,0.0000,0,0.0000,1.0000,,0.0000,0.0000,no_calib
132,4.4659,0.0000,0.0000,0.0000,0.0000,0,0.0000,1.0000,,0.0000,0.0000,no_calib
133,4.4988,0.0000,0.0000,0.0000,0.0000,0,0.0000,1.0000,,0.0000,0.0000,no_calib
134,4.5314,0.0000,0.0000,0.0000,0.0000,0,0.0000,1.0000,,0.0000,0.0000,no_calib
135,4.5648,0.0000,0.0000,0.0000,0.0000,0,0.0000,1.0000,,0.0000,0.0000,no_calib
136,4.5987,0.0000,0.0000,0.0000,0.0000,0,0.0000,1.0000,,0.0000,0.0000,no_calib
137,4.6317,0.0000,0.0000,0.0000,0.0000,0,0.0000,1.0000,,0.0000,0.0000,no_calib
138,4.6648,0.0000,0.0000,0.0000,0.0000,0,0.0000,1.0000,,0.0000,0.0000,no_calib
139,4.6992,0.0000,0.0000,0.0000,0.0000,0,0.0000,1.0000,,0.0000,0.0000,no_calib
140,4.7379,0.0000,0.0000,0.0000,0.0000,0,0.0000,1.0000,,0.0000,0.0000,no_calib
141,4.7648,0.0000,0.0000,0.0000,0.0000,0,0.0000,1.0000,,0.0000,0.0000,no_calib
142,4.7991,0.0000,0.0000,0.0000,0.0000,0,0.0000,1.0000,,0.0000,0.0000,no_calib
143,4.8316,0.0000,0.0000,0.0000,0.0000,0,0.0000,1.0000,,0.0000,0.0000,no_calib
144,4.8664,0.0000,0.0000,0.0000,0.0000,0,0.0000,1.0000,,0.0000,0.0000,no_calib
145,4.8989,0.0000,0.0000,0.0000,0.0000,0,0.0000,1.0000,,0.0000,0.0000,no_calib
146,4.9317,0.0000,0.0000,0.0000,0.0000,0,0.0000,1.0000,,0.0000,0.0000,no_calib
147,4.9651,0.0000,0.0000,0.0000,0.0000,0,0.0000,1.0000,,0.0000,0.0000,no_calib
148,4.9990,0.0000,0.0000,0.0000,0.0000,0,0.0000,1.0000,,0.0000,0.0000,no_calib
149,5.0319,0.0000,0.0000,0.0000,0.0000,0,0.0000,1.0000,,0.0000,0.0000,no_calib
150,5.0648,0.0000,0.0000,0.0000,0.0000,0,0.0000,1.0000,,0.0000,0.0000,no_calib
151,5.1197,0.0000,0.0000,0.0000,0.0000,0,0.0000,1.0000,,0.0000,0.0000,no_calib
152,5.1447,0.0000,0.0000,0.0000,0.0000,0,0.0000,1.0000,,0.0000,0.0000,no_calib
153,5.1681,0.0000,0.0000,0.0000,0.0000,0,0.0000,1.0000,,0.0000,0.0000,no_calib
154,5.1983,0.0000,0.0000,0.0000,0.0000,0,0.0000,1.0000,,0.0000,0.0000,no_calib
155,5.2316,0.0000,0.0000,0.0000,0.0000,0,0.0000,1.0000,,0.0000,0.0000,no_calib
156,5.2645,0.0000,0.0000,0.0000,0.0000,0,0.0000,1.0000,,0.0000,0.0000,no_calib
157,5.2982,0.0000,0.0000,0.0000,0.0000,0,0.0000,1.0000,,0.0000,0.0000,no_calib
158,5.3317,0.0000,0.0000,0.0000,0.0000,0,0.0000,1.0000,,0.0000,0.0000,no_calib
159,5.3686,0.0000,0.0000,0.0000,0.0000,0,0.0000,1.0000,,0.0000,0.0000,no_calib
160,5.3983,0.0000,0.0000,0.0000,0.0000,0,0.0000,1.0000,,0.0000,0.0000,no_calib
161,5.4318,0.0000,0.0000,0.0000,0.0000,0,0.0000,1.0000,,0.0000,0.0000,no_calib
162,5.4648,0.0000,0.0000,0.0000,0.0000,0,0.0000,1.0000,,0.0000,0.0000,no_calib
163,5.4980,0.0000,0.0000,0.0000,0.0000,0,0.0000,1.0000,,0.0000,0.0000,no_calib
164,5.5319,0.0000,0.0000,0.0000,0.0000,0,0.0000,1.0000,,0.0000,0.0000,no_calib
165,5.5645,0.0000,0.0000,0.0000,0.0000,0,0.0000,1.0000,,0.0000,0.0000,no_calib
166,5.5979,0.0000,0.0000,0.0000,0.0000,0,0.0000,1.0000,,0.0000,0.0000,no_calib
167,5.6316,0.0000,0.0000,0.0000,0.0000,0,0.0000,1.0000,,0.0000,0.0000,no_calib
168,5.6644,0.0000,0.0000,0.0000,0.0000,0,0.0000,1.0000,,0.0000,0.0000,no_calib
169,5.6989,0.0000,0.0000,0.0000,0.0000,0,0.0000,1.0000,,0.0000,0.0000,no_calib
170,5.7314,0.0000,0.0000,0.0000,0.0000,0,0.0000,1.0000,,0.0000,0.0000,no_calib
171,5.7649,0.0000,0.0000,0.0000,0.0000,0,0.0000,1.0000,,0.0000,0.0000,no_calib
172,5.7978,0.0000,0.0000,0.0000,0.0000,0,0.0000,1.0000,,0.0000,0.0000,no_calib
173,5.8313,0.0000,0.0000,0.0000,0.0000,0,0.0000,1.0000,,0.0000,0.0000,no_calib
174,5.8648,0.0000,0.0000,0.0000,0.0000,0,0.0000,1.0000,,0.0000,0.0000,no_calib
175,5.8976,0.0000,0.0000,0.0000,0.0000,0,0.0000,1.0000,,0.0000,0.0000,no_calib
176,5.9312,0.0000,0.0000,0.0000,0.0000,0,0.0000,1.0000,,0.0000,0.0000,no_calib
177,5.9647,0.0000,0.0000,0.0000,0.0000,0,0.0000,1.0000,,0.0000,0.0000,no_calib
178,5.9974,0.0000,0.0000,0.0000,0.0000,0,0.0000,1.0000,,0.0000,0.0000,no_calib
179,6.0314,0.0000,0.0000,0.0000,0.0000,0,0.0000,1.0000,,0.0000,0.0000,no_calib
180,6.0644,0.0000,0.0000,0.0000,0.0000,0,0.0000,1.0000,,0.0000,0.0000,no_calib
181,6.1198,0.0000,0.0000,0.0000,0.0000,0,0.0000,1.0000,,0.0000,0.0000,no_calib
182,6.1480,0.0000,0.0000,0.0000,0.0000,0,0.0000,1.0000,,0.0000,0.0000,no_calib
183,6.1738,0.0000,0.0000,0.0000,0.0000,0,0.0000,1.0000,,0.0000,0.0000,no_calib
184,6.1992,0.0000,0.0000,0.0000,0.0000,0,0.0000,1.0000,,0.0000,0.0000,no_calib
185,6.2313,0.0000,0.0000,0.0000,0.0000,0,0.0000,1.0000,,0.0000,0.0000,no_calib
186,6.2647,0.0000,0.0000,0.0000,0.0000,0,0.0000,1.0000,,0.0000,0.0000,no_calib
187,6.2972,0.0000,0.0000,0.0000,0.0000,0,0.0000,1.0000,,0.0000,0.0000,no_calib
188,6.3315,0.0000,0.0000,0.0000,0.0000,0,0.0000,1.0000,,0.0000,0.0000,no_calib
189,6.3648,0.0000,0.0000,0.0000,0.0000,0,0.0000,1.0000,,0.0000,0.0000,no_calib
190,6.3974,0.0000,0.0000,0.0000,0.0000,0,0.0000,1.0000,,0.0000,0.0000,no_calib
191,6.4308,0.0000,0.0000,0.0000,0.0000,0,0.0000,1.0000,,0.0000,0.0000,no_calib
192,6.4651,0.0000,0.0000,0.0000,0.0000,0,0.0000,1.0000,,0.0000,0.0000,no_calib
193,6.4979,0.0000,0.0000,0.0000,0.0000,0,0.0000,1.0000,,0.0000,0.0000,no_calib
194,6.5308,0.0000,0.0000,0.0000,0.0000,0,0.0000,1.0000,,0.0000,0.0000,no_calib
195,6.5645,0.0000,0.0000,0.0000,0.0000,0,0.0000,1.0000,,0.0000,0.0000,no_calib
196,6.5975,0.0000,0.0000,0.0000,0.0000,0,0.0000,1.0000,,0.0000,0.0000,no_calib
197,6.6307,0.0000,0.0000,0.0000,0.0000,0,0.0000,1.0000,,0.0000,0.0000,no_calib
198,6.6646,0.0000,0.0000,0.0000,0.0000,0,0.0000,1.0000,,0.0000,0.0000,no_calib
199,6.6979,0.0000,0.0000,0.0000,0.0000,0,0.0000,1.0000,,0.0000,0.0000,no_calib
200,6.7309,0.0000,0.0000,0.0000,0.0000,0,0.0000,1.0000,,0.0000,0.0000,no_calib
201,6.7646,0.0000,0.0000,0.0000,0.0000,0,0.0000,1.0000,,0.0000,0.0000,no_calib
202,6.7998,0.0000,0.0000,0.0000,0.0000,0,0.0000,1.0000,,0.0000,0.0000,no_calib
203,6.8311,0.0000,0.0000,0.0000,0.0000,0,0.0000,1.0000,,0.0000,0.0000,no_calib
204,6.8644,0.0000,0.0000,0.0000,0.0000,0,0.0000,1.0000,,0.0000,0.0000,no_calib
205,6.8978,0.0000,0.0000,0.0000,0.0000,0,0.0000,1.0000,,0.0000,0.0000,no_calib
206,6.9311,0.0000,0.0000,0.0000,0.0000,0,0.0000,1.0000,,0.0000,0.0000,no_calib
207,6.9642,0.0000,0.0000,0.0000,0.0000,0,0.0000,1.0000,,0.0000,0.0000,no_calib
208,6.9973,0.0000,0.0000,0.0000,0.0000,0,0.0000,1.0000,,0.0000,0.0000,no_calib
209,7.0304,0.0000,0.0000,0.0000,0.0000,0,0.0000,1.0000,,0.0000,0.0000,no_calib
210,7.0644,0.0000,0.0000,0.0000,0.0000,0,0.0000,1.0000,,0.0000,0.0000,no_calib
211,7.1203,0.0000,0.0000,0.0000,0.0000,0,0.0000,1.0000,,0.0000,0.0000,no_calib
212,7.1455,0.0000,0.0000,0.0000,0.0000,0,0.0000,1.0000,,0.0000,0.0000,no_calib
213,7.1707,0.0000,0.0000,0.0000,0.0000,0,0.0000,1.0000,,0.0000,0.0000,no_calib
214,7.1977,0.0000,0.0000,0.0000,0.0000,0,0.0000,1.0000,,0.0000,0.0000,no_calib
215,7.2306,0.0000,0.0000,0.0000,0.0000,0,0.0000,1.0000,,0.0000,0.0000,no_calib
216,7.2643,0.0000,0.0000,0.0000,0.0000,0,0.0000,1.0000,,0.0000,0.0000,no_calib
217,7.2977,0.0000,0.0000,0.0000,0.0000,0,0.0000,1.0000,,0.0000,0.0000,no_calib
218,7.3308,0.0000,0.0000,0.0000,0.0000,0,0.0000,1.0000,,0.0000,0.0000,no_calib
219,7.3640,0.0000,0.0000,0.0000,0.0000,0,0.0000,1.0000,,0.0000,0.0000,no_calib
220,7.3977,0.0000,0.0000,0.0000,0.0000,0,0.0000,1.0000,,0.0000,0.0000,no_calib
221,7.4303,0.0000,0.0000,0.0000,0.0000,0,0.0000,1.0000,,0.0000,0.0000,no_calib
222,7.4639,0.0000,0.0000,0.0000,0.0000,0,0.0000,1.0000,,0.0000,0.0000,no_calib
223,7.4981,0.0000,0.0000,0.0000,0.0000,0,0.0000,1.0000,,0.0000,0.0000,no_calib
224,7.5307,0.0000,0.0000,0.0000,0.0000,0,0.0000,1.0000,,0.0000,0.0000,no_calib
225,7.5639,0.0000,0.0000,0.0000,0.0000,0,0.0000,1.0000,,0.0000,0.0000,no_calib
226,7.5973,0.0000,0.0000,0.0000,0.0000,0,0.0000,1.0000,,0.0000,0.0000,no_calib
227,7.6303,0.0000,0.0000,0.0000,0.0000,0,0.0000,1.0000,,0.0000,0.0000,no_calib
228,7.6637,0.0000,0.0000,0.0000,0.0000,0,0.0000,1.0000,,0.0000,0.0000,no_calib
229,7.6981,0.0000,0.0000,0.0000,0.0000,0,0.0000,1.0000,,0.0000,0.0000,no_calib
230,7.7310,0.0000,0.0000,0.0000,0.0000,0,0.0000,1.0000,,0.0000,0.0000,no_calib
231,7.7639,0.0000,0.0000,0.0000,0.0000,0,0.0000,1.0000,,0.0000,0.0000,no_calib
232,7.7981,0.0000,0.0000,0.0000,0.0000,0,0.0000,1.0000,,0.0000,0.0000,no_calib
233,7.8319,0.0000,0.0000,0.0000,0.0000,0,0.0000,1.0000,,0.0000,0.0000,no_calib
234,7.8637,0.0000,0.0000,0.0000,0.0000,0,0.0000,1.0000,,0.0000,0.0000,no_calib
235,7.8973,0.0000,0.0000,0.0000,0.0000,0,0.0000,1.0000,,0.0000,0.0000,no_calib
236,7.9309,0.0000,0.0000,0.0000,0.0000,0,0.0000,1.0000,,0.0000,0.0000,no_calib
237,7.9635,0.0000,0.0000,0.0000,0.0000,0,0.0000,1.0000,,0.0000,0.0000,no_calib
238,7.9973,0.0000,0.0000,0.0000,0.0000,0,0.0000,1.0000,,0.0000,0.0000,no_calib
239,8.0307,0.0000,0.0000,0.0000,0.0000,0,0.0000,1.0000,,0.0000,0.0000,no_calib
240,8.0639,0.0000,0.0000,0.0000,0.0000,0,0.0000,1.0000,,0.0000,0.0000,no_calib
241,8.1198,0.0000,0.0000,0.0000,0.0000,0,0.0000,1.0000,,0.0000,0.0000,no_calib
242,8.1444,0.0000,0.0000,0.0000,0.0000,0,0.0000,1.0000,,0.0000,0.0000,no_calib
243,8.1698,0.0000,0.0000,0.0000,0.0000,0,0.0000,1.0000,,0.0000,0.0000,no_calib
244,8.1974,0.0000,0.0000,0.0000,0.0000,0,0.0000,1.0000,,0.0000,0.0000,no_calib
245,8.2305,0.0000,0.0000,0.0000,0.0000,0,0.0000,1.0000,,0.0000,0.0000,no_calib
246,8.2635,0.0000,0.0000,0.0000,0.0000,0,0.0000,1.0000,,0.0000,0.0000,no_calib
247,8.2965,0.0000,0.0000,0.0000,0.0000,0,0.0000,1.0000,,0.0000,0.0000,no_calib
248,8.3316,0.0000,0.0000,0.0000,0.0000,0,0.0000,1.0000,,0.0000,0.0000,no_calib
249,8.3634,0.0000,0.0000,0.0000,0.0000,0,0.0000,1.0000,,0.0000,0.0000,no_calib
250,8.3972,0.0000,0.0000,0.0000,0.0000,0,0.0000,1.0000,,0.0000,0.0000,no_calib
251,8.4306,0.0000,0.0000,0.0000,0.0000,0,0.0000,1.0000,,0.0000,0.0000,no_calib
252,8.4640,0.0000,0.0000,0.0000,0.0000,0,0.0000,1.0000,,0.0000,0.0000,no_calib
253,8.4968,0.0000,0.0000,0.0000,0.0000,0,0.0000,1.0000,,0.0000,0.0000,no_calib
254,8.5304,0.0000,0.0000,0.0000,0.0000,0,0.0000,1.0000,,0.0000,0.0000,no_calib
255,8.5636,0.0000,0.0000,0.0000,0.0000,0,0.0000,1.0000,,0.0000,0.0000,no_calib
256,8.5967,0.0000,0.0000,0.0000,0.0000,0,0.0000,1.0000,,0.0000,0.0000,no_calib
257,8.6305,0.0000,0.0000,0.0000,0.0000,0,0.0000,1.0000,,0.0000,0.0000,no_calib
258,8.6634,0.0000,0.0000,0.0000,0.0000,0,0.0000,1.0000,,0.0000,0.0000,no_calib
259,8.6978,0.0000,0.0000,0.0000,0.0000,0,0.0000,1.0000,,0.0000,0.0000,no_calib
260,8.7305,0.0000,0.0000,0.0000,0.0000,0,0.0000,1.0000,,0.0000,0.0000,no_calib
261,8.7634,0.0000,0.0000,0.0000,0.0000,0,0.0000,1.0000,,0.0000,0.0000,no_calib
262,8.7978,0.0000,0.0000,0.0000,0.0000,0,0.0000,1.0000,,0.0000,0.0000,no_calib
263,8.8302,0.0000,0.0000,0.0000,0.0000,0,0.0000,1.0000,,0.0000,0.0000,no_calib
264,8.8631,0.0000,0.0000,0.0000,0.0000,0,0.0000,1.0000,,0.0000,0.0000,no_calib
265,8.8968,0.0000,0.0000,0.0000,0.0000,0,0.0000,1.0000,,0.0000,0.0000,no_calib
266,8.9298,0.0000,0.0000,0.0000,0.0000,0,0.0000,1.0000,,0.0000,0.0000,no_calib
267,8.9636,0.0000,0.0000,0.0000,0.0000,0,0.0000,1.0000,,0.0000,0.0000,no_calib
268,8.9966,0.0000,0.0000,0.0000,0.0000,0,0.0000,1.0000,,0.0000,0.0000,no_calib
269,9.0303,0.0000,0.0000,0.0000,0.0000,0,0.0000,1.0000,,0.0000,0.0000,no_calib
270,10.0816,0.8558,-7.1262,0.8558,-7.1262,333,0.0753,1.0000,0.633892,11.2803,1.3619,low_inlier
271,10.1443,1.9697,-7.0254,1.1138,0.1007,799,0.9988,1.0000,0.633892,-0.1782,1.7347,
272,10.1723,1.9612,-6.7345,-0.0085,0.2910,799,0.9988,1.0000,0.633892,-0.4610,-0.0143,
273,10.1996,1.9895,-6.2560,0.0283,0.4785,797,0.9988,1.0000,0.633892,-0.7589,0.0421,
274,10.2270,1.8563,-6.1653,-0.1332,0.0907,799,0.9988,1.0000,0.633892,-0.1415,-0.2079,
275,10.2542,1.6025,-5.9476,-0.2538,0.2176,798,0.9975,1.0000,0.633892,-0.3407,-0.3962,
276,10.2819,1.8708,-5.8754,0.2682,0.0722,799,0.9988,1.0000,0.633892,-0.1190,0.4175,
277,10.3101,2.2190,-6.0036,0.3483,-0.1282,799,0.9988,1.0000,0.633892,0.1974,0.5430,
278,10.3378,2.4945,-5.9238,0.2755,0.0798,799,0.9988,1.0000,0.633892,-0.1310,0.4288,
279,10.3652,2.1924,-5.8075,-0.3021,0.1164,798,0.9975,1.0000,0.633892,-0.1794,-0.4711,
280,10.3939,2.2583,-5.5034,0.0659,0.3041,799,1.0000,1.0000,0.633892,-0.4830,0.1014,
281,10.4216,2.2404,-5.1688,-0.0179,0.3346,799,0.9988,1.0000,0.633892,-0.5300,-0.0293,
282,10.4514,2.2488,-5.0133,0.0084,0.1555,799,0.9988,1.0000,0.633892,-0.2465,0.0125,
283,10.4838,1.9732,-4.7673,-0.2756,0.2460,798,0.9988,1.0000,0.633892,-0.3853,-0.4303,
284,10.5127,2.0933,-4.5697,0.1201,0.1976,798,0.9988,1.0000,0.633892,-0.3152,0.1863,
285,10.5401,2.2600,-4.3856,0.1667,0.1841,797,0.9962,1.0000,0.633892,-0.2946,0.2590,
286,10.5676,2.6410,-4.2902,0.3810,0.0954,799,0.9988,1.0000,0.633892,-0.1575,0.5930,
287,10.6053,3.1498,-3.9844,0.5088,0.3059,794,0.9975,1.0000,0.633892,-0.4932,0.7913,
288,10.6338,3.2874,-3.8637,0.1376,0.1207,798,0.9975,1.0000,0.633892,-0.1936,0.2139,
289,10.6686,3.6483,-3.7821,0.3610,0.0816,800,1.0000,1.0000,0.633892,-0.1354,0.5620,
290,10.7143,3.9910,-3.7993,0.3427,-0.0173,797,0.9988,1.0000,0.633892,0.0217,0.5338,
291,10.7446,3.9048,-3.4606,-0.0862,0.3387,798,0.9988,1.0000,0.633892,-0.5354,-0.1356,
292,10.7748,3.5745,-3.2226,-0.3304,0.2380,796,0.9962,1.0000,0.633892,-0.3718,-0.5156,
293,10.8036,3.6379,-2.9618,0.0635,0.2607,798,0.9987,1.0000,0.633892,-0.4143,0.0978,
294,10.8407,3.8118,-2.9690,0.1739,-0.0071,800,1.0000,1.0000,0.633892,0.0084,0.2709,
295,10.8683,3.9530,-2.8722,0.1412,0.0967,794,0.9938,1.0000,0.633892,-0.1557,0.2195,
296,10.9014,3.9152,-2.7292,-0.0378,0.1431,798,0.9988,1.0000,0.633892,-0.2261,-0.0594,
297,10.9415,4.2295,-2.6120,0.3143,0.1172,796,0.9962,1.0000,0.633892,-0.1910,0.4891,
298,10.9690,4.2615,-2.4004,0.0320,0.2115,797,0.9975,1.0000,0.633892,-0.3358,0.0490,
299,10.9999,4.5438,-2.3168,0.2823,0.0836,798,0.9975,1.0000,0.633892,-0.1372,0.4395,
300,11.0304,4.6109,-2.3791,0.0671,-0.0623,799,0.9988,1.0000,0.633892,0.0977,0.1048,
301,11.0858,4.6468,-2.3164,0.0359,0.0627,797,0.9975,1.0000,0.633892,-0.1000,0.0556,
302,11.1150,4.9266,-2.1843,0.2798,0.1321,793,0.9988,1.0000,0.633892,-0.2140,0.4353,
303,11.1431,4.7332,-2.1733,-0.1935,0.0111,800,1.0000,1.0000,0.633892,-0.0143,-0.3014,
304,11.1722,4.5464,-2.1474,-0.1868,0.0259,799,0.9988,1.0000,0.633892,-0.0379,-0.2910,
305,11.2000,4.6054,-2.2217,0.0590,-0.0743,798,0.9975,1.0000,0.633892,0.1168,0.0922,
306,11.2272,4.5541,-2.2463,-0.0513,-0.0246,799,0.9988,1.0000,0.633892,0.0399,-0.0798,
307,11.2590,4.7771,-2.3425,0.2230,-0.0962,797,0.9962,1.0000,0.633892,0.1488,0.3478,
308,11.2927,5.0561,-2.4294,0.2790,-0.0869,799,0.9988,1.0000,0.633892,0.1331,0.4349,
309,11.3197,4.9608,-2.5657,-0.0953,-0.1363,798,0.9975,1.0000,0.633892,0.2177,-0.1479,
310,11.3472,4.9386,-2.7553,-0.0222,-0.1895,798,0.9988,1.0000,0.633892,0.3008,-0.0338,
311,11.3756,5.2402,-2.8593,0.3016,-0.1040,798,0.9975,1.0000,0.633892,0.1599,0.4702,
312,11.4041,5.5153,-3.0344,0.2751,-0.1750,800,1.0000,1.0000,0.633892,0.2728,0.4293,
313,11.4313,5.5738,-2.8081,0.0585,0.2262,795,0.9950,1.0000,0.633892,-0.3596,0.0902,
314,11.4589,5.3609,-2.6362,-0.2129,0.1719,798,0.9975,1.0000,0.633892,-0.2690,-0.3323,
315,11.4865,5.2992,-2.5669,-0.0617,0.0693,797,0.9962,1.0000,0.633892,-0.1088,-0.0964,
316,11.5138,5.3062,-2.5772,0.0070,-0.0103,800,1.0000,1.0000,0.633892,0.0161,0.0110,
317,11.5404,5.4695,-2.6168,0.1633,-0.0397,798,0.9975,1.0000,0.633892,0.0602,0.2545,
318,11.5675,5.9016,-2.7768,0.4321,-0.1600,799,0.9988,1.0000,0.633892,0.2463,0.6737,
319,11.5960,6.0463,-3.3094,0.1447,-0.5326,798,0.9975,1.0000,0.633892,0.8418,0.2276,
320,11.6298,6.0578,-3.4608,0.0115,-0.1513,799,0.9988,1.0000,0.633892,0.2397,0.0185,
321,11.6569,6.1640,-3.4149,0.1062,0.0458,799,0.9988,1.0000,0.633892,-0.0744,0.1652,
322,11.6842,6.3260,-3.5695,0.1620,-0.1546,798,0.9975,1.0000,0.633892,0.2423,0.2530,
323,11.7167,6.1449,-3.5530,-0.1811,0.0165,799,0.9988,1.0000,0.633892,-0.0232,-0.2822,
324,11.7465,6.0525,-3.5524,-0.0924,0.0005,799,0.9988,1.0000,0.633892,0.0007,-0.1439,
325,11.7750,6.1514,-3.6476,0.0989,-0.0952,799,0.9988,1.0000,0.633892,0.1492,0.1544,
326,11.8024,6.2087,-3.6609,0.0573,-0.0133,798,0.9975,1.0000,0.633892,0.0201,0.0893,
327,11.8320,6.0940,-3.6144,-0.1147,0.0465,800,1.0000,1.0000,0.633892,-0.0718,-0.1788,
328,11.8599,6.0196,-3.6908,-0.0744,-0.0764,798,0.9975,1.0000,0.633892,0.1223,-0.1156,
329,11.8871,6.1042,-3.8147,0.0846,-0.1239,798,0.9975,1.0000,0.633892,0.1950,0.1322,
330,11.9147,6.1565,-3.9597,0.0523,-0.1450,798,0.9988,1.0000,0.633892,0.2289,0.0821,
331,11.9660,6.3022,-4.1426,0.1456,-0.1830,800,1.0000,1.0000,0.633892,0.2876,0.2276,
332,11.9934,6.1958,-4.1108,-0.1064,0.0318,800,1.0000,1.0000,0.633892,-0.0487,-0.1658,
333,12.0202,6.2475,-4.0803,0.0517,0.0306,800,1.0000,1.0000,0.633892,-0.0493,0.0804,
334,12.0470,6.6218,-4.0652,0.3743,0.0151,799,0.9988,1.0000,0.633892,-0.0302,0.5830,
335,12.0747,6.4978,-4.0022,-0.1240,0.0630,800,1.0000,1.0000,0.633892,-0.0978,-0.1935,
336,12.1014,6.3889,-4.0550,-0.1090,-0.0528,799,0.9988,1.0000,0.633892,0.0855,-0.1695,
337,12.1288,6.3774,-3.8743,-0.0114,0.1807,799,0.9988,1.0000,0.633892,-0.2862,-0.0185,
338,12.1557,6.2859,-3.8385,-0.0915,0.0358,800,1.0000,1.0000,0.633892,-0.0551,-0.1427,
339,12.1859,6.6830,-3.9968,0.3971,-0.1583,800,1.0000,1.0000,0.633892,0.2443,0.6192,
340,12.2141,6.7422,-4.0165,0.0592,-0.0196,800,1.0000,1.0000,0.633892,0.0302,0.0923,
341,12.2404,6.6732,-4.0026,-0.0691,0.0139,800,1.0000,1.0000,0.633892,-0.0209,-0.1076,
342,12.2667,6.9289,-4.3058,0.2557,-0.3032,800,1.0000,1.0000,0.633892,0.4764,0.3996,
343,12.2938,6.9764,-4.2013,0.0475,0.1045,799,0.9988,1.0000,0.633892,-0.1664,0.0735,
344,12.3206,6.8307,-4.2229,-0.1457,-0.0216,800,1.0000,1.0000,0.633892,0.0367,-0.2268,
345,12.3472,6.8248,-4.1313,-0.0059,0.0916,800,1.0000,1.0000,0.633892,-0.1451,-0.0096,
346,12.3736,6.5889,-4.0014,-0.2359,0.1299,800,1.0000,1.0000,0.633892,-0.2020,-0.3680,
347,12.4003,6.5834,-4.0779,-0.0055,-0.0764,800,1.0000,1.0000,0.633892,0.1212,-0.0082,
348,12.4349,6.7453,-4.1544,0.1619,-0.0765,798,0.9988,1.0000,0.633892,0.1186,0.2525,
349,12.4645,6.8721,-4.1581,0.1267,-0.0038,799,0.9988,1.0000,0.633892,0.0038,0.1974,
350,12.4935,6.9728,-4.1917,0.1007,-0.0336,800,1.0000,1.0000,0.633892,0.0516,0.1570,
351,12.5239,6.9784,-4.2621,0.0057,-0.0703,800,1.0000,1.0000,0.633892,0.1114,0.0091,
352,12.5503,7.0788,-4.3633,0.1004,-0.1013,800,1.0000,1.0000,0.633892,0.1588,0.1568,
353,12.5771,7.5872,-4.6530,0.5084,-0.2897,800,1.0000,1.0000,0.633892,0.4507,0.7931,
354,12.6041,7.7479,-4.7447,0.1606,-0.0917,793,1.0000,1.0000,0.633892,0.1426,0.2506,
355,12.6314,7.4934,-4.6028,-0.2545,0.1419,800,1.0000,1.0000,0.633892,-0.2206,-0.3970,
356,12.6607,7.6746,-4.6968,0.1812,-0.0940,800,1.0000,1.0000,0.633892,0.1460,0.2826,
357,12.6903,7.7099,-4.8411,0.0354,-0.1443,800,1.0000,1.0000,0.633892,0.2281,0.0557,
358,12.7170,7.6538,-4.7225,-0.0562,0.1185,799,0.9988,1.0000,0.633892,-0.1870,-0.0880,
359,12.7438,7.7666,-4.5785,0.1129,0.1440,800,1.0000,1.0000,0.633892,-0.2301,0.1752,
360,12.7707,8.0033,-4.8669,0.2367,-0.2884,800,1.0000,1.0000,0.633892,0.4532,0.3698,
361,12.8221,8.2399,-4.9969,0.2366,-0.1300,745,0.9962,1.0000,0.633892,0.2021,0.3691,
362,12.8589,7.8018,-4.6489,-0.4381,0.3480,798,0.9975,1.0000,0.633892,-0.5443,-0.6839,
363,12.8880,7.4009,-4.6586,-0.4009,-0.0097,760,0.9925,1.0000,0.633892,0.0221,-0.6244,
364,12.9155,7.8762,-4.7634,0.4753,-0.1048,795,0.9975,1.0000,0.633892,0.1581,0.7408,
365,12.9427,7.9824,-4.6796,0.1062,0.0837,799,0.9988,1.0000,0.633892,-0.1345,0.1651,
366,12.9695,7.6166,-4.6405,-0.3658,0.0392,799,0.9988,1.0000,0.633892,-0.0560,-0.5700,
367,12.9965,7.5861,-4.8579,-0.0305,-0.2175,799,0.9988,1.0000,0.633892,0.3452,-0.0467,
368,13.0241,7.8734,-5.0252,0.2873,-0.1672,751,0.9988,1.0000,0.633892,0.2603,0.4483,
369,13.0531,7.5277,-4.9931,-0.3457,0.0320,799,0.9988,1.0000,0.633892,-0.0450,-0.5387,
370,13.0817,7.3993,-4.9305,-0.1284,0.0627,799,0.9988,1.0000,0.633892,-0.0972,-0.2003,
371,13.1098,7.5944,-5.0015,0.1951,-0.0710,798,0.9975,1.0000,0.633892,0.1093,0.3042,
372,13.1370,7.5230,-5.2275,-0.0714,-0.2260,799,0.9988,1.0000,0.633892,0.3594,-0.1103,
373,13.1671,7.8137,-5.3969,0.2907,-0.1694,799,0.9988,1.0000,0.633892,0.2636,0.4536,
374,13.1946,7.8989,-5.4323,0.0852,-0.0355,797,0.9988,1.0000,0.633892,0.0548,0.1328,
375,13.2313,7.8087,-5.2974,-0.0902,0.1349,798,0.9975,1.0000,0.633892,-0.2123,-0.1410,
376,13.2594,7.9314,-5.2625,0.1227,0.0350,799,0.9988,1.0000,0.633892,-0.0574,0.1909,
377,13.2861,8.2707,-5.3463,0.3393,-0.0839,799,0.9988,1.0000,0.633892,0.1273,0.5288,
378,13.3169,8.4562,-5.3720,0.1855,-0.0257,799,0.9988,1.0000,0.633892,0.0376,0.2891,
379,13.3442,8.5957,-5.5097,0.1396,-0.1377,799,0.9988,1.0000,0.633892,0.2159,0.2180,
380,13.3713,8.9104,-5.6456,0.3147,-0.1359,799,0.9988,1.0000,0.633892,0.2102,0.4908,
381,13.3985,9.1046,-5.7788,0.1941,-0.1332,799,0.9988,1.0000,0.633892,0.2079,0.3029,
382,13.4319,9.2407,-5.8462,0.1361,-0.0674,799,0.9988,1.0000,0.633892,0.1045,0.2123,
383,13.4719,9.2351,-5.7837,-0.0056,0.0625,799,0.9988,1.0000,0.633892,-0.0990,-0.0090,
384,13.5030,9.6674,-5.9827,0.4323,-0.1990,799,0.9988,1.0000,0.633892,0.3083,0.6742,
385,13.5309,10.3141,-6.2944,0.6467,-0.3117,799,0.9988,1.0000,0.633892,0.4833,1.0086,
386,13.5588,10.3835,-6.3398,0.0694,-0.0453,798,0.9975,1.0000,0.633892,0.0707,0.1083,
387,13.5859,10.3702,-6.2914,-0.0133,0.0484,799,0.9988,1.0000,0.633892,-0.0765,-0.0210,
388,13.6165,10.7811,-6.4278,0.4110,-0.1364,799,0.9988,1.0000,0.633892,0.2094,0.6408,
389,13.6444,10.8699,-6.3739,0.0887,0.0539,798,0.9988,1.0000,0.633892,-0.0869,0.1380,
390,13.6811,10.9503,-6.3208,0.0804,0.0531,794,0.9962,1.0000,0.633892,-0.0856,0.1251,
391,13.7339,11.3472,-6.4391,0.3970,-0.1184,800,1.0000,1.0000,0.633892,0.1810,0.6188,
392,13.7611,11.0912,-6.4501,-0.2561,-0.0109,800,1.0000,1.0000,0.633892,0.0216,-0.3988,
393,13.7881,10.9450,-6.3531,-0.1462,0.0970,800,1.0000,1.0000,0.633892,-0.1513,-0.2281,
394,13.8150,11.1427,-6.5075,0.1977,-0.1545,798,0.9988,1.0000,0.633892,0.2415,0.3086,
395,13.8521,11.2016,-6.5438,0.0589,-0.0363,798,0.9975,1.0000,0.633892,0.0565,0.0918,
396,13.8831,10.7608,-6.2182,-0.4408,0.3256,799,1.0000,1.0000,0.633892,-0.5087,-0.6880,
397,13.9110,10.5992,-6.4016,-0.1616,-0.1833,791,0.9962,1.0000,0.633892,0.2933,-0.2510,
398,13.9385,10.9982,-6.4942,0.3990,-0.0926,797,1.0000,1.0000,0.633892,0.1402,0.6219,
399,13.9658,10.6328,-6.2919,-0.3653,0.2023,800,1.0000,1.0000,0.633892,-0.3146,-0.5699,
400,13.9933,10.1061,-6.0104,-0.5267,0.2815,798,0.9988,1.0000,0.633892,-0.4373,-0.8216,
401,14.0206,10.0732,-6.0389,-0.0329,-0.0285,797,0.9988,1.0000,0.633892,0.0458,-0.0511,
402,14.0474,10.4700,-5.9803,0.3967,0.0587,799,1.0000,1.0000,0.633892,-0.0996,0.6177,
403,14.0746,10.2672,-5.7617,-0.2027,0.2186,800,1.0000,1.0000,0.633892,-0.3430,-0.3167,
404,14.1017,10.3755,-5.6468,0.1083,0.1149,797,0.9975,1.0000,0.633892,-0.1839,0.1682,
405,14.1306,10.9068,-5.7069,0.5313,-0.0601,799,1.0000,1.0000,0.633892,0.0864,0.8279,
406,14.1603,11.3894,-6.1057,0.4826,-0.3988,800,1.0000,1.0000,0.633892,0.6241,0.7534,
407,14.1877,11.6671,-6.2647,0.2777,-0.1590,800,1.0000,1.0000,0.633892,0.2473,0.4333,
408,14.2149,11.8090,-6.4748,0.1419,-0.2101,800,1.0000,1.0000,0.633892,0.3306,0.2218,
409,14.2427,12.0081,-6.7791,0.1991,-0.3043,800,1.0000,1.0000,0.633892,0.4790,0.3113,
410,14.2702,12.1006,-7.0629,0.0926,-0.2838,716,0.9275,1.0000,0.633892,0.4482,0.1454,
411,14.2980,12.4430,-7.2819,0.3423,-0.2191,771,0.9838,1.0000,0.633892,0.3415,0.5341,
412,14.3262,12.9080,-7.8353,0.4650,-0.5534,722,0.9087,1.0000,0.633892,0.8693,0.7266,
413,14.3596,12.8452,-7.7877,-0.0628,0.0475,800,1.0000,1.0000,0.633892,-0.0743,-0.0980,
414,14.3933,12.9946,-7.6798,0.1494,0.1080,794,0.9950,1.0000,0.633892,-0.1736,0.2323,
415,14.4263,13.3433,-7.8060,0.3486,-0.1262,775,1.0000,1.0000,0.633892,0.1942,0.5436,
416,14.4598,13.1382,-7.6823,-0.2051,0.1237,799,0.9988,1.0000,0.633892,-0.1926,-0.3199,
417,14.4928,13.2354,-7.5239,0.0972,0.1583,798,0.9988,1.0000,0.633892,-0.2526,0.1507,
418,14.5262,13.3813,-7.5255,0.1459,-0.0015,800,1.0000,1.0000,0.633892,0.0000,0.2273,
419,14.5596,13.4996,-7.4964,0.1183,0.0291,798,0.9975,1.0000,0.633892,-0.0481,0.1842,
420,14.5933,13.4985,-7.5373,-0.0011,-0.0409,790,1.0000,1.0000,0.633892,0.0648,-0.0015,
421,14.6449,13.6351,-7.7019,0.1366,-0.1646,799,0.9988,1.0000,0.633892,0.2586,0.2134,
422,14.6722,13.9692,-7.7325,0.3341,-0.0306,791,0.9975,1.0000,0.633892,0.0430,0.5206,
423,14.6995,13.8015,-7.6697,-0.1677,0.0628,800,1.0000,1.0000,0.633892,-0.0968,-0.2615,
424,14.7268,13.7001,-7.7109,-0.1014,-0.0413,798,0.9975,1.0000,0.633892,0.0671,-0.1578,
425,14.7597,13.8095,-7.6319,0.1095,0.0790,798,0.9975,1.0000,0.633892,-0.1270,0.1702,
426,14.7928,13.9809,-7.5588,0.1714,0.0731,798,0.9975,1.0000,0.633892,-0.1187,0.2667,
427,14.8266,13.9092,-7.4583,-0.0717,0.1005,799,0.9988,1.0000,0.633892,-0.1581,-0.1121,
428,14.8598,13.9225,-7.5143,0.0133,-0.0560,799,0.9988,1.0000,0.633892,0.0886,0.0209,
429,14.8928,13.8927,-7.5858,-0.0298,-0.0714,798,0.9975,1.0000,0.633892,0.1137,-0.0462,
430,14.9260,13.8542,-7.5364,-0.0384,0.0493,797,0.9962,1.0000,0.633892,-0.0776,-0.0601,
431,14.9594,13.9666,-7.4875,0.1124,0.0489,799,0.9988,1.0000,0.633892,-0.0794,0.1748,
432,14.9929,13.8690,-7.3205,-0.0976,0.1669,798,0.9975,1.0000,0.633892,-0.2630,-0.1527,
433,15.0272,13.6677,-7.3802,-0.2013,-0.0597,797,0.9962,1.0000,0.633892,0.0980,-0.3133,
434,15.0595,13.7694,-7.3047,0.1017,0.0755,792,0.9975,1.0000,0.633892,-0.1214,0.1581,
435,15.0927,13.5367,-7.2221,-0.2327,0.0827,799,0.9988,1.0000,0.633892,-0.1271,-0.3629,
436,15.1264,13.2839,-7.0872,-0.2527,0.1349,799,0.9988,1.0000,0.633892,-0.2096,-0.3942,
437,15.1598,13.3484,-7.2678,0.0644,-0.1806,800,1.0000,1.0000,0.633892,0.2852,0.1011,
438,15.1929,13.4400,-7.2527,0.0916,0.0151,799,0.9988,1.0000,0.633892,-0.0255,0.1427,
439,15.2263,13.3781,-7.2444,-0.0619,0.0084,798,0.9975,1.0000,0.633892,-0.0122,-0.0964,
440,15.2596,13.4901,-7.3177,0.1120,-0.0734,799,0.9988,1.0000,0.633892,0.1144,0.1747,
441,15.2926,13.4218,-7.2139,-0.0683,0.1039,800,1.0000,1.0000,0.633892,-0.1635,-0.1068,
442,15.3321,12.8416,-6.8475,-0.5802,0.3663,799,0.9988,1.0000,0.633892,-0.5710,-0.9053,
443,15.3606,12.8446,-6.6155,0.0030,0.2321,800,1.0000,1.0000,0.633892,-0.3679,0.0037,
444,15.3927,13.1719,-6.7116,0.3273,-0.0961,799,0.9988,1.0000,0.633892,0.1469,0.5103,
445,15.4262,13.1051,-6.5677,-0.0668,0.1439,799,0.9988,1.0000,0.633892,-0.2269,-0.1047,
446,15.4592,13.0231,-6.5049,-0.0820,0.0628,798,0.9975,1.0000,0.633892,-0.0982,-0.1279,
447,15.4929,12.9829,-6.5370,-0.0402,-0.0321,799,0.9988,1.0000,0.633892,0.0516,-0.0625,
448,15.5257,12.9696,-6.4894,-0.0133,0.0476,800,1.0000,1.0000,0.633892,-0.0752,-0.0209,
449,15.5591,12.8382,-6.3212,-0.1314,0.1682,799,0.9988,1.0000,0.633892,-0.2643,-0.2054,
450,15.5926,13.0464,-6.2934,0.2082,0.0278,800,1.0000,1.0000,0.633892,-0.0475,0.3242,
451,15.6437,13.1133,-6.4668,0.0669,-0.1734,800,1.0000,1.0000,0.633892,0.2737,0.1049,
452,15.6708,12.9456,-6.4242,-0.1677,0.0426,800,1.0000,1.0000,0.633892,-0.0648,-0.2614,
453,15.6976,12.9823,-6.3919,0.0367,0.0323,800,1.0000,1.0000,0.633892,-0.0518,0.0571,
454,15.7264,13.1611,-6.4525,0.1788,-0.0606,800,1.0000,1.0000,0.633892,0.0931,0.2788,
455,15.7592,13.1703,-6.4585,0.0091,-0.0060,800,1.0000,1.0000,0.633892,0.0093,0.0142,
456,15.7930,13.1931,-6.2833,0.0228,0.1752,800,1.0000,1.0000,0.633892,-0.2781,0.0349,
457,15.8261,13.1915,-6.4965,-0.0016,-0.2132,799,1.0000,1.0000,0.633892,0.3380,-0.0016,
458,15.8590,13.2484,-6.3079,0.0568,0.1886,800,1.0000,1.0000,0.633892,-0.2999,0.0878,
459,15.8924,12.7902,-6.0098,-0.4582,0.2981,796,1.0000,1.0000,0.633892,-0.4649,-0.7150,
460,15.9260,12.9219,-6.0558,0.1317,-0.0460,800,1.0000,1.0000,0.633892,0.0708,0.2053,
461,15.9599,13.3621,-6.0308,0.4402,0.0250,800,1.0000,1.0000,0.633892,-0.0469,0.6857,
462,15.9925,13.2607,-5.9282,-0.1014,0.1027,799,1.0000,1.0000,0.633892,-0.1610,-0.1584,
463,16.0260,12.7807,-6.0259,-0.4800,-0.0977,800,1.0000,1.0000,0.633892,0.1629,-0.7473,
464,16.0596,13.0388,-6.1342,0.2581,-0.1083,799,1.0000,1.0000,0.633892,0.1673,0.4024,
465,16.0929,12.9197,-5.9703,-0.1191,0.1639,800,1.0000,1.0000,0.633892,-0.2578,-0.1861,
466,16.1258,12.6189,-5.8129,-0.3008,0.1574,800,1.0000,1.0000,0.633892,-0.2445,-0.4693,
467,16.1593,12.4828,-5.7067,-0.1361,0.1062,800,1.0000,1.0000,0.633892,-0.1661,-0.2125,
468,16.1929,12.6456,-5.9097,0.1628,-0.2030,800,1.0000,1.0000,0.633892,0.3191,0.2545,
469,16.2258,12.6920,-6.0433,0.0465,-0.1336,800,1.0000,1.0000,0.633892,0.2110,0.0729,
470,16.2594,12.4013,-5.8612,-0.2907,0.1821,800,1.0000,1.0000,0.633892,-0.2838,-0.4536,
471,16.2930,12.1233,-5.7673,-0.2780,0.0939,800,1.0000,1.0000,0.633892,-0.1442,-0.4334,
472,16.3258,12.1531,-5.5975,0.0297,0.1698,800,1.0000,1.0000,0.633892,-0.2697,0.0456,
473,16.3587,12.2043,-5.5645,0.0513,0.0330,800,1.0000,1.0000,0.633892,-0.0531,0.0797,
474,16.3922,12.1783,-5.6309,-0.0261,-0.0664,800,1.0000,1.0000,0.633892,0.1057,-0.0403,
475,16.4259,12.2872,-5.7821,0.1089,-0.1512,800,1.0000,1.0000,0.633892,0.2379,0.1703,
476,16.4587,12.4282,-5.8715,0.1410,-0.0894,800,1.0000,1.0000,0.633892,0.1393,0.2200,
477,16.4927,12.4116,-5.9515,-0.0166,-0.0800,800,1.0000,1.0000,0.633892,0.1271,-0.0256,
478,16.5257,12.5456,-5.9653,0.1340,-0.0138,800,1.0000,1.0000,0.633892,0.0196,0.2088,
479,16.5627,12.8709,-6.1349,0.3253,-0.1696,800,1.0000,1.0000,0.633892,0.2634,0.5074,
480,16.5926,13.2176,-6.3175,0.3467,-0.1826,800,1.0000,1.0000,0.633892,0.2836,0.5408,
481,16.6444,13.1646,-6.3681,-0.0530,-0.0506,799,0.9988,1.0000,0.633892,0.0811,-0.0823,
482,16.6716,13.1111,-6.1838,-0.0535,0.1843,799,0.9988,1.0000,0.633892,-0.2913,-0.0841,
483,16.6988,12.7098,-6.0311,-0.4013,0.1526,754,0.9988,1.0000,0.633892,-0.2353,-0.6258,
484,16.7267,13.0180,-6.1969,0.3082,-0.1657,798,0.9975,1.0000,0.633892,0.2575,0.4807,
485,16.7587,13.4897,-6.2063,0.4717,-0.0095,800,1.0000,1.0000,0.633892,0.0072,0.7349,
486,16.7918,13.1995,-6.0372,-0.2902,0.1691,795,0.9988,1.0000,0.633892,-0.2632,-0.4527,
487,16.8252,13.1745,-6.0880,-0.0250,-0.0508,799,1.0000,1.0000,0.633892,0.0809,-0.0387,
488,16.8588,13.6031,-6.2133,0.4286,-0.1253,799,1.0000,1.0000,0.633892,0.1914,0.6681,
489,16.8920,13.8094,-6.1961,0.2063,0.0172,800,1.0000,1.0000,0.633892,-0.0308,0.3213,
490,16.9256,13.5041,-6.1128,-0.3053,0.0833,799,1.0000,1.0000,0.633892,-0.1269,-0.4759,
491,16.9588,13.6513,-6.0714,0.1472,0.0414,799,0.9988,1.0000,0.633892,-0.0680,0.2292,
492,16.9919,13.6777,-6.2280,0.0263,-0.1565,800,1.0000,1.0000,0.633892,0.2476,0.0417,
493,17.0256,13.3595,-6.1844,-0.3182,0.0435,800,1.0000,1.0000,0.633892,-0.0637,-0.4959,
494,17.0587,13.7043,-6.1404,0.3448,0.0440,800,1.0000,1.0000,0.633892,-0.0754,0.5369,
495,17.0919,13.8757,-5.8485,0.1715,0.2919,793,1.0000,1.0000,0.633892,-0.4655,0.2659,
496,17.1257,13.2992,-5.5239,-0.5765,0.3246,793,0.9988,1.0000,0.633892,-0.5049,-0.8994,
497,17.1587,13.5630,-5.5304,0.2638,-0.0065,800,1.0000,1.0000,0.633892,0.0059,0.4109,
498,17.1918,14.0892,-5.6700,0.5262,-0.1396,799,1.0000,1.0000,0.633892,0.2126,0.8203,
499,17.2253,14.1371,-5.7256,0.0480,-0.0556,799,0.9988,1.0000,0.633892,0.0873,0.0749,
500,17.2586,14.1889,-5.6965,0.0518,0.0291,800,1.0000,1.0000,0.633892,-0.0471,0.0806,
501,17.2922,14.3874,-5.8732,0.1984,-0.1767,800,1.0000,1.0000,0.633892,0.2768,0.3098,
502,17.3252,14.4265,-5.8063,0.0392,0.0669,800,1.0000,1.0000,0.633892,-0.1067,0.0607,
503,17.3590,14.5688,-5.7679,0.1423,0.0384,799,0.9988,1.0000,0.633892,-0.0632,0.2215,
504,17.3918,14.5217,-5.9825,-0.0471,-0.2146,800,1.0000,1.0000,0.633892,0.3409,-0.0725,
505,17.4254,14.6574,-5.8654,0.1357,0.1170,799,0.9988,1.0000,0.633892,-0.1878,0.2109,
506,17.4587,14.4437,-5.8793,-0.2138,-0.0139,800,1.0000,1.0000,0.633892,0.0256,-0.3329,
507,17.4920,14.6711,-5.8451,0.2274,0.0342,800,1.0000,1.0000,0.633892,-0.0580,0.3542,
508,17.5251,14.8392,-5.8799,0.1681,-0.0348,800,1.0000,1.0000,0.633892,0.0523,0.2620,
509,17.5588,14.5108,-5.7284,-0.3285,0.1515,800,1.0000,1.0000,0.633892,-0.2347,-0.5123,
510,17.5920,14.5458,-5.7833,0.0350,-0.0550,797,1.0000,1.0000,0.633892,0.0865,0.0548,
511,17.6433,14.7013,-5.8064,0.1555,-0.0230,794,1.0000,1.0000,0.633892,0.0339,0.2423,
512,17.6706,14.6188,-5.5459,-0.0825,0.2604,800,1.0000,1.0000,0.633892,-0.4114,-0.1296,
513,17.6978,14.6686,-5.3566,0.0499,0.1893,799,0.9988,1.0000,0.633892,-0.3009,0.0769,
514,17.7262,14.5107,-5.4129,-0.1579,-0.0563,799,0.9988,1.0000,0.633892,0.0919,-0.2458,
515,17.7591,14.8063,-5.3695,0.2956,0.0434,797,1.0000,1.0000,0.633892,-0.0738,0.4604,
516,17.7919,15.0042,-5.4177,0.1978,-0.0482,794,1.0000,1.0000,0.633892,0.0730,0.3083,
517,17.8257,14.6553,-5.2304,-0.3489,0.1873,800,1.0000,1.0000,0.633892,-0.2910,-0.5442,
518,17.8585,14.6286,-5.1099,-0.0267,0.1205,800,1.0000,1.0000,0.633892,-0.1905,-0.0420,
519,17.8920,14.9289,-5.1146,0.3003,-0.0046,800,1.0000,1.0000,0.633892,0.0023,0.4679,
520,17.9253,14.7680,-4.9973,-0.1609,0.1173,796,0.9950,1.0000,0.633892,-0.1832,-0.2511,
521,17.9586,14.8712,-4.9636,0.1031,0.0337,800,1.0000,1.0000,0.633892,-0.0552,0.1605,
522,17.9919,15.1606,-4.9410,0.2894,0.0225,799,1.0000,1.0000,0.633892,-0.0405,0.4508,
523,18.0251,15.1247,-4.8787,-0.0359,0.0624,800,1.0000,1.0000,0.633892,-0.0982,-0.0561,
524,18.0588,15.1797,-4.9330,0.0549,-0.0543,799,1.0000,1.0000,0.633892,0.0851,0.0858,
525,18.0919,15.1894,-4.8977,0.0098,0.0353,800,1.0000,1.0000,0.633892,-0.0561,0.0151,
526,18.1252,15.0129,-4.8966,-0.1765,0.0011,800,1.0000,1.0000,0.633892,0.0013,-0.2750,
527,18.1585,14.7290,-4.5991,-0.2840,0.2975,799,0.9988,1.0000,0.633892,-0.4669,-0.4435,
528,18.1922,14.3083,-4.4443,-0.4207,0.1548,799,0.9988,1.0000,0.633892,-0.2384,-0.6560,
529,18.2249,14.3494,-4.2506,0.0411,0.1937,800,1.0000,1.0000,0.633892,-0.3076,0.0633,
530,18.2581,14.3936,-4.4376,0.0443,-0.1870,800,1.0000,1.0000,0.633892,0.2957,0.0697,
531,20.4887,13.3342,-4.3467,-1.0595,0.0909,667,0.3383,1.0000,0.633892,-0.1265,-1.6508,low_inlier
532,20.5185,13.4013,-4.5373,0.0671,-0.1906,800,1.0000,1.0000,0.633892,0.3010,0.1053,
533,20.5477,13.4695,-4.5777,0.0682,-0.0404,800,1.0000,1.0000,0.633892,0.0629,0.1065,
534,20.5759,13.3045,-4.4948,-0.1650,0.0828,799,1.0000,1.0000,0.633892,-0.1285,-0.2574,
535,20.6041,13.3903,-4.5329,0.0858,-0.0380,800,1.0000,1.0000,0.633892,0.0589,0.1338,
536,20.6319,13.1054,-4.4657,-0.2849,0.0672,800,1.0000,1.0000,0.633892,-0.1018,-0.4441,
537,20.6602,12.7836,-4.4883,-0.3218,-0.0227,798,1.0000,1.0000,0.633892,0.0413,-0.5011,
538,20.6887,12.9279,-4.5256,0.1443,-0.0373,800,1.0000,1.0000,0.633892,0.0567,0.2250,
539,20.7170,13.0996,-4.6691,0.1717,-0.1434,799,1.0000,1.0000,0.633892,0.2245,0.2680,
540,20.7454,12.8563,-4.7641,-0.2433,-0.0951,800,1.0000,1.0000,0.633892,0.1547,-0.3786,
541,20.8017,12.6925,-4.7377,-0.1638,0.0264,798,0.9975,1.0000,0.633892,-0.0391,-0.2552,
542,20.8300,12.6265,-4.7919,-0.0661,-0.0542,798,0.9975,1.0000,0.633892,0.0870,-0.1027,
543,20.8580,12.8110,-4.7188,0.1845,0.0731,798,0.9975,1.0000,0.633892,-0.1189,0.2872,
544,20.8861,12.5659,-4.7490,-0.2451,-0.0302,798,0.9975,1.0000,0.633892,0.0520,-0.3817,
545,20.9151,12.5454,-4.6299,-0.0205,0.1191,798,0.9975,1.0000,0.633892,-0.1884,-0.0325,
546,20.9480,12.6142,-4.6750,0.0688,-0.0451,796,0.9950,1.0000,0.633892,0.0703,0.1073,
547,20.9793,12.6579,-4.5758,0.0437,0.0993,797,0.9962,1.0000,0.633892,-0.1581,0.0677,
548,21.0094,12.7791,-4.4263,0.1212,0.1495,798,0.9975,1.0000,0.633892,-0.2389,0.1881,
549,21.0379,12.6913,-4.3668,-0.0877,0.0595,798,0.9975,1.0000,0.633892,-0.0929,-0.1369,
550,21.0661,12.7241,-4.4485,0.0328,-0.0818,798,0.9975,1.0000,0.633892,0.1291,0.0514,
551,21.0966,13.0774,-4.6087,0.3533,-0.1601,796,0.9975,1.0000,0.633892,0.2479,0.5510,
552,21.1259,13.1761,-4.5607,0.0987,0.0480,798,0.9975,1.0000,0.633892,-0.0777,0.1535,
553,21.1549,13.0778,-4.3006,-0.0983,0.2600,798,0.9975,1.0000,0.633892,-0.4105,-0.1541,
554,21.1837,13.0194,-4.4135,-0.0584,-0.1129,798,0.9975,1.0000,0.633892,0.1799,-0.0906,
555,21.2132,13.4944,-4.5846,0.4750,-0.1711,796,0.9975,1.0000,0.633892,0.2633,0.7406,
556,21.2439,13.2298,-4.4505,-0.2646,0.1341,798,0.9975,1.0000,0.633892,-0.2082,-0.4127,
557,21.2729,12.6912,-4.1954,-0.5386,0.2551,798,0.9975,1.0000,0.633892,-0.3954,-0.8401,
558,21.3019,12.8368,-4.3314,0.1456,-0.1360,799,0.9988,1.0000,0.633892,0.2131,0.2274,
559,21.3305,13.2059,-4.4744,0.3691,-0.1430,778,0.9975,1.0000,0.633892,0.2205,0.5756,
560,21.3594,13.0120,-4.4389,-0.1939,0.0354,800,1.0000,1.0000,0.633892,-0.0529,-0.3022,
561,21.3874,12.8559,-4.4795,-0.1560,-0.0405,797,0.9975,1.0000,0.633892,0.0668,-0.2429,
562,21.4158,13.1759,-5.0266,0.3199,-0.5471,716,0.8975,1.0000,0.633892,0.8618,0.5005,
563,21.4449,12.9908,-5.0130,-0.1851,0.0136,798,0.9975,1.0000,0.633892,-0.0185,-0.2883,
564,23.6566,15.5755,-5.1520,2.5847,-0.1391,261,0.0100,1.0000,0.633892,0.1774,4.0268,low_inlier
565,23.6867,16.2442,-5.6298,0.6687,-0.4778,713,0.8912,1.0000,0.633892,0.7462,1.0436,
566,23.7189,17.0941,-5.4063,0.8499,0.2235,788,0.9888,1.0000,0.633892,-0.3684,1.3230,
567,23.7490,18.4374,-5.4675,1.3434,-0.0612,792,0.9912,1.0000,0.633892,0.0746,2.0929,
568,23.7781,19.4283,-6.1160,0.9908,-0.6485,704,0.7150,1.0000,0.633892,1.0114,1.5461,
569,23.8078,19.5513,-7.9301,0.1230,-1.8141,690,0.5250,1.0000,0.633892,2.8731,0.1989,
570,23.8374,19.5232,-9.5435,-0.0281,-1.6134,664,0.4888,1.0000,0.633892,2.5576,-0.0372,low_inlier
571,23.8942,19.2546,-10.2531,-0.2686,-0.7096,672,0.3350,1.0000,0.633892,1.1292,-0.4155,low_inlier
572,23.9238,18.0290,-10.8820,-1.2257,-0.6288,655,0.5863,1.0000,0.633892,1.0170,-1.9067,
573,23.9534,15.1334,-9.6787,-2.8956,1.2033,668,0.6700,1.0000,0.633892,-1.8590,-4.5155,
574,23.9830,10.7530,-7.3789,-4.3803,2.2998,701,0.8459,1.0000,0.633892,-3.5721,-6.8327,
575,24.0126,6.1775,-5.3134,-4.5756,2.0655,708,0.9124,1.0000,0.633892,-3.1976,-7.1359,
576,24.0430,1.7382,-4.6918,-4.4393,0.6216,691,0.7422,1.0000,0.633892,-0.9114,-6.9178,
577,24.0724,-0.4596,-2.7008,-2.1978,1.9910,672,0.3626,1.0000,0.633892,-3.1190,-3.4316,low_inlier
578,24.1024,1.7749,-1.7459,2.2345,0.9549,640,0.6075,1.0000,0.633892,-1.5506,3.4769,
579,24.1322,7.1762,-3.5038,5.4013,-1.7578,644,0.7022,1.0000,0.633892,2.6963,8.4211,
580,24.1639,12.5523,-7.5323,5.3760,-4.0285,670,0.7965,1.0000,0.633892,6.2956,8.3908,
581,24.1918,15.3179,-10.6636,2.7656,-3.1313,716,0.8800,1.0000,0.633892,4.9170,4.3208,
582,24.2215,16.2144,-12.6427,0.8965,-1.9791,734,0.9300,1.0000,0.633892,3.1218,1.4045,
583,24.2511,17.0852,-13.5805,0.8708,-0.9379,776,0.9962,1.0000,0.633892,1.4720,1.3603,
584,24.2816,19.3882,-13.5429,2.3030,0.0376,721,0.9537,1.0000,0.633892,-0.0979,3.5873,
585,24.3114,22.0409,-11.7627,2.6527,1.7802,751,0.9350,1.0000,0.633892,-2.8656,4.1251,
586,24.3410,23.8245,-10.0797,1.7836,1.6830,790,0.9825,1.0000,0.633892,-2.6971,2.7716,
587,24.3707,24.5043,-8.4133,0.6798,1.6663,793,0.9449,1.0000,0.633892,-2.6523,1.0522,
588,24.4002,23.9481,-5.9753,-0.5562,2.4381,793,0.9850,1.0000,0.633892,-3.8549,-0.8762,
589,24.4300,23.7272,-3.6873,-0.2209,2.2879,780,0.9550,1.0000,0.633892,-3.6226,-0.3533,
590,24.4591,23.1822,-1.3295,-0.5450,2.3578,789,0.9098,1.0000,0.633892,-3.7279,-0.8585,
591,24.4883,21.6849,0.7420,-1.4973,2.0715,715,0.9074,1.0000,0.633892,-3.2584,-2.3407,
592,24.5178,20.1142,1.7483,-1.5707,1.0063,742,0.9599,1.0000,0.633892,-1.5688,-2.4508,
593,24.5480,19.5130,1.9452,-0.6012,0.1969,784,0.9825,1.0000,0.633892,-0.3021,-0.9373,
594,24.5779,19.0919,1.7173,-0.4212,-0.2279,774,0.9875,1.0000,0.633892,0.3682,-0.6552,
595,24.6075,18.2462,1.5077,-0.8456,-0.2096,777,0.9850,1.0000,0.633892,0.3463,-1.3164,
596,24.6369,17.0271,0.7939,-1.2191,-0.7138,777,0.9750,1.0000,0.633892,1.1516,-1.8962,
597,24.6660,15.0885,0.1282,-1.9386,-0.6658,771,0.9762,1.0000,0.633892,1.0875,-3.0172,
598,24.6954,12.7159,0.3602,-2.3727,0.2320,718,0.9400,1.0000,0.633892,-0.3283,-3.6970,
599,24.7247,10.0567,1.0488,-2.6591,0.6886,716,0.8984,1.0000,0.633892,-1.0472,-4.1450,
600,24.7542,8.9537,1.5232,-1.1031,0.4744,738,0.9225,1.0000,0.633892,-0.7336,-1.7202,
601,24.8078,8.2627,1.3822,-0.6910,-0.1410,738,0.9363,1.0000,0.633892,0.2349,-1.0758,
602,24.8354,6.6150,1.0142,-1.6477,-0.3680,800,1.0000,1.0000,0.633892,0.6107,-2.5653,
603,24.8656,4.7909,1.2525,-1.8241,0.2383,785,0.9988,1.0000,0.633892,-0.3474,-2.8425,
604,24.8951,3.6569,1.3265,-1.1340,0.0740,792,0.9925,1.0000,0.633892,-0.0984,-1.7667,
605,24.9243,3.3965,0.8761,-0.2604,-0.4504,774,0.9988,1.0000,0.633892,0.7182,-0.4039,
606,24.9538,3.2474,0.7891,-0.1491,-0.0870,773,0.9975,1.0000,0.633892,0.1403,-0.2319,
607,24.9829,3.1630,0.6232,-0.0844,-0.1659,800,1.0000,1.0000,0.633892,0.2643,-0.1308,
608,25.0116,3.2599,0.5946,0.0969,-0.0287,799,1.0000,1.0000,0.633892,0.0438,0.1510,
609,25.0400,3.5822,0.7502,0.3223,0.1557,797,0.9975,1.0000,0.633892,-0.2521,0.5015,
610,25.0690,3.5841,1.0643,0.0020,0.3141,799,0.9988,1.0000,0.633892,-0.4978,0.0018,
611,25.0979,3.4252,1.4803,-0.1589,0.4160,799,1.0000,1.0000,0.633892,-0.6567,-0.2492,
612,25.1269,3.8409,1.5675,0.4157,0.0872,788,0.9950,1.0000,0.633892,-0.1451,0.6472,
613,25.1565,4.3040,1.4148,0.4631,-0.1527,775,0.9988,1.0000,0.633892,0.2344,0.7220,
614,25.1860,4.5119,1.5112,0.2080,0.0964,800,1.0000,1.0000,0.633892,-0.1563,0.3235,
615,25.2147,5.2754,2.1255,0.7635,0.6143,800,1.0000,1.0000,0.633892,-0.9864,1.1868,
616,25.2439,4.9705,2.2329,-0.3049,0.1074,790,0.9988,1.0000,0.633892,-0.1651,-0.4754,
617,25.2730,3.7867,3.0224,-1.1838,0.7894,797,0.9975,1.0000,0.633892,-1.2315,-1.8473,
618,25.3022,3.0351,3.8975,-0.7516,0.8751,737,0.9587,1.0000,0.633892,-1.3745,-1.1743,
619,25.3319,2.6568,4.8147,-0.3783,0.9172,713,0.8925,1.0000,0.633892,-1.4474,-0.5930,
620,25.3615,2.0876,5.4803,-0.5693,0.6656,710,0.8888,1.0000,0.633892,-1.0455,-0.8895,
621,25.3912,1.3544,5.7601,-0.7331,0.2798,744,0.9663,1.0000,0.633892,-0.4313,-1.1431,
622,25.4205,0.9373,6.3063,-0.4171,0.5462,776,0.9950,1.0000,0.633892,-0.8588,-0.6519,
623,25.4500,-0.0637,8.1202,-1.0011,1.8138,756,0.9000,1.0000,0.633892,-2.8582,-1.5668,
624,25.4797,-1.5439,10.9551,-1.4801,2.8349,687,0.7300,1.0000,0.633892,-4.4685,-2.3171,
625,25.5095,-3.5107,16.5747,-1.9668,5.6196,635,0.4315,1.0000,0.633892,-8.8740,-3.0864,low_inlier
626,25.5383,3.2427,16.3555,6.7533,-0.2192,447,0.5939,1.0000,0.633892,0.2351,10.5209,
627,25.5686,8.0909,16.2192,4.8483,-0.1363,426,0.5475,1.0000,0.633892,0.1354,7.5530,
628,25.5988,4.4995,23.3257,-3.5914,7.1065,302,0.1493,1.0000,0.633892,-11.2036,-5.6232,low_inlier
629,25.6297,3.5358,26.8111,-0.9637,3.4853,555,0.6971,1.0000,0.633892,-5.5080,-1.5153,
630,25.6647,3.3051,26.9896,-0.2307,0.1785,712,0.8836,1.0000,0.633892,-0.2791,-0.3601,
631,25.7175,4.9696,26.7451,1.6645,-0.2445,744,0.9450,1.0000,0.633892,0.3599,2.5939,
632,25.7470,5.7709,27.7548,0.8013,1.0097,788,0.9550,1.0000,0.633892,-1.6136,1.2441,
633,25.7765,4.6730,31.0693,-1.0979,3.3146,775,0.9712,1.0000,0.633892,-5.2351,-1.7236,
634,25.8053,3.8935,31.6752,-0.7794,0.6059,780,0.9637,1.0000,0.633892,-0.9474,-1.2166,
635,25.8350,4.2747,30.6707,0.3812,-1.0046,790,0.9962,1.0000,0.633892,1.5858,0.5979,
636,25.8648,4.3976,28.7361,0.1228,-1.9346,761,0.9600,1.0000,0.633892,3.0641,0.1992,
637,25.8945,3.5471,24.8347,-0.8505,-3.9014,732,0.9000,1.0000,0.633892,6.1976,-1.3091,
638,25.9245,3.9837,20.3768,0.4366,-4.4579,771,0.9637,1.0000,0.633892,7.0583,0.6981,
639,25.9552,3.2590,15.8117,-0.7247,-4.5651,726,0.8988,1.0000,0.633892,7.2474,-1.1105,
640,25.9873,0.4328,10.7737,-2.8263,-5.0379,737,0.8523,1.0000,0.633892,8.0317,-4.3823,
641,26.0175,-1.8283,7.2157,-2.2611,-3.5580,759,0.9550,1.0000,0.633892,5.6768,-3.5079,
642,26.0453,-3.3991,2.7524,-1.5707,-4.4634,759,0.9347,1.0000,0.633892,7.1002,-2.4289,
643,26.0732,-3.3669,-2.8581,0.0322,-5.6105,720,0.6262,1.0000,0.633892,8.8917,0.0727,
644,26.1010,-1.9327,-7.4055,1.4342,-4.5474,709,0.5475,1.0000,0.633892,7.1835,2.2525,
645,26.1289,-0.3754,-10.7844,1.5572,-3.3789,737,0.7522,1.0000,0.633892,5.3295,2.4394,
646,26.1591,-0.2957,-11.7786,0.0797,-0.9942,782,0.9825,1.0000,0.633892,1.5744,0.1282,
647,26.1866,-1.3996,-11.7889,-1.1038,-0.0103,780,0.9912,1.0000,0.633892,0.0347,-1.7195,
648,26.2142,-1.8240,-11.6097,-0.4244,0.1792,792,0.9862,1.0000,0.633892,-0.2770,-0.6618,
649,26.2422,-1.6174,-11.3810,0.2066,0.2287,799,0.9988,1.0000,0.633892,-0.3658,0.3209,
650,26.2705,-2.7041,-11.3039,-1.0867,0.0771,781,0.9650,1.0000,0.633892,-0.1042,-1.6931,
651,26.2996,-2.9161,-10.6083,-0.2121,0.6956,790,0.9988,1.0000,0.633892,-1.0990,-0.3331,
652,26.3291,-2.3497,-10.2734,0.5664,0.3349,798,0.9988,1.0000,0.633892,-0.5402,0.8810,
653,26.3582,-2.2779,-9.9090,0.0718,0.3644,799,0.9988,1.0000,0.633892,-0.5787,0.1104,
654,26.3873,-2.4815,-8.9890,-0.2037,0.9200,791,0.9988,1.0000,0.633892,-1.4548,-0.3210,
655,26.4168,-2.5647,-7.2331,-0.0831,1.7559,786,0.9888,1.0000,0.633892,-2.7816,-0.1366,
656,26.4462,-1.8783,-5.5606,0.6864,1.6725,775,0.9675,1.0000,0.633892,-2.6622,1.0625,
657,26.4756,-0.6362,-3.8589,1.2420,1.7017,755,0.9575,1.0000,0.633892,-2.7177,1.9279,
658,26.5053,0.3282,0.6192,0.9645,4.4781,752,0.8974,1.0000,0.633892,-7.1136,1.4844,
659,26.5349,-0.4225,3.8505,-0.7507,3.2313,757,0.9499,1.0000,0.633892,-5.1089,-1.1824,
660,26.5650,-0.7959,6.6127,-0.3734,2.7622,774,0.9712,1.0000,0.633892,-4.3718,-0.5928,
661,26.6184,-0.4835,7.6348,0.3124,1.0220,790,0.9875,1.0000,0.633892,-1.6250,0.4826,
662,26.6481,0.5539,7.8283,1.0374,0.1936,797,0.9988,1.0000,0.633892,-0.3240,1.6152,
663,26.6768,0.7277,8.1861,0.1737,0.3578,797,0.9962,1.0000,0.633892,-0.5699,0.2692,
664,26.7050,0.8777,8.2329,0.1501,0.0467,800,1.0000,1.0000,0.633892,-0.0766,0.2336,
665,26.7329,1.3261,8.1128,0.4484,-0.1200,799,0.9988,1.0000,0.633892,0.1828,0.6989,
666,26.7601,1.3643,8.3430,0.0382,0.2302,800,1.0000,1.0000,0.633892,-0.3655,0.0585,
667,26.7883,1.5338,8.1644,0.1695,-0.1787,797,0.9962,1.0000,0.633892,0.2804,0.2648,
668,26.8163,1.8099,8.1769,0.2761,0.0125,800,1.0000,1.0000,0.633892,-0.0245,0.4300,
669,26.8441,1.9089,8.2461,0.0991,0.0692,799,1.0000,1.0000,0.633892,-0.1113,0.1541,
670,26.8720,1.9591,8.2968,0.0501,0.0507,800,1.0000,1.0000,0.633892,-0.0812,0.0779,
671,26.8992,2.2234,8.2075,0.2644,-0.0893,800,1.0000,1.0000,0.633892,0.1371,0.4122,
672,26.9338,2.7138,7.9701,0.4903,-0.2374,799,0.9988,1.0000,0.633892,0.3682,0.7648,
673,26.9669,2.9409,7.5266,0.2272,-0.4435,793,0.9975,1.0000,0.633892,0.6992,0.3557,
674,26.9956,2.6539,7.4438,-0.2871,-0.0828,800,1.0000,1.0000,0.633892,0.1360,-0.4469,
675,27.0237,2.5773,7.4546,-0.0766,0.0108,799,0.9988,1.0000,0.633892,-0.0159,-0.1194,
676,27.0510,2.6009,7.5435,0.0236,0.0889,799,0.9988,1.0000,0.633892,-0.1414,0.0364,
677,27.0787,1.8380,7.7665,-0.7629,0.2230,799,0.9988,1.0000,0.633892,-0.3407,-1.1892,
678,27.1069,1.4229,7.6743,-0.4152,-0.0922,800,1.0000,1.0000,0.633892,0.1530,-0.6463,
679,27.1445,1.4057,7.5538,-0.0171,-0.1206,799,0.9988,1.0000,0.633892,0.1914,-0.0262,
680,27.1786,1.4920,7.1645,0.0862,-0.3893,798,0.9988,1.0000,0.633892,0.6155,0.1359,
681,27.2068,1.4764,6.9525,-0.0156,-0.2119,799,0.9988,1.0000,0.633892,0.3362,-0.0234,
682,27.2346,1.0802,6.8975,-0.3961,-0.0551,798,0.9988,1.0000,0.633892,0.0938,-0.6169,
683,27.2627,1.1712,6.8724,0.0909,-0.0251,793,0.9975,1.0000,0.633892,0.0382,0.1418,
684,27.2906,1.0435,6.9415,-0.1277,0.0691,799,0.9988,1.0000,0.633892,-0.1074,-0.1991,
685,27.3191,0.4193,7.0476,-0.6243,0.1061,800,1.0000,1.0000,0.633892,-0.1577,-0.9729,
686,27.3471,0.3723,7.2972,-0.0470,0.2496,784,0.9962,1.0000,0.633892,-0.3948,-0.0741,
687,27.3753,0.3225,7.3000,-0.0498,0.0028,796,0.9962,1.0000,0.633892,-0.0037,-0.0776,
688,27.4031,0.1467,7.4692,-0.1758,0.1691,799,0.9988,1.0000,0.633892,-0.2651,-0.2745,
689,27.4311,0.8284,7.4607,0.6817,-0.0085,800,1.0000,1.0000,0.633892,0.0022,1.0620,
690,27.4590,1.0297,7.5170,0.2013,0.0563,800,1.0000,1.0000,0.633892,-0.0926,0.3133,
691,27.5125,0.7618,7.5131,-0.2679,-0.0039,798,0.9988,1.0000,0.633892,0.0106,-0.4173,
692,27.5410,0.7669,7.3054,0.0051,-0.2077,792,1.0000,1.0000,0.633892,0.3291,0.0088,
693,27.5688,1.0495,7.3319,0.2826,0.0265,787,0.9962,1.0000,0.633892,-0.0467,0.4401,
694,27.5986,0.7792,7.8006,-0.2704,0.4687,793,0.9925,1.0000,0.633892,-0.7384,-0.4231,
695,27.6256,0.5771,7.8820,-0.2021,0.0814,800,1.0000,1.0000,0.633892,-0.1256,-0.3151,
696,27.6536,0.9071,7.7875,0.3301,-0.0945,789,0.9988,1.0000,0.633892,0.1443,0.5146,
697,27.6825,1.2931,7.8660,0.3860,0.0785,797,0.9988,1.0000,0.633892,-0.1308,0.6010,
698,27.7110,0.7629,8.1620,-0.5302,0.2960,798,0.9975,1.0000,0.633892,-0.4604,-0.8272,
699,27.7413,0.2261,8.4768,-0.5368,0.3148,798,0.9975,1.0000,0.633892,-0.4900,-0.8374,
700,27.7701,-0.2442,8.8128,-0.4703,0.3361,794,1.0000,1.0000,0.633892,-0.5248,-0.7340,
701,27.7982,-1.1792,9.1795,-0.9350,0.3666,794,0.9988,1.0000,0.633892,-0.5656,-1.4580,
702,27.8250,-1.4716,9.3640,-0.2923,0.1846,798,0.9988,1.0000,0.633892,-0.2877,-0.4561,
703,27.8539,-0.8668,8.7407,0.6047,-0.6233,794,0.9938,1.0000,0.633892,0.9778,0.9445,
704,27.8821,-0.3966,8.1312,0.4702,-0.6096,794,0.9950,1.0000,0.633892,0.9583,0.7350,
705,27.9107,-0.7966,7.7249,-0.4000,-0.4063,797,0.9962,1.0000,0.633892,0.6506,-0.6215,
706,27.9391,-1.2696,7.9353,-0.4730,0.2104,798,0.9988,1.0000,0.633892,-0.3255,-0.7377,
707,27.9672,-2.2527,8.2202,-0.9831,0.2849,795,0.9950,1.0000,0.633892,-0.4352,-1.5326,
708,27.9956,-2.7349,8.5550,-0.4822,0.3348,795,0.9938,1.0000,0.633892,-0.5226,-0.7525,
709,28.0235,-2.5212,8.4137,0.2137,-0.1412,799,0.9988,1.0000,0.633892,0.2203,0.3335,
710,28.0519,-2.6471,8.3813,-0.1259,-0.0324,799,0.9988,1.0000,0.633892,0.0535,-0.1959,
711,28.0799,-3.0578,8.3322,-0.4107,-0.0491,797,0.9962,1.0000,0.633892,0.0847,-0.6396,
712,28.1099,-3.3644,8.2667,-0.3066,-0.0656,798,0.9988,1.0000,0.633892,0.1090,-0.4774,
713,28.1380,-3.8752,8.3977,-0.5108,0.1311,799,1.0000,1.0000,0.633892,-0.1993,-0.7962,
714,28.1662,-4.0363,8.4751,-0.1611,0.0774,798,0.9975,1.0000,0.633892,-0.1200,-0.2513,
715,28.1941,-4.2414,8.3698,-0.2051,-0.1053,799,1.0000,1.0000,0.633892,0.1703,-0.3190,
716,28.2222,-4.3396,8.3185,-0.0983,-0.0513,797,0.9962,1.0000,0.633892,0.0829,-0.1529,
717,28.2553,-4.5728,8.6092,-0.2332,0.2907,795,0.9950,1.0000,0.633892,-0.4568,-0.3644,
718,28.2883,-4.9374,8.6439,-0.3646,0.0347,797,1.0000,1.0000,0.633892,-0.0489,-0.5680,
719,28.3220,-4.6862,8.5656,0.2511,-0.0783,798,0.9975,1.0000,0.633892,0.1199,0.3915,
720,28.3549,-4.6908,8.7478,-0.0046,0.1822,797,0.9975,1.0000,0.633892,-0.2886,-0.0079,
721,28.4073,-4.8397,8.8484,-0.1489,0.1006,799,0.9988,1.0000,0.633892,-0.1570,-0.2323,
722,28.4354,-5.0697,8.8290,-0.2300,-0.0194,800,1.0000,1.0000,0.633892,0.0345,-0.3583,
723,28.4634,-4.9259,8.9412,0.1438,0.1122,799,1.0000,1.0000,0.633892,-0.1802,0.2235,
724,28.4918,-4.2628,8.6655,0.6631,-0.2757,799,1.0000,1.0000,0.633892,0.4260,1.0341,
725,28.5219,-3.9446,8.4222,0.3182,-0.2433,799,0.9988,1.0000,0.633892,0.3802,0.4967,
726,28.5550,-3.7227,8.5301,0.2218,0.1078,800,1.0000,1.0000,0.633892,-0.1746,0.3451,
727,28.5886,-3.0806,8.2426,0.6422,-0.2875,795,0.9962,1.0000,0.633892,0.4450,1.0015,
728,28.6215,-1.7245,7.8741,1.3560,-0.3685,769,0.9800,1.0000,0.633892,0.5615,2.1138,
729,28.6549,0.7492,8.2816,2.4738,0.4075,766,0.9625,1.0000,0.633892,-0.6870,3.8519,
730,28.6882,1.6852,8.8327,0.9360,0.5510,791,0.9600,1.0000,0.633892,-0.8889,1.4558,
731,28.7224,0.9617,9.5248,-0.7236,0.6921,782,0.9900,1.0000,0.633892,-1.0850,-1.1299,
732,28.7553,0.2699,10.0526,-0.6918,0.5278,796,1.0000,1.0000,0.633892,-0.8251,-1.0797,
733,28.7882,-0.8344,10.1761,-1.1043,0.1235,738,0.9400,1.0000,0.633892,-0.1773,-1.7207,
734,28.8218,-0.9461,9.6558,-0.1117,-0.5203,771,0.9762,1.0000,0.633892,0.8265,-0.1719,
735,28.8547,0.2753,10.6795,1.2214,1.0237,709,0.8484,1.0000,0.633892,-1.6428,1.8985,
736,28.8880,1.9592,11.7174,1.6839,1.0379,768,0.7700,1.0000,0.633892,-1.6730,2.6189,
737,28.9212,4.7493,12.7337,2.7901,1.0163,709,0.7000,1.0000,0.633892,-1.6571,4.3422,
738,28.9547,7.2063,15.0032,2.4571,2.2696,733,0.8312,1.0000,0.633892,-3.6379,3.8184,
739,28.9879,7.8715,14.7934,0.6652,-0.2098,731,0.8912,1.0000,0.633892,0.3214,1.0370,
740,29.0212,7.0971,13.9844,-0.7744,-0.8090,740,0.8225,1.0000,0.633892,1.2951,-1.2031,
741,29.0546,8.4086,12.7888,1.3115,-1.1956,759,0.9175,1.0000,0.633892,1.8732,2.0478,
742,29.0878,11.1295,11.2827,2.7209,-1.5061,704,0.8875,1.0000,0.633892,2.3419,4.2445,
743,29.1212,14.5109,8.1748,3.3814,-3.1078,719,0.7913,1.0000,0.633892,4.8695,5.2799,
744,29.1550,19.5823,4.6763,5.0714,-3.4986,608,0.6642,1.0000,0.633892,5.4607,7.9141,
745,29.1879,27.2638,1.6741,7.6816,-3.0021,686,0.8113,1.0000,0.633892,4.6305,11.9781,
746,29.2211,33.0810,-0.5332,5.8172,-2.2073,685,0.8176,1.0000,0.633892,3.4018,9.0706,
747,29.2550,39.0843,-3.9369,6.0032,-3.4037,690,0.7642,1.0000,0.633892,5.2949,9.3653,
748,29.2880,45.5751,-5.3856,6.4908,-1.4487,671,0.8419,1.0000,0.633892,2.1882,10.1169,
749,29.3212,49.8850,-6.9528,4.3099,-1.5672,691,0.7825,1.0000,0.633892,2.4123,6.7201,
750,29.3546,53.1043,-10.7657,3.2193,-3.8129,654,0.5494,1.0000,0.633892,5.9896,5.0302,
751,29.4077,56.3937,-10.4254,3.2894,0.3403,730,0.7050,1.0000,0.633892,-0.5940,5.1227,
752,29.4368,59.9447,-12.8859,3.5510,-2.4605,723,0.7175,1.0000,0.633892,3.8406,5.5416,
753,29.4663,63.0423,-17.6206,3.0976,-4.7347,703,0.8638,1.0000,0.633892,7.4528,4.8444,
754,29.4957,64.1753,-21.9043,1.1329,-4.2837,740,0.8850,1.0000,0.633892,6.7705,1.7821,
755,29.5253,63.5531,-23.0629,-0.6222,-1.1586,714,0.8986,1.0000,0.633892,1.8466,-0.9646,
756,29.5544,62.6897,-22.5976,-0.8634,0.4653,742,0.7850,1.0000,0.633892,-0.7231,-1.3468,
757,29.5877,61.3085,-22.8222,-1.3812,-0.2246,748,0.9487,1.0000,0.633892,0.3790,-2.1507,
758,29.6219,60.7394,-22.7784,-0.5691,0.0438,762,0.9550,1.0000,0.633892,-0.0600,-0.8867,
759,29.6544,61.0403,-21.8728,0.3009,0.9056,761,0.8400,1.0000,0.633892,-1.4403,0.4651,
760,29.6878,60.3319,-19.6300,-0.7084,2.2428,740,0.6725,1.0000,0.633892,-3.5429,-1.1125,
761,29.7219,58.4680,-18.7651,-1.8639,0.8649,716,0.4338,1.0000,0.633892,-1.3399,-2.9069,low_inlier
762,29.7547,54.4977,-17.6112,-3.9703,1.1539,638,0.2353,1.0000,0.633892,-1.7629,-6.1894,low_inlier
763,29.7879,48.8688,-15.6397,-5.6289,1.9715,664,0.1402,1.0000,0.633892,-3.0311,-8.7763,low_inlier
764,29.8209,43.0244,-19.5006,-5.8444,-3.8609,779,0.0000,1.0000,0.633892,6.2164,-9.0886,low_inlier
765,29.8545,44.4428,-24.0574,1.4184,-4.5569,465,0.1388,1.0000,0.633892,7.1987,2.2278,low_inlier
766,29.8877,38.3108,-22.5041,-6.1320,1.5534,659,0.3333,1.0000,0.633892,-2.3600,-9.5585,low_inlier
767,29.9210,34.8175,-22.9046,-3.4933,-0.4005,738,0.8850,1.0000,0.633892,0.6928,-5.4401,
768,29.9544,32.7462,-23.1811,-2.0713,-0.2765,726,0.8638,1.0000,0.633892,0.4727,-3.2254,
769,29.9878,31.5186,-23.8889,-1.2276,-0.7078,727,0.8675,1.0000,0.633892,1.1423,-1.9094,
770,30.0209,28.5136,-24.1664,-3.0050,-0.2775,713,0.7209,1.0000,0.633892,0.4898,-4.6800,
771,30.0543,23.8140,-23.7820,-4.6996,0.3844,718,0.6571,1.0000,0.633892,-0.5312,-7.3224,
772,30.0873,20.5753,-23.0254,-3.2387,0.7566,732,0.9100,1.0000,0.633892,-1.1453,-5.0481,
773,30.1209,20.0267,-23.0127,-0.5486,0.0128,779,0.9537,1.0000,0.633892,-0.0111,-0.8546,
774,30.1549,21.2162,-23.5038,1.1895,-0.4912,739,0.9425,1.0000,0.633892,0.7587,1.8550,
775,30.1875,22.6356,-23.4481,1.4194,0.0557,745,0.9625,1.0000,0.633892,-0.1118,2.2108,
776,30.2208,24.3744,-24.1083,1.7388,-0.6601,758,0.9688,1.0000,0.633892,1.0173,2.7113,
777,30.2544,26.0195,-24.6237,1.6451,-0.5155,709,0.8100,1.0000,0.633892,0.7896,2.5647,
778,30.2875,27.7150,-25.5162,1.6955,-0.8925,724,0.7300,1.0000,0.633892,1.3864,2.6448,
779,30.3261,29.0948,-26.4904,1.3798,-0.9742,740,0.9137,1.0000,0.633892,1.5211,2.1533,
780,30.3555,29.0200,-26.7764,-0.0748,-0.2860,756,0.9475,1.0000,0.633892,0.4545,-0.1153,
781,30.4071,28.3028,-26.3426,-0.7172,0.4338,750,0.9375,1.0000,0.633892,-0.6756,-1.1189,
782,30.4370,27.6567,-26.7638,-0.6462,-0.4213,799,0.9988,1.0000,0.633892,0.6784,-1.0049,
783,30.4659,27.1550,-27.1651,-0.5016,-0.4012,785,0.9800,1.0000,0.633892,0.6443,-0.7798,
784,30.4953,27.5395,-27.9100,0.3844,-0.7449,751,0.9400,1.0000,0.633892,1.1743,0.6019,
785,30.5239,27.9155,-28.1854,0.3760,-0.2753,754,0.9437,1.0000,0.633892,0.4301,0.5868,
786,30.5542,27.5359,-27.9405,-0.3795,0.2449,799,1.0000,1.0000,0.633892,-0.3818,-0.5922,
787,30.5873,27.7435,-27.8136,0.2075,0.1269,799,1.0000,1.0000,0.633892,-0.2046,0.3228,
788,30.6209,28.5777,-27.9646,0.8342,-0.1510,749,0.9337,1.0000,0.633892,0.2254,1.3000,
789,30.6589,28.3189,-27.6485,-0.2588,0.3160,768,0.9587,1.0000,0.633892,-0.4966,-0.4044,
790,30.6907,27.2536,-27.2521,-1.0653,0.3964,796,0.9988,1.0000,0.633892,-0.6106,-1.6611,
791,30.7212,26.3915,-26.9398,-0.8621,0.3123,794,0.9988,1.0000,0.633892,-0.4807,-1.3442,
792,30.7543,25.9845,-26.6628,-0.4070,0.2771,785,0.9975,1.0000,0.633892,-0.4324,-0.6352,
793,30.7875,25.5281,-26.6038,-0.4564,0.0589,782,0.9988,1.0000,0.633892,-0.0858,-0.7112,
794,30.8210,24.8928,-26.4969,-0.6353,0.1070,800,1.0000,1.0000,0.633892,-0.1590,-0.9901,
795,30.8559,24.7080,-26.6964,-0.1848,-0.1995,798,1.0000,1.0000,0.633892,0.3193,-0.2870,
796,30.8872,24.4262,-26.5879,-0.2818,0.1085,779,0.9988,1.0000,0.633892,-0.1673,-0.4394,
797,30.9206,23.3274,-26.0256,-1.0989,0.5623,784,0.9912,1.0000,0.633892,-0.8729,-1.7140,
798,30.9540,22.5490,-25.7429,-0.7783,0.2827,774,0.9737,1.0000,0.633892,-0.4351,-1.2136,
799,30.9871,22.5620,-25.5792,0.0130,0.1638,797,0.9988,1.0000,0.633892,-0.2598,0.0195,
800,31.0207,22.1994,-25.4247,-0.3626,0.1544,797,0.9975,1.0000,0.633892,-0.2387,-0.5654,
801,31.0540,21.6184,-25.0680,-0.5810,0.3567,789,0.9962,1.0000,0.633892,-0.5557,-0.9065,
802,31.0874,21.5861,-24.8577,-0.0324,0.2103,799,0.9988,1.0000,0.633892,-0.3328,-0.0513,
803,31.1285,22.0338,-25.0880,0.4478,-0.2302,798,0.9988,1.0000,0.633892,0.3575,0.6984,
804,31.1579,22.8780,-25.3001,0.8442,-0.2122,769,0.9700,1.0000,0.633892,0.3223,1.3159,
805,31.1939,22.6715,-24.9717,-0.2065,0.3285,796,0.9962,1.0000,0.633892,-0.5172,-0.3230,
806,31.2246,22.2743,-24.9675,-0.3972,0.0042,780,1.0000,1.0000,0.633892,0.0000,-0.6187,
807,31.2539,22.6628,-25.3376,0.3885,-0.3701,794,0.9962,1.0000,0.633892,0.5801,0.6067,
808,31.2871,23.1564,-25.5522,0.4936,-0.2146,765,0.9650,1.0000,0.633892,0.3318,0.7697,
809,31.3203,23.1488,-25.5521,-0.0076,0.0000,799,0.9988,1.0000,0.633892,0.0001,-0.0118,
810,31.3539,22.9972,-25.5289,-0.1516,0.0233,799,0.9988,1.0000,0.633892,-0.0344,-0.2362,
811,31.4058,22.9153,-25.4699,-0.0819,0.0590,799,0.9988,1.0000,0.633892,-0.0921,-0.1278,
812,31.4338,23.3819,-25.6087,0.4666,-0.1388,800,1.0000,1.0000,0.633892,0.2123,0.7274,
813,31.4637,23.5633,-25.5623,0.1813,0.0465,790,0.9988,1.0000,0.633892,-0.0767,0.2823,
814,31.4923,23.4783,-25.5214,-0.0850,0.0408,798,0.9975,1.0000,0.633892,-0.0633,-0.1325,
815,31.5207,23.7062,-25.8572,0.2279,-0.3358,798,0.9988,1.0000,0.633892,0.5284,0.3563,
816,31.5539,24.4861,-26.3639,0.7800,-0.5067,797,0.9962,1.0000,0.633892,0.7901,1.2170,
817,31.5870,25.5698,-26.7723,1.0836,-0.4084,780,0.9975,1.0000,0.633892,0.6293,1.6897,
818,31.6210,26.3038,-27.1862,0.7340,-0.4139,792,0.9975,1.0000,0.633892,0.6438,1.1450,
819,31.6540,27.0932,-27.1857,0.7895,0.0006,750,0.9400,1.0000,0.633892,-0.0140,1.2298,
820,31.6870,28.0545,-27.6785,0.9613,-0.4928,750,0.9275,1.0000,0.633892,0.7651,1.4994,
821,31.7212,28.9170,-28.2441,0.8625,-0.5657,755,0.9350,1.0000,0.633892,0.8822,1.3458,
822,31.7568,29.5705,-28.5950,0.6535,-0.3509,751,0.9387,1.0000,0.633892,0.5453,1.0193,
823,31.7974,29.8404,-28.8655,0.2699,-0.2705,765,0.9675,1.0000,0.633892,0.4242,0.4216,
824,31.8291,30.1537,-29.0683,0.3132,-0.2028,752,0.9613,1.0000,0.633892,0.3162,0.4888,
825,31.8579,30.1682,-28.9144,0.0146,0.1539,780,0.9975,1.0000,0.633892,-0.2442,0.0220,
826,31.8871,29.8397,-28.9062,-0.3285,0.0081,787,0.9925,1.0000,0.633892,-0.0074,-0.5117,
827,31.9203,29.6710,-28.9823,-0.1687,-0.0761,800,1.0000,1.0000,0.633892,0.1234,-0.2625,
828,31.9538,29.6399,-28.7879,-0.0311,0.1944,796,0.9988,1.0000,0.633892,-0.3076,-0.0492,
829,31.9871,29.0669,-28.6606,-0.5730,0.1273,757,0.9700,1.0000,0.633892,-0.1923,-0.8931,
830,32.0202,28.7332,-28.4949,-0.3337,0.1657,793,0.9975,1.0000,0.633892,-0.2571,-0.5205,
831,32.0539,28.5869,-28.3747,-0.1462,0.1202,799,0.9988,1.0000,0.633892,-0.1881,-0.2283,
832,32.0871,28.6674,-28.5146,0.0804,-0.1400,798,1.0000,1.0000,0.633892,0.2205,0.1259,
833,32.1204,28.8369,-28.3665,0.1695,0.1482,798,0.9975,1.0000,0.633892,-0.2377,0.2635,
834,32.1542,29.5147,-28.3036,0.6778,0.0629,799,0.9988,1.0000,0.633892,-0.1109,1.0556,
835,32.1879,30.2371,-28.3823,0.7223,-0.0787,797,1.0000,1.0000,0.633892,0.1128,1.1255,
836,32.2209,30.9415,-28.4436,0.7044,-0.0612,796,0.9988,1.0000,0.633892,0.0854,1.0975,
837,32.2539,31.4502,-28.5205,0.5087,-0.0769,799,0.9988,1.0000,0.633892,0.1135,0.7928,
838,32.2868,32.1029,-28.6924,0.6528,-0.1719,796,1.0000,1.0000,0.633892,0.2616,1.0175,
839,32.3204,32.6601,-28.4677,0.5572,0.2247,797,0.9988,1.0000,0.633892,-0.3654,0.8671,
840,32.3539,33.3711,-28.3460,0.7109,0.1217,796,0.9975,1.0000,0.633892,-0.2047,1.1070,
841,32.4059,34.0046,-28.3591,0.6335,-0.0130,800,1.0000,1.0000,0.633892,0.0101,0.9869,
842,32.4356,33.8092,-27.5856,-0.1953,0.7735,789,0.9800,1.0000,0.633892,-1.2227,-0.3074,
843,32.4668,34.0947,-26.8917,0.2855,0.6939,750,0.9399,1.0000,0.633892,-1.1045,0.4420,
844,32.4980,35.2447,-26.9405,1.1499,-0.0488,771,0.9988,1.0000,0.633892,0.0582,1.7915,
845,32.5271,35.9222,-27.2384,0.6775,-0.2979,791,1.0000,1.0000,0.633892,0.4609,1.0566,
846,32.5562,35.7900,-27.3753,-0.1322,-0.1369,800,1.0000,1.0000,0.633892,0.2191,-0.2053,
847,32.5869,35.1187,-27.3853,-0.6714,-0.0101,800,1.0000,1.0000,0.633892,0.0271,-1.0458,
848,32.6201,34.2988,-27.1335,-0.8198,0.2518,797,0.9975,1.0000,0.633892,-0.3855,-1.2781,
849,32.6534,32.8862,-26.6672,-1.4126,0.4663,765,0.9462,1.0000,0.633892,-0.7156,-2.2024,
850,32.6869,30.0386,-26.2909,-2.8476,0.3763,735,0.7997,1.0000,0.633892,-0.5490,-4.4374,
851,32.7201,26.2877,-25.7901,-3.7509,0.5008,712,0.5777,1.0000,0.633892,-0.7314,-5.8451,
852,32.7542,22.2471,-25.6307,-4.0406,0.1594,719,0.3725,1.0000,0.633892,-0.1855,-6.2949,low_inlier
853,32.7866,20.2329,-25.0829,-2.0142,0.5478,735,0.8638,1.0000,0.633892,-0.8348,-3.1399,
854,32.8204,17.3553,-24.4165,-2.8776,0.6664,706,0.6822,1.0000,0.633892,-1.0084,-4.4852,
855,32.8534,13.2332,-23.8190,-4.1221,0.5975,706,0.5670,1.0000,0.633892,-0.8785,-6.4236,
856,32.8871,10.2946,-23.7042,-2.9386,0.1147,717,0.8461,1.0000,0.633892,-0.1330,-4.5781,
857,32.9199,8.8199,-23.9495,-1.4747,-0.2453,754,0.9513,1.0000,0.633892,0.4133,-2.2963,
858,32.9534,7.2496,-23.9080,-1.5702,0.0415,745,0.9300,1.0000,0.633892,-0.0397,-2.4462,
859,32.9870,3.8608,-23.8116,-3.3888,0.0964,708,0.7950,1.0000,0.633892,-0.0965,-5.2794,
860,33.0202,1.9836,-23.8575,-1.8772,-0.0459,750,0.8712,1.0000,0.633892,0.1039,-2.9241,
861,33.0534,3.2583,-24.0558,1.2747,-0.1983,751,0.9325,1.0000,0.633892,0.2930,1.9865,
862,33.0869,4.5092,-24.2078,1.2510,-0.1521,743,0.9525,1.0000,0.633892,0.2202,1.9493,
863,33.1200,5.7295,-24.1768,1.2202,0.0310,755,0.9375,1.0000,0.633892,-0.0695,1.9007,
864,33.1533,6.0434,-24.1988,0.3140,-0.0220,748,0.9450,1.0000,0.633892,0.0296,0.4892,
865,33.1868,6.5128,-24.2016,0.4693,-0.0028,745,0.9187,1.0000,0.633892,-0.0034,0.7311,
866,33.2199,6.9288,-24.4143,0.4161,-0.2127,751,0.9487,1.0000,0.633892,0.3302,0.6490,
867,33.2534,7.6885,-24.5338,0.7597,-0.1195,764,0.9613,1.0000,0.633892,0.1768,1.1839,
868,33.2865,9.1192,-24.8493,1.4306,-0.3155,774,0.9788,1.0000,0.633892,0.4763,2.2299,
869,33.3199,9.9558,-25.0834,0.8367,-0.2341,762,0.9587,1.0000,0.633892,0.3571,1.3043,
870,33.3532,9.4917,-24.7584,-0.4642,0.3250,767,0.9775,1.0000,0.633892,-0.5074,-0.7244,
871,33.4059,9.1020,-24.6451,-0.3896,0.1132,797,0.9988,1.0000,0.633892,-0.1729,-0.6074,
872,33.4344,8.9528,-24.5531,-0.1492,0.0920,800,1.0000,1.0000,0.633892,-0.1434,-0.2328,
873,33.4628,8.6756,-24.3450,-0.2772,0.2081,798,0.9988,1.0000,0.633892,-0.3253,-0.4327,
874,33.4916,8.5574,-24.4222,-0.1183,-0.0772,799,1.0000,1.0000,0.633892,0.1244,-0.1839,
875,33.5202,7.8861,-24.3781,-0.6713,0.0441,794,1.0000,1.0000,0.633892,-0.0587,-1.0459,
876,33.5531,6.7728,-24.1672,-1.1133,0.2109,794,0.9988,1.0000,0.633892,-0.3158,-1.7351,
877,33.5867,5.9656,-23.8901,-0.8071,0.2771,791,0.9950,1.0000,0.633892,-0.4258,-1.2584,
878,33.6311,5.4268,-23.5975,-0.5388,0.2926,772,0.9812,1.0000,0.633892,-0.4548,-0.8405,
879,33.6610,4.8609,-23.3653,-0.5660,0.2322,799,1.0000,1.0000,0.633892,-0.3586,-0.8826,
880,33.6901,4.5891,-23.3102,-0.2718,0.0551,798,0.9975,1.0000,0.633892,-0.0829,-0.4236,
881,33.7201,3.9776,-23.1221,-0.6115,0.1881,798,0.9975,1.0000,0.633892,-0.2880,-0.9533,
882,33.7548,3.6366,-22.9076,-0.3410,0.2144,799,0.9988,1.0000,0.633892,-0.3342,-0.5321,
883,33.7869,3.2745,-22.7746,-0.3621,0.1331,799,0.9988,1.0000,0.633892,-0.2049,-0.5646,
884,33.8196,2.5269,-22.4734,-0.7476,0.3012,798,0.9988,1.0000,0.633892,-0.4650,-1.1658,
885,33.8641,2.3155,-21.9700,-0.2113,0.5033,793,0.9925,1.0000,0.633892,-0.7943,-0.3312,
886,33.8941,2.1462,-21.6049,-0.1694,0.3652,797,0.9975,1.0000,0.633892,-0.5759,-0.2653,
887,33.9229,1.3976,-21.0808,-0.7486,0.5241,786,0.9875,1.0000,0.633892,-0.8182,-1.1682,
888,33.9530,1.1333,-21.0888,-0.2643,-0.0080,795,0.9950,1.0000,0.633892,0.0172,-0.4117,
889,33.9862,2.2882,-21.3001,1.1549,-0.2113,789,0.9925,1.0000,0.633892,0.3157,1.7999,
890,34.0197,3.1169,-21.1690,0.8287,0.1311,794,0.9975,1.0000,0.633892,-0.2216,1.2904,
891,34.0530,3.6315,-20.8128,0.5146,0.3561,768,0.9550,1.0000,0.633892,-0.5730,0.8002,
892,34.0861,5.1015,-21.6522,1.4701,-0.8394,750,0.8723,1.0000,0.633892,1.3059,2.2934,
893,34.1221,6.2206,-21.9793,1.1191,-0.3271,753,0.9363,1.0000,0.633892,0.4998,1.7446,
894,34.1529,6.2666,-22.1974,0.0459,-0.2181,767,0.9637,1.0000,0.633892,0.3449,0.0724,
895,34.1863,5.9630,-21.9321,-0.3036,0.2653,800,1.0000,1.0000,0.633892,-0.4154,-0.4740,
896,34.2196,6.0342,-21.8954,0.0712,0.0367,799,0.9988,1.0000,0.633892,-0.0593,0.1108,
897,34.2533,6.0013,-21.9144,-0.0329,-0.0190,798,0.9988,1.0000,0.633892,0.0307,-0.0512,
898,34.2862,6.1145,-21.8653,0.1133,0.0491,797,0.9988,1.0000,0.633892,-0.0797,0.1763,
899,34.3192,6.3286,-21.9581,0.2140,-0.0927,769,0.9875,1.0000,0.633892,0.1434,0.3338,
900,34.3527,6.0041,-21.6986,-0.3245,0.2595,799,0.9988,1.0000,0.633892,-0.4059,-0.5065,
901,34.4056,5.9059,-21.5992,-0.0982,0.0993,799,0.9988,1.0000,0.633892,-0.1558,-0.1534,
902,34.4343,5.9240,-21.7011,0.0181,-0.1019,800,1.0000,1.0000,0.633892,0.1611,0.0287,
903,34.4623,5.7235,-21.6594,-0.2006,0.0417,800,1.0000,1.0000,0.633892,-0.0627,-0.3126,
904,34.4906,5.1862,-21.4998,-0.5373,0.1597,800,1.0000,1.0000,0.633892,-0.2441,-0.8376,
905,34.5195,4.7980,-21.4483,-0.3882,0.0514,793,0.9988,1.0000,0.633892,-0.0751,-0.6049,
906,34.5528,4.1663,-21.5606,-0.6317,-0.1122,800,1.0000,1.0000,0.633892,0.1884,-0.9836,
907,34.5860,3.6637,-21.2291,-0.5026,0.3314,796,0.9950,1.0000,0.633892,-0.5170,-0.7842,
908,34.6195,3.1693,-21.1811,-0.4944,0.0480,784,0.9900,1.0000,0.633892,-0.0678,-0.7703,
909,34.6527,1.8020,-20.8085,-1.3673,0.3726,764,0.9550,1.0000,0.633892,-0.5678,-2.1314,
910,34.6860,0.4611,-20.7112,-1.3410,0.0974,773,0.9725,1.0000,0.633892,-0.1320,-2.0893,
911,34.7195,-0.4002,-20.6092,-0.8613,0.1020,787,0.9862,1.0000,0.633892,-0.1473,-1.3421,
912,34.7538,-0.8935,-20.7072,-0.4933,-0.0980,797,1.0000,1.0000,0.633892,0.1635,-0.7680,
913,34.7887,-1.0919,-21.2565,-0.1985,-0.5493,792,0.9950,1.0000,0.633892,0.8739,-0.3069,
914,34.8194,-1.4142,-21.4176,-0.3223,-0.1611,799,1.0000,1.0000,0.633892,0.2607,-0.5013,
915,34.8528,-1.3483,-21.6996,0.0659,-0.2821,800,1.0000,1.0000,0.633892,0.4460,0.1038,
916,34.8858,-1.2575,-21.7643,0.0908,-0.0646,788,0.9912,1.0000,0.633892,0.1009,0.1417,
917,34.9193,-1.5593,-21.8371,-0.3018,-0.0728,763,0.9712,1.0000,0.633892,0.1204,-0.4698,
918,34.9527,-1.4296,-22.1609,0.1297,-0.3238,797,0.9988,1.0000,0.633892,0.5110,0.2034,
919,34.9861,-1.3136,-22.3946,0.1159,-0.2337,800,1.0000,1.0000,0.633892,0.3685,0.1816,
920,35.0193,-0.6993,-22.5223,0.6144,-0.1277,799,1.0000,1.0000,0.633892,0.1922,0.9575,
921,35.0527,0.1504,-22.5314,0.8497,-0.0091,800,1.0000,1.0000,0.633892,0.0003,1.3236,
922,35.0860,0.4814,-22.3177,0.3310,0.2137,799,0.9988,1.0000,0.633892,-0.3442,0.5147,
923,35.1193,0.6236,-22.1706,0.1422,0.1471,795,0.9962,1.0000,0.633892,-0.2355,0.2209,
924,35.1524,1.4783,-22.3604,0.8547,-0.1898,800,1.0000,1.0000,0.633892,0.2866,1.3322,
925,35.1860,1.8875,-22.3698,0.4092,-0.0094,800,1.0000,1.0000,0.633892,0.0081,0.6375,
926,35.2190,1.2883,-22.3759,-0.5992,-0.0061,793,1.0000,1.0000,0.633892,0.0197,-0.9334,
927,35.2527,1.5172,-22.7323,0.2288,-0.3564,800,1.0000,1.0000,0.633892,0.5611,0.3579,
928,35.2859,1.6820,-22.7978,0.1648,-0.0655,797,1.0000,1.0000,0.633892,0.1010,0.2570,
929,35.3257,1.3079,-22.7412,-0.3741,0.0566,799,1.0000,1.0000,0.633892,-0.0834,-0.5830,
930,35.3548,1.0973,-23.1529,-0.2106,-0.4117,797,0.9975,1.0000,0.633892,0.6560,-0.3264,
931,35.4060,1.0337,-23.6508,-0.0636,-0.4979,797,0.9975,1.0000,0.633892,0.7902,-0.0971,
932,35.4350,0.7313,-23.6679,-0.3024,-0.0171,799,1.0000,1.0000,0.633892,0.0321,-0.4711,
933,35.4637,0.5867,-23.7636,-0.1445,-0.0957,795,0.9975,1.0000,0.633892,0.1541,-0.2248,
934,35.4919,1.1371,-23.8962,0.5504,-0.1326,800,1.0000,1.0000,0.633892,0.2010,0.8579,
935,35.5207,1.5245,-23.8919,0.3874,0.0043,800,1.0000,1.0000,0.633892,-0.0133,0.6034,
936,35.5525,1.9335,-23.8104,0.4091,0.0815,800,1.0000,1.0000,0.633892,-0.1359,0.6369,
937,35.5861,2.6031,-23.8822,0.6696,-0.0718,784,0.9938,1.0000,0.633892,0.1027,1.0433,
938,35.6191,2.9281,-23.5480,0.3250,0.3342,786,0.9938,1.0000,0.633892,-0.5352,0.5049,
939,35.6526,2.7489,-23.3448,-0.1792,0.2031,799,0.9988,1.0000,0.633892,-0.3190,-0.2800,
940,35.6861,3.2494,-23.5138,0.5005,-0.1690,774,0.9738,1.0000,0.633892,0.2595,0.7803,
941,35.7190,4.0758,-24.3166,0.8264,-0.8028,754,0.7125,1.0000,0.633892,1.2586,1.2905,
942,35.7528,4.1408,-24.3202,0.0650,-0.0036,779,0.9850,1.0000,0.633892,0.0047,0.1013,
943,35.7856,4.4050,-24.5102,0.2642,-0.1900,760,0.8612,1.0000,0.633892,0.2967,0.4123,
944,35.8189,4.4626,-25.2015,0.0577,-0.6912,767,0.9575,1.0000,0.633892,1.0946,0.0926,
945,35.8523,4.1049,-25.4231,-0.3578,-0.2216,751,0.7913,1.0000,0.633892,0.3572,-0.5565,
946,35.8858,3.6606,-25.8390,-0.4443,-0.4159,765,0.9637,1.0000,0.633892,0.6666,-0.6904,
947,35.9189,3.2522,-25.3749,-0.4084,0.4641,797,0.9975,1.0000,0.633892,-0.7288,-0.6381,
948,35.9522,2.1668,-24.8150,-1.0853,0.5599,793,0.9950,1.0000,0.633892,-0.8694,-1.6929,
949,35.9856,1.9363,-24.2923,-0.2305,0.5227,781,0.9775,1.0000,0.633892,-0.8246,-0.3611,
950,36.0189,1.7927,-23.6196,-0.1437,0.6727,785,0.9838,1.0000,0.633892,-1.0637,-0.2265,
951,36.0521,1.2605,-23.2014,-0.5322,0.4182,790,0.9938,1.0000,0.633892,-0.6539,-0.8307,
952,36.0854,0.7519,-23.2356,-0.5086,-0.0342,799,0.9988,1.0000,0.633892,0.0626,-0.7921,
953,36.1188,0.4901,-23.2154,-0.2618,0.0202,800,1.0000,1.0000,0.633892,-0.0277,-0.4079,
954,36.1522,-1.3902,-22.4364,-1.8802,0.7790,762,0.8855,1.0000,0.633892,-1.2034,-2.9321,
955,36.1853,-4.2737,-21.4108,-2.8836,1.0256,761,0.8692,1.0000,0.633892,-1.5775,-4.4960,
956,36.2188,-5.6800,-20.9905,-1.4063,0.4203,782,0.9725,1.0000,0.633892,-0.6428,-2.1923,
957,36.2527,-6.6912,-20.6436,-1.0112,0.3469,785,0.9875,1.0000,0.633892,-0.5330,-1.5767,
958,36.2856,-7.0119,-20.6489,-0.3206,-0.0053,797,0.9988,1.0000,0.633892,0.0138,-0.4995,
959,36.3188,-8.8031,-20.5015,-1.7913,0.1474,771,0.9375,1.0000,0.633892,-0.2039,-2.7910,
960,36.3520,-11.1573,-20.2684,-2.3542,0.2331,755,0.9337,1.0000,0.633892,-0.3303,-3.6682,
961,36.4049,-12.0990,-20.3953,-0.9417,-0.1269,795,0.9925,1.0000,0.633892,0.2168,-1.4664,
962,36.4340,-12.4318,-20.3829,-0.3327,0.0125,800,1.0000,1.0000,0.633892,-0.0143,-0.5183,
963,36.4628,-12.5331,-20.6336,-0.1013,-0.2507,800,1.0000,1.0000,0.633892,0.3990,-0.1568,
964,36.4917,-12.3064,-20.7447,0.2267,-0.1111,799,0.9988,1.0000,0.633892,0.1724,0.3536,
965,36.5197,-12.5595,-21.1640,-0.2531,-0.4193,798,0.9975,1.0000,0.633892,0.6687,-0.3926,
966,36.5519,-13.1584,-21.7839,-0.5989,-0.6200,794,0.9925,1.0000,0.633892,0.9926,-0.9304,
967,36.5854,-13.1520,-22.3644,0.0064,-0.5805,795,0.9938,1.0000,0.633892,0.9199,0.0124,
968,36.6189,-12.6978,-22.6984,0.4542,-0.3340,798,1.0000,1.0000,0.633892,0.5219,0.7088,
969,36.6519,-12.5801,-22.9441,0.1177,-0.2456,798,0.9988,1.0000,0.633892,0.3873,0.1844,
970,36.6853,-12.5176,-23.3161,0.0625,-0.3720,798,0.9988,1.0000,0.633892,0.5886,0.0989,
971,36.7186,-12.3290,-23.4710,0.1886,-0.1549,799,0.9988,1.0000,0.633892,0.2424,0.2943,
972,36.7519,-12.3633,-23.4475,-0.0343,0.0235,799,0.9988,1.0000,0.633892,-0.0367,-0.0535,
973,36.7851,-11.8127,-23.3714,0.5506,0.0761,799,1.0000,1.0000,0.633892,-0.1298,0.8573,
974,36.8183,-11.3881,-23.4181,0.4246,-0.0467,799,1.0000,1.0000,0.633892,0.0669,0.6616,
975,36.8519,-11.7272,-23.0716,-0.3390,0.3465,798,0.9988,1.0000,0.633892,-0.5435,-0.5295,
976,36.8853,-11.7922,-23.0765,-0.0650,-0.0049,799,0.9988,1.0000,0.633892,0.0089,-0.1013,
977,36.9185,-11.3354,-23.0145,0.4568,0.0620,798,0.9988,1.0000,0.633892,-0.1058,0.7113,
978,36.9518,-11.3512,-22.4556,-0.0158,0.5589,798,0.9975,1.0000,0.633892,-0.8856,-0.0268,
979,36.9853,-11.7670,-22.0748,-0.4158,0.3808,798,0.9975,1.0000,0.633892,-0.5966,-0.6492,
980,37.0185,-12.4838,-21.5528,-0.7168,0.5220,796,0.9950,1.0000,0.633892,-0.8155,-1.1187,
981,37.0519,-13.0537,-21.2017,-0.5699,0.3511,799,1.0000,1.0000,0.633892,-0.5470,-0.8893,
982,37.0850,-12.9282,-21.3086,0.1255,-0.1070,800,1.0000,1.0000,0.633892,0.1675,0.1959,
983,37.1186,-13.0760,-21.1757,-0.1477,0.1329,800,1.0000,1.0000,0.633892,-0.2082,-0.2307,
984,37.1520,-13.5755,-21.2467,-0.4996,-0.0710,800,1.0000,1.0000,0.633892,0.1208,-0.7779,
985,37.1850,-13.6501,-21.5456,-0.0746,-0.2989,799,0.9988,1.0000,0.633892,0.4750,-0.1150,
986,37.2183,-13.8829,-21.5375,-0.2328,0.0081,800,1.0000,1.0000,0.633892,-0.0089,-0.3627,
987,37.2521,-14.4582,-21.5197,-0.5753,0.0178,800,1.0000,1.0000,0.633892,-0.0187,-0.8962,
988,37.2851,-15.5157,-21.3836,-1.0575,0.1361,797,0.9988,1.0000,0.633892,-0.1981,-1.6478,
989,37.3182,-17.3256,-21.4086,-1.8100,-0.0250,795,0.9938,1.0000,0.633892,0.0696,-2.8194,
990,37.3518,-18.2087,-21.7656,-0.8831,-0.3571,798,0.9988,1.0000,0.633892,0.5806,-1.3742,
991,37.4050,-19.5102,-21.8327,-1.3014,-0.0671,792,0.9888,1.0000,0.633892,0.1280,-2.0271,
992,37.4344,-21.2077,-21.8095,-1.6975,0.0232,796,0.9950,1.0000,0.633892,-0.0086,-2.6444,
993,37.4637,-22.8880,-21.4897,-1.6803,0.3198,794,0.9925,1.0000,0.633892,-0.4789,-2.6188,
994,37.4952,-24.4897,-21.2994,-1.6017,0.1904,786,0.9838,1.0000,0.633892,-0.2751,-2.4959,
995,37.5256,-24.5979,-21.2534,-0.1081,0.0459,799,1.0000,1.0000,0.633892,-0.0710,-0.1686,
996,37.5546,-23.5898,-21.5526,1.0081,-0.2992,792,0.9938,1.0000,0.633892,0.4574,1.5716,
997,37.5852,-22.7286,-21.3107,0.8612,0.2419,785,0.9875,1.0000,0.633892,-0.3976,1.3405,
998,37.6184,-22.0346,-21.1834,0.6940,0.1274,799,0.9988,1.0000,0.633892,-0.2134,1.0805,
999,37.6519,-20.3140,-21.1965,1.7206,-0.0131,796,0.9962,1.0000,0.633892,-0.0079,2.6803,
1000,37.6850,-18.9742,-21.2937,1.3399,-0.0973,800,1.0000,1.0000,0.633892,0.1319,2.0876,
1001,37.7183,-16.3467,-21.1652,2.6274,0.1285,760,0.9487,1.0000,0.633892,-0.2473,4.0924,
1002,37.7520,-13.9964,-21.2932,2.3504,-0.1280,781,0.9087,1.0000,0.633892,0.1638,3.6618,
1003,37.7850,-13.1497,-21.4559,0.8466,-0.1627,796,1.0000,1.0000,0.633892,0.2438,1.3195,
1004,37.8183,-12.1771,-21.4309,0.9726,0.0250,795,0.9988,1.0000,0.633892,-0.0558,1.5150,
1005,37.8517,-10.5534,-21.3504,1.6237,0.0805,778,0.9725,1.0000,0.633892,-0.1546,2.5290,
1006,37.8849,-8.8088,-21.3783,1.7447,-0.0279,792,0.9800,1.0000,0.633892,0.0152,2.7179,
1007,37.9183,-7.9736,-21.5269,0.8352,-0.1486,794,0.9975,1.0000,0.633892,0.2217,1.3016,
1008,37.9518,-7.1391,-21.6119,0.8345,-0.0850,795,1.0000,1.0000,0.633892,0.1208,1.3002,
1009,37.9850,-6.4683,-21.7611,0.6709,-0.1492,797,0.9975,1.0000,0.633892,0.2253,1.0457,
1010,38.0183,-6.8193,-21.7312,-0.3510,0.0299,798,1.0000,1.0000,0.633892,-0.0416,-0.5470,
1011,38.0517,-7.4572,-21.6953,-0.6379,0.0359,796,0.9975,1.0000,0.633892,-0.0463,-0.9939,
1012,38.0849,-7.6340,-21.8908,-0.1767,-0.1955,800,1.0000,1.0000,0.633892,0.3128,-0.2745,
1013,38.1183,-7.6549,-21.8801,-0.0209,0.0106,795,0.9988,1.0000,0.633892,-0.0165,-0.0327,
1014,38.1521,-7.6226,-22.0145,0.0323,-0.1343,796,1.0000,1.0000,0.633892,0.2124,0.0508,
1015,38.1851,-7.6943,-22.2300,-0.0717,-0.2155,800,1.0000,1.0000,0.633892,0.3427,-0.1108,
1016,38.2182,-7.6666,-22.4748,0.0278,-0.2448,799,1.0000,1.0000,0.633892,0.3875,0.0442,
1017,38.2520,-7.1298,-22.6607,0.5367,-0.1859,797,1.0000,1.0000,0.633892,0.2857,0.8369,
1018,38.2848,-6.8983,-22.5909,0.2315,0.0697,799,1.0000,1.0000,0.633892,-0.1144,0.3604,
1019,38.3182,-6.7458,-22.7859,0.1524,-0.1950,799,1.0000,1.0000,0.633892,0.3065,0.2383,
1020,38.3514,-6.6139,-22.6458,0.1319,0.1401,798,0.9988,1.0000,0.633892,-0.2242,0.2049,
1021,38.4041,-6.8059,-22.6518,-0.1920,-0.0060,800,1.0000,1.0000,0.633892,0.0127,-0.2990,
1022,38.4329,-6.6356,-22.8431,0.1703,-0.1913,800,1.0000,1.0000,0.633892,0.3003,0.2660,
1023,38.4618,-6.1992,-23.0249,0.4365,-0.1818,800,1.0000,1.0000,0.633892,0.2809,0.6806,
1024,38.4910,-6.1564,-23.1091,0.0427,-0.0842,800,1.0000,1.0000,0.633892,0.1328,0.0669,
1025,38.5194,-6.3366,-23.2243,-0.1802,-0.1152,799,0.9988,1.0000,0.633892,0.1856,-0.2802,
1026,38.5516,-6.3944,-23.2323,-0.0578,-0.0080,800,1.0000,1.0000,0.633892,0.0137,-0.0900,
1027,38.5847,-6.4562,-23.3858,-0.0619,-0.1535,799,1.0000,1.0000,0.633892,0.2443,-0.0957,
1028,38.6179,-6.6126,-23.4825,-0.1563,-0.0967,800,1.0000,1.0000,0.633892,0.1559,-0.2432,
1029,38.6517,-6.9893,-23.4776,-0.3767,0.0050,800,1.0000,1.0000,0.633892,-0.0016,-0.5868,
1030,38.6849,-7.3128,-23.4938,-0.3235,-0.0163,800,1.0000,1.0000,0.633892,0.0312,-0.5039,
1031,38.7179,-7.4015,-23.5212,-0.0886,-0.0274,799,1.0000,1.0000,0.633892,0.0449,-0.1379,
1032,38.7534,-7.7110,-23.4340,-0.3095,0.0872,800,1.0000,1.0000,0.633892,-0.1330,-0.4825,
1033,38.7850,-8.1962,-23.2285,-0.4852,0.2055,798,0.9988,1.0000,0.633892,-0.3176,-0.7567,
1034,38.8185,-8.5309,-23.0244,-0.3347,0.2042,799,0.9988,1.0000,0.633892,-0.3181,-0.5222,
1035,38.8514,-8.4998,-22.9570,0.0311,0.0674,798,0.9988,1.0000,0.633892,-0.1073,0.0481,
1036,38.8851,-8.4115,-22.9153,0.0884,0.0416,798,1.0000,1.0000,0.633892,-0.0674,0.1375,
1037,38.9185,-8.2806,-22.7673,0.1309,0.1480,798,0.9988,1.0000,0.633892,-0.2368,0.2033,
1038,38.9519,-8.5241,-22.2667,-0.2436,0.5006,793,0.9912,1.0000,0.633892,-0.7894,-0.3814,
1039,38.9850,-8.6509,-21.9205,-0.1268,0.3462,796,0.9962,1.0000,0.633892,-0.5466,-0.1989,
1040,39.0223,-8.2881,-21.6883,0.3628,0.2321,799,0.9988,1.0000,0.633892,-0.3740,0.5642,
1041,39.0518,-8.3786,-21.9350,-0.0905,-0.2467,799,1.0000,1.0000,0.633892,0.3925,-0.1399,
1042,39.0847,-8.5824,-21.5965,-0.2038,0.3385,796,0.9962,1.0000,0.633892,-0.5331,-0.3189,
1043,39.1179,-8.8467,-21.2287,-0.2643,0.3678,796,0.9975,1.0000,0.633892,-0.5785,-0.4132,
1044,39.1513,-8.4030,-21.2903,0.4438,-0.0616,798,0.9988,1.0000,0.633892,0.0902,0.6915,
1045,39.1847,-7.7709,-21.3920,0.6321,-0.1017,794,0.9988,1.0000,0.633892,0.1508,0.9851,
1046,39.2180,-7.8613,-21.2874,-0.0905,0.1047,799,1.0000,1.0000,0.633892,-0.1644,-0.1413,
1047,39.2514,-7.8887,-21.3451,-0.0274,-0.0578,799,1.0000,1.0000,0.633892,0.0920,-0.0425,
1048,39.2851,-7.7075,-21.2516,0.1812,0.0936,796,1.0000,1.0000,0.633892,-0.1513,0.2819,
1049,39.3184,-7.9373,-21.1846,-0.2297,0.0670,799,0.9988,1.0000,0.633892,-0.1024,-0.3582,
1050,39.3511,-8.2216,-21.0783,-0.2843,0.1063,798,0.9988,1.0000,0.633892,-0.1638,-0.4433,
1051,39.4043,-8.5178,-20.9061,-0.2962,0.1722,800,1.0000,1.0000,0.633892,-0.2679,-0.4622,
1052,39.4334,-8.8263,-21.0604,-0.3085,-0.1543,800,1.0000,1.0000,0.633892,0.2497,-0.4800,
1053,39.4633,-8.8347,-21.3052,-0.0083,-0.2448,800,1.0000,1.0000,0.633892,0.3881,-0.0120,
1054,39.4912,-9.1554,-21.2740,-0.3207,0.0311,796,1.0000,1.0000,0.633892,-0.0440,-0.4997,
1055,39.5201,-9.5647,-21.3111,-0.4093,-0.0370,800,1.0000,1.0000,0.633892,0.0655,-0.6375,
1056,39.5520,-9.8617,-21.0843,-0.2970,0.2268,800,1.0000,1.0000,0.633892,-0.3545,-0.4635,
1057,39.5849,-10.3748,-20.6821,-0.5131,0.4022,798,0.9987,1.0000,0.633892,-0.6289,-0.8009,
1058,39.6182,-10.6685,-20.4118,-0.2937,0.2703,800,1.0000,1.0000,0.633892,-0.4236,-0.4586,
1059,39.6515,-10.9793,-19.6386,-0.3107,0.7731,762,0.9525,1.0000,0.633892,-1.2202,-0.4872,
1060,39.6842,-13.2012,-18.1236,-2.2219,1.5151,754,0.8914,1.0000,0.633892,-2.3643,-3.4673,
1061,39.7181,-18.2606,-15.8519,-5.0595,2.2717,728,0.7663,1.0000,0.633892,-3.5164,-7.8906,
1062,39.7520,-25.3413,-15.1398,-7.0806,0.7120,682,0.7275,1.0000,0.633892,-1.0108,-11.0327,
1063,39.7849,-25.5978,-23.7687,-0.2565,-8.6289,408,0.4881,1.0000,0.633892,13.6804,-0.3648,low_inlier
1064,39.8178,-27.0465,-28.5932,-1.4487,-4.8245,447,0.3860,1.0000,0.633892,7.6706,-2.2373,low_inlier
1065,39.8511,-28.2052,-30.5478,-1.1588,-1.9546,391,0.4270,1.0000,0.633892,3.1172,-1.7972,low_inlier
1066,39.8849,-28.7881,-36.2463,-0.5828,-5.6984,396,0.1826,1.0000,0.633892,9.0413,-0.8850,low_inlier
1067,39.9179,-34.9953,-32.8802,-6.2073,3.3661,477,0.1656,1.0000,0.633892,-5.2318,-9.6829,low_inlier
1068,39.9511,-37.1148,-31.4591,-2.1195,1.4211,668,0.4040,1.0000,0.633892,-2.2172,-3.3074,low_inlier
1069,39.9844,-36.4162,-32.3435,0.6986,-0.8844,739,0.8213,1.0000,0.633892,1.3901,1.0918,
1070,40.0177,-33.0687,-35.5781,3.3475,-3.2347,645,0.7209,1.0000,0.633892,5.0711,5.2276,
1071,40.0509,-28.7849,-40.1867,4.2839,-4.6085,662,0.6045,1.0000,0.633892,7.2330,6.6917,
1072,40.0847,-23.4246,-44.7383,5.3603,-4.5517,510,0.2175,1.0000,0.633892,7.1250,8.3683,low_inlier
1073,40.1180,-27.2066,-39.8492,-3.7819,4.8891,367,0.1809,1.0000,0.633892,-7.6860,-5.9110,low_inlier
1074,40.1514,-24.4280,-39.5207,2.7786,0.3285,799,0.0000,1.0000,0.633892,-0.5669,4.3270,low_inlier
1075,40.1849,-19.7775,-44.6186,4.6505,-5.0979,697,0.5827,1.0000,0.633892,8.0024,7.2648,
1076,40.2182,-17.8675,-46.9955,1.9101,-2.3770,713,0.7572,1.0000,0.633892,3.7356,2.9850,
1077,40.2517,-16.6528,-48.1075,1.2147,-1.1120,684,0.5737,1.0000,0.633892,1.7422,1.8966,
1078,40.2847,-12.6618,-48.2095,3.9910,-0.1019,661,0.5307,1.0000,0.633892,0.0952,6.2174,
1079,40.3180,-8.0990,-48.6198,4.5628,-0.4103,694,0.6388,1.0000,0.633892,0.5745,7.1094,
1080,40.3513,-4.4474,-49.4670,3.6516,-0.8472,719,0.7134,1.0000,0.633892,1.2820,5.6918,
1081,40.4045,-0.7352,-51.3802,3.7122,-1.9132,760,0.5400,1.0000,0.633892,2.9706,5.7903,
1082,40.4349,1.1560,-51.6943,1.8912,-0.3141,713,0.4738,1.0000,0.633892,0.4664,2.9473,low_inlier
1083,40.4654,1.3718,-51.4389,0.2159,0.2554,771,0.7900,1.0000,0.633892,-0.4083,0.3352,
1084,40.4950,-0.2576,-50.6571,-1.6294,0.7818,747,0.6583,1.0000,0.633892,-1.2120,-2.5414,
1085,40.5251,-3.1250,-50.4270,-2.8674,0.2301,765,0.5957,1.0000,0.633892,-0.3171,-4.4676,
1086,40.5552,-5.4434,-49.8775,-2.3185,0.5495,755,0.7388,1.0000,0.633892,-0.8324,-3.6138,
1087,40.5852,-5.8626,-49.3415,-0.4192,0.5360,774,0.9462,1.0000,0.633892,-0.8426,-0.6551,
1088,40.6176,-6.2485,-48.2104,-0.3859,1.1310,780,0.8100,1.0000,0.633892,-1.7862,-0.6056,
1089,40.6507,-7.5166,-46.5081,-1.2682,1.7023,781,0.9750,1.0000,0.633892,-2.6769,-1.9823,
1090,40.6839,-10.1947,-44.8678,-2.6781,1.6404,673,0.4693,1.0000,0.633892,-2.5554,-4.1784,low_inlier
1091,40.7173,-12.4052,-45.0376,-2.2105,-0.1698,752,0.3104,1.0000,0.633892,0.3059,-3.4427,low_inlier
1092,40.7516,-13.7402,-46.4235,-1.3350,-1.3859,741,0.2838,1.0000,0.633892,2.2188,-2.0740,low_inlier
1093,40.7839,-15.0568,-48.8479,-1.3167,-2.4244,746,0.4225,1.0000,0.633892,3.8643,-2.0413,low_inlier
1094,40.8173,-16.6330,-49.6555,-1.5761,-0.8076,779,0.9663,1.0000,0.633892,1.3062,-2.4520,
1095,40.8509,-17.8060,-48.6964,-1.1730,0.9591,778,0.9675,1.0000,0.633892,-1.5005,-1.8311,
1096,40.8835,-17.3300,-47.6068,0.4760,1.0896,767,0.9413,1.0000,0.633892,-1.7349,0.7371,
1097,40.9172,-15.8418,-46.5072,1.4882,1.0995,775,0.9712,1.0000,0.633892,-1.7674,2.3138,
1098,40.9508,-13.6930,-45.8649,2.1488,0.6424,776,0.9700,1.0000,0.633892,-1.0538,3.3447,
1099,40.9837,-13.6363,-44.9947,0.0567,0.8701,792,0.9800,1.0000,0.633892,-1.3801,0.0849,
1100,41.0171,-15.0108,-43.6447,-1.3746,1.3500,784,0.9812,1.0000,0.633892,-2.1169,-2.1467,
1101,41.0505,-16.7399,-41.7356,-1.7291,1.9091,776,0.9738,1.0000,0.633892,-2.9971,-2.7011,
1102,41.0840,-18.8270,-39.8191,-2.0871,1.9164,774,0.9736,1.0000,0.633892,-3.0027,-3.2589,
1103,41.1172,-19.3656,-38.5483,-0.5386,1.2708,775,0.9221,1.0000,0.633892,-2.0052,-0.8441,
1104,41.1511,-18.2601,-37.8533,1.1055,0.6950,721,0.3237,1.0000,0.633892,-1.1199,1.7193,low_inlier
1105,41.1840,-18.1701,-36.9065,0.0900,0.9468,746,0.7700,1.0000,0.633892,-1.5022,0.1363,
1106,41.2172,-18.0871,-36.2021,0.0830,0.7044,780,0.9775,1.0000,0.633892,-1.1178,0.1265,
1107,41.2512,-17.1987,-36.0123,0.8884,0.1899,769,0.9613,1.0000,0.633892,-0.3157,1.3831,
1108,41.2839,-14.7618,-35.6750,2.4369,0.3373,761,0.9100,1.0000,0.633892,-0.5751,3.7948,
1109,41.3176,-12.8363,-34.9536,1.9255,0.7213,769,0.9287,1.0000,0.633892,-1.1753,2.9965,
1110,41.3505,-13.1864,-35.0306,-0.3501,-0.0770,785,0.9938,1.0000,0.633892,0.1279,-0.5451,
1111,41.4036,-13.4438,-35.1729,-0.2573,-0.1423,799,0.9988,1.0000,0.633892,0.2299,-0.4003,
1112,41.4330,-12.6031,-35.5296,0.8407,-0.3566,799,1.0000,1.0000,0.633892,0.5513,1.3110,
1113,41.4624,-12.1727,-35.6412,0.4304,-0.1116,800,1.0000,1.0000,0.633892,0.1697,0.6709,
1114,41.4917,-12.1047,-35.7907,0.0680,-0.1495,799,1.0000,1.0000,0.633892,0.2358,0.1065,
1115,41.5207,-12.0592,-35.6317,0.0455,0.1590,799,1.0000,1.0000,0.633892,-0.2527,0.0703,
1116,41.5505,-12.1273,-35.2414,-0.0681,0.3903,793,0.9888,1.0000,0.633892,-0.6175,-0.1076,
1117,41.5837,-12.9423,-35.0292,-0.8150,0.2122,774,0.9613,1.0000,0.633892,-0.3228,-1.2704,
1118,41.6169,-14.2756,-34.8008,-1.3333,0.2284,781,0.9788,1.0000,0.633892,-0.3398,-2.0778,
1119,41.6507,-15.4906,-34.4596,-1.2151,0.3412,796,0.9987,1.0000,0.633892,-0.5206,-1.8942,
1120,41.6838,-15.2625,-34.6937,0.2282,-0.2341,797,0.9975,1.0000,0.633892,0.3672,0.3564,
1121,41.7171,-14.0347,-35.7462,1.2278,-1.0525,790,0.9962,1.0000,0.633892,1.6478,1.9169,
1122,41.7514,-13.1327,-37.0141,0.9019,-1.2679,789,0.9862,1.0000,0.633892,1.9946,1.4101,
1123,41.7836,-13.3960,-37.8213,-0.2633,-0.8072,790,0.9912,1.0000,0.633892,1.2837,-0.4069,
1124,41.8170,-14.1215,-39.0171,-0.7255,-1.1958,788,0.9900,1.0000,0.633892,1.9073,-1.1253,
1125,41.8503,-13.5400,-39.9355,0.5815,-0.9184,710,0.8500,1.0000,0.633892,1.4460,0.9095,
1126,41.8839,-11.1891,-40.1923,2.3509,-0.2568,695,0.4313,1.0000,0.633892,0.3679,3.6632,low_inlier
1127,41.9170,-11.4561,-38.6540,-0.2670,1.5382,751,0.6516,1.0000,0.633892,-2.4335,-0.4221,
1128,41.9504,-15.4826,-34.1534,-4.0265,4.5006,748,0.7617,1.0000,0.633892,-7.0662,-6.2904,
1129,41.9838,-18.9807,-28.1159,-3.4981,6.0376,753,0.7009,1.0000,0.633892,-9.5110,-5.4735,
1130,42.0171,-20.7139,-22.0371,-1.7332,6.0787,723,0.7920,1.0000,0.633892,-9.6055,-2.7244,
1131,42.0505,-20.0136,-18.8570,0.7003,3.1802,706,0.7084,1.0000,0.633892,-5.0520,1.0781,
1132,42.0835,-17.5047,-17.1445,2.5089,1.7125,664,0.5537,1.0000,0.633892,-2.7559,3.9013,
1133,42.1169,-15.1602,-16.6361,2.3445,0.5084,760,0.9413,1.0000,0.633892,-0.8448,3.6501,
1134,42.1504,-12.9055,-18.2664,2.2547,-1.6303,779,0.9663,1.0000,0.633892,2.5465,3.5188,
1135,42.1837,-11.3511,-20.8203,1.5544,-2.5538,754,0.9450,1.0000,0.633892,4.0218,2.4317,
1136,42.2168,-9.2885,-22.3264,2.0626,-1.5062,764,0.9575,1.0000,0.633892,2.3529,3.2191,
1137,42.2501,-4.9724,-25.5851,4.3161,-3.2587,677,0.8083,1.0000,0.633892,5.0931,6.7366,
1138,42.2836,1.6448,-30.2690,6.6172,-4.6838,455,0.5689,1.0000,0.633892,7.3135,10.3269,
1139,42.3170,0.6737,-25.6609,-0.9711,4.6081,467,0.5852,1.0000,0.633892,-7.2874,-1.5313,
1140,42.3499,-0.7305,-20.9896,-1.4043,4.6712,454,0.4862,1.0000,0.633892,-7.3802,-2.2063,low_inlier
1141,42.4048,4.9685,-26.4238,5.6990,-5.4341,543,0.5900,1.0000,0.633892,8.5180,8.8996,
1142,42.4357,7.5463,-31.1575,2.5778,-4.7337,793,0.9912,1.0000,0.633892,7.4597,4.0346,
1143,42.4659,7.4604,-33.6328,-0.0859,-2.4753,775,0.9437,1.0000,0.633892,3.9246,-0.1238,
1144,42.4979,5.1405,-32.3212,-2.3199,1.3116,779,0.9650,1.0000,0.633892,-2.0402,-3.6192,
1145,42.5277,2.8626,-29.9855,-2.2779,2.3358,790,0.9838,1.0000,0.633892,-3.6642,-3.5578,
1146,42.5599,1.2676,-27.6767,-1.5950,2.3088,796,0.9950,1.0000,0.633892,-3.6328,-2.4940,
1147,42.5909,2.0298,-26.3425,0.7623,1.3342,800,1.0000,1.0000,0.633892,-2.1272,1.1820,
1148,42.6210,3.7098,-25.8750,1.6800,0.4675,800,1.0000,1.0000,0.633892,-0.7688,2.6152,
1149,42.6508,4.9023,-25.6712,1.1925,0.2039,800,1.0000,1.0000,0.633892,-0.3429,1.8568,
1150,42.6832,5.6025,-25.0433,0.7001,0.6279,800,1.0000,1.0000,0.633892,-1.0068,1.0881,
1151,42.7170,6.3296,-24.9560,0.7271,0.0873,797,0.9988,1.0000,0.633892,-0.1504,1.1324,
1152,42.7516,6.7838,-24.6467,0.4542,0.3093,800,1.0000,1.0000,0.633892,-0.4977,0.7063,
1153,42.7870,7.4508,-24.7449,0.6670,-0.0982,795,0.9962,1.0000,0.633892,0.1445,1.0394,
1154,42.8174,8.5515,-25.2141,1.1008,-0.4692,799,1.0000,1.0000,0.633892,0.7253,1.7166,
1155,42.8499,9.1222,-25.4125,0.5707,-0.1985,797,0.9988,1.0000,0.633892,0.3051,0.8898,
1156,42.8832,9.5024,-25.5859,0.3802,-0.1733,798,0.9988,1.0000,0.633892,0.2684,0.5929,
1157,42.9186,10.2512,-26.1841,0.7488,-0.5982,795,0.9975,1.0000,0.633892,0.9357,1.1688,
1158,42.9498,10.5219,-25.8308,0.2707,0.3533,796,0.9962,1.0000,0.633892,-0.5645,0.4202,
1159,42.9832,9.9563,-25.5950,-0.5656,0.2357,796,0.9975,1.0000,0.633892,-0.3642,-0.8820,
1160,43.0164,9.4861,-25.1917,-0.4702,0.4034,795,1.0000,1.0000,0.633892,-0.6315,-0.7341,
1161,43.0499,9.2647,-25.1042,-0.2214,0.0874,799,1.0000,1.0000,0.633892,-0.1349,-0.3453,
1162,43.0832,9.1490,-24.9276,-0.1157,0.1766,797,0.9988,1.0000,0.633892,-0.2780,-0.1809,
1163,43.1169,8.9646,-24.6448,-0.1844,0.2828,800,1.0000,1.0000,0.633892,-0.4452,-0.2884,
1164,43.1496,8.9387,-24.5306,-0.0259,0.1142,796,1.0000,1.0000,0.633892,-0.1806,-0.0409,
1165,43.1835,9.2487,-24.6539,0.3101,-0.1233,794,1.0000,1.0000,0.633892,0.1903,0.4835,
1166,43.2165,9.5043,-24.5329,0.2555,0.1210,799,1.0000,1.0000,0.633892,-0.1960,0.3976,
1167,43.2499,9.1884,-24.5904,-0.3159,-0.0575,799,1.0000,1.0000,0.633892,0.0963,-0.4918,
1168,43.2830,8.8205,-24.2404,-0.3679,0.3499,796,0.9975,1.0000,0.633892,-0.5485,-0.5745,
1169,43.3164,8.9506,-24.0885,0.1302,0.1519,798,1.0000,1.0000,0.633892,-0.2429,0.2021,
1170,43.3497,9.1587,-24.1698,0.2081,-0.0813,799,1.0000,1.0000,0.633892,0.1254,0.3244,
1171,43.4030,8.8166,-24.2252,-0.3421,-0.0554,800,1.0000,1.0000,0.633892,0.0935,-0.5327,
1172,43.4323,8.5740,-24.2577,-0.2425,-0.0325,800,1.0000,1.0000,0.633892,0.0555,-0.3777,
1173,43.4618,8.5491,-24.1776,-0.0249,0.0801,799,1.0000,1.0000,0.633892,-0.1265,-0.0391,
1174,43.4909,8.8671,-24.3657,0.3180,-0.1881,794,0.9950,1.0000,0.633892,0.2928,0.4961,
1175,43.5203,8.5952,-24.5051,-0.2719,-0.1394,800,1.0000,1.0000,0.633892,0.2255,-0.4229,
1176,43.5499,8.5763,-24.5155,-0.0190,-0.0104,798,1.0000,1.0000,0.633892,0.0168,-0.0295,
1177,43.5836,8.5068,-24.6735,-0.0694,-0.1580,799,1.0000,1.0000,0.633892,0.2515,-0.1075,
1178,43.6166,8.7000,-24.8879,0.1932,-0.2144,796,1.0000,1.0000,0.633892,0.3367,0.3018,
1179,43.6499,9.0156,-24.9835,0.3155,-0.0956,800,1.0000,1.0000,0.633892,0.1463,0.4919,
1180,43.6830,8.5982,-24.5882,-0.4174,0.3954,797,0.9988,1.0000,0.633892,-0.6197,-0.6517,
1181,43.7169,8.1417,-24.3938,-0.4566,0.1944,798,1.0000,1.0000,0.633892,-0.3004,-0.7120,
1182,43.7513,8.0074,-24.2622,-0.1343,0.1316,796,1.0000,1.0000,0.633892,-0.2064,-0.2097,
1183,43.7840,8.4998,-24.3449,0.4924,-0.0827,800,1.0000,1.0000,0.633892,0.1229,0.7674,
1184,43.8168,8.4591,-24.3301,-0.0407,0.0148,800,1.0000,1.0000,0.633892,-0.0227,-0.0635,
1185,43.8500,8.2845,-24.5303,-0.1746,-0.2002,799,1.0000,1.0000,0.633892,0.3202,-0.2711,
1186,43.8832,8.3456,-24.8546,0.0610,-0.3243,798,1.0000,1.0000,0.633892,0.5130,0.0964,
1187,43.9163,8.4324,-24.6007,0.0868,0.2539,799,0.9988,1.0000,0.633892,-0.4038,0.1342,
1188,43.9497,8.1528,-24.4033,-0.2796,0.1974,799,1.0000,1.0000,0.633892,-0.3082,-0.4363,
1189,43.9831,7.8520,-24.3991,-0.3008,0.0043,799,1.0000,1.0000,0.633892,-0.0018,-0.4686,
1190,44.0167,8.1600,-24.5238,0.3079,-0.1247,799,1.0000,1.0000,0.633892,0.1926,0.4802,
1191,44.0497,8.4201,-24.5024,0.2601,0.0214,800,1.0000,1.0000,0.633892,-0.0382,0.4051,
1192,44.0830,8.3156,-24.4971,-0.1045,0.0054,800,1.0000,1.0000,0.633892,-0.0067,-0.1628,
1193,44.1167,8.7704,-24.5094,0.4548,-0.0123,796,1.0000,1.0000,0.633892,0.0119,0.7085,
1194,44.1501,9.1273,-24.8127,0.3569,-0.3033,797,1.0000,1.0000,0.633892,0.4749,0.5572,
1195,44.1832,9.0789,-24.8959,-0.0484,-0.0832,800,1.0000,1.0000,0.633892,0.1326,-0.0751,
1196,44.2167,9.3021,-24.8353,0.2233,0.0605,800,1.0000,1.0000,0.633892,-0.0997,0.3475,
1197,44.2503,10.1931,-24.6235,0.8909,0.2118,799,1.0000,1.0000,0.633892,-0.3505,1.3870,
1198,44.2830,10.9918,-24.5302,0.7987,0.0933,800,1.0000,1.0000,0.633892,-0.1611,1.2438,
1199,44.3161,10.6465,-24.2636,-0.3453,0.2666,775,0.9812,1.0000,0.633892,-0.4168,-0.5390,
1200,44.3497,10.4598,-23.9172,-0.1867,0.3464,716,0.8638,1.0000,0.633892,-0.5460,-0.2922,
1201,44.4034,11.0910,-22.9452,0.6312,0.9719,679,0.2732,1.0000,0.633892,-1.5510,0.9794,low_inlier
1202,44.4342,11.7436,-21.4792,0.6526,1.4661,698,0.5669,1.0000,0.633892,-2.3344,1.0107,
1203,44.4646,10.0135,-21.3370,-1.7301,0.1422,558,0.3807,1.0000,0.633892,-0.1967,-2.6956,low_inlier
1204,44.4962,8.8706,-23.5370,-1.1429,-2.2001,598,0.0064,1.0000,0.633892,3.5060,-1.7715,low_inlier
1205,44.5277,9.3836,-27.5758,0.5129,-4.0387,549,0.0152,1.0000,0.633892,6.3926,0.8153,low_inlier
1206,44.5590,6.3516,-25.7903,-3.0320,1.7854,508,0.1501,1.0000,0.633892,-2.7794,-4.7303,low_inlier
1207,44.5901,7.1743,-26.3866,0.8228,-0.5963,758,0.9487,1.0000,0.633892,0.9314,1.2841,
1208,44.6205,8.7277,-26.6210,1.5534,-0.2344,727,0.8812,1.0000,0.633892,0.3457,2.4207,
1209,44.6508,9.1612,-27.4815,0.4335,-0.8605,775,0.9475,1.0000,0.633892,1.3566,0.6787,
1210,44.6832,7.4520,-27.2738,-1.7092,0.2077,770,0.9775,1.0000,0.633892,-0.3008,-2.6633,
1211,44.7159,6.0009,-27.5887,-1.4511,-0.3149,745,0.8838,1.0000,0.633892,0.5232,-2.2592,
1212,44.7511,5.7943,-27.5625,-0.2066,0.0263,787,0.9900,1.0000,0.633892,-0.0382,-0.3219,
1213,44.7837,6.5262,-27.9090,0.7319,-0.3465,706,0.8438,1.0000,0.633892,0.5370,1.1415,
1214,44.8163,8.0893,-28.3762,1.5631,-0.4673,688,0.7150,1.0000,0.633892,0.7146,2.4368,
1215,44.8495,11.1658,-28.2663,3.0764,0.1100,518,0.1825,1.0000,0.633892,-0.2254,4.7919,low_inlier
1216,44.8825,14.2288,-28.9892,3.0630,-0.7230,518,0.1638,1.0000,0.633892,1.0949,4.7744,low_inlier
1217,44.9159,15.9786,-29.0390,1.7498,-0.0498,691,0.5382,1.0000,0.633892,0.0498,2.7259,
1218,44.9492,18.3289,-29.1248,2.3503,-0.0858,628,0.2053,1.0000,0.633892,0.0969,3.6616,low_inlier
1219,44.9829,20.5360,-29.2735,2.2071,-0.1488,670,0.3475,1.0000,0.633892,0.1991,3.4388,low_inlier
1220,45.0158,21.7396,-29.8768,1.2035,-0.6033,761,0.8413,1.0000,0.633892,0.9362,1.8773,
1221,45.0489,21.6748,-30.0354,-0.0647,-0.1586,685,0.7685,1.0000,0.633892,0.2524,-0.1002,
1222,45.0826,22.9566,-29.9420,1.2818,0.0934,637,0.1702,1.0000,0.633892,-0.1693,1.9963,low_inlier
1223,45.1159,24.2467,-30.5549,1.2901,-0.6129,703,0.7312,1.0000,0.633892,0.9499,2.0122,
1224,45.1496,23.9902,-31.0711,-0.2566,-0.5163,790,0.9925,1.0000,0.633892,0.8225,-0.3976,
1225,45.1825,23.2235,-31.2008,-0.7667,-0.1297,790,0.9937,1.0000,0.633892,0.2182,-1.1937,
1226,45.2161,22.9963,-30.4816,-0.2272,0.7192,787,0.9950,1.0000,0.633892,0.3721,-1.1194,
1227,45.2494,22.4854,-30.4339,-0.5109,0.0477,788,0.9887,1.0000,0.633892,0.8105,-0.0723,
1228,45.2823,22.1219,-30.2511,-0.3635,0.1828,786,0.9862,1.0000,0.633892,0.5792,-0.2833,
1229,45.3156,21.8022,-29.4469,-0.3197,0.8042,791,0.9925,1.0000,0.633892,0.5201,-1.2514,
1230,45.3490,22.0522,-28.8141,0.2500,0.6328,788,0.9912,1.0000,0.633892,-0.3857,-0.9868,
1231,45.4034,21.8590,-28.7820,-0.1932,0.0321,799,0.9988,1.0000,0.633892,0.3068,-0.0492,
1232,45.4338,21.5131,-28.8063,-0.3458,-0.0243,799,1.0000,1.0000,0.633892,0.5477,0.0392,
1233,45.4641,21.5595,-28.5863,0.0463,0.2200,800,1.0000,1.0000,0.633892,-0.0698,-0.3429,
1234,45.4940,21.5600,-28.1904,0.0006,0.3958,800,1.0000,1.0000,0.633892,0.0057,-0.6166,
1235,45.5240,21.5798,-27.8820,0.0198,0.3084,800,1.0000,1.0000,0.633892,-0.0262,-0.4806,
1236,45.5527,21.6226,-27.4622,0.0429,0.4198,800,1.0000,1.0000,0.633892,-0.0609,-0.6542,
1237,45.5833,21.6438,-26.9899,0.0211,0.4723,800,1.0000,1.0000,0.633892,-0.0256,-0.7358,
1238,45.6158,21.5312,-26.8576,-0.1126,0.1323,799,1.0000,1.0000,0.633892,0.1806,-0.2056,
1239,45.6490,21.2563,-26.5907,-0.2749,0.2669,798,1.0000,1.0000,0.633892,0.4401,-0.4147,
1240,45.6824,21.1684,-26.2975,-0.0880,0.2932,799,1.0000,1.0000,0.633892,0.1443,-0.4563,
1241,45.7158,21.0005,-25.9948,-0.1678,0.3027,800,1.0000,1.0000,0.633892,0.2711,-0.4708,
1242,45.7504,20.8885,-26.0765,-0.1120,-0.0816,800,1.0000,1.0000,0.633892,0.1761,0.1276,
1243,45.7834,20.7442,-25.9857,-0.1444,0.0908,800,1.0000,1.0000,0.633892,0.2303,-0.1408,
1244,45.8161,21.2064,-25.3099,0.4622,0.6757,791,0.9975,1.0000,0.633892,-0.7214,-1.0545,
1245,45.8490,21.4444,-24.9932,0.2380,0.3167,793,0.9988,1.0000,0.633892,-0.3720,-0.4943,
1246,45.8823,21.7102,-25.2923,0.2658,-0.2990,800,1.0000,1.0000,0.633892,-0.4262,0.4647,
1247,45.9160,21.9573,-25.4181,0.2471,-0.1258,798,1.0000,1.0000,0.633892,-0.3937,0.1950,
1248,45.9489,22.3434,-25.0882,0.3861,0.3299,798,0.9988,1.0000,0.633892,-0.6064,-0.5154,
1249,45.9824,22.4148,-25.0125,0.0715,0.0757,800,1.0000,1.0000,0.633892,-0.1120,-0.1182,
1250,46.0158,22.1325,-25.3845,-0.2824,-0.3720,792,0.9975,1.0000,0.633892,0.4414,0.5806,
1251,46.0491,22.0154,-25.4448,-0.1171,-0.0603,800,1.0000,1.0000,0.633892,0.1846,0.0945,
1252,46.0822,22.2975,-25.1656,0.2821,0.2793,798,0.9988,1.0000,0.633892,-0.4425,-0.4362,
1253,46.1162,22.4170,-24.8525,0.1195,0.3130,799,1.0000,1.0000,0.633892,-0.1842,-0.4881,
1254,46.1490,22.3406,-24.4728,-0.0764,0.3797,800,1.0000,1.0000,0.633892,0.1274,-0.5912,
1255,46.1822,22.2634,-24.2950,-0.0772,0.1778,800,1.0000,1.0000,0.633892,0.1253,-0.2767,
1256,46.2154,22.4682,-23.8937,0.2048,0.4012,799,1.0000,1.0000,0.633892,-0.3179,-0.6258,
1257,46.2490,22.5101,-23.5871,0.0419,0.3066,800,1.0000,1.0000,0.633892,-0.0613,-0.4778,
1258,46.2822,22.6655,-23.5716,0.1554,0.0155,798,1.0000,1.0000,0.633892,-0.2460,-0.0248,
1259,46.3153,22.8569,-23.5940,0.1914,-0.0224,800,1.0000,1.0000,0.633892,-0.3037,0.0341,
1260,46.3488,23.0863,-23.2782,0.2295,0.3158,799,0.9988,1.0000,0.633892,-0.3585,-0.4929,
1261,46.4030,23.3379,-23.0055,0.2515,0.2727,800,1.0000,1.0000,0.633892,-0.3941,-0.4258,
1262,46.4333,23.2107,-22.9457,-0.1272,0.0598,800,1.0000,1.0000,0.633892,0.2026,-0.0927,
1263,46.4646,23.2285,-22.7452,0.0178,0.2006,800,1.0000,1.0000,0.633892,-0.0249,-0.3125,
1264,46.4948,23.2030,-22.9213,-0.0255,-0.1761,800,1.0000,1.0000,0.633892,0.0375,0.2745,
1265,46.5246,23.0061,-23.3665,-0.1969,-0.4452,799,1.0000,1.0000,0.633892,0.3047,0.6943,
1266,46.5548,23.1549,-23.0560,0.1489,0.3105,800,1.0000,1.0000,0.633892,-0.2308,-0.4843,
1267,46.5849,23.5213,-22.6059,0.3663,0.4501,800,1.0000,1.0000,0.633892,-0.5732,-0.7026,
1268,46.6155,23.5584,-22.7111,0.0372,-0.1052,800,1.0000,1.0000,0.633892,-0.0606,0.1637,
1269,46.6488,23.7378,-22.6487,0.1793,0.0624,800,1.0000,1.0000,0.633892,-0.2831,-0.0980,
1270,46.6821,23.9740,-21.9897,0.2362,0.6589,799,0.9988,1.0000,0.633892,-0.3635,-1.0274,
1271,46.7157,23.7266,-21.6548,-0.2474,0.3349,800,1.0000,1.0000,0.633892,0.3976,-0.5207,
1272,46.7504,23.5375,-21.8854,-0.1891,-0.2306,787,1.0000,1.0000,0.633892,0.2959,0.3599,
1273,46.7833,23.5235,-21.8678,-0.0140,0.0176,786,0.9875,1.0000,0.633892,0.0225,-0.0274,
1274,46.8159,23.3606,-21.4358,-0.1629,0.4320,799,1.0000,1.0000,0.633892,0.2653,-0.6723,
1275,46.8487,23.4703,-21.2751,0.1097,0.1606,800,1.0000,1.0000,0.633892,-0.1712,-0.2507,
1276,46.8825,23.4212,-21.1628,-0.0492,0.1124,800,1.0000,1.0000,0.633892,0.0798,-0.1749,
1277,46.9155,23.3163,-21.7429,-0.1049,-0.5801,800,1.0000,1.0000,0.633892,0.1566,0.9041,
1278,46.9490,23.3202,-22.1390,0.0039,-0.3961,800,1.0000,1.0000,0.633892,-0.0128,0.6171,
1279,46.9822,23.5693,-21.9171,0.2492,0.2219,799,1.0000,1.0000,0.633892,-0.3912,-0.3466,
1280,47.0152,23.5660,-21.9589,-0.0033,-0.0418,800,1.0000,1.0000,0.633892,0.0045,0.0651,
1281,47.0486,23.6160,-22.1586,0.0500,-0.1996,800,1.0000,1.0000,0.633892,-0.0825,0.3108,
1282,47.0819,24.0031,-22.8400,0.3870,-0.6814,796,0.9988,1.0000,0.633892,-0.6248,1.0599,
1283,47.1153,24.4063,-24.2959,0.4033,-1.4560,799,1.0000,1.0000,0.633892,-0.6633,2.2664,
1284,47.1490,23.8915,-26.3951,-0.5148,-2.0992,777,0.9750,1.0000,0.633892,0.7810,3.2720,
1285,47.1818,22.9096,-30.1690,-0.9820,-3.7739,750,0.7950,1.0000,0.633892,1.4936,5.8827,
1286,47.2155,22.1021,-33.7009,-0.8075,-3.5320,755,0.8438,1.0000,0.633892,1.2211,5.5052,
1287,47.2493,21.9073,-36.1540,-0.1948,-2.4530,755,0.8850,1.0000,0.633892,0.2679,3.8220,
1288,47.2818,21.8974,-39.5695,-0.0099,-3.4155,663,0.5725,1.0000,0.633892,-0.0410,5.3206,
1289,47.3151,22.0739,-44.8726,0.1766,-5.3031,702,0.2716,1.0000,0.633892,-0.3680,8.2603,low_inlier
1290,47.3490,20.9528,-48.6380,-1.1212,-3.7653,713,0.5081,1.0000,0.633892,1.7144,5.8700,
1291,47.4040,19.9042,-50.5048,-1.0485,-1.8668,787,0.9838,1.0000,0.633892,1.6308,2.9123,
1292,47.4350,19.7715,-51.8703,-0.1328,-1.3655,792,0.9988,1.0000,0.633892,0.1877,2.1276,
1293,47.4660,19.4376,-53.8486,-0.3338,-1.9783,777,0.9563,1.0000,0.633892,0.4962,3.0830,
1294,47.4972,19.0652,-55.0854,-0.3724,-1.2368,793,0.9788,1.0000,0.633892,0.5697,1.9282,
1295,47.5280,19.3487,-53.7074,0.2835,1.3780,757,0.9213,1.0000,0.633892,-0.4265,-2.1477,
1296,47.5587,19.3672,-53.7746,0.0185,-0.0672,799,0.9988,1.0000,0.633892,-0.0305,0.1046,
1297,47.5893,18.8219,-54.7013,-0.5454,-0.9267,798,0.9988,1.0000,0.633892,0.8490,1.4457,
1298,47.6200,18.7356,-56.0856,-0.0863,-1.3844,783,0.9925,1.0000,0.633892,0.1138,2.1569,
1299,47.6505,18.6683,-56.4165,-0.0672,-0.3309,785,0.9712,1.0000,0.633892,0.1011,0.5157,
1300,47.6820,18.5115,-55.5885,-0.1568,0.8280,788,0.9862,1.0000,0.633892,0.2623,-1.2892,
1301,47.7153,18.2529,-56.6010,-0.2587,-1.0125,764,0.9550,1.0000,0.633892,0.3931,1.5783,
1302,47.7497,17.9294,-57.3722,-0.3234,-0.7712,798,0.9888,1.0000,0.633892,0.4998,1.2026,
1303,47.7822,18.0058,-56.4283,0.0763,0.9439,786,0.9912,1.0000,0.633892,-0.1053,-1.4706,
1304,47.8153,17.8882,-56.2118,-0.1176,0.2165,799,1.0000,1.0000,0.633892,0.1899,-0.3367,
1305,47.8490,17.5502,-56.6582,-0.3380,-0.4463,795,1.0000,1.0000,0.633892,0.5283,0.6966,
1306,47.8817,17.4089,-56.3738,-0.1413,0.2844,789,0.9962,1.0000,0.633892,0.2287,-0.4425,
1307,47.9150,17.4699,-56.0528,0.0611,0.3210,798,0.9988,1.0000,0.633892,-0.0914,-0.5003,
1308,47.9487,17.1475,-55.8781,-0.3224,0.1746,798,0.9988,1.0000,0.633892,0.5139,-0.2708,
1309,47.9819,16.9409,-55.3482,-0.2067,0.5299,798,0.9975,1.0000,0.633892,0.3364,-0.8246,
1310,48.0152,16.9626,-55.0782,0.0217,0.2700,790,0.9950,1.0000,0.633892,-0.0299,-0.4207,
1311,48.0483,16.4062,-55.3334,-0.5564,-0.2551,799,0.9988,1.0000,0.633892,0.8776,0.3997,
1312,48.0819,16.2201,-55.5599,-0.1860,-0.2265,798,0.9988,1.0000,0.633892,0.2911,0.3536,
1313,48.1148,16.1685,-54.9296,-0.0516,0.6303,792,0.9962,1.0000,0.633892,0.0923,-0.9816,
1314,48.1483,16.0838,-54.6308,-0.0847,0.2988,796,0.9975,1.0000,0.633892,0.1393,-0.4651,
1315,48.1821,15.8880,-55.1060,-0.1957,-0.4751,795,1.0000,1.0000,0.633892,0.3023,0.7409,
1316,48.2149,16.1742,-54.3783,0.2862,0.7277,798,0.9988,1.0000,0.633892,-0.4415,-1.1347,
1317,48.2482,16.2820,-53.4529,0.1078,0.9254,798,0.9988,1.0000,0.633892,-0.1554,-1.4420,
1318,48.2813,16.5637,-53.2392,0.2817,0.2136,788,1.0000,1.0000,0.633892,-0.4429,-0.3339,
1319,48.3149,16.6313,-52.9767,0.0676,0.2625,799,1.0000,1.0000,0.633892,-0.1027,-0.4092,
1320,48.3481,16.5794,-52.9518,-0.0519,0.0249,800,1.0000,1.0000,0.633892,0.0826,-0.0386,
1321,48.4025,16.6456,-53.2680,0.0662,-0.3162,778,0.9962,1.0000,0.633892,-0.1102,0.4923,
1322,48.4333,16.8034,-53.4303,0.1577,-0.1623,793,1.0000,1.0000,0.633892,-0.2527,0.2523,
1323,48.4635,16.9010,-53.5208,0.0977,-0.0905,798,1.0000,1.0000,0.633892,-0.1563,0.1405,
1324,48.4937,16.9370,-53.8870,0.0359,-0.3661,769,0.9800,1.0000,0.633892,-0.0630,0.5702,
1325,48.5245,17.0031,-54.1263,0.0662,-0.2394,780,0.9962,1.0000,0.633892,-0.1088,0.3726,
1326,48.5548,17.0501,-53.8255,0.0470,0.3008,800,1.0000,1.0000,0.633892,-0.0695,-0.4688,
1327,48.5847,16.9198,-53.8387,-0.1303,-0.0132,800,1.0000,1.0000,0.633892,0.2063,0.0211,
1328,48.6149,16.7890,-55.0330,-0.1308,-1.1943,752,0.9475,1.0000,0.633892,0.1874,1.8609,
1329,48.6482,16.7530,-55.3428,-0.0360,-0.3098,786,0.9825,1.0000,0.633892,0.0519,0.4828,
1330,48.6815,16.7750,-54.8234,0.0220,0.5195,794,0.9988,1.0000,0.633892,-0.0263,-0.8093,
1331,48.7148,16.8257,-55.0697,0.0507,-0.2463,798,1.0000,1.0000,0.633892,-0.0844,0.3835,
1332,48.7484,16.8951,-54.8848,0.0694,0.1849,799,1.0000,1.0000,0.633892,-0.1070,-0.2883,
1333,48.7820,16.7485,-53.4789,-0.1466,1.4059,739,0.9175,1.0000,0.633892,0.2557,-2.1895,
1334,48.8152,17.1204,-50.8411,0.3719,2.6378,727,0.6900,1.0000,0.633892,-0.5456,-4.1105,
1335,48.8484,18.3331,-44.0765,1.2127,6.7646,682,0.2974,1.0000,0.633892,-1.8096,-10.5425,low_inlier
1336,48.8818,19.3123,-33.9798,0.9792,10.0966,338,0.0494,1.0000,0.633892,-1.3841,-15.7320,low_inlier
1337,48.9145,20.3119,-24.1679,0.9996,9.8120,312,0.1772,1.0000,0.633892,-1.4213,-15.2887,low_inlier
1338,48.9481,20.1573,-18.3498,-0.1546,5.8180,640,0.2931,1.0000,0.633892,0.3418,-9.0625,low_inlier
1339,48.9813,20.1697,-16.8354,0.0124,1.5145,775,0.9463,1.0000,0.633892,0.0055,-2.3592,
1340,49.0147,20.2864,-15.9757,0.1167,0.8596,782,0.9862,1.0000,0.633892,-0.1707,-1.3396,
1341,49.0482,20.3838,-14.4232,0.0974,1.5525,777,0.9762,1.0000,0.633892,-0.1285,-2.4189,
1342,49.0811,20.6115,-13.5387,0.2277,0.8845,778,0.9825,1.0000,0.633892,-0.3462,-1.3787,
1343,49.1152,20.6759,-13.0407,0.0643,0.4980,785,0.9912,1.0000,0.633892,-0.0937,-0.7760,
1344,49.1483,20.5509,-12.7983,-0.1250,0.2424,785,0.9888,1.0000,0.633892,0.2021,-0.3771,
1345,49.1817,20.4798,-13.2258,-0.0711,-0.4275,773,0.9825,1.0000,0.633892,0.1055,0.6663,
1346,49.2146,20.5320,-13.6314,0.0522,-0.4056,780,0.9838,1.0000,0.633892,-0.0895,0.6317,
1347,49.2480,20.4741,-14.5074,-0.0580,-0.8760,751,0.9563,1.0000,0.633892,0.0773,1.3648,
1348,49.2811,20.4572,-15.1137,-0.0168,-0.6063,773,0.9788,1.0000,0.633892,0.0166,0.9445,
1349,49.3144,20.5168,-15.1569,0.0596,-0.0432,786,0.9950,1.0000,0.633892,-0.0951,0.0671,
1350,49.3477,20.3707,-15.7255,-0.1461,-0.5686,782,0.9812,1.0000,0.633892,0.2221,0.8863,
1351,49.4018,20.3424,-16.0425,-0.0283,-0.3171,798,1.0000,1.0000,0.633892,0.0396,0.4940,
1352,49.4325,20.5280,-16.0281,0.1856,0.0145,799,1.0000,1.0000,0.633892,-0.2939,-0.0233,
1353,49.4625,20.5421,-16.3999,0.0141,-0.3718,800,1.0000,1.0000,0.633892,-0.0285,0.5791,
1354,49.4927,20.4629,-16.8452,-0.0792,-0.4454,799,1.0000,1.0000,0.633892,0.1181,0.6941,
1355,49.5232,20.3951,-17.2377,-0.0678,-0.3925,799,1.0000,1.0000,0.633892,0.1010,0.6117,
1356,49.5535,20.5473,-17.2065,0.1522,0.0312,800,1.0000,1.0000,0.633892,-0.2408,-0.0492,
1357,49.5844,20.7600,-17.1050,0.2127,0.1015,799,1.0000,1.0000,0.633892,-0.3354,-0.1590,
1358,49.6155,20.7486,-17.2801,-0.0115,-0.1751,799,1.0000,1.0000,0.633892,0.0153,0.2728,
1359,49.6478,20.6410,-17.9627,-0.1076,-0.6826,800,1.0000,1.0000,0.633892,0.1592,1.0637,
1360,49.6808,20.7406,-18.1195,0.0996,-0.1568,799,1.0000,1.0000,0.633892,-0.1605,0.2439,
1361,49.7145,21.0070,-18.1671,0.2664,-0.0476,799,1.0000,1.0000,0.633892,-0.4231,0.0731,
1362,49.7492,20.9777,-18.6993,-0.0293,-0.5322,799,1.0000,1.0000,0.633892,0.0376,0.8292,
1363,49.7808,20.9365,-18.3693,-0.0412,0.3300,800,1.0000,1.0000,0.633892,0.0708,-0.5138,
1364,49.8141,20.9780,-18.7970,0.0415,-0.4277,793,1.0000,1.0000,0.633892,-0.0728,0.6661,
1365,49.8476,20.9068,-19.5570,-0.0712,-0.7600,800,1.0000,1.0000,0.633892,0.1002,1.1842,
1366,49.8810,20.9771,-19.7934,0.0703,-0.2364,800,1.0000,1.0000,0.633892,-0.1153,0.3680,
1367,49.9144,21.1087,-19.8262,0.1316,-0.0329,799,1.0000,1.0000,0.633892,-0.2092,0.0507,
1368,49.9475,21.2528,-19.7504,0.1441,0.0759,799,1.0000,1.0000,0.633892,-0.2272,-0.1188,
1369,49.9808,21.2513,-19.7217,-0.0015,0.0287,800,1.0000,1.0000,0.633892,0.0028,-0.0447,
1370,50.0142,21.0576,-20.0429,-0.1937,-0.3212,800,1.0000,1.0000,0.633892,0.3017,0.5011,
1371,50.0474,21.1491,-20.4565,0.0915,-0.4137,798,1.0000,1.0000,0.633892,-0.1519,0.6440,
1372,50.0811,21.2620,-20.3600,0.1129,0.0966,800,1.0000,1.0000,0.633892,-0.1773,-0.1509,
1373,50.1143,21.0111,-20.8747,-0.2509,-0.5147,798,0.9988,1.0000,0.633892,0.3892,0.8029,
1374,50.1474,20.9635,-21.1378,-0.0476,-0.2631,800,1.0000,1.0000,0.633892,0.0710,0.4100,
1375,50.1808,21.0992,-20.8263,0.1357,0.3116,799,0.9988,1.0000,0.633892,-0.2098,-0.4859,
1376,50.2140,21.0692,-20.9708,-0.0300,-0.1446,799,0.9988,1.0000,0.633892,0.0452,0.2253,
1377,50.2471,20.9139,-21.5268,-0.1553,-0.5560,797,1.0000,1.0000,0.633892,0.2369,0.8667,
1378,50.2808,20.9405,-21.4280,0.0266,0.0988,799,0.9988,1.0000,0.633892,-0.0406,-0.1541,
1379,50.3140,20.8171,-21.1434,-0.1235,0.2845,799,0.9988,1.0000,0.633892,0.2004,-0.4427,
1380,50.3473,21.1290,-21.2123,0.3120,-0.0689,797,0.9988,1.0000,0.633892,-0.4956,0.1060,
1381,50.4017,21.1356,-21.3327,0.0066,-0.1204,800,1.0000,1.0000,0.633892,-0.0125,0.1875,
1382,50.4311,21.0279,-21.6827,-0.1077,-0.3501,800,1.0000,1.0000,0.633892,0.1649,0.5457,
1383,50.4616,20.8934,-21.7491,-0.1345,-0.0664,800,1.0000,1.0000,0.633892,0.2121,0.1040,
1384,50.4919,20.8874,-21.8683,-0.0060,-0.1192,800,1.0000,1.0000,0.633892,0.0075,0.1857,
1385,50.5216,21.0025,-21.9738,0.1152,-0.1055,800,1.0000,1.0000,0.633892,-0.1843,0.1639,
1386,50.5517,20.9074,-22.0819,-0.0952,-0.1081,798,1.0000,1.0000,0.633892,0.1490,0.1687,
1387,50.5819,21.1148,-22.3509,0.2074,-0.2690,800,1.0000,1.0000,0.633892,-0.3332,0.4182,
1388,50.6137,21.2062,-22.1610,0.0914,0.1899,800,1.0000,1.0000,0.633892,-0.1417,-0.2962,
1389,50.6473,21.3895,-21.3417,0.1833,0.8193,772,0.9725,1.0000,0.633892,-0.2769,-1.2770,
1390,50.6806,21.6089,-19.1378,0.2194,2.2039,762,0.9485,1.0000,0.633892,-0.3111,-3.4340,
1391,50.7139,21.9155,-18.2488,0.3065,0.8890,792,0.9875,1.0000,0.633892,-0.4711,-1.3862,
1392,50.7481,22.6001,-17.1874,0.6847,1.0614,759,0.9584,1.0000,0.633892,-1.0675,-1.6562,
1393,50.7812,22.7067,-15.2173,0.1065,1.9701,784,0.9625,1.0000,0.633892,-0.1361,-3.0694,
1394,50.8142,22.6566,-15.3602,-0.0500,-0.1430,799,0.9988,1.0000,0.633892,0.0769,0.2229,
1395,50.8472,22.6579,-15.6293,0.0012,-0.2691,800,1.0000,1.0000,0.633892,-0.0064,0.4192,
1396,50.8807,22.5824,-16.0991,-0.0755,-0.4698,799,1.0000,1.0000,0.633892,0.1119,0.7321,
1397,50.9140,22.5147,-16.3797,-0.0676,-0.2806,800,1.0000,1.0000,0.633892,0.1025,0.4374,
1398,50.9471,22.4692,-16.6142,-0.0455,-0.2344,800,1.0000,1.0000,0.633892,0.0682,0.3654,
1399,50.9804,22.3215,-17.1721,-0.1478,-0.5580,794,0.9988,1.0000,0.633892,0.2249,0.8698,
1400,51.0139,22.1919,-17.6258,-0.1296,-0.4537,799,1.0000,1.0000,0.633892,0.1978,0.7072,
1401,51.0472,22.1405,-17.7928,-0.0514,-0.1670,799,1.0000,1.0000,0.633892,0.0787,0.2603,
1402,51.0805,21.9398,-18.1199,-0.2007,-0.3271,800,1.0000,1.0000,0.633892,0.3126,0.5104,
1403,51.1138,21.6816,-18.8091,-0.2582,-0.6893,799,1.0000,1.0000,0.633892,0.3978,1.0747,
1404,51.1471,21.7894,-19.3841,0.1078,-0.5750,800,1.0000,1.0000,0.633892,-0.1804,0.8952,
1405,51.1805,21.5565,-19.5888,-0.2329,-0.2047,799,1.0000,1.0000,0.633892,0.3658,0.3198,
1406,51.2139,21.3744,-19.7579,-0.1821,-0.1691,799,1.0000,1.0000,0.633892,0.2858,0.2642,
1407,51.2472,21.1791,-20.0767,-0.1953,-0.3188,800,1.0000,1.0000,0.633892,0.3042,0.4974,
1408,51.2804,21.2340,-20.1091,0.0548,-0.0323,800,1.0000,1.0000,0.633892,-0.0874,0.0501,
1409,51.3140,21.1561,-20.3460,-0.0778,-0.2370,800,1.0000,1.0000,0.633892,0.1194,0.3695,
1410,51.3472,21.1196,-20.3954,-0.0365,-0.0494,800,1.0000,1.0000,0.633892,0.0570,0.0771,
1411,51.4007,20.9908,-20.6793,-0.1288,-0.2838,799,0.9988,1.0000,0.633892,0.1995,0.4427,
1412,51.4316,20.8751,-21.1503,-0.1157,-0.4711,799,0.9988,1.0000,0.633892,0.1755,0.7343,
1413,51.4635,20.7583,-21.0363,-0.1169,0.1141,799,0.9988,1.0000,0.633892,0.1871,-0.1772,
1414,51.4935,20.6834,-20.9955,-0.0749,0.0407,799,0.9988,1.0000,0.633892,0.1194,-0.0632,
1415,51.5240,20.5773,-21.4505,-0.1061,-0.4550,799,0.9988,1.0000,0.633892,0.1605,0.7092,
1416,51.5547,20.6759,-21.5134,0.0986,-0.0629,799,0.9988,1.0000,0.633892,-0.1573,0.0976,
1417,51.5858,20.9837,-21.7289,0.3078,-0.2155,799,0.9988,1.0000,0.633892,-0.4915,0.3345,
1418,51.6181,20.8752,-21.9587,-0.1085,-0.2297,799,0.9988,1.0000,0.633892,0.1682,0.3583,
1419,51.6496,20.7122,-22.1043,-0.1630,-0.1456,799,0.9988,1.0000,0.633892,0.2559,0.2275,
1420,51.6803,20.6028,-22.2170,-0.1095,-0.1128,798,0.9988,1.0000,0.633892,0.1716,0.1761,
1421,51.7135,20.3978,-22.2842,-0.2049,-0.0672,798,0.9988,1.0000,0.633892,0.3237,0.1055,
1422,51.7484,20.3687,-22.4795,-0.0291,-0.1953,799,0.9988,1.0000,0.633892,0.0429,0.3043,
1423,51.7804,20.4078,-22.3793,0.0391,0.1002,799,0.9988,1.0000,0.633892,-0.0602,-0.1563,
1424,51.8142,20.3818,-22.1334,-0.0260,0.2459,799,0.9988,1.0000,0.633892,0.0453,-0.3830,
1425,51.8472,20.2398,-22.2148,-0.1419,-0.0814,799,0.9988,1.0000,0.633892,0.2236,0.1274,
1426,51.8800,20.3499,-22.4109,0.1100,-0.1961,798,0.9988,1.0000,0.633892,-0.1777,0.3051,
1427,51.9135,20.4084,-22.1756,0.0585,0.2353,800,1.0000,1.0000,0.633892,-0.0888,-0.3668,
1428,51.9470,20.5685,-22.2033,0.1601,-0.0277,799,0.9988,1.0000,0.633892,-0.2542,0.0425,
1429,51.9800,20.5675,-22.3176,-0.0010,-0.1143,799,0.9988,1.0000,0.633892,-0.0002,0.1780,
1430,52.0136,20.6647,-21.9724,0.0973,0.3451,799,0.9988,1.0000,0.633892,-0.1484,-0.5380,
1431,52.0469,20.7073,-22.0859,0.0425,-0.1134,797,0.9988,1.0000,0.633892,-0.0693,0.1765,
1432,52.0803,20.6857,-22.2217,-0.0215,-0.1359,798,0.9988,1.0000,0.633892,0.0319,0.2117,
1433,52.1137,20.5955,-21.9252,-0.0902,0.2965,799,0.9988,1.0000,0.633892,0.1478,-0.4615,
1434,52.1467,20.5631,-22.1534,-0.0324,-0.2282,797,0.9988,1.0000,0.633892,0.0476,0.3556,
1435,52.1802,19.9351,-21.9363,-0.6280,0.2171,799,0.9988,1.0000,0.633892,0.9990,-0.3357,
1436,52.2135,19.5636,-22.0507,-0.3715,-0.1144,791,0.9988,1.0000,0.633892,0.5869,0.1797,
1437,52.2472,18.9800,-21.2600,-0.5836,0.7907,785,0.9925,1.0000,0.633892,0.9380,-1.2294,
1438,52.2800,18.0945,-19.8790,-0.8856,1.3810,798,0.9975,1.0000,0.633892,1.4265,-2.1477,
1439,52.3134,17.3889,-18.8907,-0.7056,0.9884,797,0.9962,1.0000,0.633892,1.1347,-1.5368,
1440,52.3467,16.0395,-16.9444,-1.3494,1.9463,738,0.9113,1.0000,0.633892,2.1711,-3.0264,
1441,52.4017,13.8390,-14.2835,-2.2005,2.6609,778,0.7925,1.0000,0.633892,3.5318,-4.1362,
1442,52.4336,12.5267,-13.0798,-1.3124,1.2036,790,0.9850,1.0000,0.633892,2.1000,-1.8697,
1443,52.4650,11.4866,-13.0254,-1.0400,0.0544,793,0.9962,1.0000,0.633892,1.6493,-0.0806,
1444,52.4980,10.9263,-12.6410,-0.5604,0.3844,799,0.9988,1.0000,0.633892,0.8945,-0.5966,
1445,52.5288,10.7433,-12.0063,-0.1829,0.6347,800,1.0000,1.0000,0.633892,0.3005,-0.9879,
1446,52.5597,10.3566,-11.3004,-0.3867,0.7059,798,0.9988,1.0000,0.633892,0.6247,-1.0980,
1447,52.5906,9.4752,-10.3480,-0.8813,0.9524,794,0.9950,1.0000,0.633892,1.4127,-1.4801,
1448,52.6217,8.7508,-9.3124,-0.7244,1.0356,798,0.9975,1.0000,0.633892,1.1654,-1.6103,
1449,52.6527,8.2391,-8.7135,-0.5118,0.5988,796,0.9962,1.0000,0.633892,0.8210,-0.9308,
1450,52.6850,7.4567,-8.2233,-0.7824,0.4903,796,0.9950,1.0000,0.633892,1.2482,-0.7605,
1451,52.7162,6.2721,-7.7797,-1.1846,0.4436,793,0.9938,1.0000,0.633892,1.8848,-0.6863,
1452,52.7482,5.6117,-7.7837,-0.6604,-0.0040,796,0.9975,1.0000,0.633892,1.0467,0.0089,
1453,52.7801,5.0473,-7.4683,-0.5644,0.3154,790,0.9938,1.0000,0.633892,0.8997,-0.4891,
1454,52.8136,4.4931,-6.9676,-0.5542,0.5007,794,0.9938,1.0000,0.633892,0.8867,-0.7777,
1455,52.8466,4.2208,-6.8337,-0.2723,0.1339,793,0.9925,1.0000,0.633892,0.4338,-0.2074,
1456,52.8797,3.7147,-6.0071,-0.5061,0.8266,791,0.9912,1.0000,0.633892,0.8159,-1.2856,
1457,52.9133,3.0662,-5.1602,-0.6486,0.8469,781,0.9788,1.0000,0.633892,1.0421,-1.3166,
1458,52.9465,2.2825,-4.8169,-0.7837,0.3434,786,0.9900,1.0000,0.633892,1.2478,-0.5318,
1459,52.9796,1.3923,-4.4905,-0.8902,0.3264,787,0.9850,1.0000,0.633892,1.4163,-0.5048,
1460,53.0130,0.7503,-4.5250,-0.6420,-0.0345,785,0.9875,1.0000,0.633892,1.0170,0.0563,
1461,53.0463,0.1949,-4.6816,-0.5554,-0.1566,788,0.9912,1.0000,0.633892,0.8776,0.2462,
1462,53.0801,0.0334,-4.8896,-0.1615,-0.2080,789,0.9938,1.0000,0.633892,0.2525,0.3246,
1463,53.1131,-0.0830,-4.7994,-0.1164,0.0902,789,0.9912,1.0000,0.633892,0.1859,-0.1400,
1464,53.1463,-0.3459,-4.4065,-0.2629,0.3929,785,0.9888,1.0000,0.633892,0.4232,-0.6110,
1465,53.1801,-0.5353,-4.1670,-0.1894,0.2395,790,0.9900,1.0000,0.633892,0.3042,-0.3723,
1466,53.2130,-0.5112,-3.8655,0.0241,0.3015,788,0.9888,1.0000,0.633892,-0.0331,-0.4698,
1467,53.2470,-0.3030,-3.4796,0.2082,0.3858,785,0.9900,1.0000,0.633892,-0.3235,-0.6019,
1468,53.2799,-0.5356,-3.4709,-0.2326,0.0087,788,0.9925,1.0000,0.633892,0.3688,-0.0126,
1469,53.3130,-0.5721,-3.5517,-0.0365,-0.0807,793,0.9938,1.0000,0.633892,0.0565,0.1259,
1470,53.3466,-0.5068,-2.8071,0.0654,0.7446,788,0.9850,1.0000,0.633892,-0.0912,-1.1601,
1471,53.4008,-0.1814,-2.1965,0.3253,0.6106,793,0.9988,1.0000,0.633892,-0.5055,-0.9524,
1472,53.4324,-0.3597,-2.0148,-0.1782,0.1817,799,1.0000,1.0000,0.633892,0.2855,-0.2823,
1473,53.4629,-0.4323,-2.2532,-0.0727,-0.2383,798,1.0000,1.0000,0.633892,0.1112,0.3715,
1474,53.4926,-0.5169,-1.7194,-0.0845,0.5338,799,0.9988,1.0000,0.633892,0.1428,-0.8312,
1475,53.5239,-0.5919,-1.0279,-0.0750,0.6915,786,0.9950,1.0000,0.633892,0.1304,-1.0769,
1476,53.5548,-1.0383,-1.3746,-0.4465,-0.3467,797,0.9988,1.0000,0.633892,0.7018,0.5419,
1477,53.5862,-1.1911,-1.3401,-0.1528,0.0345,800,1.0000,1.0000,0.633892,0.2427,-0.0531,
1478,53.6164,-1.2734,-0.7650,-0.0823,0.5751,798,1.0000,1.0000,0.633892,0.1400,-0.8955,
1479,53.6489,-1.4777,-0.7126,-0.2043,0.0524,800,1.0000,1.0000,0.633892,0.3246,-0.0809,
1480,53.6802,-1.4037,-0.8484,0.0740,-0.1358,800,1.0000,1.0000,0.633892,-0.1196,0.2112,
1481,53.7129,-1.2523,-0.6320,0.1514,0.2164,800,1.0000,1.0000,0.633892,-0.2364,-0.3377,
1482,53.7476,-1.2845,-0.5642,-0.0322,0.0677,800,1.0000,1.0000,0.633892,0.0522,-0.1054,
1483,53.7795,-1.0897,-0.6203,0.1948,-0.0560,800,1.0000,1.0000,0.633892,-0.3097,0.0865,
1484,53.8131,-1.3812,-0.4688,-0.2915,0.1515,800,1.0000,1.0000,0.633892,0.4646,-0.2348,
1485,53.8463,-1.4967,-0.2034,-0.1155,0.2654,800,1.0000,1.0000,0.633892,0.1874,-0.4130,
1486,53.8796,-1.5137,-0.2796,-0.0171,-0.0763,800,1.0000,1.0000,0.633892,0.0258,0.1189,
1487,53.9128,-1.6935,-0.2694,-0.1798,0.0102,799,1.0000,1.0000,0.633892,0.2851,-0.0152,
1488,53.9462,-1.8464,-0.0166,-0.1529,0.2527,800,1.0000,1.0000,0.633892,0.2465,-0.3931,
1489,53.9797,-2.1831,0.1792,-0.3367,0.1959,799,1.0000,1.0000,0.633892,0.5369,-0.3038,
1490,54.0131,-2.3139,0.4442,-0.1308,0.2650,800,1.0000,1.0000,0.633892,0.2117,-0.4122,
1491,54.0462,-2.4851,0.4155,-0.1712,-0.0287,800,1.0000,1.0000,0.633892,0.2709,0.0454,
1492,54.0797,-2.7841,0.0683,-0.2990,-0.3472,799,1.0000,1.0000,0.633892,0.4682,0.5421,
1493,54.1133,-3.0424,0.1512,-0.2582,0.0829,799,1.0000,1.0000,0.633892,0.4106,-0.1281,
1494,54.1460,-2.8564,0.0611,0.1860,-0.0900,800,1.0000,1.0000,0.633892,-0.2962,0.1395,
1495,54.1795,-2.7849,-0.1235,0.0715,-0.1846,800,1.0000,1.0000,0.633892,-0.1164,0.2873,
1496,54.2130,-2.8850,-0.9331,-0.1001,-0.8096,799,1.0000,1.0000,0.633892,0.1451,1.2616,
1497,54.2460,-2.8572,-1.5291,0.0278,-0.5960,800,1.0000,1.0000,0.633892,-0.0540,0.9283,
1498,54.2797,-2.7495,-0.9667,0.1077,0.5624,785,0.9912,1.0000,0.633892,-0.1614,-0.8765,
1499,54.3130,-2.7129,-1.2710,0.0366,-0.3043,798,1.0000,1.0000,0.633892,-0.0630,0.4738,
1500,54.3459,-2.7002,-2.1045,0.0127,-0.8335,781,0.9912,1.0000,0.633892,-0.0339,1.2984,
1501,54.4010,-2.6281,-2.0051,0.0721,0.0994,800,1.0000,1.0000,0.633892,-0.1127,-0.1552,
1502,54.4315,-2.4591,-2.0550,0.1690,-0.0499,800,1.0000,1.0000,0.633892,-0.2687,0.0771,
1503,54.4620,-2.5007,-2.2436,-0.0416,-0.1886,800,1.0000,1.0000,0.633892,0.0628,0.2939,
1504,54.4924,-2.5264,-2.5464,-0.0256,-0.3028,800,1.0000,1.0000,0.633892,0.0356,0.4718,
1505,54.5229,-2.4435,-2.6850,0.0828,-0.1387,800,1.0000,1.0000,0.633892,-0.1336,0.2157,
1506,54.5534,-2.3895,-2.3791,0.0540,0.3059,800,1.0000,1.0000,0.633892,-0.0805,-0.4767,
1507,54.5840,-2.3456,-2.3260,0.0440,0.0532,800,1.0000,1.0000,0.633892,-0.0688,-0.0830,
1508,54.6146,-2.2717,-2.5468,0.0739,-0.2209,800,1.0000,1.0000,0.633892,-0.1208,0.3437,
1509,54.6468,-2.3350,-2.6732,-0.0634,-0.1263,800,1.0000,1.0000,0.633892,0.0983,0.1971,
1510,54.6792,-2.4293,-2.5096,-0.0942,0.1635,800,1.0000,1.0000,0.633892,0.1521,-0.2544,
1511,54.7127,-2.5929,-2.7228,-0.1637,-0.2132,800,1.0000,1.0000,0.633892,0.2559,0.3328,
1512,54.7463,-2.5374,-3.0351,0.0555,-0.3123,800,1.0000,1.0000,0.633892,-0.0932,0.4862,
1513,54.7802,-2.4560,-3.3172,0.0815,-0.2821,800,1.0000,1.0000,0.633892,-0.1338,0.4391,
1514,54.8132,-2.4426,-3.7511,0.0134,-0.4339,800,1.0000,1.0000,0.633892,-0.0284,0.6759,
1515,54.8460,-2.4652,-3.8880,-0.0227,-0.1369,800,1.0000,1.0000,0.633892,0.0337,0.2134,
1516,54.8792,-2.5529,-4.4129,-0.0877,-0.5249,800,1.0000,1.0000,0.633892,0.1302,0.8180,
1517,54.9127,-2.4261,-4.6966,0.1268,-0.2837,800,1.0000,1.0000,0.633892,-0.2057,0.4415,
1518,54.9464,-2.4691,-4.2817,-0.0429,0.4149,781,0.9925,1.0000,0.633892,0.0750,-0.6461,
1519,54.9794,-2.6021,-4.7868,-0.1331,-0.5051,800,1.0000,1.0000,0.633892,0.2025,0.7873,
1520,55.0124,-2.6664,-5.4493,-0.0643,-0.6625,799,0.9988,1.0000,0.633892,0.0908,1.0323,
1521,55.0458,-2.4404,-5.0566,0.2259,0.3927,800,1.0000,1.0000,0.633892,-0.3516,-0.6126,
1522,55.0792,-2.3082,-4.9356,0.1322,0.1210,800,1.0000,1.0000,0.633892,-0.2076,-0.1891,
1523,55.1131,-2.2972,-5.0433,0.0110,-0.1077,798,1.0000,1.0000,0.633892,-0.0193,0.1677,
1524,55.1460,-2.1457,-4.4939,0.1514,0.5494,800,1.0000,1.0000,0.633892,-0.2309,-0.8565,
1525,55.1800,-1.8477,-4.4782,0.2980,0.0157,800,1.0000,1.0000,0.633892,-0.4720,-0.0257,
1526,55.2124,-1.6980,-4.5456,0.1498,-0.0674,800,1.0000,1.0000,0.633892,-0.2385,0.1043,
1527,55.2468,-1.5259,-3.9155,0.1720,0.6300,800,1.0000,1.0000,0.633892,-0.2622,-0.9821,
1528,55.2791,-1.2049,-3.6132,0.3211,0.3023,800,1.0000,1.0000,0.633892,-0.5038,-0.4722,
1529,55.3124,-1.0880,-3.6714,0.1169,-0.0582,800,1.0000,1.0000,0.633892,-0.1862,0.0901,
1530,55.3484,-0.9767,-3.6905,0.1112,-0.0191,800,1.0000,1.0000,0.633892,-0.1766,0.0293,
1531,55.4027,-0.8158,-2.9865,0.1609,0.7040,798,1.0000,1.0000,0.633892,-0.2433,-1.0974,
1532,55.4350,-0.7389,-3.1451,0.0769,-0.1586,799,0.9988,1.0000,0.633892,-0.1245,0.2468,
1533,55.4669,-0.7411,-3.3604,-0.0022,-0.2152,798,0.9988,1.0000,0.633892,-0.0001,0.3353,
1534,55.4977,-0.6257,-2.8846,0.1154,0.4757,799,0.9988,1.0000,0.633892,-0.1750,-0.7415,
1535,55.5293,-0.5360,-2.3588,0.0897,0.5258,796,0.9988,1.0000,0.633892,-0.1334,-0.8195,
1536,55.5603,-0.3047,-2.5193,0.2313,-0.1605,799,0.9988,1.0000,0.633892,-0.3693,0.2491,
1537,55.5916,-0.0165,-2.4040,0.2882,0.1154,799,0.9988,1.0000,0.633892,-0.4548,-0.1809,
1538,55.6225,0.0993,-2.2393,0.1158,0.1647,792,0.9988,1.0000,0.633892,-0.1808,-0.2570,
1539,55.6531,0.8743,-1.6765,0.7751,0.5627,770,0.9613,1.0000,0.633892,-1.2191,-0.8797,
1540,55.6848,0.9865,-0.4161,0.1122,1.2604,722,0.8862,1.0000,0.633892,-0.1569,-1.9639,
1541,55.7162,2.1015,1.6462,1.1149,2.0623,716,0.8912,1.0000,0.633892,-1.7328,-3.2171,
1542,55.7469,3.2965,4.2634,1.1950,2.6172,696,0.6997,1.0000,0.633892,-1.8505,-4.0818,
1543,55.7792,4.5453,8.2495,1.2488,3.9861,727,0.9084,1.0000,0.633892,-1.9130,-6.2143,
1544,55.8131,5.9447,12.0937,1.3995,3.8441,703,0.8586,1.0000,0.633892,-2.1542,-5.9939,
1545,55.8457,7.2102,14.2631,1.2655,2.1694,711,0.8952,1.0000,0.633892,-1.9697,-3.3845,
1546,55.8793,8.2525,16.9100,1.0423,2.6469,700,0.9048,1.0000,0.633892,-1.6080,-4.1275,
1547,55.9121,9.3951,20.3830,1.1426,3.4730,700,0.8738,1.0000,0.633892,-1.7532,-5.4147,
1548,55.9455,10.9572,23.7439,1.5621,3.3608,736,0.9334,1.0000,0.633892,-2.4200,-5.2416,
1549,55.9792,10.7959,27.9195,-0.1613,4.1757,673,0.7475,1.0000,0.633892,0.3251,-6.5041,
1550,56.0122,8.8331,29.9439,-1.9628,2.0243,653,0.3404,1.0000,0.633892,3.1446,-3.1455,low_inlier
1551,56.0455,6.2874,27.5833,-2.5457,-2.3606,677,0.7462,1.0000,0.633892,3.9955,3.6874,
1552,56.0791,5.2839,23.5577,-1.0035,-4.0256,671,0.8562,1.0000,0.633892,1.5236,6.2750,
1553,56.1122,2.6742,18.7724,-2.6097,-4.7853,695,0.8559,1.0000,0.633892,4.0566,7.4649,
1554,56.1455,-0.5475,14.6023,-3.2216,-4.1701,647,0.6383,1.0000,0.633892,5.0367,6.5089,
1555,56.1791,-4.8306,8.3216,-4.2832,-6.2806,598,0.5088,1.0000,0.633892,6.6841,9.8009,
1556,56.2129,-7.7877,2.2355,-2.9571,-6.0861,703,0.6884,1.0000,0.633892,4.5856,9.4926,
1557,56.2466,-11.3066,-2.2780,-3.5189,-4.5135,683,0.6975,1.0000,0.633892,5.5022,7.0451,
1558,56.2805,-14.1364,-6.4657,-2.8297,-4.1876,666,0.4406,1.0000,0.633892,4.4153,6.5347,low_inlier
1559,56.3127,-14.4192,-11.0811,-0.2829,-4.6154,660,0.6421,1.0000,0.633892,0.3716,7.1909,
1560,56.3460,-12.7883,-18.3129,1.6309,-7.2318,651,0.6571,1.0000,0.633892,-2.7051,11.2588,
1561,56.4012,-11.6288,-24.0197,1.1595,-5.7068,653,0.6713,1.0000,0.633892,-1.9326,8.8851,
1562,56.4333,-10.5049,-26.4025,1.1239,-2.3828,762,0.8600,1.0000,0.633892,-1.8209,3.7072,
1563,56.4653,-9.0863,-28.5184,1.4186,-2.1159,796,0.9912,1.0000,0.633892,-2.2836,3.2904,
1564,56.4972,-8.3811,-30.6238,0.7052,-2.1054,793,0.9925,1.0000,0.633892,-1.1528,3.2769,
1565,56.5288,-7.1369,-31.8870,1.2441,-1.2632,795,0.9950,1.0000,0.633892,-1.9929,1.9627,
1566,56.5607,-6.3671,-33.8497,0.7698,-1.9627,792,0.9900,1.0000,0.633892,-1.2527,3.0543,
1567,56.5928,-5.7629,-36.2110,0.6042,-2.3613,790,0.9825,1.0000,0.633892,-0.9969,3.6760,
1568,56.6244,-5.0342,-39.1633,0.7287,-2.9523,739,0.9350,1.0000,0.633892,-1.2040,4.5960,
1569,56.6561,-2.8465,-43.0230,2.1877,-3.8598,757,0.8896,1.0000,0.633892,-3.5316,6.0038,
1570,56.6879,-2.1803,-46.0501,0.6662,-3.0271,762,0.8398,1.0000,0.633892,-1.1062,4.7128,
1571,56.7198,-0.8222,-47.5460,1.3581,-1.4959,747,0.9100,1.0000,0.633892,-2.1773,2.3247,
1572,56.7519,1.9332,-47.5254,2.7553,0.0206,744,0.9311,1.0000,0.633892,-4.3667,-0.0431,
1573,56.7840,2.8544,-47.3746,0.9212,0.1508,754,0.9500,1.0000,0.633892,-1.4576,-0.2386,
1574,56.8154,3.9923,-48.4761,1.1379,-1.1015,771,0.9637,1.0000,0.633892,-1.8218,1.7112,
1575,56.8470,4.7166,-51.8823,0.7243,-3.4062,714,0.7635,1.0000,0.633892,-1.2047,5.3031,
1576,56.8789,4.6826,-55.0354,-0.0340,-3.1530,719,0.6925,1.0000,0.633892,0.0015,4.9118,
1577,56.9123,4.6145,-56.8377,-0.0680,-1.8024,746,0.7063,1.0000,0.633892,0.0779,2.8079,
1578,56.9454,4.4437,-57.0861,-0.1708,-0.2484,750,0.8450,1.0000,0.633892,0.2666,0.3876,
1579,56.9788,4.0308,-56.5928,-0.4129,0.4933,762,0.9524,1.0000,0.633892,0.6627,-0.7667,
1580,57.0123,3.3548,-57.0372,-0.6760,-0.4444,756,0.8912,1.0000,0.633892,1.0640,0.6950,
1581,57.0450,3.1535,-58.5111,-0.2013,-1.4739,751,0.7150,1.0000,0.633892,0.2945,2.2967,
1582,57.0787,2.4356,-60.6698,-0.7179,-2.1587,752,0.6687,1.0000,0.633892,1.1020,3.3656,
1583,57.1122,2.6539,-62.6008,0.2183,-1.9310,746,0.8488,1.0000,0.633892,-0.3781,3.0071,
1584,57.1453,3.6252,-64.0333,0.9713,-1.4325,753,0.6275,1.0000,0.633892,-1.5632,2.2276,
1585,57.1789,3.9143,-66.7643,0.2892,-2.7310,730,0.4956,1.0000,0.633892,-0.5037,4.2530,low_inlier
1586,57.2119,3.5262,-70.2852,-0.3881,-3.5208,748,0.4175,1.0000,0.633892,0.5566,5.4862,low_inlier
1587,57.2453,2.3844,-72.9991,-1.1419,-2.7139,741,0.5600,1.0000,0.633892,1.7646,4.2322,
1588,57.2783,1.7750,-76.9000,-0.6094,-3.9009,705,0.3063,1.0000,0.633892,0.9011,6.0791,low_inlier
1589,57.3118,0.4760,-80.9302,-1.2990,-4.0302,679,0.2037,1.0000,0.633892,1.9918,6.2833,low_inlier
1590,57.3450,-0.5398,-85.3793,-1.0158,-4.4491,663,0.1675,1.0000,0.633892,1.5360,6.9346,low_inlier
1591,57.4011,-2.5913,-89.5911,-2.0515,-4.2118,708,0.2025,1.0000,0.633892,3.1815,6.5692,low_inlier
1592,57.4340,-4.5213,-93.3943,-1.9299,-3.8032,623,0.2263,1.0000,0.633892,2.9956,5.9323,low_inlier
1593,57.4663,-6.4056,-98.0515,-1.8843,-4.6572,694,0.1975,1.0000,0.633892,2.9091,7.2624,low_inlier
1594,57.4988,-7.9506,-101.7206,-1.5450,-3.6691,720,0.4050,1.0000,0.633892,2.3878,5.7217,low_inlier
1595,57.5330,-9.6642,-105.7412,-1.7136,-4.0206,611,0.3225,1.0000,0.633892,2.6490,6.2700,low_inlier
1596,57.5657,-12.0670,-110.2199,-2.4028,-4.4787,685,0.3350,1.0000,0.633892,3.7339,6.9863,low_inlier
1597,57.5978,-13.4232,-114.4048,-1.3562,-4.1849,691,0.4662,1.0000,0.633892,2.0799,6.5246,low_inlier
1598,57.6304,-15.0565,-118.4136,-1.6333,-4.0088,718,0.5212,1.0000,0.633892,2.5220,6.2513,
1599,57.6628,-17.0602,-121.7700,-2.0037,-3.3564,722,0.7338,1.0000,0.633892,3.1200,5.2365,
1600,57.6949,-18.4061,-123.2867,-1.3459,-1.5166,751,0.9375,1.0000,0.633892,2.1079,2.3680,
1601,57.7268,-19.2795,-123.0985,-0.8734,0.1881,731,0.9113,1.0000,0.633892,1.3874,-0.2895,
1602,57.7585,-19.9214,-122.8007,-0.6419,0.2978,713,0.8900,1.0000,0.633892,1.0223,-0.4613,
1603,57.7903,-19.8476,-122.4145,0.0738,0.3863,720,0.9150,1.0000,0.633892,-0.1105,-0.6020,
1604,57.8219,-18.5557,-121.8410,1.2919,0.5735,664,0.6562,1.0000,0.633892,-2.0380,-0.8985,
1605,57.8538,-17.7089,-121.2047,0.8469,0.6363,671,0.8237,1.0000,0.633892,-1.3317,-0.9946,
1606,57.8857,-16.9433,-119.9484,0.7656,1.2562,761,0.8875,1.0000,0.633892,-1.1926,-1.9600,
1607,57.9173,-16.2501,-115.9759,0.6931,3.9726,547,0.3400,1.0000,0.633892,-1.0325,-6.1911,low_inlier
1608,57.9500,-15.3874,-110.2635,0.8627,5.7124,651,0.1688,1.0000,0.633892,-1.2724,-8.9019,low_inlier
1609,57.9819,-14.4939,-105.5018,0.8935,4.7617,734,0.3900,1.0000,0.633892,-1.3370,-7.4212,low_inlier
1610,58.0162,-13.1073,-98.6949,1.3866,6.8068,534,0.2065,1.0000,0.633892,-2.0844,-10.6089,low_inlier
1611,58.0502,-12.7823,-89.4481,0.3250,9.2468,343,0.0700,1.0000,0.633892,-0.3615,-14.4055,low_inlier
1612,58.0825,-11.1510,-80.9601,1.6313,8.4880,652,0.0963,1.0000,0.633892,-2.4444,-13.2289,low_inlier
1613,58.1164,-8.6809,-73.7058,2.4701,7.2543,704,0.1504,1.0000,0.633892,-3.7943,-11.3103,low_inlier
1614,58.1496,-7.5387,-66.1426,1.1422,7.5632,623,0.1325,1.0000,0.633892,-1.6846,-11.7862,low_inlier
1615,58.1819,-6.6069,-58.2116,0.9318,7.9310,573,0.1129,1.0000,0.633892,-1.3450,-12.3583,low_inlier
1616,58.2144,-5.0522,-49.1096,1.5547,9.1020,436,0.0601,1.0000,0.633892,-2.3128,-14.1849,low_inlier
1617,58.2469,-2.4475,-39.4456,2.6047,9.6640,239,0.0789,1.0000,0.633892,-3.9677,-15.0646,low_inlier
1618,58.2794,-1.6104,-32.2014,0.8370,7.2442,793,0.0000,1.0000,0.633892,-1.2062,-11.2881,low_inlier
1619,58.3116,-1.1959,-31.7032,0.4145,0.4982,798,0.0013,1.0000,0.633892,-0.6487,-0.7777,low_inlier
1620,58.3448,-0.4926,-31.1150,0.7033,0.5882,797,0.0000,1.0000,0.633892,-1.1049,-0.9191,low_inlier
1621,58.4001,-1.0663,-23.1404,-0.5738,7.9746,769,0.1702,1.0000,0.633892,1.0419,-12.4202,low_inlier
1622,58.4323,0.0034,-14.3318,1.0698,8.8086,684,0.2411,1.0000,0.633892,-1.5491,-13.7259,low_inlier
1623,58.4647,-0.9289,-6.5993,-0.9324,7.7325,640,0.1799,1.0000,0.633892,1.6063,-12.0415,low_inlier
1624,58.4984,-1.9946,-4.2926,-1.0657,2.3067,744,0.5420,1.0000,0.633892,1.7274,-3.5890,
1625,58.5301,-1.5851,-5.9536,0.4095,-1.6610,711,0.7500,1.0000,0.633892,-0.6766,2.5858,
1626,58.5618,-1.5049,-8.6226,0.0802,-2.6689,732,0.3638,1.0000,0.633892,-0.1715,4.1572,low_inlier
1627,58.5937,-0.1645,-11.6977,1.3404,-3.0752,552,0.2065,1.0000,0.633892,-2.1756,4.7850,low_inlier
1628,58.6260,-0.0969,-14.7185,0.0676,-3.0208,657,0.1325,1.0000,0.633892,-0.1573,4.7054,low_inlier
1629,58.6580,-1.7580,-14.8542,-1.6611,-0.1356,717,0.3538,1.0000,0.633892,2.6304,0.2179,low_inlier
1630,58.6899,-3.4657,-14.5316,-1.7077,0.3225,765,0.7738,1.0000,0.633892,2.7120,-0.4956,
1631,58.7216,-4.7530,-14.1749,-1.2874,0.3567,769,0.9662,1.0000,0.633892,2.0463,-0.5505,
1632,58.7527,-6.8019,-12.7391,-2.0488,1.4358,757,0.8875,1.0000,0.633892,3.2711,-2.2283,
1633,58.7844,-10.2718,-11.1617,-3.4699,1.5774,735,0.4387,1.0000,0.633892,5.5258,-2.4433,low_inlier
1634,58.8162,-14.5029,-10.6012,-4.2312,0.5605,730,0.3638,1.0000,0.633892,6.7154,-0.8560,low_inlier
1635,58.8480,-17.3750,-10.8911,-2.8721,-0.2899,688,0.3975,1.0000,0.633892,4.5473,0.4632,low_inlier
1636,58.8804,-20.7782,-10.9107,-3.4032,-0.0196,750,0.8100,1.0000,0.633892,5.3935,0.0443,
1637,58.9119,-28.1081,-9.4733,-7.3299,1.4375,727,0.7450,1.0000,0.633892,11.6413,-2.2097,
1638,58.9451,-36.9561,-8.7369,-8.8480,0.7364,644,0.3075,1.0000,0.633892,14.0356,-1.1115,low_inlier
1639,58.9783,-47.0517,-10.0536,-10.0957,-1.3167,426,0.1080,1.0000,0.633892,15.9791,2.0918,low_inlier
1640,59.0116,-50.7529,-6.0670,-3.7012,3.9866,777,0.0000,1.0000,0.633892,5.9324,-6.1953,low_inlier
1641,59.0446,-53.8739,-12.2502,-3.1210,-6.1832,301,0.1908,1.0000,0.633892,4.8438,9.6445,low_inlier
1642,59.0782,-56.2987,-12.9402,-2.4248,-0.6900,798,0.0000,1.0000,0.633892,3.8316,1.0846,low_inlier
1643,59.1113,-58.1719,-19.6934,-1.8733,-6.7532,317,0.3135,1.0000,0.633892,2.8568,10.5273,low_inlier
1644,59.1446,-61.1953,-25.0990,-3.0234,-5.4056,285,0.2198,1.0000,0.633892,4.7020,8.4328,low_inlier
1645,59.1788,-71.4023,-20.3635,-10.2069,4.7355,762,0.0375,1.0000,0.633892,16.2560,-7.3357,low_inlier
1646,59.2117,-82.2528,-14.2455,-10.8505,6.1180,315,0.1600,1.0000,0.633892,17.2990,-9.4866,low_inlier
1647,59.2467,-94.5505,-6.8510,-12.2977,7.3944,722,0.0327,1.0000,0.633892,19.6140,-11.4692,low_inlier
1648,59.2801,-110.0294,2.6830,-15.4789,9.5341,279,0.0582,1.0000,0.633892,24.6915,-14.7894,low_inlier
1649,59.3135,-120.2598,8.6541,-10.2303,5.9710,421,0.0300,1.0000,0.633892,16.3137,-9.2602,low_inlier
1650,59.3466,-127.1976,9.2912,-6.9378,0.6372,479,0.1126,1.0000,0.633892,11.0066,-0.9646,low_inlier
1651,59.4029,-127.7973,10.5891,-0.5997,1.2979,777,0.0103,1.0000,0.633892,0.9720,-2.0193,low_inlier
1652,59.4356,-132.5396,4.3153,-4.7423,-6.2738,332,0.1285,1.0000,0.633892,7.4119,9.7921,low_inlier
1653,59.4684,-138.1300,0.1797,-5.5904,-4.1356,773,0.0013,1.0000,0.633892,8.7917,6.4647,low_inlier
1654,59.5008,-145.5318,7.0458,-7.4018,6.8661,716,0.0000,1.0000,0.633892,11.8455,-10.6659,low_inlier
1655,59.5333,-149.9540,13.0358,-4.4222,5.9900,373,0.0000,1.0000,0.633892,7.1085,-9.3131,low_inlier
1656,59.5674,-155.8054,17.0093,-5.8514,3.9735,554,0.0043,1.0000,0.633892,9.3401,-6.1662,low_inlier
1657,59.6001,-162.0792,15.7942,-6.2738,-1.2150,408,0.1654,1.0000,0.633892,9.9234,1.9180,low_inlier
1658,59.6333,-158.5979,8.1024,3.4813,-7.6919,323,0.1367,1.0000,0.633892,-5.6455,11.9680,low_inlier
1659,59.6668,-156.5843,5.0693,2.0137,-3.0331,458,0.1056,1.0000,0.633892,-3.2419,4.7167,low_inlier
1660,59.7025,-159.9400,8.8758,-3.3558,3.8066,405,0.2449,1.0000,0.633892,5.3820,-5.9162,low_inlier
1661,59.7352,-160.0911,10.4054,-0.1510,1.5296,617,0.3287,1.0000,0.633892,0.2648,-2.3821,low_inlier
1662,59.7692,-157.8745,8.6166,2.2166,-1.7889,483,0.3029,1.0000,0.633892,-3.5428,2.7777,low_inlier
1663,59.8019,-159.2210,9.8614,-1.3465,1.2448,475,0.5721,1.0000,0.633892,2.1548,-1.9337,
1664,59.8342,-158.2806,11.4002,0.9403,1.5388,704,0.4793,1.0000,0.633892,-1.4648,-2.4009,low_inlier
1665,59.8662,-156.5244,11.0214,1.7562,-0.3788,698,0.6787,1.0000,0.633892,-2.7898,0.5831,
1666,59.8984,-156.1900,11.3912,0.3344,0.3698,509,0.6637,1.0000,0.633892,-0.5238,-0.5774,
1667,59.9300,-155.0795,10.9614,1.1106,-0.4298,681,0.7762,1.0000,0.633892,-1.7673,0.6650,
1668,59.9619,-154.6460,11.0508,0.4335,0.0894,629,0.8350,1.0000,0.633892,-0.6855,-0.1410,
1669,59.9940,-154.1255,11.1576,0.5205,0.1068,496,0.6275,1.0000,0.633892,-0.8232,-0.1685,
1670,60.0248,-151.7930,9.7373,2.3325,-1.4203,470,0.5857,1.0000,0.633892,-3.7205,2.2030,
1671,60.0569,-150.1792,9.0510,1.6138,-0.6864,708,0.6389,1.0000,0.633892,-2.5692,1.0627,
1672,60.0888,-150.5245,9.8965,-0.3453,0.8455,769,0.6225,1.0000,0.633892,0.5614,-1.3157,
1673,60.1207,-150.2754,9.5997,0.2491,-0.2968,665,0.8063,1.0000,0.633892,-0.3997,0.4613,
1674,60.1522,-149.4977,8.4329,0.7778,-1.1668,772,0.5713,1.0000,0.633892,-1.2521,1.8145,
1675,60.1839,-149.2474,8.9108,0.2502,0.4779,677,0.8400,1.0000,0.633892,-0.3887,-0.7455,
1676,60.2156,-149.8378,10.4762,-0.5903,1.5655,499,0.6062,1.0000,0.633892,0.9617,-2.4362,
1677,60.2474,-149.7384,10.3369,0.0993,-0.1394,700,0.7013,1.0000,0.633892,-0.1597,0.2167,
1678,60.2788,-149.3715,9.3943,0.3670,-0.9426,730,0.8087,1.0000,0.633892,-0.5973,1.4668,
1679,60.3112,-149.8517,10.4541,-0.4803,1.0598,487,0.6112,1.0000,0.633892,0.7788,-1.6490,
1680,60.3441,-150.1827,11.2737,-0.3310,0.8196,572,0.6562,1.0000,0.633892,0.5382,-1.2754,
1681,60.3999,-150.3855,10.6148,-0.2028,-0.6589,793,0.9900,1.0000,0.633892,0.3105,1.0272,
1682,60.4312,-150.1667,9.8911,0.2188,-0.7237,791,0.9900,1.0000,0.633892,-0.3589,1.1265,
1683,60.4627,-149.6923,10.1400,0.4744,0.2489,791,0.9775,1.0000,0.633892,-0.7477,-0.3896,
1684,60.4943,-150.3239,10.2334,-0.6315,0.0934,791,0.9800,1.0000,0.633892,1.0025,-0.1430,
1685,60.5252,-150.7579,9.2327,-0.4340,-1.0007,791,0.9862,1.0000,0.633892,0.6712,1.5606,
1686,60.5566,-149.7610,7.9970,0.9968,-1.2357,773,0.9637,1.0000,0.633892,-1.6004,1.9209,
1687,60.5881,-149.0133,7.6190,0.7477,-0.3780,774,0.9675,1.0000,0.633892,-1.1914,0.5858,
1688,60.6193,-148.7432,6.5068,0.2701,-1.1122,795,0.6233,1.0000,0.633892,-0.4465,1.7314,
1689,60.6500,-147.5769,4.0980,1.1664,-2.4088,777,0.5214,1.0000,0.633892,-1.8886,3.7476,
1690,60.6815,-145.0036,1.2728,2.5733,-2.8252,659,0.7024,1.0000,0.633892,-4.1254,4.3906,
1691,60.7143,-142.2811,-0.0955,2.7225,-1.3683,765,0.7541,1.0000,0.633892,-4.3378,2.1205,
1692,60.7478,-139.2515,-0.5999,3.0296,-0.5045,733,0.8359,1.0000,0.633892,-4.8101,0.7737,
1693,60.7810,-134.2751,-2.0779,4.9764,-1.4779,710,0.4631,1.0000,0.633892,-7.9118,2.2822,low_inlier
1694,60.8137,-126.7447,-4.8789,7.5304,-2.8010,572,0.3257,1.0000,0.633892,-11.9817,4.3330,low_inlier
1695,60.8528,-117.9014,-5.3119,8.8434,-0.4330,695,0.1803,1.0000,0.633892,-14.0233,0.6388,low_inlier
1696,60.8854,-109.8688,-3.0598,8.0326,2.2520,746,0.2513,1.0000,0.633892,-12.6937,-3.5404,low_inlier
1697,60.9177,-100.9025,-1.2424,8.9662,1.8175,489,0.1165,1.0000,0.633892,-14.1807,-2.8672,low_inlier
1698,60.9503,-90.5552,-1.6197,10.3473,-0.3773,635,0.1344,1.0000,0.633892,-16.4061,0.5461,low_inlier
1699,60.9839,-84.4014,-3.6739,6.1538,-2.0542,550,0.1741,1.0000,0.633892,-9.7875,3.1751,low_inlier
1700,61.0171,-77.5377,-6.3438,6.8637,-2.6699,585,0.3026,1.0000,0.633892,-10.9229,4.1314,low_inlier
1701,61.0496,-69.4600,-9.3240,8.0777,-2.9802,273,0.1627,1.0000,0.633892,-12.8522,4.6100,low_inlier
1702,61.0820,-63.8700,-11.9748,5.5900,-2.6508,608,0.2513,1.0000,0.633892,-8.9038,4.1068,low_inlier
1703,61.1150,-60.6035,-11.9539,3.2665,0.0209,698,0.5466,1.0000,0.633892,-5.1768,-0.0457,
1704,61.1473,-55.4649,-13.4037,5.1386,-1.4498,563,0.3619,1.0000,0.633892,-8.1684,2.2377,low_inlier
1705,61.1840,-48.3610,-17.1717,7.1039,-3.7680,487,0.1868,1.0000,0.633892,-11.3219,5.8410,low_inlier
1706,61.2174,-42.9979,-19.1056,5.3631,-1.9339,615,0.2759,1.0000,0.633892,-8.5323,2.9910,low_inlier
1707,61.2502,-40.5368,-17.9978,2.4611,1.1079,715,0.4520,1.0000,0.633892,-3.8822,-1.7357,low_inlier
1708,61.2829,-38.3690,-17.2445,2.1678,0.7533,684,0.7276,1.0000,0.633892,-3.4233,-1.1822,
1709,61.3150,-35.3460,-17.3060,3.0230,-0.0616,697,0.8329,1.0000,0.633892,-4.7922,0.0837,
1710,61.3470,-33.9494,-16.2131,1.3966,1.0930,681,0.8199,1.0000,0.633892,-2.1954,-1.7082,
1711,61.4026,-32.7263,-15.9358,1.2231,0.2773,547,0.5713,1.0000,0.633892,-1.9339,-0.4368,
1712,61.4350,-28.8505,-17.1318,3.8759,-1.1960,553,0.6704,1.0000,0.633892,-6.1628,1.8474,
1713,61.4671,-25.1005,-17.8563,3.7499,-0.7246,482,0.5806,1.0000,0.633892,-5.9554,1.1136,
1714,61.4994,-21.5617,-17.4261,3.5388,0.4302,470,0.5813,1.0000,0.633892,-5.6016,-0.6844,
1715,61.5313,-16.9505,-16.2982,4.6112,1.1279,763,0.4812,1.0000,0.633892,-7.2897,-1.7755,low_inlier
1716,61.5638,-12.0888,-16.1498,4.8617,0.1484,565,0.6332,1.0000,0.633892,-7.7030,-0.2507,
1717,61.5961,-7.8793,-17.5354,4.2095,-1.3855,606,0.6917,1.0000,0.633892,-6.6948,2.1414,
1718,61.6285,-3.6974,-20.1473,4.1819,-2.6120,607,0.6053,1.0000,0.633892,-6.6715,4.0520,
1719,61.6606,-0.0894,-21.6694,3.6080,-1.5220,591,0.5603,1.0000,0.633892,-5.7438,2.3564,
1720,61.6931,1.9865,-21.4447,2.0759,0.2247,636,0.7907,1.0000,0.633892,-3.2864,-0.3583,
1721,61.7253,3.5296,-20.4688,1.5431,0.9759,630,0.8008,1.0000,0.633892,-2.4295,-1.5264,
1722,61.7575,4.5366,-19.0128,1.0070,1.4560,474,0.5857,1.0000,0.633892,-1.5718,-2.2722,
1723,61.7896,6.5896,-17.3779,2.0531,1.6349,637,0.7588,1.0000,0.633892,-3.2268,-2.5551,
1724,61.8219,8.8804,-15.8391,2.2907,1.5388,631,0.7937,1.0000,0.633892,-3.6051,-2.4063,
1725,61.8542,10.5178,-14.0196,1.6375,1.8195,647,0.7980,1.0000,0.633892,-2.5650,-2.8409,
1726,61.8868,12.0677,-13.7824,1.5499,0.2371,658,0.8413,1.0000,0.633892,-2.4525,-0.3756,
1727,61.9190,13.1937,-12.8643,1.1259,0.9182,653,0.8183,1.0000,0.633892,-1.7692,-1.4348,
1728,61.9520,13.1892,-11.0436,-0.0044,1.8206,616,0.6328,1.0000,0.633892,0.0373,-2.8361,
1729,61.9842,13.0254,-9.6108,-0.1638,1.4328,678,0.8400,1.0000,0.633892,0.2835,-2.2313,
1730,62.0162,12.7107,-9.1212,-0.3146,0.4897,617,0.8087,1.0000,0.633892,0.5068,-0.7615,
1731,62.0482,9.8331,-7.1996,-2.8776,1.9215,439,0.4931,1.0000,0.633892,4.5928,-2.9817,low_inlier
1732,62.0809,7.5946,-4.8167,-2.2385,2.3830,639,0.2062,1.0000,0.633892,3.5875,-3.7031,low_inlier
1733,62.1137,7.1130,-4.9453,-0.4816,-0.1286,764,0.9524,1.0000,0.633892,0.7612,0.2023,
1734,62.1451,6.2578,-5.4204,-0.8552,-0.4751,731,0.9111,1.0000,0.633892,1.3476,0.7435,
1735,62.1778,4.8711,-5.7740,-1.3867,-0.3536,639,0.7820,1.0000,0.633892,2.1920,0.5564,
1736,62.2102,3.4124,-5.2799,-1.4587,0.4941,610,0.7604,1.0000,0.633892,2.3202,-0.7638,
1737,62.2439,2.5925,-4.5866,-0.8199,0.6933,731,0.9249,1.0000,0.633892,1.3110,-1.0767,
1738,62.2771,2.3301,-4.6980,-0.2623,-0.1114,662,0.8243,1.0000,0.633892,0.4139,0.1746,
1739,62.3101,2.1842,-4.7174,-0.1460,-0.0193,682,0.8486,1.0000,0.633892,0.2310,0.0307,
1740,62.3433,1.9323,-3.7777,-0.2519,0.9396,686,0.8534,1.0000,0.633892,0.4148,-1.4627,
1741,62.3990,2.3108,-3.6535,0.3785,0.1242,795,0.9975,1.0000,0.633892,-0.5978,-0.1950,
1742,62.4307,2.4932,-3.5865,0.1825,0.0669,799,0.9988,1.0000,0.633892,-0.2881,-0.1050,
1743,62.4620,2.1954,-3.2921,-0.2978,0.2944,799,0.9988,1.0000,0.633892,0.4769,-0.4574,
1744,62.4937,2.1641,-3.4218,-0.0314,-0.1296,794,1.0000,1.0000,0.633892,0.0475,0.2021,
1745,62.5247,2.7531,-3.1154,0.5890,0.3064,789,0.9738,1.0000,0.633892,-0.9285,-0.4796,
1746,62.5566,2.8955,-2.3454,0.1425,0.7700,784,0.9912,1.0000,0.633892,-0.2130,-1.2001,
1747,62.5883,3.0005,-2.4578,0.1050,-0.1124,800,1.0000,1.0000,0.633892,-0.1683,0.1747,
1748,62.6194,2.7173,-2.2992,-0.2833,0.1586,798,0.9988,1.0000,0.633892,0.4516,-0.2459,
1749,62.6509,2.6616,-1.8396,-0.0557,0.4595,799,0.9988,1.0000,0.633892,0.0959,-0.7156,
1750,62.6825,2.5520,-1.1660,-0.1096,0.6737,675,0.8847,1.0000,0.633892,0.1849,-1.0490,
1751,62.7144,1.6545,-0.3184,-0.8975,0.8475,765,0.7912,1.0000,0.633892,1.4366,-1.3166,
1752,62.7464,0.6719,0.5709,-0.9826,0.8893,790,0.9725,1.0000,0.633892,1.5721,-1.3814,
1753,62.7788,0.1118,0.7911,-0.5600,0.2202,793,0.9912,1.0000,0.633892,0.8913,-0.3407,
1754,62.8106,-0.4503,1.1777,-0.5622,0.3866,797,0.9950,1.0000,0.633892,0.8975,-0.6000,
1755,62.8463,-0.4043,1.2324,0.0460,0.0546,706,0.9575,1.0000,0.633892,-0.0720,-0.0853,
1756,62.8780,-1.3507,2.0091,-0.9464,0.7767,543,0.6963,1.0000,0.633892,1.5128,-1.2061,
1757,62.9101,-3.2069,3.6610,-1.8562,1.6520,774,0.6136,1.0000,0.633892,2.9694,-2.5659,
1758,62.9432,-3.7763,3.4879,-0.5694,-0.1732,780,0.9650,1.0000,0.633892,0.8996,0.2720,
1759,62.9771,-4.6376,3.0410,-0.8613,-0.4469,715,0.8949,1.0000,0.633892,1.3577,0.6996,
1760,63.0100,-5.5543,3.1618,-0.9166,0.1208,677,0.8648,1.0000,0.633892,1.4548,-0.1844,
1761,63.0435,-5.7275,2.8037,-0.1733,-0.3581,573,0.7597,1.0000,0.633892,0.2687,0.5585,
1762,63.0765,-4.4024,2.1329,1.3251,-0.6707,771,0.8298,1.0000,0.633892,-2.1114,1.0395,
1763,63.1103,-4.2271,2.6626,0.1753,0.5297,783,0.9787,1.0000,0.633892,-0.2690,-0.8258,
1764,63.1432,-4.1291,2.5294,0.0980,-0.1333,703,0.9349,1.0000,0.633892,-0.1575,0.2072,
1765,63.1767,-3.6755,1.5936,0.4537,-0.9358,589,0.7384,1.0000,0.633892,-0.7346,1.4559,
1766,63.2101,-2.7674,0.2628,0.9081,-1.3308,780,0.8313,1.0000,0.633892,-1.4614,2.0694,
1767,63.2431,-2.4970,0.2546,0.2704,-0.0081,798,0.9988,1.0000,0.633892,-0.4287,0.0116,
1768,63.2762,-2.2915,0.5211,0.2054,0.2664,789,0.9750,1.0000,0.633892,-0.3212,-0.4159,
1769,63.3098,-1.8079,0.3115,0.4836,-0.2096,705,0.8800,1.0000,0.633892,-0.7700,0.3246,
1770,63.3432,-1.8769,0.6468,-0.0690,0.3354,702,0.9363,1.0000,0.633892,0.1150,-0.5221,
1771,63.3982,-2.0512,0.8246,-0.1743,0.1777,799,0.9988,1.0000,0.633892,0.2792,-0.2762,
1772,63.4298,-2.3261,0.7307,-0.2749,-0.0939,799,0.9988,1.0000,0.633892,0.4341,0.1474,
1773,63.4614,-2.3273,0.5499,-0.0012,-0.1808,798,0.9988,1.0000,0.633892,-0.0012,0.2816,
1774,63.4930,-2.3089,1.2446,0.0184,0.6947,786,0.9938,1.0000,0.633892,-0.0175,-1.0822,
1775,63.5245,-2.6501,2.0515,-0.3412,0.8069,799,0.9988,1.0000,0.633892,0.5541,-1.2556,
1776,63.5563,-2.5396,2.0566,0.1105,0.0051,799,0.9988,1.0000,0.633892,-0.1750,-0.0085,
1777,63.5884,-2.1447,1.3034,0.3949,-0.7532,796,0.9888,1.0000,0.633892,-0.6384,1.1716,
1778,63.6201,-1.9928,1.2138,0.1519,-0.0897,799,0.9550,1.0000,0.633892,-0.2422,0.1391,
1779,63.6514,-2.0758,1.4441,-0.0830,0.2304,738,0.8900,1.0000,0.633892,0.1354,-0.3586,
1780,63.6831,-0.8265,-0.2321,1.2493,-1.6763,783,0.7198,1.0000,0.633892,-2.0079,2.6062,
1781,63.7150,-0.4123,-0.3754,0.4142,-0.1433,799,0.9975,1.0000,0.633892,-0.6588,0.2215,
1782,63.7467,-0.5523,-0.2590,-0.1400,0.1164,797,0.9962,1.0000,0.633892,0.2238,-0.1808,
1783,63.7779,-0.2972,-0.8201,0.2551,-0.5612,797,0.9962,1.0000,0.633892,-0.4136,0.8731,
1784,63.8098,-0.3773,-0.9321,-0.0801,-0.1120,694,0.8862,1.0000,0.633892,0.1250,0.1748,
1785,63.8431,-0.2640,-1.3588,0.1133,-0.4267,796,0.9950,1.0000,0.633892,-0.1867,0.6642,
1786,63.8762,-0.2599,-1.1746,0.0041,0.1842,799,0.9988,1.0000,0.633892,-0.0034,-0.2869,
1787,63.9096,0.1099,-0.7482,0.3699,0.4265,796,0.9950,1.0000,0.633892,-0.5791,-0.6658,
1788,63.9428,0.0963,-0.7152,-0.0137,0.0330,796,0.9950,1.0000,0.633892,0.0222,-0.0514,
1789,63.9762,0.1553,-1.1264,0.0590,-0.4113,797,0.9975,1.0000,0.633892,-0.1003,0.6404,
1790,64.0093,0.3073,-1.1306,0.1521,-0.0041,799,0.9988,1.0000,0.633892,-0.2411,0.0058,
1791,64.0430,0.5591,-0.9430,0.2518,0.1875,793,0.9938,1.0000,0.633892,-0.3960,-0.2932,
1792,64.0767,0.5509,-1.0720,-0.0082,-0.1289,795,0.9975,1.0000,0.633892,0.0108,0.2009,
1793,64.1094,0.6207,-1.3527,0.0698,-0.2808,795,0.9975,1.0000,0.633892,-0.1152,0.4371,
1794,64.1430,0.6776,-1.4024,0.0569,-0.0496,795,0.9962,1.0000,0.633892,-0.0911,0.0771,
1795,64.1762,0.7316,-1.4846,0.0539,-0.0822,797,0.9988,1.0000,0.633892,-0.0869,0.1279,
1796,64.2094,0.6600,-1.5619,-0.0715,-0.0773,800,1.0000,1.0000,0.633892,0.1121,0.1207,
1797,64.2429,0.4418,-1.4942,-0.2182,0.0677,796,0.9950,1.0000,0.633892,0.3470,-0.1045,
1798,64.2763,0.6059,-1.6781,0.1641,-0.1839,795,0.9962,1.0000,0.633892,-0.2632,0.2858,
1799,64.3103,0.9132,-1.7784,0.3073,-0.1004,796,0.9962,1.0000,0.633892,-0.4886,0.1551,
1800,64.3428,0.8043,-1.2372,-0.1089,0.5412,798,0.9975,1.0000,0.633892,0.1816,-0.8427,
1801,64.3985,0.5608,-1.2239,-0.2434,0.0133,800,1.0000,1.0000,0.633892,0.3860,-0.0197,
1802,64.4301,0.6703,-1.6130,0.1095,-0.3890,798,0.9988,1.0000,0.633892,-0.1800,0.6056,
1803,64.4616,0.6259,-1.4685,-0.0444,0.1444,800,1.0000,1.0000,0.633892,0.0728,-0.2248,
1804,64.4926,0.2803,-1.3226,-0.3456,0.1459,800,1.0000,1.0000,0.633892,0.5501,-0.2259,
1805,64.5239,0.0632,-1.5961,-0.2172,-0.2735,798,0.9975,1.0000,0.633892,0.3396,0.4269,
1806,64.5556,0.0970,-1.7705,0.0338,-0.1743,798,0.9975,1.0000,0.633892,-0.0565,0.2714,
1807,64.5865,0.0768,-1.5457,-0.0202,0.2247,800,1.0000,1.0000,0.633892,0.0357,-0.3500,
1808,64.6175,0.0503,-1.5253,-0.0265,0.0205,800,1.0000,1.0000,0.633892,0.0424,-0.0318,
1809,64.6480,-0.0438,-1.8776,-0.0940,-0.3524,795,0.9962,1.0000,0.633892,0.1432,0.5493,
1810,64.6794,0.2122,-1.8197,0.2560,0.0580,797,0.9962,1.0000,0.633892,-0.4047,-0.0913,
1811,64.7109,0.3570,-1.1091,0.1448,0.7106,796,0.9950,1.0000,0.633892,-0.2177,-1.1075,
1812,64.7434,0.5275,-1.2944,0.1705,-0.1853,792,0.9962,1.0000,0.633892,-0.2733,0.2880,
1813,64.7773,0.5556,-1.5908,0.0281,-0.2964,798,0.9975,1.0000,0.633892,-0.0494,0.4615,
1814,64.8095,0.7064,-1.1361,0.1509,0.4546,799,1.0000,1.0000,0.633892,-0.2316,-0.7088,
1815,64.8428,0.6773,-0.7343,-0.0291,0.4019,800,1.0000,1.0000,0.633892,0.0529,-0.6259,
1816,64.8763,0.6674,-1.0686,-0.0099,-0.3343,798,0.9925,1.0000,0.633892,0.0101,0.5209,
1817,64.9093,0.5584,-0.9284,-0.1090,0.1402,794,0.9988,1.0000,0.633892,0.1751,-0.2179,
1818,64.9428,0.7653,-0.4333,0.2069,0.4952,799,0.9988,1.0000,0.633892,-0.3197,-0.7722,
1819,64.9762,0.6453,-0.3183,-0.1200,0.1150,800,1.0000,1.0000,0.633892,0.1920,-0.1786,
1820,65.0093,0.3400,-0.7238,-0.3053,-0.4056,799,0.9988,1.0000,0.633892,0.4772,0.6330,
1821,65.0426,0.3243,-0.5281,-0.0157,0.1957,799,0.9988,1.0000,0.633892,0.0281,-0.3048,
1822,65.0762,0.3566,-0.1588,0.0323,0.3694,799,0.9988,1.0000,0.633892,-0.0450,-0.5755,
1823,65.1096,0.2431,-0.2913,-0.1136,-0.1326,799,0.9988,1.0000,0.633892,0.1778,0.2070,
1824,65.1424,0.1237,-0.5948,-0.1193,-0.3035,799,0.9988,1.0000,0.633892,0.1841,0.4732,
1825,65.1758,0.3738,-0.8440,0.2500,-0.2492,799,0.9988,1.0000,0.633892,-0.4005,0.3872,
1826,65.2092,0.6576,-0.7097,0.2838,0.1343,799,0.9988,1.0000,0.633892,-0.4476,-0.2103,
1827,65.2433,0.6993,-0.9652,0.0416,-0.2555,783,0.9875,1.0000,0.633892,-0.0703,0.3978,
1828,65.2760,0.8777,-1.6449,0.1784,-0.6798,795,0.9938,1.0000,0.633892,-0.2941,1.0582,
1829,65.3093,1.1579,-2.1050,0.2803,-0.4600,795,0.9950,1.0000,0.633892,-0.4518,0.7155,
1830,65.3426,1.6038,-2.9151,0.4459,-0.8101,774,0.9113,1.0000,0.633892,-0.7202,1.2602,
1831,65.3986,2.3684,-4.0390,0.7646,-1.1238,542,0.6855,1.0000,0.633892,-1.2305,1.7476,
1832,65.4311,4.0316,-5.7227,1.6632,-1.6838,543,0.6814,1.0000,0.633892,-2.6641,2.6162,
1833,65.4632,6.8442,-8.4726,2.8126,-2.7499,527,0.4917,1.0000,0.633892,-4.5035,4.2724,low_inlier
1834,65.4963,11.2088,-12.9677,4.3646,-4.4951,487,0.1997,1.0000,0.633892,-6.9922,6.9847,low_inlier
1835,65.5292,15.3866,-17.3682,4.1778,-4.4004,479,0.1045,1.0000,0.633892,-6.6946,6.8380,low_inlier
1836,65.5621,17.7690,-20.4518,2.3825,-3.0836,497,0.2468,1.0000,0.633892,-3.8273,4.7940,low_inlier
1837,65.5950,20.5986,-22.3924,2.8296,-1.9406,512,0.4396,1.0000,0.633892,-4.5170,3.0116,low_inlier
1838,65.6279,24.1721,-25.5313,3.5735,-3.1389,502,0.1749,1.0000,0.633892,-5.7159,4.8752,low_inlier
1839,65.6608,27.5776,-29.1741,3.4054,-3.6429,510,0.1367,1.0000,0.633892,-5.4579,5.6610,low_inlier
1840,65.6942,31.5386,-32.7940,3.9610,-3.6199,496,0.1206,1.0000,0.633892,-6.3381,5.6229,low_inlier
1841,65.7271,35.5287,-35.4769,3.9902,-2.6829,445,0.1656,1.0000,0.633892,-6.3688,4.1632,low_inlier
1842,65.7601,37.9269,-37.1393,2.3982,-1.6624,509,0.3585,1.0000,0.633892,-3.8286,2.5800,low_inlier
1843,65.7930,40.1529,-40.2946,2.2260,-3.1552,482,0.3797,1.0000,0.633892,-3.5804,4.9061,low_inlier
1844,65.8261,43.2389,-43.5064,3.0861,-3.2119,511,0.2733,1.0000,0.633892,-4.9446,4.9909,low_inlier
1845,65.8590,44.6422,-45.0434,1.4033,-1.5369,660,0.5448,1.0000,0.633892,-2.2496,2.3885,
1846,65.8918,45.1282,-45.9180,0.4860,-0.8746,680,0.8571,1.0000,0.633892,-0.7849,1.3605,
1847,65.9241,45.8870,-47.1000,0.7588,-1.1820,549,0.6894,1.0000,0.633892,-1.2223,1.8383,
1848,65.9567,46.2226,-48.1756,0.3355,-1.0756,579,0.6252,1.0000,0.633892,-0.5497,1.6742,
1849,65.9896,46.1234,-49.0065,-0.0991,-0.8309,691,0.8357,1.0000,0.633892,0.1433,1.2947,
1850,66.0219,46.2339,-49.6061,0.1104,-0.5996,572,0.7424,1.0000,0.633892,-0.1850,0.9336,
1851,66.0540,46.1810,-49.7966,-0.0528,-0.1905,705,0.8573,1.0000,0.633892,0.0806,0.2970,
1852,66.0861,45.7872,-49.7590,-0.3938,0.0376,698,0.8914,1.0000,0.633892,0.6248,-0.0570,
1853,66.1181,45.7133,-49.6880,-0.0740,0.0710,700,0.9053,1.0000,0.633892,0.1184,-0.1103,
1854,66.1509,45.5137,-49.3638,-0.1996,0.3243,695,0.9040,1.0000,0.633892,0.3217,-0.5043,
1855,66.1830,45.3334,-48.4677,-0.1803,0.8960,599,0.8051,1.0000,0.633892,0.3007,-1.3951,
1856,66.2152,44.9536,-47.6736,-0.3798,0.7941,697,0.8291,1.0000,0.633892,0.6152,-1.2355,
1857,66.2490,44.9231,-47.9530,-0.0304,-0.2794,689,0.8899,1.0000,0.633892,0.0436,0.4353,
1858,66.2810,44.3494,-47.7362,-0.5737,0.2167,605,0.7942,1.0000,0.633892,0.9128,-0.3353,
1859,66.3129,43.2429,-46.1893,-1.1065,1.5469,519,0.6109,1.0000,0.633892,1.7795,-2.4053,
1860,66.3455,41.7685,-44.1773,-1.4745,2.0120,518,0.5838,1.0000,0.633892,2.3704,-3.1283,
1861,66.4017,40.1042,-42.0836,-1.6643,2.0937,687,0.6780,1.0000,0.633892,2.6726,-3.2548,
1862,66.4344,38.4727,-39.7042,-1.6314,2.3794,682,0.4624,1.0000,0.633892,2.6252,-3.6999,low_inlier
1863,66.4689,36.2955,-36.9528,-2.1773,2.7514,680,0.3584,1.0000,0.633892,3.4966,-4.2773,low_inlier
1864,66.5026,34.4183,-34.8270,-1.8772,2.1258,688,0.4199,1.0000,0.633892,3.0105,-3.3039,low_inlier
1865,66.5355,33.1214,-32.9818,-1.2969,1.8452,696,0.6485,1.0000,0.633892,2.0862,-2.8691,
1866,66.5687,32.0960,-31.3954,-1.0254,1.5864,685,0.8040,1.0000,0.633892,1.6515,-2.4671,
1867,66.6022,30.1274,-29.6361,-1.9686,1.7593,679,0.7872,1.0000,0.633892,3.1494,-2.7326,
1868,66.6349,28.1736,-27.1963,-1.9537,2.4398,676,0.6005,1.0000,0.633892,3.1371,-3.7928,
1869,66.6673,26.5870,-24.9054,-1.5866,2.2909,677,0.5859,1.0000,0.633892,2.5528,-3.5623,
1870,66.7002,24.6469,-22.9118,-1.9401,1.9936,682,0.6549,1.0000,0.633892,3.1080,-3.0977,
1871,66.7330,22.6198,-20.6094,-2.0271,2.3024,682,0.7937,1.0000,0.633892,3.2511,-3.5784,
1872,66.7659,20.2544,-18.0745,-2.3654,2.5349,667,0.5723,1.0000,0.633892,3.7911,-3.9392,
1873,66.7988,18.0500,-15.5789,-2.2044,2.4957,688,0.5536,1.0000,0.633892,3.5353,-3.8788,
1874,66.8318,16.1113,-13.0353,-1.9387,2.5435,657,0.6545,1.0000,0.633892,3.1149,-3.9544,
1875,66.8647,13.3445,-9.6799,-2.7669,3.3554,643,0.6768,1.0000,0.633892,4.4411,-5.2158,
1876,66.8977,10.9315,-7.2911,-2.4130,2.3888,706,0.4755,1.0000,0.633892,3.8641,-3.7115,low_inlier
1877,66.9306,9.7308,-6.7734,-1.2007,0.5176,737,0.9236,1.0000,0.633892,1.9116,-0.8015,
1878,66.9632,8.8359,-6.0441,-0.8949,0.7294,730,0.9185,1.0000,0.633892,1.4304,-1.1326,
1879,66.9956,8.6313,-5.7967,-0.2046,0.2474,748,0.9386,1.0000,0.633892,0.3283,-0.3845,
1880,67.0280,8.5726,-5.9856,-0.0587,-0.1889,748,0.9574,1.0000,0.633892,0.0899,0.2945,
1881,67.0597,7.8334,-6.0317,-0.7393,-0.0461,740,0.9373,1.0000,0.633892,1.1709,0.0748,
1882,67.0920,6.8785,-6.4022,-0.9549,-0.3705,684,0.8434,1.0000,0.633892,1.5073,0.5810,
1883,67.1244,6.2058,-6.4674,-0.6727,-0.0652,672,0.7857,1.0000,0.633892,1.0651,0.1043,
1884,67.1569,3.7315,-7.5264,-2.4744,-1.0590,472,0.1408,1.0000,0.633892,3.9041,1.6597,low_inlier
1885,67.1900,1.1007,-12.2369,-2.6307,-4.7104,470,0.0962,1.0000,0.633892,4.0912,7.3483,low_inlier
1886,67.2232,-0.7500,-14.9425,-1.8507,-2.7057,527,0.2289,1.0000,0.633892,2.8883,4.2222,low_inlier
1887,67.2567,-2.8262,-13.9070,-2.0762,1.0356,732,0.9069,1.0000,0.633892,3.3079,-1.6048,
1888,67.2898,-4.9840,-13.2724,-2.1578,0.6346,645,0.6953,1.0000,0.633892,3.4305,-0.9799,
1889,67.3224,-8.5104,-15.6556,-3.5263,-2.3832,468,0.1108,1.0000,0.633892,5.5494,3.7266,low_inlier
1890,67.3560,-13.9873,-18.4790,-5.4769,-2.8235,444,0.0654,1.0000,0.633892,8.6336,4.4203,low_inlier
1891,67.4127,-18.0247,-19.0251,-4.0375,-0.5460,303,0.0373,1.0000,0.633892,6.3900,0.8669,low_inlier
1892,67.4459,-23.7127,-21.5111,-5.6880,-2.4860,284,0.0233,1.0000,0.633892,8.9738,3.8955,low_inlier
1893,67.4791,-27.9820,-22.5999,-4.2693,-1.0888,445,0.2681,1.0000,0.633892,6.7485,1.7133,low_inlier
1894,67.5125,-31.1772,-22.0344,-3.1951,0.5654,448,0.1620,1.0000,0.633892,5.0735,-0.8680,low_inlier
1895,67.5456,-37.7190,-20.9302,-6.5418,1.1042,372,0.0698,1.0000,0.633892,10.3867,-1.6937,low_inlier
1896,67.5787,-41.6084,-19.8199,-3.8894,1.1103,486,0.5106,1.0000,0.633892,6.1829,-1.7139,
1897,67.6118,-42.6152,-18.3938,-1.0068,1.4262,552,0.6470,1.0000,0.633892,1.6194,-2.2176,
1898,67.6448,-44.3825,-16.7609,-1.7673,1.6329,517,0.6515,1.0000,0.633892,2.8281,-2.5365,
1899,67.6774,-46.4605,-16.0664,-2.0780,0.6945,497,0.6160,1.0000,0.633892,3.3051,-1.0734,
1900,67.7100,-46.7132,-16.2187,-0.2527,-0.1523,553,0.7080,1.0000,0.633892,0.3979,0.2382,
1901,67.7421,-47.1254,-16.4540,-0.4122,-0.2353,545,0.6954,1.0000,0.633892,0.6494,0.3683,
1902,67.7747,-48.2526,-16.0674,-1.1272,0.3866,547,0.6910,1.0000,0.633892,1.7930,-0.5977,
1903,67.8071,-48.4122,-15.5894,-0.1597,0.4781,571,0.7252,1.0000,0.633892,0.2610,-0.7440,
1904,67.8396,-48.4365,-14.5783,-0.0242,1.0110,526,0.6641,1.0000,0.633892,0.0552,-1.5749,
1905,67.8721,-49.2208,-13.0247,-0.7844,1.5536,544,0.5738,1.0000,0.633892,1.2690,-2.4170,
1906,67.9051,-49.7914,-12.5484,-0.5706,0.4763,727,0.9031,1.0000,0.633892,0.9122,-0.7397,
1907,67.9379,-50.1803,-12.1131,-0.3890,0.4353,532,0.6646,1.0000,0.633892,0.6237,-0.6766,
1908,67.9703,-51.0039,-9.7394,-0.8236,2.3736,496,0.4457,1.0000,0.633892,1.3448,-3.6942,low_inlier
1909,68.0033,-53.0739,-5.9023,-2.0700,3.8371,493,0.1724,1.0000,0.633892,3.3446,-5.9690,low_inlier
1910,68.0361,-54.5096,-1.9292,-1.4357,3.9731,502,0.1906,1.0000,0.633892,2.3415,-6.1833,low_inlier
1911,68.0689,-56.4907,1.7923,-1.9811,3.7216,486,0.1853,1.0000,0.633892,3.2018,-5.7893,low_inlier
1912,68.1019,-58.1996,6.8794,-1.7088,5.0870,745,0.1405,1.0000,0.633892,2.7930,-7.9175,low_inlier
1913,68.1351,-59.3362,10.8820,-1.1366,4.0026,521,0.3914,1.0000,0.633892,1.8680,-6.2305,low_inlier
1914,68.1779,-60.6018,13.5928,-1.2655,2.7108,485,0.5947,1.0000,0.633892,2.0508,-4.2177,
1915,68.2110,-62.8156,17.4252,-2.2138,3.8325,473,0.3779,1.0000,0.633892,3.5725,-5.9611,low_inlier
1916,68.2443,-63.7737,23.2075,-0.9581,5.7822,488,0.1751,1.0000,0.633892,1.6146,-9.0034,low_inlier
1917,68.2775,-65.0497,31.2401,-1.2760,8.0326,419,0.0909,1.0000,0.633892,2.1559,-12.5077,low_inlier
1918,68.3106,-65.5577,40.3771,-0.5080,9.1370,416,0.0575,1.0000,0.633892,0.9570,-14.2312,low_inlier
1919,68.3441,-64.3330,50.0216,1.2247,9.6444,431,0.0843,1.0000,0.633892,-1.7808,-15.0286,low_inlier
1920,68.3779,-60.8212,57.8020,3.5118,7.7805,486,0.1612,1.0000,0.633892,-5.4366,-12.1342,low_inlier
1921,68.4348,-53.4513,65.2606,7.3699,7.4585,539,0.1078,1.0000,0.633892,-11.5568,-11.6483,low_inlier
1922,68.4685,-46.0672,69.9145,7.3841,4.6540,345,0.2632,1.0000,0.633892,-11.6260,-7.2794,low_inlier
1923,68.5029,-36.3178,73.3691,9.7494,3.4546,777,0.0845,1.0000,0.633892,-15.3947,-5.4207,low_inlier
1924,68.5360,-24.5774,77.8867,11.7404,4.5176,727,0.0321,1.0000,0.633892,-18.5327,-7.0845,low_inlier
1925,68.5693,-16.9500,85.9209,7.6274,8.0342,355,0.0607,1.0000,0.633892,-11.9553,-12.5460,low_inlier
1926,68.6032,-12.1808,87.4316,4.7692,1.5107,555,0.2478,1.0000,0.633892,-7.5337,-2.3725,low_inlier
1927,68.6385,-4.3271,84.8839,7.8537,-2.5477,716,0.0053,1.0000,0.633892,-12.4900,3.9370,low_inlier
1928,68.6727,7.3764,76.4708,11.7034,-8.4131,384,0.0567,1.0000,0.633892,-18.6890,13.0585,low_inlier
1929,68.7061,16.9461,74.5605,9.5697,-1.9102,78,0.0013,1.0000,0.633892,-15.1991,2.9371,low_inlier
1930,68.7395,26.2467,67.6295,9.3006,-6.9310,379,0.0828,1.0000,0.633892,-14.8561,10.7593,low_inlier
1931,68.7733,35.2695,65.1860,9.0228,-2.4436,576,0.1790,1.0000,0.633892,-14.3411,3.7701,low_inlier
1932,68.8068,42.6643,62.0576,7.3949,-3.1284,412,0.3185,1.0000,0.633892,-11.7724,4.8435,low_inlier
1933,68.8399,51.9560,51.9335,9.2917,-10.1241,270,0.0309,1.0000,0.633892,-14.8949,15.7334,low_inlier
1934,68.8737,54.9758,43.4486,3.0198,-8.4849,562,0.0029,1.0000,0.633892,-4.9272,13.2052,low_inlier
1935,68.9075,59.5541,34.6538,4.5783,-8.7948,393,0.1434,1.0000,0.633892,-7.4026,13.6817,low_inlier
1936,68.9412,62.9407,28.6631,3.3866,-5.9908,36,0.0016,1.0000,0.633892,-5.4671,9.3185,low_inlier
1937,68.9749,73.0581,12.1707,10.1174,-16.4924,355,0.0899,1.0000,0.633892,-16.3095,25.6504,low_inlier
1938,69.0099,80.2597,0.6443,7.2016,-11.5263,662,0.0014,1.0000,0.633892,-11.6056,17.9262,low_inlier
1939,69.0437,86.9136,-13.8636,6.6539,-14.5080,324,0.0942,1.0000,0.633892,-10.7872,22.5731,low_inlier
1940,69.0777,88.7745,-20.7475,1.8609,-6.8838,570,0.0041,1.0000,0.633892,-3.0638,10.7158,low_inlier
1941,69.1120,86.0603,-23.6001,-2.7141,-2.8527,454,0.3376,1.0000,0.633892,4.2543,4.4547,low_inlier
1942,69.1459,82.7792,-26.3712,-3.2811,-2.7711,484,0.3611,1.0000,0.633892,5.1542,4.3298,low_inlier
1943,69.1793,78.4329,-30.6046,-4.3464,-4.2334,482,0.1038,1.0000,0.633892,6.8183,6.6121,low_inlier
1944,69.2135,70.3244,-32.5226,-8.1084,-1.9180,422,0.1994,1.0000,0.633892,12.8195,3.0204,low_inlier
1945,69.2467,63.5548,-36.7135,-6.7696,-4.1909,576,0.1088,1.0000,0.633892,10.6597,6.5557,low_inlier
1946,69.2808,56.6781,-39.1471,-6.8766,-2.4335,388,0.0694,1.0000,0.633892,10.8586,3.8185,low_inlier
1947,69.3150,47.1766,-36.0886,-9.5015,3.0584,306,0.0992,1.0000,0.633892,15.1101,-4.7261,low_inlier
1948,69.3489,37.8194,-33.6613,-9.3572,2.4273,460,0.0958,1.0000,0.633892,14.8709,-3.7434,low_inlier
1949,69.3827,29.3594,-33.2711,-8.4600,0.3903,346,0.0362,1.0000,0.633892,13.4150,-0.5739,low_inlier
1950,69.4178,20.8044,-31.2227,-8.5550,2.0483,552,0.0937,1.0000,0.633892,13.5932,-3.1563,low_inlier
1951,69.4750,14.4051,-28.9070,-6.3993,2.3157,655,0.4804,1.0000,0.633892,10.1809,-3.5815,low_inlier
1952,69.5083,11.0633,-27.4897,-3.3418,1.4174,702,0.8442,1.0000,0.633892,5.3200,-2.1944,
1953,69.5409,9.0231,-26.9931,-2.0402,0.4966,707,0.7188,1.0000,0.633892,3.2418,-0.7653,
1954,69.5739,4.7241,-24.4160,-4.2990,2.5771,712,0.8720,1.0000,0.633892,6.8564,-3.9972,
1955,69.6067,0.2994,-21.5197,-4.4247,2.8963,747,0.7478,1.0000,0.633892,7.0610,-4.4939,
1956,69.6396,-4.1805,-18.6926,-4.4799,2.8271,605,0.3076,1.0000,0.633892,7.1473,-4.3859,low_inlier
1957,69.6732,-7.1764,-15.9944,-2.9959,2.6982,684,0.3804,1.0000,0.633892,4.7932,-4.1911,low_inlier
1958,69.7130,-8.4739,-12.5777,-1.2975,3.4167,686,0.2874,1.0000,0.633892,2.1132,-5.3172,low_inlier
1959,69.7483,-8.6440,-11.3833,-0.1702,1.1944,709,0.8431,1.0000,0.633892,0.2896,-1.8600,
1960,69.7811,-9.7609,-10.3052,-1.1169,1.0780,706,0.8664,1.0000,0.633892,1.7881,-1.6748,
1961,69.8140,-10.5272,-8.2989,-0.7662,2.0063,713,0.4974,1.0000,0.633892,1.2478,-3.1223,low_inlier
1962,69.8469,-10.3061,-8.5800,0.2210,-0.2811,728,0.9109,1.0000,0.633892,-0.3550,0.4370,
1963,69.8791,-9.9433,-10.5834,0.3629,-2.0034,718,0.9059,1.0000,0.633892,-0.6084,3.1194,
1964,69.9118,-8.8815,-12.3312,1.0618,-1.7478,716,0.9123,1.0000,0.633892,-1.7119,2.7183,
1965,69.9446,-7.0494,-14.6066,1.8321,-2.2755,729,0.9210,1.0000,0.633892,-2.9417,3.5373,
1966,69.9770,-4.6603,-18.7974,2.3891,-4.1908,647,0.7834,1.0000,0.633892,-3.8562,6.5186,
1967,70.0100,-10.4050,-14.2443,-5.7447,4.5532,405,0.3184,1.0000,0.633892,9.1807,-7.0696,low_inlier
1968,70.0436,-16.6225,-10.4497,-6.2176,3.7946,444,0.1474,1.0000,0.633892,9.9175,-5.8860,low_inlier
1969,70.0762,-15.5997,-17.5705,1.0228,-7.1208,736,0.4053,1.0000,0.633892,-1.7394,11.0884,low_inlier
1970,70.1092,-15.3481,-24.9378,0.2516,-7.3673,720,0.5805,1.0000,0.633892,-0.5212,11.4754,
1971,70.1421,-13.5684,-33.2936,1.7798,-8.3558,339,0.3248,1.0000,0.633892,-2.9597,13.0091,low_inlier
1972,70.1753,-11.3458,-40.0495,2.2226,-6.7559,531,0.3946,1.0000,0.633892,-3.6350,10.5150,low_inlier
1973,70.2087,-9.7319,-45.5561,1.6139,-5.5066,721,0.7475,1.0000,0.633892,-2.6494,8.5714,
1974,70.2419,-7.2918,-53.0021,2.4400,-7.4461,706,0.8636,1.0000,0.633892,-3.9911,11.5893,
1975,70.2754,-13.2564,-49.0370,-5.9645,3.9652,413,0.2963,1.0000,0.633892,9.5193,-6.1528,low_inlier
1976,70.3093,-20.2414,-46.3453,-6.9851,2.6916,469,0.3138,1.0000,0.633892,11.1156,-4.1648,low_inlier
1977,70.3427,-26.8459,-44.5419,-6.6045,1.8035,455,0.5076,1.0000,0.633892,10.4976,-2.7827,
1978,70.3759,-33.9778,-42.7322,-7.1320,1.8096,441,0.4311,1.0000,0.633892,11.3337,-2.7903,low_inlier
1979,70.4093,-40.2697,-40.0983,-6.2918,2.6339,389,0.2101,1.0000,0.633892,10.0159,-4.0777,low_inlier
1980,70.4428,-46.1342,-36.8766,-5.8645,3.2217,360,0.2830,1.0000,0.633892,9.3484,-4.9951,low_inlier
1981,70.5009,-52.4232,-33.3703,-6.2890,3.5063,433,0.3200,1.0000,0.633892,10.0259,-5.4366,low_inlier
1982,70.5341,-51.1899,-40.8064,1.2333,-7.4361,770,0.7200,1.0000,0.633892,-2.0784,11.5786,
1983,70.5670,-49.7154,-47.6421,1.4745,-6.8357,764,0.8661,1.0000,0.633892,-2.4506,10.6424,
1984,70.6001,-47.6266,-53.2648,2.0888,-5.6227,752,0.8250,1.0000,0.633892,-3.4041,8.7504,
1985,70.6330,-46.3736,-57.9620,1.2529,-4.6972,764,0.9175,1.0000,0.633892,-2.0639,7.3120,
1986,70.6661,-45.0924,-63.5385,1.2812,-5.5765,738,0.8838,1.0000,0.633892,-2.1234,8.6817,
1987,70.6990,-43.6082,-67.5660,1.4842,-4.0276,714,0.8225,1.0000,0.633892,-2.4193,6.2680,
1988,70.7324,-42.6695,-71.6501,0.9387,-4.0840,733,0.9000,1.0000,0.633892,-1.5557,6.3582,
1989,70.7655,-42.2362,-76.3869,0.4333,-4.7368,748,0.7325,1.0000,0.633892,-0.7654,7.3770,
1990,70.7976,-42.3768,-78.7870,-0.1405,-2.4001,741,0.9237,1.0000,0.633892,0.1829,3.7393,
1991,70.8309,-42.5734,-80.1779,-0.1967,-1.3909,757,0.9750,1.0000,0.633892,0.2886,2.1675,
1992,70.8636,-43.3690,-81.3280,-0.7956,-1.1502,787,0.9575,1.0000,0.633892,1.2418,1.7949,
1993,70.8979,-44.4793,-83.1113,-1.1103,-1.7833,765,0.9513,1.0000,0.633892,1.7302,2.7824,
1994,70.9307,-44.9754,-84.6993,-0.4960,-1.5880,770,0.9775,1.0000,0.633892,0.7598,2.4757,
1995,70.9633,-45.2207,-83.9928,-0.2453,0.7065,786,0.9475,1.0000,0.633892,0.4005,-1.0996,
1996,70.9959,-45.1842,-81.1491,0.0365,2.8437,753,0.7875,1.0000,0.633892,-0.0105,-4.4300,
1997,71.0289,-44.9720,-79.8274,0.2122,1.3217,762,0.9663,1.0000,0.633892,-0.3144,-2.0597,
1998,71.0617,-45.0746,-76.8863,-0.1026,2.9411,717,0.8148,1.0000,0.633892,0.2115,-4.5811,
1999,71.0948,-46.1744,-73.4757,-1.0998,3.4106,705,0.5832,1.0000,0.633892,1.7997,-5.3084,
2000,71.1280,-45.2989,-71.8352,0.8755,1.6406,758,0.8886,1.0000,0.633892,-1.3604,-2.5591,
2001,71.1607,-45.3410,-69.9924,-0.0421,1.8427,762,0.9574,1.0000,0.633892,0.0973,-2.8704,
2002,71.1935,-45.5288,-68.5454,-0.1878,1.4470,784,0.9663,1.0000,0.633892,0.3217,-2.2533,
2003,71.2262,-44.8304,-68.1318,0.6984,0.4136,777,0.9888,1.0000,0.633892,-1.1000,-0.6471,
2004,71.2588,-44.7406,-68.5072,0.0898,-0.3754,775,0.9675,1.0000,0.633892,-0.1486,0.5844,
2005,71.2917,-45.0396,-67.3770,-0.2991,1.1302,788,0.9875,1.0000,0.633892,0.4928,-1.7593,
2006,71.3244,-44.9393,-66.3062,0.1004,1.0708,776,0.9875,1.0000,0.633892,-0.1413,-1.6685,
2007,71.3570,-45.2047,-64.5068,-0.2654,1.7995,767,0.9663,1.0000,0.633892,0.4506,-2.8021,
2008,71.3897,-45.5591,-61.1449,-0.3545,3.3618,782,0.9038,1.0000,0.633892,0.6177,-5.2355,
2009,71.4223,-45.4983,-57.6639,0.0608,3.4810,765,0.9275,1.0000,0.633892,-0.0385,-5.4227,
2010,71.4551,-46.2248,-53.3538,-0.7264,4.3101,768,0.9113,1.0000,0.633892,1.2230,-6.7111,
2011,71.5119,-45.0347,-47.1829,1.1901,6.1710,791,0.4125,1.0000,0.633892,-1.7836,-9.6177,low_inlier
2012,71.5451,-43.9570,-40.6129,1.0778,6.5700,703,0.3912,1.0000,0.633892,-1.5990,-10.2388,low_inlier
2013,71.5781,-43.3577,-33.0068,0.5993,7.6060,702,0.2838,1.0000,0.633892,-0.8234,-11.8507,low_inlier
2014,71.6111,-42.8003,-26.9628,0.5574,6.0441,672,0.3588,1.0000,0.633892,-0.7830,-9.4174,low_inlier
2015,71.6445,-42.5356,-24.2940,0.2647,2.6688,693,0.8348,1.0000,0.633892,-0.3751,-4.1583,
2016,71.6779,-42.4892,-19.8430,0.0464,4.4510,642,0.2900,1.0000,0.633892,0.0005,-6.9337,low_inlier
2017,71.7113,-42.1202,-14.5646,0.3690,5.2784,683,0.2306,1.0000,0.633892,-0.4971,-8.2239,low_inlier
2018,71.7446,-41.6449,-10.5096,0.4753,4.0550,682,0.5575,1.0000,0.633892,-0.6859,-6.3187,
2019,71.7777,-41.9929,-7.2010,-0.3480,3.3085,642,0.4506,1.0000,0.633892,0.6065,-5.1525,low_inlier
2020,71.8110,-41.9326,-2.6000,0.0603,4.6010,625,0.1675,1.0000,0.633892,-0.0190,-7.1675,low_inlier
2021,71.8444,-41.8867,3.1542,0.0459,5.7542,609,0.1669,1.0000,0.633892,0.0229,-8.9638,low_inlier
2022,71.8777,-41.8409,8.4838,0.0458,5.3296,628,0.2043,1.0000,0.633892,0.0160,-8.3023,low_inlier
2023,71.9134,-41.4163,12.3434,0.4246,3.8596,672,0.3400,1.0000,0.633892,-0.6088,-6.0140,low_inlier
2024,71.9470,-41.6374,15.6302,-0.2212,3.2868,617,0.3325,1.0000,0.633892,0.4052,-5.1192,low_inlier
2025,71.9802,-42.3574,18.5210,-0.7200,2.8908,681,0.3191,1.0000,0.633892,1.1892,-4.5002,low_inlier
2026,72.0135,-42.6641,22.1961,-0.3067,3.6751,597,0.3191,1.0000,0.633892,0.5472,-5.7237,low_inlier
2027,72.0469,-43.5717,27.5046,-0.9075,5.3085,586,0.1792,1.0000,0.633892,1.5266,-8.2657,low_inlier
2028,72.0805,-43.7486,31.6134,-0.1769,4.1088,684,0.3567,1.0000,0.633892,0.3487,-6.3998,low_inlier
2029,72.1137,-44.1453,35.0020,-0.3967,3.3886,706,0.6000,1.0000,0.633892,0.6851,-5.2770,
2030,72.1480,-44.7942,38.0675,-0.6489,3.0655,712,0.6388,1.0000,0.633892,1.0795,-4.7727,
2031,72.1812,-45.7138,40.4714,-0.9196,2.4039,687,0.8450,1.0000,0.633892,1.4975,-3.7410,
2032,72.2142,-49.3665,43.3609,-3.6526,2.8894,680,0.6946,1.0000,0.633892,5.8372,-4.4863,
2033,72.2475,-52.3172,43.9331,-2.9507,0.5723,717,0.5069,1.0000,0.633892,4.6862,-0.8795,
2034,72.2818,-52.2935,42.0523,0.0236,-1.8808,718,0.9011,1.0000,0.633892,-0.0687,2.9297,
2035,72.3158,-51.6989,40.7494,0.5946,-1.3030,716,0.9024,1.0000,0.633892,-0.9641,2.0273,
2036,72.3488,-50.3942,40.0457,1.3047,-0.7037,723,0.8675,1.0000,0.633892,-2.0795,1.0909,
2037,72.3814,-49.7575,39.8997,0.6367,-0.1460,763,0.9550,1.0000,0.633892,-1.0116,0.2249,
2038,72.4138,-48.7096,39.2665,1.0480,-0.6332,738,0.9313,1.0000,0.633892,-1.6715,0.9821,
2039,72.4463,-47.5515,38.4453,1.1581,-0.8212,721,0.8625,1.0000,0.633892,-1.8491,1.2746,
2040,72.4789,-44.8686,36.8822,2.6829,-1.5631,628,0.5637,1.0000,0.633892,-4.2782,2.4241,
2041,72.5358,-41.6954,34.0324,3.1731,-2.8499,738,0.2000,1.0000,0.633892,-5.0765,4.4266,low_inlier
2042,72.5690,-40.7854,31.2688,0.9100,-2.7636,753,0.4125,1.0000,0.633892,-1.4883,4.3013,low_inlier
2043,72.6020,-39.8369,29.1960,0.9485,-2.0728,758,0.6925,1.0000,0.633892,-1.5378,3.2250,
2044,72.6357,-39.1795,29.0793,0.6574,-0.1167,784,0.9600,1.0000,0.633892,-1.0439,0.1791,
2045,72.6683,-38.8718,30.1614,0.3076,1.0820,759,0.9387,1.0000,0.633892,-0.4696,-1.6868,
2046,72.7010,-38.4559,29.6904,0.4160,-0.4710,779,0.9825,1.0000,0.633892,-0.6671,0.7320,
2047,72.7332,-37.3416,29.3928,1.1143,-0.2976,771,0.9637,1.0000,0.633892,-1.7710,0.4591,
2048,72.7676,-37.0556,30.2478,0.2860,0.8550,745,0.9163,1.0000,0.633892,-0.4391,-1.3330,
2049,72.8007,-36.5362,30.6896,0.5194,0.4418,757,0.9113,1.0000,0.633892,-0.8159,-0.6903,
2050,72.8345,-35.1738,29.5776,1.3624,-1.1121,778,0.9625,1.0000,0.633892,-2.1778,1.7268,
2051,72.8671,-32.9456,28.1030,2.2281,-1.4745,743,0.9111,1.0000,0.633892,-3.5560,2.2880,
2052,72.9000,-30.0171,27.1259,2.9286,-0.9771,725,0.5201,1.0000,0.633892,-4.6578,1.5103,
2053,72.9330,-29.3920,26.5517,0.6251,-0.5742,768,0.9437,1.0000,0.633892,-1.0003,0.8919,
2054,72.9652,-28.5624,25.6672,0.8296,-0.8846,772,0.9675,1.0000,0.633892,-1.3295,1.3746,
2055,72.9980,-28.6088,24.8162,-0.0464,-0.8509,784,0.9762,1.0000,0.633892,0.0594,1.3257,
2056,73.0312,-28.6812,24.3776,-0.0723,-0.4387,781,0.9762,1.0000,0.633892,0.1074,0.6836,
2057,73.0642,-27.1795,24.2197,1.5016,-0.1578,761,0.9524,1.0000,0.633892,-2.3826,0.2398,
2058,73.0968,-25.5731,24.0583,1.6064,-0.1614,778,0.9738,1.0000,0.633892,-2.5487,0.2450,
2059,73.1326,-23.5622,23.1292,2.0110,-0.9292,757,0.9550,1.0000,0.633892,-3.2027,1.4393,
2060,73.1658,-22.1246,22.1717,1.4376,-0.9574,747,0.9550,1.0000,0.633892,-2.2944,1.4857,
2061,73.1983,-19.2159,20.6573,2.9087,-1.5144,720,0.8886,1.0000,0.633892,-4.6353,2.3473,
2062,73.2313,-15.9349,19.7155,3.2809,-0.9419,717,0.4537,1.0000,0.633892,-5.2157,1.4540,low_inlier
2063,73.2649,-15.8154,18.9778,0.1195,-0.7377,773,0.9475,1.0000,0.633892,-0.2017,1.1487,
2064,73.2979,-15.8426,17.2980,-0.0272,-1.6798,747,0.9450,1.0000,0.633892,0.0153,2.6168,
2065,73.3310,-15.4516,15.5938,0.3910,-1.7042,743,0.8812,1.0000,0.633892,-0.6481,2.6531,
2066,73.3660,-14.5806,15.3961,0.8710,-0.1978,782,0.9675,1.0000,0.633892,-1.3837,0.3045,
2067,73.3989,-13.2055,15.4695,1.3752,0.0734,762,0.9725,1.0000,0.633892,-2.1783,-0.1199,
2068,73.4320,-11.4765,14.4204,1.7290,-1.0491,758,0.9550,1.0000,0.633892,-2.7578,1.6272,
2069,73.4651,-9.0414,12.8627,2.4350,-1.5577,731,0.9150,1.0000,0.633892,-3.8853,2.4167,
2070,73.5017,-6.7484,12.0368,2.2931,-0.8259,699,0.8612,1.0000,0.633892,-3.6481,1.2774,
2071,73.5590,-5.4452,10.3361,1.3032,-1.7006,741,0.8950,1.0000,0.633892,-2.0937,2.6439,
2072,73.5921,-2.2861,6.2308,3.1591,-4.1053,764,0.9075,1.0000,0.633892,-5.0753,6.3823,
2073,73.6253,-0.4343,4.0743,1.8518,-2.1565,750,0.7860,1.0000,0.633892,-2.9709,3.3519,
2074,73.6583,-0.3107,3.8207,0.1235,-0.2535,731,0.9163,1.0000,0.633892,-0.2000,0.3945,
2075,73.6905,-0.9916,3.3669,-0.6808,-0.4538,796,0.9975,1.0000,0.633892,1.0715,0.7097,
2076,73.7229,-2.8078,2.2709,-1.8163,-1.0961,740,0.9337,1.0000,0.633892,2.8604,1.7147,
2077,73.7560,-4.0321,1.8869,-1.2243,-0.3840,747,0.9563,1.0000,0.633892,1.9340,0.6031,
2078,73.7888,-4.9139,2.2178,-0.8818,0.3309,792,0.9912,1.0000,0.633892,1.4030,-0.5119,
2079,73.8211,-5.1692,0.7934,-0.2553,-1.4244,769,0.9725,1.0000,0.633892,0.3810,2.2199,
2080,73.8539,-4.6921,-0.8423,0.4771,-1.6357,726,0.8488,1.0000,0.633892,-0.7834,2.5460,
2081,73.8867,-4.5251,-0.9831,0.1670,-0.1408,795,0.9962,1.0000,0.633892,-0.2670,0.2186,
2082,73.9190,-4.5543,-1.3503,-0.0293,-0.3672,780,0.9788,1.0000,0.633892,0.0403,0.5722,
2083,73.9512,-4.9493,-1.5566,-0.3949,-0.2063,760,0.9812,1.0000,0.633892,0.6225,0.3230,
2084,73.9838,-5.2079,-1.3745,-0.2586,0.1821,789,0.9900,1.0000,0.633892,0.4130,-0.2827,
2085,74.0160,-5.5436,-1.6925,-0.3357,-0.3180,789,0.9888,1.0000,0.633892,0.5268,0.4967,
2086,74.0488,-6.3101,-1.3685,-0.7664,0.3240,792,0.9925,1.0000,0.633892,1.2202,-0.5017,
2087,74.0828,-6.9025,-1.0250,-0.5925,0.3435,792,0.9950,1.0000,0.633892,0.9447,-0.5327,
2088,74.1156,-7.3575,-0.7112,-0.4550,0.3138,792,0.9975,1.0000,0.633892,0.7264,-0.4869,
2089,74.1484,-8.0185,-0.1951,-0.6610,0.5162,792,0.9938,1.0000,0.633892,1.0562,-0.8014,
2090,74.1814,-8.1074,0.4268,-0.0889,0.6218,795,0.9975,1.0000,0.633892,0.1513,-0.9683,
2091,74.2145,-7.9891,0.8313,0.1184,0.4046,795,0.9950,1.0000,0.633892,-0.1809,-0.6307,
2092,74.2469,-8.2333,0.9938,-0.2442,0.1625,794,0.9988,1.0000,0.633892,0.3898,-0.2521,
2093,74.2791,-8.5840,1.1466,-0.3507,0.1528,788,0.9912,1.0000,0.633892,0.5583,-0.2366,
2094,74.3119,-8.4180,0.8936,0.1660,-0.2530,790,0.9975,1.0000,0.633892,-0.2673,0.3935,
2095,74.3441,-8.0984,1.3764,0.3196,0.4828,780,0.9800,1.0000,0.633892,-0.4984,-0.7534,
2096,74.3769,-7.9241,2.1315,0.1743,0.7551,742,0.9287,1.0000,0.633892,-0.2637,-1.1769,
2097,74.4092,-7.7931,1.5240,0.1310,-0.6074,773,0.9838,1.0000,0.633892,-0.2177,0.9457,
2098,74.4416,-7.5504,1.0180,0.2427,-0.5060,744,0.9337,1.0000,0.633892,-0.3931,0.7873,
2099,74.4739,-7.4017,1.4650,0.1487,0.4470,791,0.9912,1.0000,0.633892,-0.2283,-0.6969,
2100,74.5061,-7.3096,1.5830,0.0921,0.1179,783,0.9788,1.0000,0.633892,-0.1440,-0.1841,
2101,74.5626,-6.5892,0.7617,0.7204,-0.8213,713,0.8825,1.0000,0.633892,-1.1554,1.2764,
2102,74.5959,-6.1935,0.1834,0.3957,-0.5783,718,0.8888,1.0000,0.633892,-0.6368,0.8993,
2103,74.6289,-5.1650,-0.1759,1.0285,-0.3593,716,0.8788,1.0000,0.633892,-1.6361,0.5555,
2104,74.6621,-4.2941,0.0579,0.8709,0.2338,721,0.9012,1.0000,0.633892,-1.3764,-0.3677,
2105,74.6949,-2.8190,-0.6298,1.4751,-0.6876,711,0.8862,1.0000,0.633892,-2.3494,1.0652,
2106,74.7282,-1.4696,-1.4675,1.3494,-0.8378,780,0.9287,1.0000,0.633892,-2.1527,1.2996,
2107,74.7611,-0.4256,-1.5731,1.0439,-0.1055,716,0.8962,1.0000,0.633892,-1.6563,0.1602,
2108,74.7943,0.6944,-2.2065,1.1200,-0.6335,715,0.8862,1.0000,0.633892,-1.7856,0.9823,
2109,74.8272,1.0543,-1.9995,0.3599,0.2070,717,0.9012,1.0000,0.633892,-0.5670,-0.3240,
2110,74.8592,1.3079,-1.6583,0.2536,0.3412,717,0.8600,1.0000,0.633892,-0.3962,-0.5326,
2111,74.8920,1.8452,-2.1393,0.5373,-0.4810,718,0.8975,1.0000,0.633892,-0.8596,0.7471,
2112,74.9249,2.6464,-2.2701,0.8012,-0.1309,752,0.8438,1.0000,0.633892,-1.2720,0.2006,
2113,74.9580,5.0112,-2.2487,2.3648,0.0214,652,0.7113,1.0000,0.633892,-3.7477,-0.0429,
2114,74.9913,6.4096,-1.6147,1.3984,0.6340,704,0.6800,1.0000,0.633892,-2.2058,-0.9932,
2115,75.0243,9.9458,-0.9382,3.5362,0.6766,693,0.7462,1.0000,0.633892,-5.5934,-1.0682,
2116,75.0577,13.6644,0.0244,3.7186,0.9626,668,0.6512,1.0000,0.633892,-5.8777,-1.5144,
2117,75.0910,16.1987,1.2630,2.5343,1.2386,680,0.7600,1.0000,0.633892,-3.9961,-1.9397,
2118,75.1237,18.5868,1.2494,2.3881,-0.0137,697,0.7087,1.0000,0.633892,-3.7852,0.0117,
2119,75.1570,20.8834,0.2866,2.2966,-0.9628,698,0.8337,1.0000,0.633892,-3.6560,1.4905,
2120,75.1902,21.8595,-0.5349,0.9762,-0.8215,717,0.8988,1.0000,0.633892,-1.5608,1.2758,
2121,75.2230,22.7236,-1.3728,0.8641,-0.8380,729,0.9113,1.0000,0.633892,-1.3834,1.3019,
2122,75.2560,24.8260,-2.2648,2.1024,-0.8920,670,0.6800,1.0000,0.633892,-3.3470,1.3810,
2123,75.2892,28.1533,-3.5917,3.3273,-1.3268,683,0.8087,1.0000,0.633892,-5.2955,2.0535,
2124,75.3223,30.4537,-4.3580,2.3005,-0.7664,675,0.5800,1.0000,0.633892,-3.6588,1.1846,
2125,75.3558,34.0156,-5.7698,3.5619,-1.4117,634,0.3980,1.0000,0.633892,-5.6688,2.1848,low_inlier
2126,75.3897,37.5682,-8.2099,3.5526,-2.4401,611,0.3980,1.0000,0.633892,-5.6711,3.7868,low_inlier
2127,75.4233,40.7715,-10.7066,3.2034,-2.4967,640,0.5663,1.0000,0.633892,-5.1186,3.8763,
2128,75.4569,44.2490,-14.3341,3.4775,-3.6276,626,0.7137,1.0000,0.633892,-5.5719,5.6369,
2129,75.4902,48.8875,-17.6071,4.6384,-3.2730,501,0.2050,1.0000,0.633892,-7.4060,5.0798,low_inlier
2130,75.5240,53.9922,-20.8054,5.1048,-3.1983,520,0.3346,1.0000,0.633892,-8.1439,4.9616,low_inlier
2131,75.5814,58.5163,-23.3751,4.5241,-2.5697,738,0.6108,1.0000,0.633892,-7.2131,3.9848,
2132,75.6150,65.3725,-25.7807,6.8562,-2.4055,718,0.3787,1.0000,0.633892,-10.9066,3.7196,low_inlier
2133,75.6486,74.6551,-27.1287,9.2826,-1.3480,311,0.0702,1.0000,0.633892,-14.7347,2.0625,low_inlier
2134,75.6822,83.9687,-27.3042,9.3136,-0.1755,410,0.1769,1.0000,0.633892,-14.7644,0.2360,low_inlier
2135,75.7159,93.3403,-26.9328,9.3715,0.3714,376,0.1819,1.0000,0.633892,-14.8470,-0.6162,low_inlier
2136,75.7499,103.3576,-27.3814,10.0174,-0.4485,275,0.0825,1.0000,0.633892,-15.8843,0.6584,low_inlier
2137,75.7833,103.4183,-26.6251,0.0607,0.7563,57,0.0025,1.0000,0.633892,-0.0837,-1.1783,low_inlier
2138,75.8171,106.1071,-26.8486,2.6888,-0.2235,735,0.0000,1.0000,0.633892,-4.2653,0.3373,low_inlier
2139,75.8508,105.9462,-20.9241,-0.1609,5.9246,306,0.2018,1.0000,0.633892,0.3535,-9.2283,low_inlier
2140,75.8851,115.2857,-23.1947,9.3395,-2.2707,310,0.0764,1.0000,0.633892,-14.8402,3.4995,low_inlier
2141,75.9191,123.1988,-24.8704,7.9131,-1.6756,432,0.2068,1.0000,0.633892,-12.5696,2.5784,low_inlier
2142,75.9533,130.8127,-27.8170,7.6140,-2.9467,333,0.2114,1.0000,0.633892,-12.1166,4.5595,low_inlier
2143,75.9872,138.1275,-29.3729,7.3147,-1.5559,443,0.1872,1.0000,0.633892,-11.6192,2.3942,low_inlier
2144,76.0213,146.0977,-28.7265,7.9702,0.6463,412,0.1377,1.0000,0.633892,-12.6215,-1.0389,low_inlier
2145,76.0554,153.4502,-26.4096,7.3525,2.3169,376,0.0928,1.0000,0.633892,-11.6147,-3.6388,low_inlier
2146,76.0898,161.1406,-24.3850,7.6904,2.0246,397,0.1487,1.0000,0.633892,-12.1552,-3.1848,low_inlier
2147,76.1242,170.0983,-21.6154,8.9576,2.7696,354,0.0895,1.0000,0.633892,-14.1512,-4.3505,low_inlier
2148,76.1583,178.4051,-18.7205,8.3069,2.8948,343,0.0501,1.0000,0.633892,-13.1177,-4.5428,low_inlier
2149,76.1921,187.9454,-18.2588,9.5402,0.4618,428,0.1588,1.0000,0.633892,-15.1129,-0.7577,low_inlier
2150,76.2267,198.2166,-18.9331,10.2713,-0.6743,316,0.0691,1.0000,0.633892,-16.2905,1.0090,low_inlier
2151,76.2611,202.0942,-16.9033,3.8776,2.0297,270,0.1401,1.0000,0.633892,-6.1120,-3.1774,low_inlier
2152,76.2958,202.2039,-14.2373,0.1096,2.6660,676,0.6875,1.0000,0.633892,-0.1295,-4.1534,
2153,76.3294,203.7759,-12.1073,1.5720,2.1300,704,0.8200,1.0000,0.633892,-2.4561,-3.3244,
2154,76.3632,204.4627,-9.6586,0.6868,2.4487,689,0.7462,1.0000,0.633892,-1.0478,-3.8173,
2155,76.3966,204.0311,-8.2542,-0.4316,1.4044,709,0.7963,1.0000,0.633892,0.7073,-2.1859,
2156,76.4298,204.2966,-8.3279,0.2655,-0.0736,719,0.8975,1.0000,0.633892,-0.4221,0.1137,
2157,76.4627,205.2061,-8.0560,0.9094,0.2718,780,0.8925,1.0000,0.633892,-1.4369,-0.4271,
2158,76.4959,205.2885,-6.4839,0.0824,1.5722,748,0.9163,1.0000,0.633892,-0.1045,-2.4494,
2159,76.5297,205.4716,-5.2260,0.1831,1.2579,732,0.9163,1.0000,0.633892,-0.2693,-1.9602,
2160,76.5633,204.5389,-4.6533,-0.9328,0.5727,746,0.8750,1.0000,0.633892,1.4879,-0.8884,
2161,76.6213,202.4780,-3.7111,-2.0609,0.9422,748,0.9187,1.0000,0.633892,3.2820,-1.4594,
2162,76.6549,202.1737,-1.6511,-0.3043,2.0600,619,0.6937,1.0000,0.633892,0.5165,-3.2077,
2163,76.6888,202.4778,-0.5901,0.3041,1.0610,669,0.5400,1.0000,0.633892,-0.4644,-1.6541,
2164,76.7228,201.4776,-0.4982,-1.0002,0.0919,699,0.9375,1.0000,0.633892,1.5868,-0.1391,
2165,76.7563,201.2502,-0.3889,-0.2274,0.1094,709,0.9475,1.0000,0.633892,0.3623,-0.1694,
2166,76.7900,201.1946,-0.0156,-0.0556,0.3732,777,0.9712,1.0000,0.633892,0.0943,-0.5812,
2167,76.8230,200.7624,1.0031,-0.4322,1.0187,751,0.9537,1.0000,0.633892,0.7019,-1.5852,
2168,76.8566,200.1130,0.6663,-0.6494,-0.3368,753,0.8413,1.0000,0.633892,1.0237,0.5273,
2169,76.8900,199.1704,-0.4618,-0.9426,-1.1281,642,0.8300,1.0000,0.633892,1.4752,1.7611,
2170,76.9239,198.2208,-0.9174,-0.9496,-0.4556,748,0.9437,1.0000,0.633892,1.4975,0.7135,
2171,76.9574,197.0056,-1.7540,-1.2151,-0.8366,635,0.7950,1.0000,0.633892,1.9120,1.3080,
2172,76.9910,196.0390,-2.6492,-0.9666,-0.8952,630,0.7887,1.0000,0.633892,1.5172,1.3984,
2173,77.0249,193.4566,-4.2835,-2.5824,-1.6343,615,0.4738,1.0000,0.633892,4.0658,2.5562,low_inlier
2174,77.0589,188.3131,-6.3248,-5.1435,-2.0413,553,0.1595,1.0000,0.633892,8.1181,3.2006,low_inlier
2175,77.0930,182.4677,-10.0755,-5.8454,-3.7507,347,0.0753,1.0000,0.633892,9.2022,5.8662,low_inlier
2176,77.1274,180.3698,-6.9632,-2.0980,3.1123,698,0.0000,1.0000,0.633892,3.3769,-4.8398,low_inlier
2177,77.1619,184.3371,-9.0063,3.9673,-2.0431,327,0.0293,1.0000,0.633892,-6.3219,3.1667,low_inlier
2178,77.1962,180.5049,-10.7873,-3.8321,-1.7810,322,0.0000,1.0000,0.633892,6.0441,2.7898,low_inlier
2179,77.2316,167.8308,-15.5088,-12.6742,-4.7215,202,0.0271,1.0000,0.633892,20.0092,7.4060,low_inlier
2180,77.2671,165.4849,-17.3130,-2.3459,-1.8042,316,0.0000,1.0000,0.633892,3.6881,2.8199,low_inlier
2181,77.3013,157.1794,-18.8392,-8.3055,-1.5262,718,0.0000,1.0000,0.633892,13.1382,2.4109,low_inlier
2182,77.3357,146.4978,-20.5066,-10.6816,-1.6674,344,0.0438,1.0000,0.633892,16.9019,2.6404,low_inlier
2183,77.3697,137.7195,-21.9782,-8.7784,-1.4716,404,0.0864,1.0000,0.633892,13.8886,2.3278,low_inlier
2184,77.4039,129.5363,-22.3184,-8.1832,-0.3402,433,0.1003,1.0000,0.633892,12.9641,0.5629,low_inlier
2185,77.4378,119.7105,-21.5191,-9.8257,0.7993,394,0.0672,1.0000,0.633892,15.5864,-1.2056,low_inlier
2186,77.4715,111.5410,-21.4563,-8.1696,0.0628,410,0.1004,1.0000,0.633892,12.9492,-0.0650,low_inlier
2187,77.5057,105.2843,-22.4751,-6.2567,-1.0188,503,0.1811,1.0000,0.633892,9.8995,1.6122,low_inlier
2188,77.5396,97.9576,-20.0220,-7.3267,2.4530,490,0.2951,1.0000,0.633892,11.6531,-3.7917,low_inlier
2189,77.5737,90.7723,-15.3308,-7.1853,4.6912,474,0.3423,1.0000,0.633892,11.4662,-7.2788,low_inlier
2190,77.6080,87.0708,-12.4326,-3.7014,2.8982,493,0.4890,1.0000,0.633892,5.9147,-4.4998,low_inlier
2191,77.6657,84.2653,-10.1100,-2.8055,2.3225,744,0.9111,1.0000,0.633892,4.4852,-3.6067,
2192,77.6992,80.9598,-5.8922,-3.3056,4.2179,743,0.8736,1.0000,0.633892,5.3092,-6.5571,
2193,77.7327,77.6520,-1.7117,-3.3077,4.1805,766,0.7384,1.0000,0.633892,5.3120,-6.4989,
2194,77.7673,74.4801,0.8495,-3.1719,2.5611,692,0.8187,1.0000,0.633892,5.0698,-3.9768,
2195,77.8011,71.0509,3.6008,-3.4293,2.7514,696,0.7963,1.0000,0.633892,5.4809,-4.2721,
2196,77.8348,65.9245,8.2513,-5.1263,4.6505,681,0.5970,1.0000,0.633892,8.2022,-7.2236,
2197,77.8689,60.2479,12.6279,-5.6766,4.3766,474,0.4062,1.0000,0.633892,9.0697,-6.7948,low_inlier
2198,77.9031,55.9734,15.4908,-4.2745,2.8629,671,0.5988,1.0000,0.633892,6.8224,-4.4425,
2199,77.9370,51.0909,18.6604,-4.8826,3.1697,681,0.4612,1.0000,0.633892,7.7913,-4.9179,low_inlier
2200,77.9709,45.3563,22.2882,-5.7345,3.6277,667,0.3287,1.0000,0.633892,9.1492,-5.6280,low_inlier
2201,78.0047,40.7002,25.1480,-4.6561,2.8599,571,0.6368,1.0000,0.633892,7.4271,-4.4362,
2202,78.0384,36.7465,27.6852,-3.9537,2.5372,699,0.8438,1.0000,0.633892,6.3085,-3.9364,
2203,78.0721,30.9106,30.9594,-5.8360,3.2741,692,0.5600,1.0000,0.633892,9.3040,-5.0768,
2204,78.1059,25.4008,33.8278,-5.5097,2.8684,706,0.7015,1.0000,0.633892,8.7802,-4.4461,
2205,78.1397,21.1626,36.3035,-4.2382,2.4757,695,0.7121,1.0000,0.633892,6.7585,-3.8395,
2206,78.1731,17.2795,39.0631,-3.8830,2.7596,696,0.6290,1.0000,0.633892,6.2002,-4.2831,
2207,78.2066,13.3997,42.6935,-3.8798,3.6304,717,0.6126,1.0000,0.633892,6.2096,-5.6397,
2208,78.2403,10.1060,44.5689,-3.2937,1.8753,583,0.4033,1.0000,0.633892,5.2515,-2.9081,low_inlier
2209,78.2743,8.6471,45.1438,-1.4589,0.5749,721,0.8938,1.0000,0.633892,2.3218,-0.8897,
2210,78.3077,8.4065,47.2948,-0.2406,2.1510,709,0.7695,1.0000,0.633892,0.4171,-3.3498,
2211,78.3412,9.2236,48.2662,0.8171,0.9714,734,0.8738,1.0000,0.633892,-1.2789,-1.5164,
2212,78.3743,10.2912,47.9327,1.0675,-0.3335,709,0.8512,1.0000,0.633892,-1.6975,0.5152,
2213,78.4076,11.4548,48.0212,1.1636,0.0885,741,0.9350,1.0000,0.633892,-1.8427,-0.1425,
2214,78.4407,13.2634,49.0466,1.8087,1.0254,733,0.9275,1.0000,0.633892,-2.8495,-1.6047,
2215,78.4741,15.5125,49.3506,2.2491,0.3040,726,0.9150,1.0000,0.633892,-3.5597,-0.4826,
2216,78.5074,17.1666,48.3851,1.6540,-0.9655,740,0.8762,1.0000,0.633892,-2.6376,1.4974,
2217,78.5405,16.5539,46.9848,-0.6126,-1.4003,750,0.8962,1.0000,0.633892,0.9477,2.1838,
2218,78.5737,14.7312,44.8333,-1.8228,-2.1515,706,0.8810,1.0000,0.633892,2.8532,3.3588,
2219,78.6070,13.2018,41.4069,-1.5294,-3.4264,715,0.8720,1.0000,0.633892,2.3670,5.3437,
2220,78.6402,11.6050,39.3057,-1.5968,-2.1012,712,0.8900,1.0000,0.633892,2.4959,3.2796,
2221,78.6971,10.3518,36.2805,-1.2532,-3.0251,725,0.9061,1.0000,0.633892,1.9360,4.7175,
2222,78.7308,8.8725,32.3719,-1.4793,-3.9086,741,0.7788,1.0000,0.633892,2.2795,6.0946,
2223,78.7651,7.5442,29.1923,-1.3283,-3.1796,720,0.7987,1.0000,0.633892,2.0525,4.9584,
2224,78.7998,6.5627,26.6455,-0.9814,-2.5467,713,0.8300,1.0000,0.633892,1.5132,3.9712,
2225,78.8402,5.6864,24.0013,-0.8763,-2.6442,709,0.6521,1.0000,0.633892,1.3450,4.1226,
2226,78.8737,3.1054,20.7086,-2.5810,-3.2927,709,0.3792,1.0000,0.633892,4.0360,5.1396,low_inlier
2227,78.9075,0.8217,18.9190,-2.2837,-1.7896,698,0.7456,1.0000,0.633892,3.5897,2.7970,
2228,78.9413,-1.6754,17.9682,-2.4971,-0.9508,718,0.8337,1.0000,0.633892,3.9419,1.4912,
2229,78.9746,-5.8984,18.3918,-4.2230,0.4236,696,0.6750,1.0000,0.633892,6.7002,-0.6428,
2230,79.0088,-11.6805,19.7768,-5.7822,1.3850,697,0.6750,1.0000,0.633892,9.1874,-2.1343,
2231,79.0430,-17.9283,20.5670,-6.2477,0.7902,668,0.4264,1.0000,0.633892,9.9154,-1.2057,low_inlier
2232,79.0770,-22.4019,20.0203,-4.4736,-0.5467,707,0.6763,1.0000,0.633892,7.0813,0.8696,
2233,79.1105,-26.9302,21.0476,-4.5284,1.0273,713,0.8200,1.0000,0.633892,7.1942,-1.5820,
2234,79.1441,-31.2518,22.2172,-4.3216,1.1696,691,0.6281,1.0000,0.633892,6.8688,-1.8046,
2235,79.1779,-31.2699,19.8038,-0.0181,-2.4133,715,0.9187,1.0000,0.633892,-0.0114,3.7595,
2236,79.2111,-31.3710,17.9660,-0.1011,-1.8378,698,0.8438,1.0000,0.633892,0.1296,2.8633,
2237,79.2435,-30.5898,16.5695,0.7812,-1.3965,692,0.7262,1.0000,0.633892,-1.2614,2.1722,
2238,79.2770,-29.0165,13.4268,1.5732,-3.1427,729,0.9100,1.0000,0.633892,-2.5457,4.8892,
2239,79.3105,-27.8558,10.2958,1.1607,-3.1311,707,0.8462,1.0000,0.633892,-1.8917,4.8728,
2240,79.3442,-24.1812,5.3489,3.6746,-4.9469,596,0.3764,1.0000,0.633892,-5.9063,7.6912,low_inlier
2241,79.3781,-20.8138,1.3505,3.3674,-3.9984,609,0.4579,1.0000,0.633892,-5.4036,6.2150,low_inlier
2242,79.4121,-18.1930,-2.5460,2.6208,-3.8964,675,0.7987,1.0000,0.633892,-4.2186,6.0591,
2243,79.4463,-15.4533,-7.3433,2.7396,-4.7974,778,0.0288,1.0000,0.633892,-4.4219,7.4621,low_inlier
2244,79.4823,-19.7454,-3.5720,-4.2920,3.7713,407,0.4593,1.0000,0.633892,6.8653,-5.8575,low_inlier
2245,79.5161,-16.3538,-10.7097,3.3915,-7.1377,449,0.3140,1.0000,0.633892,-5.4940,11.1051,low_inlier
2246,79.5496,-11.7422,-15.7103,4.6116,-5.0006,577,0.4994,1.0000,0.633892,-7.3922,7.7712,low_inlier
2247,79.5839,-6.5934,-21.3941,5.1488,-5.6838,448,0.3489,1.0000,0.633892,-8.2550,8.8332,low_inlier
2248,79.6183,-2.9777,-26.5155,3.6158,-5.1214,629,0.4887,1.0000,0.633892,-5.8159,7.9633,low_inlier
2249,79.6522,0.7049,-31.5453,3.6826,-5.0297,594,0.5148,1.0000,0.633892,-5.9203,7.8203,
2250,79.6859,4.0354,-36.6514,3.3305,-5.1062,615,0.5391,1.0000,0.633892,-5.3635,7.9407,
2251,79.7432,6.1422,-40.9707,2.1067,-4.3193,690,0.8512,1.0000,0.633892,-3.4108,6.7199,
2252,79.7768,7.0919,-45.1483,0.9497,-4.1776,703,0.8946,1.0000,0.633892,-1.5746,6.5039,
2253,79.8102,7.5774,-49.9437,0.4855,-4.7953,756,0.9213,1.0000,0.633892,-0.8492,7.4680,
2254,79.8440,8.8464,-55.0152,1.2690,-5.0716,713,0.8738,1.0000,0.633892,-2.0956,7.8952,
2255,79.8779,10.3242,-58.5693,1.4779,-3.5541,678,0.7977,1.0000,0.633892,-2.4014,5.5305,
2256,79.9115,13.4467,-62.7200,3.1224,-4.1506,602,0.3580,1.0000,0.633892,-5.0179,6.4530,low_inlier
2257,79.9469,10.3540,-58.5142,-3.0927,4.2058,397,0.2182,1.0000,0.633892,4.9716,-6.5391,low_inlier
2258,79.9829,15.5574,-59.6425,5.2034,-1.1283,770,0.0457,1.0000,0.633892,-8.2657,1.7367,low_inlier
2259,80.0169,22.1268,-62.4579,6.5694,-2.8154,470,0.1176,1.0000,0.633892,-10.4589,4.3593,low_inlier
2260,80.0510,28.5324,-64.5121,6.4056,-2.0542,407,0.0754,1.0000,0.633892,-10.1865,3.1741,low_inlier
2261,80.0850,35.9018,-66.1524,7.3694,-1.6403,501,0.1556,1.0000,0.633892,-11.7073,2.5255,low_inlier
2262,80.1191,42.3823,-66.8638,6.4804,-0.7115,566,0.4931,1.0000,0.633892,-10.2829,1.0822,low_inlier
2263,80.1530,47.9340,-69.3065,5.5518,-2.4427,553,0.3769,1.0000,0.633892,-8.8398,3.7828,low_inlier
2264,80.1871,54.9502,-72.5603,7.0161,-3.2538,326,0.1353,1.0000,0.633892,-11.1742,5.0404,low_inlier
2265,80.2215,63.4209,-72.8057,8.4708,-0.2454,340,0.0922,1.0000,0.633892,-13.4297,0.3481,low_inlier
2266,80.2560,70.6298,-70.7853,7.2089,2.0204,367,0.1501,1.0000,0.633892,-11.3920,-3.1764,low_inlier
2267,80.2902,76.4309,-70.1191,5.8011,0.6662,517,0.1523,1.0000,0.633892,-9.1833,-1.0611,low_inlier
2268,80.3242,80.6403,-70.1316,4.2094,-0.0124,506,0.2288,1.0000,0.633892,-6.6718,0.0024,low_inlier
2269,80.3584,82.0981,-69.7311,1.4578,0.4004,681,0.8173,1.0000,0.633892,-2.3038,-0.6297,
2270,80.3921,81.6142,-70.3662,-0.4839,-0.6351,789,0.8800,1.0000,0.633892,0.7563,0.9913,
2271,80.4254,80.1113,-72.4372,-1.5030,-2.0710,769,0.8736,1.0000,0.633892,2.3477,3.2322,
2272,80.4586,80.3182,-75.9094,0.2069,-3.4722,664,0.8013,1.0000,0.633892,-0.3857,5.4080,
2273,80.4920,84.6359,-79.2721,4.3176,-3.3627,374,0.4518,1.0000,0.633892,-6.8991,5.2208,low_inlier
2274,80.5268,89.2092,-82.7985,4.5733,-3.5264,493,0.5895,1.0000,0.633892,-7.3070,5.4749,
2275,80.5609,92.4433,-85.8439,3.2341,-3.0454,515,0.1719,1.0000,0.633892,-5.1765,4.7309,low_inlier
2276,80.5952,96.9277,-89.2247,4.4844,-3.3809,406,0.0882,1.0000,0.633892,-7.1636,5.2485,low_inlier
2277,80.6295,102.8670,-91.7465,5.9393,-2.5218,477,0.0913,1.0000,0.633892,-9.4553,3.9044,low_inlier
2278,80.6639,107.3848,-91.8832,4.5178,-0.1367,363,0.0477,1.0000,0.633892,-7.1627,0.1947,low_inlier
2279,80.6984,114.0089,-92.4998,6.6241,-0.6166,420,0.0820,1.0000,0.633892,-10.5090,0.9338,low_inlier
2280,80.7327,118.7655,-91.7875,4.7566,0.7123,525,0.1681,1.0000,0.633892,-7.5270,-1.1288,low_inlier
2281,80.7920,123.9348,-90.1948,5.1693,1.5926,729,0.8434,1.0000,0.633892,-8.1665,-2.5018,
2282,80.8260,128.1083,-89.4156,4.1735,0.7792,738,0.9249,1.0000,0.633892,-6.6017,-1.2306,
2283,80.8603,130.4424,-87.6565,2.3341,1.7591,727,0.9087,1.0000,0.633892,-3.6702,-2.7497,
2284,80.8960,132.0652,-85.1251,1.6229,2.5314,720,0.8812,1.0000,0.633892,-2.5301,-3.9498,
2285,80.9302,134.2816,-81.8090,2.2163,3.3161,722,0.8612,1.0000,0.633892,-3.4576,-5.1745,
2286,80.9643,136.2588,-77.1330,1.9772,4.6761,694,0.8638,1.0000,0.633892,-3.0560,-7.2921,
2287,80.9983,137.9721,-72.7270,1.7133,4.4060,712,0.8988,1.0000,0.633892,-2.6422,-6.8703,
2288,81.0321,139.3005,-68.7296,1.3285,3.9974,693,0.8113,1.0000,0.633892,-2.0391,-6.2323,
2289,81.0768,142.4976,-65.0960,3.1971,3.6336,712,0.8738,1.0000,0.633892,-5.0067,-5.6731,
2290,81.1114,145.2752,-62.0122,2.7776,3.0837,680,0.8413,1.0000,0.633892,-4.3510,-4.8149,
2291,81.1453,147.7928,-57.1879,2.5176,4.8244,693,0.7613,1.0000,0.633892,-3.9100,-7.5253,
2292,81.1790,150.6220,-51.8565,2.8292,5.3314,589,0.4113,1.0000,0.633892,-4.3954,-8.3164,low_inlier
2293,81.2132,146.2730,-54.6134,-4.3490,-2.7570,389,0.3250,1.0000,0.633892,6.8471,4.3122,low_inlier
2294,81.2477,149.5109,-47.0009,3.2380,7.6126,340,0.1186,1.0000,0.633892,-5.0054,-11.8716,low_inlier
2295,81.2821,152.0527,-42.7494,2.5418,4.2514,624,0.5119,1.0000,0.633892,-3.9579,-6.6329,
2296,81.3170,152.8287,-41.5276,0.7760,1.2218,730,0.9113,1.0000,0.633892,-1.2095,-1.9065,
2297,81.3510,153.0991,-40.0870,0.2704,1.4406,739,0.8850,1.0000,0.633892,-0.4045,-2.2452,
2298,81.3847,153.4951,-37.9103,0.3960,2.1767,720,0.8375,1.0000,0.633892,-0.5915,-3.3924,
2299,81.4194,153.1370,-36.3809,-0.3581,1.5293,721,0.8825,1.0000,0.633892,0.5930,-2.3809,
2300,81.4542,153.9452,-33.1156,0.8082,3.2654,540,0.4150,1.0000,0.633892,-1.2266,-5.0899,low_inlier
2301,81.4889,156.4484,-26.3872,2.5032,6.7284,545,0.2456,1.0000,0.633892,-3.8555,-10.4913,low_inlier
2302,81.5235,156.7184,-21.2819,0.2701,5.1052,588,0.3718,1.0000,0.633892,-0.3432,-7.9538,low_inlier
2303,81.5581,156.8142,-19.2253,0.0957,2.0566,733,0.8875,1.0000,0.633892,-0.1176,-3.2041,
2304,81.5921,157.0966,-14.8110,0.2824,4.4143,528,0.5112,1.0000,0.633892,-0.3742,-6.8776,
2305,81.6263,157.1289,-9.9581,0.0323,4.8529,710,0.4113,1.0000,0.633892,0.0295,-7.5597,low_inlier
2306,81.6609,156.6066,-7.1567,-0.5223,2.8014,699,0.5985,1.0000,0.633892,0.8743,-4.3618,
2307,81.6952,156.6384,-5.1668,0.0318,1.9899,765,0.9575,1.0000,0.633892,-0.0173,-3.0999,
2308,81.7290,156.3059,-3.0399,-0.3324,2.1269,740,0.9413,1.0000,0.633892,0.5623,-3.3118,
2309,81.7625,155.5578,-1.3724,-0.7482,1.6675,729,0.9275,1.0000,0.633892,1.2135,-2.5946,
2310,81.7956,154.8061,-0.0070,-0.7516,1.3654,737,0.9337,1.0000,0.633892,1.2140,-2.1239,
2311,81.8532,153.7167,1.5280,-1.0895,1.5351,672,0.9025,1.0000,0.633892,1.7522,-2.3869,
2312,81.8872,152.8115,3.1475,-0.9051,1.6194,685,0.9275,1.0000,0.633892,1.4615,-2.5190,
2313,81.9210,151.3867,4.7807,-1.4248,1.6332,657,0.8692,1.0000,0.633892,2.2854,-2.5384,
2314,81.9548,150.4483,5.4949,-0.9385,0.7143,745,0.9350,1.0000,0.633892,1.4993,-1.1089,
2315,81.9884,149.5917,5.4572,-0.8565,-0.0378,642,0.8025,1.0000,0.633892,1.3569,0.0623,
2316,82.0222,149.1280,5.9866,-0.4638,0.5295,648,0.8125,1.0000,0.633892,0.7438,-0.8229,
2317,82.0560,148.9650,5.9142,-0.1629,-0.0724,654,0.8125,1.0000,0.633892,0.2570,0.1135,
2318,82.0896,148.2696,5.7174,-0.6954,-0.1969,642,0.7750,1.0000,0.633892,1.0990,0.3094,
2319,82.1241,147.4696,5.8807,-0.8000,0.1634,644,0.8083,1.0000,0.633892,1.2707,-0.2513,
2320,82.1597,147.3500,4.6289,-0.1196,-1.2518,647,0.7963,1.0000,0.633892,0.1687,1.9505,
2321,82.1940,146.9213,3.4550,-0.4287,-1.1739,646,0.7963,1.0000,0.633892,0.6600,1.8304,
2322,82.2277,145.9255,2.6148,-0.9958,-0.8402,639,0.7622,1.0000,0.633892,1.5643,1.3129,
2323,82.2614,144.7994,1.8401,-1.1261,-0.7746,632,0.6528,1.0000,0.633892,1.7719,1.2112,
2324,82.2951,144.0508,0.4772,-0.7486,-1.3629,632,0.6333,1.0000,0.633892,1.1638,2.1261,
2325,82.3289,143.0727,-1.0034,-0.9781,-1.4806,635,0.6571,1.0000,0.633892,1.5256,2.3104,
2326,82.3628,142.0387,-1.1693,-1.0340,-0.1659,648,0.8160,1.0000,0.633892,1.6360,0.2626,
2327,82.3963,141.7219,-1.6252,-0.3169,-0.4559,652,0.8225,1.0000,0.633892,0.4946,0.7114,
2328,82.4299,140.9497,-2.7000,-0.7722,-1.0748,645,0.7372,1.0000,0.633892,1.2060,1.6774,
2329,82.4639,140.4441,-4.2637,-0.5056,-1.5637,639,0.7262,1.0000,0.633892,0.7753,2.4379,
2330,82.4979,142.6018,-5.8739,2.1577,-1.6103,635,0.7462,1.0000,0.633892,-3.4466,2.4997,
2331,82.5320,143.6435,-5.1653,1.0417,0.7086,721,0.8862,1.0000,0.633892,-1.6392,-1.1081,
2332,82.5659,142.9059,-4.6130,-0.7376,0.5523,736,0.8888,1.0000,0.633892,1.1783,-0.8573,
2333,82.5996,142.6529,-5.8924,-0.2529,-1.2793,731,0.9275,1.0000,0.633892,0.3796,1.9939,
2334,82.6329,141.7802,-6.0583,-0.8727,-0.1660,725,0.9100,1.0000,0.633892,1.3804,0.2620,
2335,82.6664,140.7679,-6.2327,-1.0124,-0.1744,718,0.9000,1.0000,0.633892,1.6017,0.2757,
2336,82.7000,139.4971,-7.1962,-1.2707,-0.9635,646,0.8154,1.0000,0.633892,1.9980,1.5061,
2337,82.7336,138.5271,-7.8925,-0.9700,-0.6963,639,0.7920,1.0000,0.633892,1.5258,1.0885,
2338,82.7672,137.3406,-9.0177,-1.1865,-1.1253,639,0.4501,1.0000,0.633892,1.8618,1.7577,low_inlier
2339,82.8011,136.0992,-9.1371,-1.2415,-0.1194,636,0.6328,1.0000,0.633892,1.9657,0.1910,
2340,82.8351,134.9865,-8.5406,-1.1126,0.5965,630,0.6642,1.0000,0.633892,1.7734,-0.9248,
2341,82.8927,133.5205,-8.3356,-1.4660,0.2049,625,0.3287,1.0000,0.633892,2.3270,-0.3134,low_inlier
2342,82.9269,131.1350,-8.5446,-2.3856,-0.2090,623,0.2261,1.0000,0.633892,3.7775,0.3351,low_inlier
2343,82.9610,129.4909,-8.6805,-1.6440,-0.1359,619,0.3076,1.0000,0.633892,2.6034,0.2183,low_inlier
2344,82.9951,127.5842,-7.7595,-1.9067,0.9209,639,0.3127,1.0000,0.633892,3.0374,-1.4269,low_inlier
2345,83.0290,125.9824,-4.3870,-1.6018,3.3726,568,0.2458,1.0000,0.633892,2.5948,-5.2472,low_inlier
2346,83.0633,123.6496,-0.9245,-2.3328,3.4624,629,0.2229,1.0000,0.633892,3.7548,-5.3842,low_inlier
2347,83.0980,121.5866,-0.5972,-2.0630,0.3274,503,0.1307,1.0000,0.633892,3.2752,-0.5016,low_inlier
2348,83.1322,116.9357,-2.4367,-4.6509,-1.8395,588,0.1380,1.0000,0.633892,7.3409,2.8843,low_inlier
2349,83.1669,112.5808,-5.8518,-4.3549,-3.4151,609,0.2149,1.0000,0.633892,6.8455,5.3374,low_inlier
2350,84.4789,113.9599,-4.8373,1.3791,1.0145,200,0.0091,1.0000,0.284157,-4.4331,0.4980,low_inlier
2351,84.5150,113.9211,-5.4812,-0.0388,-0.6440,756,0.9537,1.0000,0.284157,0.1188,0.9818,
2352,84.5548,113.9225,-5.7287,0.0014,-0.2475,743,0.9463,1.0000,0.284157,-0.0068,0.4026,
2353,84.5905,113.8494,-7.1346,-0.0730,-1.4059,693,0.8700,1.0000,0.284157,0.2219,2.1615,
2354,84.6253,114.0342,-8.2148,0.1848,-1.0801,700,0.8750,1.0000,0.284157,-0.6055,2.0343,
2355,84.6590,114.2859,-8.2776,0.2517,-0.0628,712,0.9038,1.0000,0.284157,-0.8113,0.4920,
2356,84.6924,114.3709,-8.5553,0.0851,-0.2778,731,0.9287,1.0000,0.284157,-0.2767,0.5814,
2357,84.7259,114.4466,-9.5111,0.0757,-0.9558,692,0.8788,1.0000,0.284157,-0.2529,1.6640,
2358,84.7595,114.6130,-10.4464,0.1664,-0.9352,676,0.8512,1.0000,0.284157,-0.5451,1.7715,
2359,84.7933,114.7185,-11.2396,0.1055,-0.7933,696,0.8550,1.0000,0.284157,-0.3474,1.4472,
2360,84.8269,114.4948,-12.8731,-0.2237,-1.6334,688,0.8662,1.0000,0.284157,0.7051,2.2959,
2361,84.8604,114.0547,-14.7154,-0.4401,-1.8423,696,0.8775,1.0000,0.284157,1.4001,2.2983,
2362,84.8940,113.5806,-16.8349,-0.4742,-2.1195,674,0.8525,1.0000,0.284157,1.5074,2.6938,
2363,84.9279,113.0698,-18.7112,-0.5107,-1.8764,691,0.8600,1.0000,0.284157,1.6274,2.2437,
2364,84.9617,112.5386,-20.3664,-0.5313,-1.6551,694,0.8712,1.0000,0.284157,1.6957,1.8539,
2365,84.9960,111.9695,-22.6689,-0.5691,-2.3025,694,0.8688,1.0000,0.284157,1.8115,2.8426,
2366,85.0305,111.3952,-24.6380,-0.5743,-1.9691,700,0.8700,1.0000,0.284157,1.8313,2.2952,
2367,85.0660,111.2688,-25.2739,-0.1264,-0.6358,733,0.9213,1.0000,0.284157,0.4011,0.8328,
2368,85.0996,111.4513,-24.8170,0.1825,0.4568,729,0.9363,1.0000,0.284157,-0.5837,-0.4560,
2369,85.1330,111.5886,-24.6732,0.1373,0.1438,739,0.9450,1.0000,0.284157,-0.4409,-0.0197,
2370,85.1665,111.5818,-25.3239,-0.0067,-0.6507,734,0.9363,1.0000,0.284157,0.0155,1.0424,
2371,85.2278,111.7020,-24.9920,0.1202,0.3319,799,0.9988,1.0000,0.284157,-0.3840,-0.3506,
2372,85.2609,111.7384,-25.2201,0.0364,-0.2281,787,0.9975,1.0000,0.284157,-0.1193,0.4256,
2373,85.2943,111.7464,-25.6294,0.0080,-0.4093,796,0.9975,1.0000,0.284157,-0.0296,0.6747,
2374,85.3289,111.7658,-25.3875,0.0195,0.2420,799,0.9988,1.0000,0.284157,-0.0604,-0.3613,
2375,85.3609,111.9021,-25.0701,0.1363,0.3173,799,1.0000,1.0000,0.284157,-0.4360,-0.3020,
2376,85.3943,111.8828,-24.8781,-0.0193,0.1920,799,1.0000,1.0000,0.284157,0.0640,-0.3406,
2377,85.4283,111.8599,-24.8844,-0.0230,-0.0062,799,0.9988,1.0000,0.284157,0.0739,-0.0255,
2378,85.4610,111.7891,-25.2458,-0.0708,-0.3614,798,0.9988,1.0000,0.284157,0.2246,0.4750,
2379,85.4947,111.8077,-25.2895,0.0186,-0.0436,799,1.0000,1.0000,0.284157,-0.0604,0.0995,
2380,85.5276,111.8131,-25.1302,0.0054,0.1593,799,1.0000,1.0000,0.284157,-0.0159,-0.2494,
2381,85.5602,111.8241,-25.6035,0.0110,-0.4733,799,1.0000,1.0000,0.284157,-0.0401,0.7830,
2382,85.5932,111.7799,-26.1300,-0.0442,-0.5265,799,1.0000,1.0000,0.284157,0.1375,0.7832,
2383,85.6264,111.6399,-26.4829,-0.1400,-0.3530,798,0.9988,1.0000,0.284157,0.4476,0.3539,
2384,85.6598,111.5348,-27.6623,-0.1051,-1.1794,781,0.9888,1.0000,0.284157,0.3273,1.7453,
2385,85.6933,111.4769,-28.2518,-0.0579,-0.5895,797,0.9962,1.0000,0.284157,0.1810,0.8640,
2386,85.7266,111.4379,-28.5199,-0.0390,-0.2681,799,1.0000,1.0000,0.284157,0.1231,0.3733,
2387,85.7599,111.3984,-29.0159,-0.0395,-0.4960,799,0.9988,1.0000,0.284157,0.1224,0.7414,
2388,85.8072,111.4547,-28.6020,0.0563,0.4139,792,0.9975,1.0000,0.284157,-0.1774,-0.5824,
2389,85.8424,111.4160,-28.8094,-0.0387,-0.2074,800,1.0000,1.0000,0.284157,0.1228,0.2755,
2390,85.8755,111.3191,-29.3439,-0.0969,-0.5345,798,1.0000,1.0000,0.284157,0.3072,0.7145,
2391,85.9088,111.2611,-29.4241,-0.0580,-0.0802,798,1.0000,1.0000,0.284157,0.1861,0.0398,
2392,85.9419,111.2781,-28.9940,0.0170,0.4301,798,0.9988,1.0000,0.284157,-0.0508,-0.6696,
2393,85.9750,111.3829,-28.8384,0.1048,0.1556,800,1.0000,1.0000,0.284157,-0.3362,-0.0891,
2394,86.0079,111.3672,-29.0882,-0.0157,-0.2498,800,1.0000,1.0000,0.284157,0.0481,0.3799,
2395,86.0406,111.3356,-29.4729,-0.0317,-0.3847,797,1.0000,1.0000,0.284157,0.0984,0.5732,
2396,86.0737,111.3977,-29.4563,0.0621,0.0166,800,1.0000,1.0000,0.284157,-0.2000,0.0695,
2397,86.1064,111.4421,-29.1822,0.0444,0.2741,797,1.0000,1.0000,0.284157,-0.1404,-0.3746,
2398,86.1394,111.3758,-29.3728,-0.0663,-0.1906,798,1.0000,1.0000,0.284157,0.2117,0.2056,
2399,86.1722,111.3912,-29.4211,0.0154,-0.0482,800,1.0000,1.0000,0.284157,-0.0502,0.1020,
2400,86.2049,111.4756,-29.1972,0.0844,0.2239,798,1.0000,1.0000,0.284157,-0.2697,-0.2313,
2401,86.2621,111.4264,-29.3717,-0.0492,-0.1745,799,1.0000,1.0000,0.284157,0.1569,0.2061,
2402,86.3029,111.3066,-29.7734,-0.1198,-0.4017,789,0.9962,1.0000,0.284157,0.3820,0.4641,
2403,86.3398,111.2558,-29.9869,-0.0508,-0.2134,798,1.0000,1.0000,0.284157,0.1617,0.2665,
2404,86.3729,111.0290,-30.2647,-0.2268,-0.2778,794,1.0000,1.0000,0.284157,0.7281,0.0977,
2405,86.4061,110.6301,-30.5199,-0.3989,-0.2552,783,0.9875,1.0000,0.284157,1.2827,-0.2059,
2406,86.4396,110.1350,-30.9527,-0.4951,-0.4328,780,0.9775,1.0000,0.284157,1.5908,-0.0678,
2407,86.4732,109.4931,-30.6194,-0.6418,0.3333,718,0.8525,1.0000,0.284157,2.0709,-1.5351,
2408,86.5068,107.9145,-28.4084,-1.5786,2.2110,602,0.2035,1.0000,0.284157,5.1066,-6.0266,low_inlier
2409,86.5408,106.7100,-27.5759,-1.2046,0.8325,700,0.2657,1.0000,0.284157,3.8885,-3.2159,low_inlier
2410,86.5749,106.1527,-28.1089,-0.5572,-0.5331,766,0.7807,1.0000,0.284157,1.7901,-0.0020,
2411,86.6082,105.5900,-28.7010,-0.5627,-0.5921,740,0.9350,1.0000,0.284157,1.8071,0.0850,
2412,86.6415,104.8340,-29.4209,-0.7561,-0.7199,744,0.8750,1.0000,0.284157,2.4288,-0.0081,
2413,86.6750,103.8158,-30.3462,-1.0182,-0.9253,700,0.7662,1.0000,0.284157,3.2712,-0.0824,
2414,86.7084,102.4415,-30.7299,-1.3743,-0.3837,690,0.2275,1.0000,0.284157,4.4235,-1.5111,low_inlier
2415,86.7420,101.1282,-32.5598,-1.3133,-1.8299,661,0.2437,1.0000,0.284157,4.2134,0.9234,low_inlier
2416,86.7757,99.1744,-35.1371,-1.9538,-2.5773,539,0.2005,1.0000,0.284157,6.2696,1.1392,low_inlier
2417,86.8094,96.4344,-37.5039,-2.7400,-2.3668,392,0.0415,1.0000,0.284157,8.8045,-0.4213,low_inlier
2418,86.8435,93.8835,-38.1732,-2.5509,-0.6693,305,0.0290,1.0000,0.284157,8.2113,-2.8745,low_inlier
2419,86.8777,91.2124,-38.1699,-2.6711,0.0033,305,0.0238,1.0000,0.284157,8.6052,-4.1494,low_inlier
2420,86.9118,89.1051,-39.8201,-2.1072,-1.6502,451,0.0789,1.0000,0.284157,6.7728,-0.5990,low_inlier
2421,86.9458,86.1488,-39.8838,-2.9563,-0.0637,524,0.0804,1.0000,0.284157,9.5233,-4.4834,low_inlier
2422,86.9804,83.9838,-37.5873,-2.1650,2.2965,384,0.1158,1.0000,0.284157,6.9965,-7.0747,low_inlier
2423,87.0151,82.0218,-34.9803,-1.9620,2.6069,574,0.3287,1.0000,0.284157,6.3454,-7.2620,low_inlier
2424,87.0497,79.5020,-34.0401,-2.5199,0.9403,629,0.2078,1.0000,0.284157,8.1267,-5.4307,low_inlier
2425,87.0925,76.9660,-34.6696,-2.5360,-0.6295,645,0.3038,1.0000,0.284157,8.1636,-2.9157,low_inlier
2426,87.1264,74.7695,-33.4147,-2.1965,1.2548,602,0.1692,1.0000,0.284157,7.0880,-5.4380,low_inlier
2427,87.1604,73.1396,-33.2743,-1.6299,0.1405,517,0.2686,1.0000,0.284157,5.2521,-2.7559,low_inlier
2428,87.1945,72.0970,-34.7461,-1.0427,-1.4719,765,0.8888,1.0000,0.284157,3.3450,0.7639,
2429,87.2281,71.7131,-35.8986,-0.3838,-1.1525,768,0.9600,1.0000,0.284157,1.2255,1.2693,
2430,87.2615,71.6597,-34.9757,-0.0534,0.9229,775,0.9775,1.0000,0.284157,0.1809,-1.5761,
2431,87.3184,71.8387,-32.2240,0.1790,2.7517,711,0.8174,1.0000,0.284157,-0.5504,-4.1747,
2432,87.3519,72.2451,-32.4391,0.4064,-0.2151,704,0.7847,1.0000,0.284157,-1.3112,0.9784,
2433,87.3843,72.5835,-32.3896,0.3384,0.0495,779,0.8110,1.0000,0.284157,-1.0897,0.4448,
2434,87.4180,72.6569,-31.3775,0.0734,1.0121,791,0.9925,1.0000,0.284157,-0.2267,-1.5238,
2435,87.4512,72.8258,-30.7825,0.1689,0.5950,716,0.9024,1.0000,0.284157,-0.5385,-0.7007,
2436,87.4845,73.0866,-30.8359,0.2609,-0.0535,715,0.8949,1.0000,0.284157,-0.8409,0.4912,
2437,87.5181,73.4352,-30.7205,0.3486,0.1155,714,0.8938,1.0000,0.284157,-1.1218,0.3540,
2438,87.5513,74.0070,-30.4069,0.5718,0.3136,714,0.8911,1.0000,0.284157,-1.8390,0.3796,
2439,87.5838,74.4253,-30.3045,0.4183,0.1024,713,0.8875,1.0000,0.284157,-1.3465,0.4833,
2440,87.6171,74.9103,-31.0226,0.4851,-0.7181,701,0.8163,1.0000,0.284157,-1.5696,1.9145,
2441,87.6505,75.9732,-31.3536,1.0628,-0.3309,570,0.1992,1.0000,0.284157,-3.4270,2.1843,low_inlier
2442,87.6858,76.6691,-31.4730,0.6960,-0.1195,584,0.2569,1.0000,0.284157,-2.2432,1.2730,low_inlier
2443,87.7208,77.0802,-31.3525,0.4110,0.1205,712,0.6700,1.0000,0.284157,-1.3230,0.4426,
2444,87.7542,77.1809,-30.1090,0.1007,1.2435,728,0.9737,1.0000,0.284157,-0.3126,-1.8558,
2445,87.7873,77.2612,-29.3664,0.0804,0.7426,724,0.9085,1.0000,0.284157,-0.2518,-1.0768,
2446,87.8205,77.5030,-28.8665,0.2417,0.5000,785,0.9825,1.0000,0.284157,-0.7739,-0.4340,
2447,87.8536,77.5881,-27.9879,0.0852,0.8786,774,0.9788,1.0000,0.284157,-0.2660,-1.2895,
2448,87.8870,77.4421,-27.2665,-0.1460,0.7214,702,0.8911,1.0000,0.284157,0.4771,-1.3937,
2449,87.9205,77.2319,-27.1232,-0.2103,0.1433,790,0.9837,1.0000,0.284157,0.6788,-0.5581,
2450,87.9539,77.1212,-27.7624,-0.1107,-0.6392,782,0.9862,1.0000,0.284157,0.3505,0.8626,
2451,87.9871,76.9421,-27.6731,-0.1791,0.0893,710,0.9038,1.0000,0.284157,0.5779,-0.4224,
2452,88.0201,76.5410,-27.7054,-0.4010,-0.0323,789,0.9838,1.0000,0.284157,1.2916,-0.5699,
2453,88.0532,76.4303,-28.4282,-0.1107,-0.7228,718,0.9150,1.0000,0.284157,0.3498,0.9978,
2454,88.0865,76.3975,-29.1517,-0.0328,-0.7235,787,0.9925,1.0000,0.284157,0.0987,1.1199,
2455,88.1197,76.2912,-29.2534,-0.1063,-0.1017,787,0.9938,1.0000,0.284157,0.3416,-0.0005,
2456,88.1527,76.2092,-29.3032,-0.0820,-0.0498,744,0.9838,1.0000,0.284157,0.2637,-0.0466,
2457,88.1854,76.4013,-29.9147,0.1921,-0.6115,708,0.8811,1.0000,0.284157,-0.6247,1.2875,
2458,88.2189,76.7100,-30.5426,0.3087,-0.6278,701,0.6679,1.0000,0.284157,-1.0004,1.4948,
2459,88.2523,77.2045,-30.9416,0.4945,-0.3991,674,0.3112,1.0000,0.284157,-1.5969,1.4129,low_inlier
2460,88.2863,78.1522,-30.6737,0.9477,0.2680,565,0.1654,1.0000,0.284157,-3.0505,1.0367,low_inlier
2461,88.3438,77.4969,-29.2462,-0.6553,1.4275,289,0.0079,1.0000,0.284157,2.1248,-3.3265,low_inlier
2462,88.3782,78.5640,-32.4571,1.0671,-3.2110,231,0.0078,1.0000,0.284157,-3.4684,6.8511,low_inlier
2463,88.4124,79.2427,-36.2412,0.6787,-3.7840,203,0.0115,1.0000,0.284157,-2.2226,7.1758,low_inlier
2464,88.4466,80.9349,-37.7485,1.6922,-1.5073,182,0.0125,1.0000,0.284157,-5.4658,5.0641,low_inlier
2465,88.4809,82.2852,-38.6693,1.3503,-0.9208,241,0.0152,1.0000,0.284157,-4.3588,3.5848,low_inlier
2466,88.5151,84.3624,-39.6791,2.0772,-1.0098,235,0.0204,1.0000,0.284157,-6.7014,4.8564,low_inlier
2467,88.5494,84.8285,-41.0085,0.4661,-1.3295,259,0.0153,1.0000,0.284157,-1.5142,2.8742,low_inlier
2468,88.5855,84.4955,-39.3608,-0.3330,1.6477,312,0.0488,1.0000,0.284157,1.0884,-3.1827,low_inlier
2469,88.6200,84.0122,-36.9362,-0.4833,2.4246,674,0.5044,1.0000,0.284157,1.5800,-4.6729,
2470,88.6541,83.8319,-34.2029,-0.1804,2.7333,690,0.5791,1.0000,0.284157,0.6071,-4.7024,
2471,88.6875,83.8889,-31.1607,0.0571,3.0422,704,0.5219,1.0000,0.284157,-0.1549,-4.8340,
2472,88.7211,83.9338,-29.2779,0.0448,1.8828,707,0.8304,1.0000,0.284157,-0.1264,-2.9769,
2473,88.7552,84.2665,-28.7096,0.3328,0.5682,689,0.4238,1.0000,0.284157,-1.0666,-0.4032,low_inlier
2474,88.7893,84.5833,-28.0352,0.3168,0.6745,751,0.8738,1.0000,0.284157,-1.0140,-0.5999,
2475,88.8231,85.1164,-26.9985,0.5331,1.0367,735,0.9263,1.0000,0.284157,-1.7074,-0.8504,
2476,88.8566,85.8907,-26.0899,0.7744,0.9086,669,0.5900,1.0000,0.284157,-2.4860,-0.2689,
2477,88.8908,86.3851,-24.2381,0.4944,1.8518,721,0.7475,1.0000,0.284157,-1.5750,-2.2293,
2478,88.9248,87.1754,-21.6277,0.7903,2.6104,724,0.9012,1.0000,0.284157,-2.5210,-2.9977,
2479,88.9584,88.6873,-20.2586,1.5119,1.3691,571,0.3678,1.0000,0.284157,-4.8576,0.1303,low_inlier
2480,88.9927,90.8050,-20.3362,2.1177,-0.0776,421,0.0964,1.0000,0.284157,-6.8231,3.4110,low_inlier
2481,89.0270,92.7169,-18.8278,1.9119,1.5084,459,0.0603,1.0000,0.284157,-6.1448,0.5254,low_inlier
2482,89.0617,93.8852,-15.5189,1.1683,3.3089,612,0.1176,1.0000,0.284157,-3.7321,-3.5415,low_inlier
2483,89.0959,94.2993,-15.0957,0.4141,0.4232,482,0.0725,1.0000,0.284157,-1.3301,-0.0423,low_inlier
2484,89.1308,94.7801,-16.1946,0.4808,-1.0989,418,0.0585,1.0000,0.284157,-1.5594,2.5241,low_inlier
2485,89.1652,94.9411,-16.3742,0.1610,-0.1796,415,0.0613,1.0000,0.284157,-0.5205,0.5404,low_inlier
2486,89.1993,95.0971,-17.5531,0.1560,-1.1789,452,0.0554,1.0000,0.284157,-0.5137,2.1495,low_inlier
2487,89.2339,93.3019,-22.0971,-1.7953,-4.5440,545,0.0753,1.0000,0.284157,5.7401,4.5673,low_inlier
2488,89.2688,91.0170,-24.9228,-2.2848,-2.8257,397,0.0564,1.0000,0.284157,7.3337,1.0274,low_inlier
2489,89.3079,90.1293,-24.8315,-0.8877,0.0913,711,0.5025,1.0000,0.284157,2.8606,-1.5249,
2490,89.3428,89.3489,-25.1112,-0.7804,-0.2796,684,0.7900,1.0000,0.284157,2.5115,-0.7583,
2491,89.4005,89.5754,-25.2525,0.2265,-0.1413,758,0.9137,1.0000,0.284157,-0.7312,0.5801,
2492,89.4373,89.4456,-20.7602,-0.1299,4.4923,512,0.1905,1.0000,0.284157,0.4612,-7.4702,low_inlier
2493,89.4726,89.4073,-15.0655,-0.0383,5.6947,512,0.0839,1.0000,0.284157,0.1777,-9.2738,low_inlier
2494,89.5071,89.4082,-10.8236,0.0009,4.2419,529,0.0651,1.0000,0.284157,0.0376,-6.8622,low_inlier
2495,89.5423,87.5982,-7.9469,-1.8100,2.8767,339,0.0314,1.0000,0.284157,5.8582,-7.4627,low_inlier
2496,89.5789,87.5112,-3.1757,-0.0870,4.7712,323,0.0264,1.0000,0.284157,0.3256,-7.8550,low_inlier
2497,89.6128,87.6279,2.2125,0.1167,5.3881,207,0.0115,1.0000,0.284157,-0.3246,-8.5373,low_inlier
2498,89.6475,88.3891,7.3963,0.7611,5.1839,662,0.0076,1.0000,0.284157,-2.4025,-7.2070,low_inlier
2499,89.6836,89.0448,14.9284,0.6558,7.5320,295,0.0254,1.0000,0.284157,-2.0408,-11.1699,low_inlier
2500,89.7196,87.8861,18.8924,-1.1588,3.9640,332,0.0340,1.0000,0.284157,3.7708,-8.2117,low_inlier
2501,89.7540,87.7888,24.0677,-0.0972,5.1753,359,0.0076,1.0000,0.284157,0.3625,-8.5247,low_inlier
2502,89.7886,88.6744,31.8105,0.8855,7.7428,296,0.0207,1.0000,0.284157,-2.7790,-11.1545,low_inlier
2503,89.8221,87.4754,36.7824,-1.1989,4.9719,410,0.0477,1.0000,0.284157,3.9098,-9.9049,low_inlier
2504,89.8565,86.6710,42.9447,-0.8045,6.1623,487,0.0202,1.0000,0.284157,2.6505,-11.2190,low_inlier
2505,89.8909,86.7862,50.0304,0.1152,7.0857,328,0.0144,1.0000,0.284157,-0.3037,-11.2864,low_inlier
2506,89.9255,86.2123,53.4367,-0.5739,3.4063,454,0.0393,1.0000,0.284157,1.8814,-6.4020,low_inlier
2507,89.9597,84.9397,55.8213,-1.2725,2.3846,347,0.0189,1.0000,0.284157,4.1223,-5.8326,low_inlier
2508,89.9942,84.0801,58.5149,-0.8596,2.6936,284,0.0170,1.0000,0.284157,2.7949,-5.6919,low_inlier
2509,90.0283,82.7570,59.3441,-1.3231,0.8293,426,0.0608,1.0000,0.284157,4.2704,-3.3945,low_inlier
2510,90.0629,82.1464,57.5407,-0.6106,-1.8034,459,0.0564,1.0000,0.284157,1.9499,1.9707,low_inlier
2511,90.0972,82.4789,55.6005,0.3326,-1.9402,616,0.1625,1.0000,0.284157,-1.0898,3.6553,low_inlier
2512,90.1314,82.2303,54.1632,-0.2486,-1.4373,717,0.4650,1.0000,0.284157,0.7872,1.9399,low_inlier
2513,90.1783,80.7688,56.4722,-1.4615,2.3090,399,0.0163,1.0000,0.284157,4.7303,-6.0035,low_inlier
2514,90.2133,80.2956,58.3815,-0.4732,1.9093,577,0.0846,1.0000,0.284157,1.5425,-3.8234,low_inlier
2515,90.2481,80.0829,58.7810,-0.2128,0.3995,664,0.2687,1.0000,0.284157,0.6893,-0.9765,low_inlier
2516,90.2821,80.6122,58.6803,0.5294,-0.1007,765,0.9175,1.0000,0.284157,-1.7063,0.9841,
2517,90.3158,81.9074,57.7433,1.2952,-0.9370,668,0.3367,1.0000,0.284157,-4.1815,3.5255,low_inlier
2518,90.3501,83.4956,56.8377,1.5882,-0.9056,668,0.1231,1.0000,0.284157,-5.1251,3.9293,low_inlier
2519,90.3842,84.5675,55.8121,1.0719,-1.0255,669,0.1727,1.0000,0.284157,-3.4628,3.3223,low_inlier
2520,90.4185,85.7879,55.2182,1.2204,-0.5939,728,0.2087,1.0000,0.284157,-3.9373,2.8544,low_inlier
2521,90.4757,89.8186,59.6794,4.0307,4.4612,240,0.0285,1.0000,0.284157,-12.9423,-0.9653,low_inlier
2522,90.5105,92.7141,59.9649,2.8955,0.2855,290,0.0319,1.0000,0.284157,-9.3251,4.0301,low_inlier
2523,90.5449,93.5004,57.1576,0.7863,-2.8072,432,0.1402,1.0000,0.284157,-2.5598,5.7621,low_inlier
2524,90.5795,93.0682,57.8046,-0.4322,0.6470,653,0.5544,1.0000,0.284157,1.3984,-1.7173,
2525,90.6139,93.3957,59.8985,0.3275,2.0939,764,0.8629,1.0000,0.284157,-1.0352,-2.8799,
2526,90.6490,93.9960,60.0028,0.6003,0.1043,648,0.8135,1.0000,0.284157,-1.9327,0.7624,
2527,90.6848,94.3793,58.7058,0.3833,-1.2970,667,0.5262,1.0000,0.284157,-1.2472,2.6933,
2528,90.7205,94.2053,57.9220,-0.1740,-0.7838,643,0.8068,1.0000,0.284157,0.5532,0.9982,
2529,90.7541,94.4573,57.8941,0.2520,-0.0280,775,0.9688,1.0000,0.284157,-0.8121,0.4362,
2530,90.7874,94.4997,58.0859,0.0424,0.1919,673,0.8750,1.0000,0.284157,-0.1348,-0.2446,
2531,90.8205,95.3033,57.6710,0.8036,-0.4149,599,0.3845,1.0000,0.284157,-2.5927,1.9180,low_inlier
2532,90.8545,96.6058,55.8722,1.3025,-1.7988,445,0.1025,1.0000,0.284157,-4.2133,4.9312,low_inlier
2533,90.8884,97.1684,53.1614,0.5626,-2.7108,503,0.0937,1.0000,0.284157,-1.8383,5.2591,low_inlier
2534,90.9224,98.0258,50.4928,0.8574,-2.6686,336,0.0596,1.0000,0.284157,-2.7877,5.6482,low_inlier
2535,90.9565,98.6457,46.6751,0.6198,-3.8177,344,0.0442,1.0000,0.284157,-2.0331,7.1388,low_inlier
2536,90.9905,98.4057,42.0724,-0.2400,-4.6027,557,0.0790,1.0000,0.284157,0.7292,7.0752,low_inlier
2537,91.0247,98.1514,38.4408,-0.2543,-3.6316,507,0.1227,1.0000,0.284157,0.7847,5.4816,low_inlier
2538,91.0586,98.2989,35.5765,0.1476,-2.8643,634,0.2087,1.0000,0.284157,-0.5027,4.8635,low_inlier
2539,91.0907,97.4322,32.7812,-0.8667,-2.7953,757,0.8233,1.0000,0.284157,2.7654,3.1784,
2540,91.1246,96.0215,28.9485,-1.4107,-3.8327,634,0.7870,1.0000,0.284157,4.5082,4.0130,
2541,91.1586,96.9653,27.9359,0.9438,-1.0126,607,0.3258,1.0000,0.284157,-3.0502,3.1026,low_inlier
2542,91.1930,97.5926,25.9766,0.6273,-1.9593,647,0.2986,1.0000,0.284157,-2.0396,4.1435,low_inlier
2543,91.2271,96.7611,21.7722,-0.8315,-4.2045,621,0.3350,1.0000,0.284157,2.6387,5.5131,low_inlier
2544,91.2616,95.4628,19.0542,-1.2983,-2.7180,557,0.4359,1.0000,0.284157,4.1566,2.3837,low_inlier
2545,91.2962,94.8968,17.5685,-0.5660,-1.4856,534,0.1830,1.0000,0.284157,1.8091,1.5258,low_inlier
2546,91.3305,94.4897,15.7898,-0.4071,-1.7787,330,0.0587,1.0000,0.284157,1.2946,2.2465,low_inlier
2547,91.3649,93.1065,14.6601,-1.3832,-1.1297,421,0.0757,1.0000,0.284157,4.4451,-0.3179,low_inlier
2548,91.3993,92.5882,17.2876,-0.5184,2.6275,498,0.1599,1.0000,0.284157,1.6949,-5.0556,low_inlier
2549,91.4334,92.6328,21.1354,0.0446,3.8478,603,0.3253,1.0000,0.284157,-0.1071,-6.1568,low_inlier
2550,91.4674,93.5222,25.6148,0.8894,4.4793,640,0.6282,1.0000,0.284157,-2.8225,-5.8680,
2551,91.5250,94.0006,24.7504,0.4784,-0.8643,716,0.8936,1.0000,0.284157,-1.5496,2.1408,
2552,91.5588,93.9142,23.5073,-0.0864,-1.2432,693,0.7288,1.0000,0.284157,0.2665,1.8775,
2553,91.5925,93.8960,23.9693,-0.0182,0.4620,685,0.8550,1.0000,0.284157,0.0632,-0.7758,
2554,91.6259,94.0091,25.9443,0.1131,1.9751,664,0.8342,1.0000,0.284157,-0.3455,-3.0203,
2555,91.6594,94.4460,28.5225,0.4369,2.5782,662,0.8249,1.0000,0.284157,-1.3831,-3.4938,
2556,91.6930,95.1638,31.3936,0.7177,2.8711,675,0.8539,1.0000,0.284157,-2.2849,-3.5321,
2557,91.7268,95.8596,34.6173,0.6958,3.2237,738,0.9383,1.0000,0.284157,-2.2108,-4.1366,
2558,91.7605,96.5772,36.9897,0.7177,2.3724,744,0.9371,1.0000,0.284157,-2.2894,-2.7253,
2559,91.7944,97.2219,38.3583,0.6447,1.3686,774,0.9750,1.0000,0.284157,-2.0638,-1.2142,
2560,91.8280,97.6131,40.1269,0.3912,1.7687,656,0.8252,1.0000,0.284157,-1.2434,-2.2549,
2561,91.8615,97.8043,40.9253,0.1912,0.7983,685,0.8500,1.0000,0.284157,-0.6083,-0.9952,
2562,91.8956,98.3167,42.3836,0.5124,1.4583,763,0.9724,1.0000,0.284157,-1.6370,-1.5646,
2563,91.9297,98.4818,44.1299,0.1651,1.7463,711,0.9283,1.0000,0.284157,-0.5151,-2.5695,
2564,91.9650,98.6594,45.5595,0.1776,1.4297,738,0.8922,1.0000,0.284157,-0.5585,-2.0377,
2565,91.9989,98.7810,46.3996,0.1216,0.8401,657,0.8313,1.0000,0.284157,-0.3839,-1.1706,
2566,92.0328,98.7063,47.5169,-0.0748,1.1173,654,0.8135,1.0000,0.284157,0.2515,-1.9238,
2567,92.0667,98.5744,48.1225,-0.1319,0.6055,678,0.8095,1.0000,0.284157,0.4307,-1.1844,
2568,92.0999,98.9229,49.7241,0.3485,1.6017,643,0.7965,1.0000,0.284157,-1.1074,-2.0510,
2569,92.1339,99.1064,51.1250,0.1836,1.4009,684,0.8103,1.0000,0.284157,-0.5781,-1.9819,
2570,92.1683,99.2526,52.0148,0.1462,0.8898,733,0.9223,1.0000,0.284157,-0.4625,-1.2130,
2571,92.2021,99.2386,51.8211,-0.0140,-0.1937,735,0.9463,1.0000,0.284157,0.0433,0.2917,
2572,92.2353,99.2849,51.6624,0.0463,-0.1587,752,0.9563,1.0000,0.284157,-0.1507,0.3286,
2573,92.2682,99.3904,52.1217,0.1054,0.4593,738,0.9500,1.0000,0.284157,-0.3352,-0.5796,
2574,92.3015,99.4261,52.1038,0.0358,-0.0180,757,0.9587,1.0000,0.284157,-0.1154,0.0845,
2575,92.3339,99.2470,51.3109,-0.1792,-0.7929,671,0.8900,1.0000,0.284157,0.5696,1.0051,
2576,92.3674,99.0249,50.4561,-0.2221,-0.8547,652,0.8163,1.0000,0.284157,0.7072,1.0385,
2577,92.4009,98.9405,50.4410,-0.0844,-0.0151,653,0.7231,1.0000,0.284157,0.2717,-0.1064,
2578,92.4347,99.0409,50.1323,0.1004,-0.3087,651,0.7750,1.0000,0.284157,-0.3264,0.6553,
2579,92.4692,98.9510,48.9330,-0.0899,-1.1993,627,0.4275,1.0000,0.284157,0.2782,1.8010,low_inlier
2580,92.5034,99.0409,49.5692,0.0899,0.6361,650,0.7137,1.0000,0.284157,-0.2834,-0.8899,
2581,92.5606,98.8831,50.2588,-0.1578,0.6897,766,0.9611,1.0000,0.284157,0.5149,-1.3607,
2582,92.5946,98.7072,50.3040,-0.1759,0.0452,795,0.9962,1.0000,0.284157,0.5670,-0.3459,
2583,92.6279,98.5999,50.9881,-0.1073,0.6841,787,0.9887,1.0000,0.284157,0.3523,-1.2734,
2584,92.6613,98.6800,51.5125,0.0800,0.5245,796,0.9950,1.0000,0.284157,-0.2529,-0.7245,
2585,92.6945,98.6878,51.6292,0.0079,0.1167,716,0.9450,1.0000,0.284157,-0.0243,-0.1766,
2586,92.7274,98.7915,51.1675,0.1036,-0.4617,711,0.9450,1.0000,0.284157,-0.3382,0.9078,
2587,92.7609,98.7931,51.2273,0.0016,0.0598,796,0.9950,1.0000,0.284157,-0.0047,-0.0942,
2588,92.7934,98.8569,51.5851,0.0638,0.3578,796,0.9950,1.0000,0.284157,-0.2023,-0.4799,
2589,92.8263,98.8829,51.9824,0.0260,0.3972,797,0.9962,1.0000,0.284157,-0.0799,-0.6024,
2590,92.8592,98.8801,52.4061,-0.0028,0.4238,794,0.9950,1.0000,0.284157,0.0130,-0.6900,
2591,92.8924,98.8174,53.1000,-0.0628,0.6938,793,0.9950,1.0000,0.284157,0.2088,-1.2200,
2592,92.9259,98.8687,53.9875,0.0513,0.8875,766,0.9787,1.0000,0.284157,-0.1569,-1.3564,
2593,92.9598,98.7819,54.6726,-0.0868,0.6851,777,0.9850,1.0000,0.284157,0.2863,-1.2432,
2594,92.9931,98.8011,55.6115,0.0193,0.9390,792,0.9938,1.0000,0.284157,-0.0531,-1.4894,
2595,93.0263,99.0296,56.9653,0.2284,1.3537,672,0.8375,1.0000,0.284157,-0.7230,-1.8360,
2596,93.0601,99.5051,58.2512,0.4755,1.2859,682,0.8356,1.0000,0.284157,-1.5197,-1.3429,
2597,93.0938,99.6151,58.2673,0.1100,0.0161,731,0.9000,1.0000,0.284157,-0.3542,0.1446,
2598,93.1271,99.2422,56.5760,-0.3728,-1.6913,747,0.9812,1.0000,0.284157,1.1850,2.1581,
2599,93.1612,98.9812,55.9244,-0.2611,-0.6516,758,0.9613,1.0000,0.284157,0.8349,0.6493,
2600,93.1963,98.9795,56.7454,-0.0017,0.8210,787,0.9888,1.0000,0.284157,0.0132,-1.3310,
2601,93.2294,99.2283,58.0530,0.2488,1.3076,784,0.9862,1.0000,0.284157,-0.7889,-1.7298,
2602,93.2629,99.3332,59.0970,0.1050,1.0441,670,0.8471,1.0000,0.284157,-0.3282,-1.5265,
2603,93.2965,98.7627,59.3824,-0.5705,0.2853,645,0.7657,1.0000,0.284157,1.8406,-1.3467,
2604,93.3301,98.2393,59.6646,-0.5234,0.2823,533,0.2298,1.0000,0.284157,1.6889,-1.2687,low_inlier
2605,93.3642,97.0160,58.6615,-1.2234,-1.0031,541,0.1465,1.0000,0.284157,3.9315,-0.2748,low_inlier
2606,93.3986,95.3006,55.9906,-1.7154,-2.6709,704,0.6658,1.0000,0.284157,5.5007,1.6604,
2607,93.4337,94.3123,62.0256,-0.9883,6.0350,546,0.1980,1.0000,0.284157,3.2413,-11.2982,low_inlier
2608,93.4685,92.7142,59.4099,-1.5981,-2.6156,555,0.2243,1.0000,0.284157,5.1233,1.7530,low_inlier
2609,93.5041,90.7893,52.0010,-1.9249,-7.4089,638,0.7737,1.0000,0.284157,6.1305,9.0018,
2610,93.5383,89.7526,46.1253,-1.0367,-5.8757,658,0.7595,1.0000,0.284157,3.2837,7.8989,
2611,93.5957,88.2373,40.3202,-1.5154,-5.8051,715,0.8786,1.0000,0.284157,4.8264,7.0421,
2612,93.6300,85.5292,33.6523,-2.7080,-6.6679,752,0.8150,1.0000,0.284157,8.6604,6.5878,
2613,93.6639,83.6982,28.2423,-1.8310,-5.4100,697,0.8580,1.0000,0.284157,5.8472,5.9130,
2614,93.6984,82.7703,24.4946,-0.9279,-3.7477,682,0.8223,1.0000,0.284157,2.9534,4.6245,
2615,93.7348,81.6201,17.6974,-1.1502,-6.7972,471,0.1150,1.0000,0.284157,3.6405,9.2138,low_inlier
2616,93.7693,82.1773,14.0397,0.5572,-3.6577,691,0.8461,1.0000,0.284157,-1.8299,6.7828,
2617,93.8039,81.8782,9.1003,-0.2992,-4.9394,683,0.7879,1.0000,0.284157,0.9166,7.5282,
2618,93.8381,81.5707,5.8403,-0.3074,-3.2601,685,0.7472,1.0000,0.284157,0.9594,4.7980,
2619,93.8718,81.3483,5.6950,-0.2224,-0.1453,760,0.9275,1.0000,0.284157,0.7152,-0.1101,
2620,93.9053,81.6652,7.5521,0.3169,1.8571,695,0.8810,1.0000,0.284157,-1.0032,-2.5133,
2621,93.9388,82.0517,7.9853,0.3864,0.4332,787,0.9838,1.0000,0.284157,-1.2408,-0.1014,
2622,93.9723,82.5666,7.0436,0.5150,-0.9417,737,0.9236,1.0000,0.284157,-1.6680,2.3227,
2623,94.0062,82.7832,5.2400,0.2166,-1.8036,707,0.8934,1.0000,0.284157,-0.7148,3.2543,
2624,94.0399,83.3240,3.9855,0.5409,-1.2545,738,0.9284,1.0000,0.284157,-1.7543,2.8689,
2625,94.0726,83.8353,3.1665,0.5113,-0.8190,763,0.9387,1.0000,0.284157,-1.6549,2.1185,
2626,94.1064,84.4139,3.9466,0.5786,0.7801,750,0.9463,1.0000,0.284157,-1.8566,-0.3646,
2627,94.1399,85.1114,5.0849,0.6975,1.1383,731,0.9137,1.0000,0.284157,-2.2361,-0.7598,
2628,94.1738,85.6281,5.6804,0.5166,0.5955,715,0.8988,1.0000,0.284157,-1.6587,-0.1621,
2629,94.2078,85.8659,5.8506,0.2378,0.1702,773,0.9825,1.0000,0.284157,-0.7645,0.0936,
2630,94.2402,85.9515,5.1020,0.0856,-0.7486,764,0.9800,1.0000,0.284157,-0.2829,1.3441,
2631,94.2727,86.0912,4.3394,0.1397,-0.7625,767,0.9712,1.0000,0.284157,-0.4574,1.4506,
2632,94.3056,86.3658,4.6698,0.2746,0.3304,735,0.9250,1.0000,0.284157,-0.8813,-0.1086,
2633,94.3391,86.5877,5.4363,0.2219,0.7665,751,0.9512,1.0000,0.284157,-0.7076,-0.8959,
2634,94.3729,86.7577,5.2203,0.1700,-0.2160,772,0.9838,1.0000,0.284157,-0.5497,0.6133,
2635,94.4063,87.1588,4.6949,0.4011,-0.5254,709,0.9163,1.0000,0.284157,-1.2971,1.4723,
2636,94.4401,87.7352,5.1990,0.5764,0.5041,700,0.8623,1.0000,0.284157,-1.8521,0.0786,
2637,94.4738,88.1945,6.4978,0.4593,1.2988,688,0.8459,1.0000,0.284157,-1.4674,-1.3889,
2638,94.5068,88.5120,6.8061,0.3175,0.3083,702,0.8750,1.0000,0.284157,-1.0198,-0.0064,
2639,94.5399,88.6667,6.5516,0.1548,-0.2545,696,0.8700,1.0000,0.284157,-0.5010,0.6519,
2640,94.5739,88.9542,7.3703,0.2874,0.8187,671,0.7334,1.0000,0.284157,-0.9182,-0.8788,
2641,94.6301,89.8099,11.9410,0.8557,4.5707,680,0.1926,1.0000,0.284157,-2.7132,-6.0681,low_inlier
2642,94.6649,90.6905,15.1465,0.8806,3.2055,685,0.4210,1.0000,0.284157,-2.8062,-3.8205,low_inlier
2643,94.6995,92.4466,15.9599,1.7561,0.8134,738,0.8509,1.0000,0.284157,-5.6496,1.4083,
2644,94.7337,92.8525,16.8168,0.4059,0.8569,743,0.9337,1.0000,0.284157,-1.2994,-0.7568,
2645,94.7676,93.2376,18.3695,0.3851,1.5527,739,0.8961,1.0000,0.284157,-1.2258,-1.9149,
2646,94.8004,94.0228,20.5276,0.7852,2.1582,726,0.6529,1.0000,0.284157,-2.5089,-2.2739,
2647,94.8335,94.8567,22.9285,0.8339,2.4008,716,0.7585,1.0000,0.284157,-2.6635,-2.5910,
2648,94.8677,95.0621,23.6807,0.2054,0.7522,745,0.9261,1.0000,0.284157,-0.6545,-0.8984,
2649,94.9006,95.1247,23.3651,0.0627,-0.3156,761,0.9663,1.0000,0.284157,-0.2049,0.6078,
2650,94.9343,94.9810,23.3677,-0.1437,0.0026,762,0.9575,1.0000,0.284157,0.4630,-0.2271,
2651,94.9668,94.7297,23.9308,-0.2513,0.5632,749,0.9424,1.0000,0.284157,0.8149,-1.3011,
2652,94.9996,94.6535,24.0637,-0.0762,0.1328,755,0.9537,1.0000,0.284157,0.2469,-0.3332,
2653,95.0336,94.7365,24.1407,0.0830,0.0770,747,0.9500,1.0000,0.284157,-0.2668,0.0043,
2654,95.0670,94.8133,25.2818,0.0768,1.1411,740,0.9412,1.0000,0.284157,-0.2366,-1.7272,
2655,95.1007,94.8948,26.2239,0.0814,0.9421,749,0.9373,1.0000,0.284157,-0.2533,-1.3980,
2656,95.1344,94.8748,25.8912,-0.0199,-0.3327,762,0.9675,1.0000,0.284157,0.0610,0.5074,
2657,95.1693,95.0484,25.8903,0.1736,-0.0009,768,0.9663,1.0000,0.284157,-0.5592,0.2707,
2658,95.2028,95.1472,26.3914,0.0988,0.5011,759,0.9587,1.0000,0.284157,-0.3134,-0.6576,
2659,95.2364,95.2079,26.4402,0.0607,0.0488,756,0.9587,1.0000,0.284157,-0.1952,0.0152,
2660,95.2696,95.2849,26.2298,0.0770,-0.2104,753,0.9575,1.0000,0.284157,-0.2499,0.4598,
2661,95.3030,95.3020,26.7976,0.0172,0.5678,757,0.9637,1.0000,0.284157,-0.0499,-0.8921,
2662,95.3363,95.3222,27.2481,0.0202,0.4505,758,0.9637,1.0000,0.284157,-0.0608,-0.6976,
2663,95.3697,95.2911,27.0683,-0.0311,-0.1798,747,0.9675,1.0000,0.284157,0.0986,0.2426,
2664,95.4030,95.3544,27.1213,0.0633,0.0530,763,0.9712,1.0000,0.284157,-0.2033,0.0123,
2665,95.4369,95.4146,27.2586,0.0602,0.1373,765,0.9725,1.0000,0.284157,-0.1926,-0.1288,
2666,95.4699,95.4172,27.3893,0.0026,0.1306,762,0.9688,1.0000,0.284157,-0.0071,-0.2073,
2667,95.5028,95.5800,27.9256,0.1628,0.5364,760,0.9625,1.0000,0.284157,-0.5194,-0.6152,
2668,95.5367,95.7974,28.7752,0.2174,0.8496,748,0.9524,1.0000,0.284157,-0.6924,-1.0373,
2669,95.5704,96.0405,29.3381,0.2430,0.5629,756,0.9563,1.0000,0.284157,-0.7776,-0.5338,
2670,95.6043,96.0050,29.2444,-0.0355,-0.0936,770,0.9738,1.0000,0.284157,0.1134,0.0965,
2671,95.6612,96.0297,29.0990,0.0247,-0.1454,783,0.9950,1.0000,0.284157,-0.0811,0.2737,
2672,95.6942,96.0664,29.3663,0.0367,0.2673,799,0.9988,1.0000,0.284157,-0.1157,-0.3756,
2673,95.7274,96.0784,29.2032,0.0120,-0.1631,797,0.9988,1.0000,0.284157,-0.0402,0.2826,
2674,95.7603,95.9539,28.9252,-0.1245,-0.2780,799,0.9988,1.0000,0.284157,0.3984,0.2567,
2675,95.7933,96.0200,28.7892,0.0661,-0.1360,779,0.9975,1.0000,0.284157,-0.2143,0.3227,
2676,95.8268,96.0016,28.6991,-0.0184,-0.0901,799,0.9988,1.0000,0.284157,0.0584,0.1173,
2677,95.8598,95.8868,28.7692,-0.1148,0.0701,798,0.9988,1.0000,0.284157,0.3705,-0.2915,
2678,95.8933,95.9263,28.5133,0.0394,-0.2559,703,0.9838,1.0000,0.284157,-0.1295,0.4753,
2679,95.9269,95.9662,28.5934,0.0399,0.0802,797,0.9975,1.0000,0.284157,-0.1277,-0.0678,
2680,95.9599,96.0780,28.6203,0.1119,0.0269,797,0.9988,1.0000,0.284157,-0.3601,0.1301,
2681,95.9929,96.1560,28.3246,0.0780,-0.2957,796,0.9975,1.0000,0.284157,-0.2540,0.5995,
2682,96.0262,96.1352,28.2728,-0.0208,-0.0518,798,0.9988,1.0000,0.284157,0.0665,0.0515,
2683,96.0588,96.1277,27.9583,-0.0075,-0.3145,798,0.9988,1.0000,0.284157,0.0211,0.4973,
2684,96.0920,96.1777,27.9093,0.0500,-0.0490,798,0.9988,1.0000,0.284157,-0.1615,0.1568,
2685,96.1249,96.2226,28.1947,0.0449,0.2854,797,0.9975,1.0000,0.284157,-0.1419,-0.3922,
2686,96.1580,96.2075,27.6918,-0.0151,-0.5029,764,0.9888,1.0000,0.284157,0.0439,0.7903,
2687,96.1914,96.2950,27.3275,0.0875,-0.3643,797,0.9962,1.0000,0.284157,-0.2852,0.7251,
2688,96.2249,96.3080,27.4112,0.0131,0.0836,797,0.9975,1.0000,0.284157,-0.0414,-0.1150,
2689,96.2585,96.2065,27.2881,-0.1015,-0.1230,797,0.9962,1.0000,0.284157,0.3259,0.0415,
2690,96.2919,96.3510,26.9288,0.1444,-0.3593,796,0.9975,1.0000,0.284157,-0.4688,0.8055,
2691,96.3254,96.5042,27.1044,0.1532,0.1756,797,0.9962,1.0000,0.284157,-0.4919,-0.0464,
2692,96.3588,96.4919,27.1365,-0.0123,0.0320,797,0.9975,1.0000,0.284157,0.0400,-0.0709,
2693,96.3930,96.4331,26.9098,-0.0587,-0.2267,798,0.9988,1.0000,0.284157,0.1870,0.2757,
2694,96.4263,96.4972,26.4285,0.0641,-0.4813,796,0.9975,1.0000,0.284157,-0.2111,0.8781,
2695,96.4597,96.5348,26.2003,0.0376,-0.2282,797,0.9975,1.0000,0.284157,-0.1232,0.4275,
2696,96.4929,96.5644,26.3957,0.0296,0.1954,796,0.9975,1.0000,0.284157,-0.0935,-0.2702,
2697,96.5261,96.5089,26.2655,-0.0555,-0.1302,798,0.9975,1.0000,0.284157,0.1776,0.1246,
2698,96.5583,96.4504,25.9318,-0.0585,-0.3336,798,0.9975,1.0000,0.284157,0.1854,0.4491,
2699,96.5919,96.3234,25.9325,-0.1270,0.0007,795,0.9988,1.0000,0.284157,0.4091,-0.1981,
2700,96.6253,96.3235,26.0150,0.0001,0.0825,798,0.9988,1.0000,0.284157,0.0004,-0.1333,
2701,96.6814,96.3232,26.0888,-0.0003,0.0738,787,0.9988,1.0000,0.284157,0.0017,-0.1199,
2702,96.7146,96.3489,26.4195,0.0258,0.3307,799,0.9988,1.0000,0.284157,-0.0798,-0.4952,
2703,96.7479,96.3369,26.5825,-0.0121,0.1630,799,0.9988,1.0000,0.284157,0.0405,-0.2825,
2704,96.7811,96.2751,26.1822,-0.0617,-0.4003,774,0.9938,1.0000,0.284157,0.1950,0.5520,
2705,96.8148,96.1399,25.7315,-0.1352,-0.4507,795,0.9988,1.0000,0.284157,0.4314,0.5194,
2706,96.8484,96.0307,26.0259,-0.1091,0.2944,779,0.9938,1.0000,0.284157,0.3544,-0.6457,
2707,96.8812,96.0307,26.1041,0.0000,0.0782,757,0.9712,1.0000,0.284157,0.0007,-0.1265,
2708,96.9144,96.0330,25.6575,0.0023,-0.4466,789,0.9988,1.0000,0.284157,-0.0116,0.7261,
2709,96.9468,96.1298,25.5803,0.0968,-0.0772,793,0.9975,1.0000,0.284157,-0.3124,0.2751,
2710,96.9802,96.0466,25.6901,-0.0832,0.1098,788,0.9988,1.0000,0.284157,0.2691,-0.3067,
2711,97.0138,96.0173,25.7157,-0.0293,0.0256,767,0.9962,1.0000,0.284157,0.0947,-0.0869,
2712,97.0471,96.0903,25.5541,0.0731,-0.1616,796,0.9988,1.0000,0.284157,-0.2369,0.3748,
2713,97.0821,96.0609,25.5629,-0.0294,0.0088,776,0.9988,1.0000,0.284157,0.0947,-0.0598,
2714,97.1155,95.9467,25.5332,-0.1143,-0.0298,799,0.9988,1.0000,0.284157,0.3679,-0.1291,
2715,97.1489,95.9632,25.2102,0.0166,-0.3230,797,0.9988,1.0000,0.284157,-0.0565,0.5484,
2716,97.1822,95.9282,25.0257,-0.0351,-0.1844,799,0.9988,1.0000,0.284157,0.1112,0.2440,
2717,97.2188,95.8513,25.0519,-0.0768,0.0262,797,0.9988,1.0000,0.284157,0.2478,-0.1615,
2718,97.2520,95.7374,24.6671,-0.1139,-0.3848,786,0.9938,1.0000,0.284157,0.3633,0.4460,
2719,97.2861,95.7096,24.3808,-0.0279,-0.2863,794,0.9988,1.0000,0.284157,0.0870,0.4200,
2720,97.3198,95.6501,24.4103,-0.0595,0.0295,799,0.9988,1.0000,0.284157,0.1919,-0.1401,
2721,97.3540,95.5800,24.7549,-0.0701,0.3446,798,0.9988,1.0000,0.284157,0.2290,-0.6662,
2722,97.3864,95.5886,24.4958,0.0086,-0.2591,689,0.8788,1.0000,0.284157,-0.0302,0.4326,
2723,97.4206,95.6700,24.3163,0.0814,-0.1794,735,0.9213,1.0000,0.284157,-0.2639,0.4166,
2724,97.4549,95.7211,24.8917,0.0511,0.5753,799,0.9988,1.0000,0.284157,-0.1591,-0.8517,
2725,97.4895,95.8281,25.1169,0.1070,0.2253,717,0.9250,1.0000,0.284157,-0.3426,-0.1985,
2726,97.5233,95.8684,24.7422,0.0403,-0.3747,690,0.8661,1.0000,0.284157,-0.1334,0.6688,
2727,97.5579,95.8888,24.7206,0.0204,-0.0216,781,0.9812,1.0000,0.284157,-0.0659,0.0666,
2728,97.5915,95.8995,25.1743,0.0107,0.4537,799,0.9988,1.0000,0.284157,-0.0303,-0.7174,
2729,97.6253,95.8632,25.1872,-0.0363,0.0129,756,0.9725,1.0000,0.284157,0.1171,-0.0772,
2730,97.6593,95.7721,24.7430,-0.0911,-0.4442,726,0.9563,1.0000,0.284157,0.2892,0.5774,
2731,97.7170,95.8573,24.8563,0.0852,0.1133,777,0.9787,1.0000,0.284157,-0.2733,-0.0512,
2732,97.7510,95.8213,25.3638,-0.0360,0.5075,797,0.9975,1.0000,0.284157,0.1208,-0.8770,
2733,97.7850,95.9187,25.3992,0.0974,0.0355,793,0.9975,1.0000,0.284157,-0.3135,0.0938,
2734,97.8185,95.9242,25.5474,0.0055,0.1481,798,0.9987,1.0000,0.284157,-0.0164,-0.2311,
2735,97.8520,95.9525,25.5492,0.0283,0.0019,796,0.9975,1.0000,0.284157,-0.0911,0.0409,
2736,97.8854,95.9517,25.4988,-0.0009,-0.0504,798,0.9975,1.0000,0.284157,0.0023,0.0802,
2737,97.9199,96.0292,25.4482,0.0776,-0.0506,782,0.9937,1.0000,0.284157,-0.2504,0.2023,
2738,97.9539,96.1038,25.3257,0.0746,-0.1225,792,0.9987,1.0000,0.284157,-0.2415,0.3139,
2739,97.9878,96.1683,25.7109,0.0645,0.3852,792,0.9987,1.0000,0.284157,-0.2042,-0.5232,
2740,98.0212,96.2418,25.6581,0.0735,-0.0528,794,0.9975,1.0000,0.284157,-0.2372,0.1994,
2741,98.0551,96.3672,25.8252,0.1254,0.1671,796,0.9975,1.0000,0.284157,-0.4025,-0.0758,
2742,98.0890,96.4126,26.2603,0.0454,0.4351,798,0.9975,1.0000,0.284157,-0.1421,-0.6336,
2743,98.1229,96.5131,26.5663,0.1004,0.3060,798,0.9975,1.0000,0.284157,-0.3206,-0.3393,
2744,98.1569,96.5198,26.4920,0.0067,-0.0743,794,0.9975,1.0000,0.284157,-0.0223,0.1306,
2745,98.1902,96.6206,26.7309,0.1008,0.2389,798,0.9987,1.0000,0.284157,-0.3224,-0.2302,
2746,98.2228,96.6538,27.3644,0.0332,0.6335,798,0.9987,1.0000,0.284157,-0.1009,-0.9735,
2747,98.2570,96.6280,27.5877,-0.0258,0.2233,793,0.9975,1.0000,0.284157,0.0851,-0.4012,
2748,98.2908,96.5629,27.2234,-0.0651,-0.3642,793,0.9962,1.0000,0.284157,0.2061,0.4884,
2749,98.3252,96.5427,27.1484,-0.0202,-0.0750,797,0.9975,1.0000,0.284157,0.0645,0.0900,
2750,98.3587,96.5248,27.3449,-0.0179,0.1965,798,0.9975,1.0000,0.284157,0.0597,-0.3459,
2751,98.3923,96.6046,27.3464,0.0798,0.0014,792,0.9975,1.0000,0.284157,-0.2572,0.1216,
2752,98.4260,96.6990,27.3453,0.0944,-0.0011,798,0.9987,1.0000,0.284157,-0.3042,0.1483,
2753,98.4595,96.8531,27.4453,0.1540,0.1000,798,0.9975,1.0000,0.284157,-0.4953,0.0771,
2754,98.4938,96.8660,27.3190,0.0130,-0.1263,798,0.9975,1.0000,0.284157,-0.0430,0.2245,
2755,98.5274,97.0620,28.0355,0.1960,0.7165,795,0.9975,1.0000,0.284157,-0.6246,-0.8553,
2756,98.5617,97.2006,28.9387,0.1386,0.9032,774,0.9825,1.0000,0.284157,-0.4378,-1.2465,
2757,98.5961,97.2000,28.9366,-0.0006,-0.0021,789,0.9938,1.0000,0.284157,0.0020,0.0024,
2758,98.6297,97.0988,28.1950,-0.1011,-0.7416,792,0.9962,1.0000,0.284157,0.3187,1.0431,
2759,98.6640,97.0786,27.9072,-0.0202,-0.2878,778,0.9937,1.0000,0.284157,0.0624,0.4343,
2760,98.6972,97.0561,28.1566,-0.0225,0.2494,794,0.9962,1.0000,0.284157,0.0749,-0.4385,
2761,98.7546,96.9990,27.8888,-0.0571,-0.2678,745,0.9838,1.0000,0.284157,0.1815,0.3448,
2762,98.7890,97.0373,27.7665,0.0383,-0.1223,800,1.0000,1.0000,0.284157,-0.1247,0.2574,
2763,98.8227,97.2424,27.8502,0.2051,0.0838,796,0.9988,1.0000,0.284157,-0.6600,0.1827,
2764,98.8596,97.2992,28.3260,0.0567,0.4758,792,1.0000,1.0000,0.284157,-0.1783,-0.6818,
2765,98.8939,97.6951,28.9234,0.3959,0.5974,798,1.0000,1.0000,0.284157,-1.2698,-0.3524,
2766,98.9275,97.9548,29.1642,0.2597,0.2408,800,1.0000,1.0000,0.284157,-0.8344,0.0133,
2767,98.9617,98.1396,29.4104,0.1848,0.2461,799,1.0000,1.0000,0.284157,-0.5930,-0.1116,
2768,98.9950,98.0314,29.0790,-0.1082,-0.3313,783,0.9925,1.0000,0.284157,0.3455,0.3682,
2769,99.0283,97.8057,28.2675,-0.2257,-0.8115,777,0.9925,1.0000,0.284157,0.7194,0.9630,
2770,99.0631,97.6453,27.7122,-0.1605,-0.5553,798,1.0000,1.0000,0.284157,0.5116,0.6495,
2771,99.0978,97.3428,26.7383,-0.3025,-0.9739,770,0.9750,1.0000,0.284157,0.9652,1.1065,
2772,99.1323,97.2497,26.1437,-0.0931,-0.5947,782,0.9862,1.0000,0.284157,0.2942,0.8178,
2773,99.1683,97.2640,26.4542,0.0143,0.3106,797,1.0000,1.0000,0.284157,-0.0430,-0.4803,
2774,99.2025,97.4342,26.3974,0.1703,-0.0568,798,1.0000,1.0000,0.284157,-0.5490,0.3560,
2775,99.2376,97.5057,26.2539,0.0715,-0.1435,800,1.0000,1.0000,0.284157,-0.2316,0.3431,
2776,99.2718,97.6581,26.5409,0.1524,0.2870,800,1.0000,1.0000,0.284157,-0.4881,-0.2280,
2777,99.3060,97.6956,26.4992,0.0376,-0.0418,799,1.0000,1.0000,0.284157,-0.1214,0.1259,
2778,99.3397,97.6650,25.8758,-0.0307,-0.6234,797,0.9988,1.0000,0.284157,0.0928,0.9611,
2779,99.3738,97.6636,25.6220,-0.0013,-0.2538,780,0.9962,1.0000,0.284157,0.0018,0.4086,
2780,99.4077,97.6234,25.6722,-0.0403,0.0502,725,0.9900,1.0000,0.284157,0.1302,-0.1437,
2781,99.4415,97.4804,25.2819,-0.1430,-0.3903,798,1.0000,1.0000,0.284157,0.4568,0.4098,
2782,99.4758,97.4967,24.8779,0.0163,-0.4040,796,0.9975,1.0000,0.284157,-0.0562,0.6790,
2783,99.5099,97.5645,25.0945,0.0678,0.2166,767,0.9988,1.0000,0.284157,-0.2164,-0.2453,
2784,99.5439,97.6794,25.5781,0.1149,0.4836,761,0.9700,1.0000,0.284157,-0.3655,-0.6043,
2785,99.5795,97.7246,25.8180,0.0452,0.2399,796,1.0000,1.0000,0.284157,-0.1432,-0.3181,
2786,99.6136,97.7663,26.0456,0.0417,0.2276,800,1.0000,1.0000,0.284157,-0.1322,-0.3036,
2787,99.6475,97.7661,26.3549,-0.0002,0.3093,798,0.9988,1.0000,0.284157,0.0034,-0.5006,
2788,99.6817,97.7723,26.2705,0.0062,-0.0844,800,1.0000,1.0000,0.284157,-0.0207,0.1462,
2789,99.7153,97.8474,26.0665,0.0751,-0.2040,791,1.0000,1.0000,0.284157,-0.2438,0.4466,
2790,99.7495,97.8594,26.4783,0.0120,0.4118,769,1.0000,1.0000,0.284157,-0.0348,-0.6477,
2791,99.8142,97.6934,26.2793,-0.1660,-0.1990,795,0.9975,1.0000,0.284157,0.5330,0.0644,
2792,99.8502,97.6548,26.4594,-0.0386,0.1801,735,0.9812,1.0000,0.284157,0.1261,-0.3513,
2793,99.8849,97.5960,26.6320,-0.0587,0.1726,758,0.9712,1.0000,0.284157,0.1908,-0.3704,
2794,99.9192,97.4312,26.1444,-0.1648,-0.4876,786,1.0000,1.0000,0.284157,0.5264,0.5333,
2795,99.9535,97.3677,25.8968,-0.0635,-0.2476,780,0.9962,1.0000,0.284157,0.2024,0.3020,
2796,99.9875,97.5074,26.3202,0.1398,0.4233,795,0.9988,1.0000,0.284157,-0.4462,-0.4682,
2797,100.0223,97.5448,26.5996,0.0374,0.2795,795,0.9988,1.0000,0.284157,-0.1177,-0.3942,
2798,100.0567,97.7285,26.9458,0.1837,0.3462,799,0.9988,1.0000,0.284157,-0.5886,-0.2751,
2799,100.0909,97.7030,27.0427,-0.0255,0.0968,767,0.9962,1.0000,0.284157,0.0830,-0.1962,
2800,100.1249,97.6550,26.5137,-0.0480,-0.5290,796,0.9988,1.0000,0.284157,0.1497,0.7814,
2801,100.1589,97.6426,26.1745,-0.0124,-0.3392,798,0.9988,1.0000,0.284157,0.0367,0.5296,
2802,100.1929,97.6538,26.4588,0.0112,0.2843,796,0.9962,1.0000,0.284157,-0.0332,-0.4427,
2803,100.2268,97.6046,26.5342,-0.0492,0.0754,799,0.9988,1.0000,0.284157,0.1591,-0.1983,
2804,100.2607,97.6009,26.6720,-0.0037,0.1378,799,0.9988,1.0000,0.284157,0.0133,-0.2288,
2805,100.2945,97.5812,26.7881,-0.0197,0.1161,798,0.9988,1.0000,0.284157,0.0645,-0.2184,
2806,100.3283,97.5248,26.7158,-0.0564,-0.0723,799,0.9988,1.0000,0.284157,0.1809,0.0296,
2807,100.3620,97.4378,26.6010,-0.0870,-0.1148,799,0.9988,1.0000,0.284157,0.2791,0.0508,
2808,100.3959,97.3924,26.8404,-0.0454,0.2395,800,1.0000,1.0000,0.284157,0.1485,-0.4579,
2809,100.4304,97.3997,26.9980,0.0072,0.1575,799,0.9988,1.0000,0.284157,-0.0217,-0.2437,
2810,100.4645,97.4675,27.7824,0.0678,0.7844,709,0.9273,1.0000,0.284157,-0.2109,-1.1641,
2811,100.5003,97.5334,28.1122,0.0660,0.3298,766,0.9975,1.0000,0.284157,-0.2093,-0.4313,
2812,100.5349,97.6662,28.5084,0.1328,0.3962,782,0.9988,1.0000,0.284157,-0.4240,-0.4351,
2813,100.5693,97.7136,28.6579,0.0474,0.1495,787,0.9988,1.0000,0.284157,-0.1512,-0.1685,
2814,100.6035,97.8334,28.8058,0.1199,0.1479,775,0.9988,1.0000,0.284157,-0.3848,-0.0533,
2815,100.6377,97.8300,29.0774,-0.0034,0.2716,799,0.9988,1.0000,0.284157,0.0135,-0.4448,
2816,100.6718,97.9024,29.3733,0.0724,0.2958,793,0.9988,1.0000,0.284157,-0.2303,-0.3664,
2817,100.7056,97.9862,29.6181,0.0838,0.2448,795,0.9975,1.0000,0.284157,-0.2677,-0.2661,
2818,100.7400,97.8821,29.9852,-0.1042,0.3671,797,0.9988,1.0000,0.284157,0.3392,-0.7556,
2819,100.7739,97.9979,30.8586,0.1158,0.8734,716,0.9750,1.0000,0.284157,-0.3648,-1.2335,
2820,100.8086,98.0515,31.6884,0.0536,0.8299,792,0.9988,1.0000,0.284157,-0.1648,-1.2596,
2821,100.8668,98.1045,31.8614,0.0530,0.1729,796,0.9975,1.0000,0.284157,-0.1690,-0.1976,
2822,100.9026,98.1489,32.2196,0.0445,0.3582,797,1.0000,1.0000,0.284157,-0.1399,-0.5106,
2823,100.9367,98.2029,33.1184,0.0539,0.8988,782,0.9962,1.0000,0.284157,-0.1652,-1.3707,
2824,100.9704,98.2048,33.8440,0.0020,0.7256,708,0.9900,1.0000,0.284157,0.0006,-1.1710,
2825,101.0040,98.2987,34.3207,0.0939,0.4766,799,1.0000,1.0000,0.284157,-0.2980,-0.6255,
2826,101.0382,98.4279,34.6797,0.1292,0.3591,798,1.0000,1.0000,0.284157,-0.4128,-0.3806,
2827,101.0724,98.5459,34.8261,0.1180,0.1463,797,1.0000,1.0000,0.284157,-0.3788,-0.0537,
2828,101.1065,98.5741,35.1500,0.0282,0.3239,796,1.0000,1.0000,0.284157,-0.0877,-0.4804,
2829,101.1405,98.6665,35.2618,0.0924,0.1118,700,0.9163,1.0000,0.284157,-0.2965,-0.0376,
2830,101.1746,98.8285,35.7536,0.1620,0.4918,779,0.9900,1.0000,0.284157,-0.5172,-0.5444,
2831,101.2088,98.9229,36.3312,0.0944,0.5776,797,0.9975,1.0000,0.284157,-0.2985,-0.7883,
2832,101.2431,98.9898,36.4688,0.0670,0.1376,799,1.0000,1.0000,0.284157,-0.2145,-0.1187,
2833,101.2777,98.9963,36.3468,0.0064,-0.1221,799,1.0000,1.0000,0.284157,-0.0219,0.2075,
2834,101.3115,99.0563,36.1953,0.0600,-0.1514,800,1.0000,1.0000,0.284157,-0.1948,0.3381,
2835,101.3457,99.0682,36.2140,0.0120,0.0187,800,1.0000,1.0000,0.284157,-0.0383,-0.0117,
2836,101.3789,99.0995,36.4812,0.0313,0.2672,800,1.0000,1.0000,0.284157,-0.0982,-0.3838,
2837,101.4129,99.1334,36.2263,0.0339,-0.2549,799,1.0000,1.0000,0.284157,-0.1115,0.4650,
2838,101.4469,99.2569,35.9303,0.1235,-0.2960,800,1.0000,1.0000,0.284157,-0.4007,0.6706,
2839,101.4814,99.3130,35.8069,0.0561,-0.1234,782,1.0000,1.0000,0.284157,-0.1820,0.2868,
2840,101.5156,99.5757,36.1278,0.2626,0.3209,799,1.0000,1.0000,0.284157,-0.8430,-0.1119,
2841,101.5500,99.8753,36.8911,0.2997,0.7633,799,0.9988,1.0000,0.284157,-0.9581,-0.7701,
2842,101.5845,99.9912,36.8919,0.1159,0.0009,796,0.9988,1.0000,0.284157,-0.3733,0.1784,
2843,101.6189,100.0132,35.9085,0.0220,-0.9835,789,0.9950,1.0000,0.284157,-0.0803,1.6255,
2844,101.6525,99.9984,35.5984,-0.0148,-0.3100,800,1.0000,1.0000,0.284157,0.0447,0.4787,
2845,101.6873,99.9586,35.5517,-0.0398,-0.0468,799,1.0000,1.0000,0.284157,0.1278,0.0139,
2846,101.7212,100.0599,35.3407,0.1012,-0.2110,790,0.9988,1.0000,0.284157,-0.3282,0.4985,
2847,101.7557,100.1148,35.1077,0.0549,-0.2330,799,1.0000,1.0000,0.284157,-0.1791,0.4621,
2848,101.7899,100.2528,35.1041,0.1381,-0.0036,800,1.0000,1.0000,0.284157,-0.4449,0.2200,
2849,101.8240,100.3233,35.2668,0.0705,0.1627,800,1.0000,1.0000,0.284157,-0.2254,-0.1540,
2850,101.8568,100.2769,35.0260,-0.0464,-0.2409,794,0.9975,1.0000,0.284157,0.1472,0.3177,
2851,101.9145,100.4134,35.2849,0.1365,0.2590,799,0.9988,1.0000,0.284157,-0.4373,-0.2072,
2852,101.9489,100.4554,35.4942,0.0420,0.2092,799,0.9988,1.0000,0.284157,-0.1333,-0.2734,
2853,101.9828,100.4266,35.2086,-0.0289,-0.2856,797,0.9988,1.0000,0.284157,0.0903,0.4174,
2854,102.0169,100.4342,35.4561,0.0076,0.2475,799,0.9988,1.0000,0.284157,-0.0223,-0.3886,
2855,102.0509,100.4073,35.5926,-0.0269,0.1365,799,0.9988,1.0000,0.284157,0.0878,-0.2625,
2856,102.0848,100.4309,35.5628,0.0236,-0.0297,799,0.9988,1.0000,0.284157,-0.0762,0.0847,
2857,102.1220,100.4827,35.7569,0.0518,0.1941,797,0.9988,1.0000,0.284157,-0.1650,-0.2336,
2858,102.1567,100.5218,35.9590,0.0391,0.2021,798,0.9988,1.0000,0.284157,-0.1239,-0.2664,
2859,102.1909,100.6941,36.2803,0.1723,0.3213,799,0.9988,1.0000,0.284157,-0.5521,-0.2526,
2860,102.2254,100.7529,36.1329,0.0588,-0.1474,798,0.9988,1.0000,0.284157,-0.1909,0.3298,
2861,102.2594,100.6651,36.0766,-0.0879,-0.0563,797,0.9988,1.0000,0.284157,0.2825,-0.0452,
2862,102.2934,100.7895,36.5400,0.1245,0.4634,798,0.9988,1.0000,0.284157,-0.3966,-0.5567,
2863,102.3275,100.8753,36.7877,0.0858,0.2478,799,0.9988,1.0000,0.284157,-0.2739,-0.2678,
2864,102.3619,100.8917,36.3507,0.0164,-0.4370,798,0.9988,1.0000,0.284157,-0.0571,0.7326,
2865,102.3963,100.9591,36.6269,0.0674,0.2761,739,0.9762,1.0000,0.284157,-0.2146,-0.3422,
2866,102.4310,100.9895,36.4662,0.0304,-0.1607,797,0.9988,1.0000,0.284157,-0.0994,0.3072,
2867,102.4649,101.0523,36.1700,0.0628,-0.2961,796,0.9975,1.0000,0.284157,-0.2051,0.5766,
2868,102.4991,101.0089,36.0615,-0.0435,-0.1085,774,0.9975,1.0000,0.284157,0.1389,0.1081,
2869,102.5339,101.0920,36.0835,0.0831,0.0220,797,0.9988,1.0000,0.284157,-0.2676,0.0934,
2870,102.5683,101.0197,36.0648,-0.0723,-0.0187,794,0.9988,1.0000,0.284157,0.2328,-0.0819,
2871,102.6121,100.9201,35.3930,-0.0996,-0.6719,796,0.9988,1.0000,0.284157,0.3145,0.9326,
2872,102.6483,100.9398,35.1693,0.0198,-0.2236,791,0.9975,1.0000,0.284157,-0.0659,0.3926,
2873,102.6827,100.9644,35.3639,0.0246,0.1946,796,0.9988,1.0000,0.284157,-0.0774,-0.2766,
2874,102.7170,100.9762,35.1567,0.0117,-0.2072,798,0.9988,1.0000,0.284157,-0.0398,0.3534,
2875,102.7513,101.0245,35.0348,0.0483,-0.1219,797,0.9988,1.0000,0.284157,-0.1568,0.2722,
2876,102.7854,101.0122,35.1633,-0.0123,0.1285,790,0.9988,1.0000,0.284157,0.0408,-0.2270,
2877,102.8193,100.9275,34.7569,-0.0847,-0.4064,799,0.9988,1.0000,0.284157,0.2689,0.5263,
2878,102.8553,100.8629,34.3017,-0.0647,-0.4552,798,0.9988,1.0000,0.284157,0.2040,0.6362,
2879,102.8910,100.8382,33.9661,-0.0247,-0.3356,798,0.9988,1.0000,0.284157,0.0762,0.5048,
2880,102.9250,100.7263,33.7234,-0.1119,-0.2427,799,0.9988,1.0000,0.284157,0.3582,0.2191,
2881,102.9833,100.5550,33.0085,-0.1713,-0.7149,780,1.0000,1.0000,0.284157,0.5450,0.8910,
2882,103.0188,100.4953,32.8706,-0.0597,-0.1379,800,1.0000,1.0000,0.284157,0.1909,0.1305,
2883,103.0533,100.5638,33.0706,0.0684,0.1999,797,1.0000,1.0000,0.284157,-0.2185,-0.2173,
2884,103.0874,100.4577,32.8964,-0.1060,-0.1742,800,1.0000,1.0000,0.284157,0.3399,0.1174,
2885,103.1213,100.3769,32.3368,-0.0808,-0.5596,800,1.0000,1.0000,0.284157,0.2550,0.7802,
2886,103.1558,100.4415,32.4167,0.0646,0.0799,796,1.0000,1.0000,0.284157,-0.2073,-0.0292,
2887,103.1895,100.6918,33.0157,0.2503,0.5990,781,0.9912,1.0000,0.284157,-0.8005,-0.5809,
2888,103.2241,100.7298,32.5225,0.0380,-0.4931,767,0.9825,1.0000,0.284157,-0.1273,0.8570,
2889,103.2580,100.6044,31.4553,-0.1254,-1.0672,786,0.9875,1.0000,0.284157,0.3938,1.5323,
2890,103.2927,100.4800,31.5039,-0.1244,0.0486,734,0.9400,1.0000,0.284157,0.4014,-0.2718,
2891,103.3270,100.5497,31.8529,0.0697,0.3489,786,0.9975,1.0000,0.284157,-0.2213,-0.4565,
2892,103.3614,100.4778,31.6021,-0.0719,-0.2508,800,1.0000,1.0000,0.284157,0.2292,0.2943,
2893,103.3966,100.4713,31.5987,-0.0065,-0.0034,798,1.0000,1.0000,0.284157,0.0208,-0.0045,
2894,103.4304,100.5337,31.7824,0.0624,0.1837,800,1.0000,1.0000,0.284157,-0.1992,-0.2005,
2895,103.4667,100.6234,31.8856,0.0897,0.1032,799,1.0000,1.0000,0.284157,-0.2880,-0.0277,
2896,103.5020,100.6717,31.8029,0.0483,-0.0827,800,1.0000,1.0000,0.284157,-0.1564,0.2088,
2897,103.5367,100.6983,31.8898,0.0265,0.0869,800,1.0000,1.0000,0.284157,-0.0846,-0.0995,
2898,103.5702,100.7213,32.0659,0.0230,0.1761,799,1.0000,1.0000,0.284157,-0.0726,-0.2493,
2899,103.6040,100.7104,31.9858,-0.0109,-0.0802,797,1.0000,1.0000,0.284157,0.0344,0.1128,
2900,103.6410,100.6767,32.0728,-0.0337,0.0871,798,1.0000,1.0000,0.284157,0.1093,-0.1932,
2901,103.6751,100.7509,32.4274,0.0742,0.3546,800,1.0000,1.0000,0.284157,-0.2355,-0.4587,
2902,103.7121,100.8052,32.5072,0.0543,0.0797,764,0.9925,1.0000,0.284157,-0.1743,-0.0447,
2903,103.7463,100.7319,32.3623,-0.0733,-0.1449,777,0.9975,1.0000,0.284157,0.2347,0.1207,
2904,103.7805,100.8469,32.8477,0.1150,0.4854,798,1.0000,1.0000,0.284157,-0.3659,-0.6070,
2905,103.8156,100.8713,33.4246,0.0244,0.5769,798,1.0000,1.0000,0.284157,-0.0731,-0.8956,
2906,103.8500,100.9654,33.5849,0.0940,0.1603,756,0.9875,1.0000,0.284157,-0.3014,-0.1135,
2907,103.8848,101.0006,33.5834,0.0353,-0.0016,799,1.0000,1.0000,0.284157,-0.1136,0.0572,
2908,103.9187,101.0908,34.1503,0.0901,0.5669,799,1.0000,1.0000,0.284157,-0.2850,-0.7775,
2909,103.9534,101.1928,34.6145,0.1021,0.4643,800,1.0000,1.0000,0.284157,-0.3244,-0.5929,
2910,103.9880,101.3045,35.0637,0.1116,0.4491,800,1.0000,1.0000,0.284157,-0.3553,-0.5535,
2911,104.0453,101.4262,35.9228,0.1218,0.8591,796,0.9987,1.0000,0.284157,-0.3841,-1.2012,
2912,104.0835,101.4584,36.2028,0.0322,0.2800,800,1.0000,1.0000,0.284157,-0.1011,-0.4030,
2913,104.1178,101.5184,36.5633,0.0600,0.3605,798,0.9988,1.0000,0.284157,-0.1898,-0.4903,
2914,104.1534,101.5161,36.8743,-0.0023,0.3110,799,1.0000,1.0000,0.284157,0.0104,-0.5068,
2915,104.1875,101.6170,37.1195,0.1009,0.2452,799,1.0000,1.0000,0.284157,-0.3228,-0.2402,
2916,104.2218,101.6841,37.7028,0.0670,0.5833,797,0.9988,1.0000,0.284157,-0.2104,-0.8398,
2917,104.2567,101.7542,38.0779,0.0701,0.3751,799,1.0000,1.0000,0.284157,-0.2224,-0.4981,
2918,104.2904,101.8785,38.3075,0.1243,0.2296,799,1.0000,1.0000,0.284157,-0.3984,-0.1786,
2919,104.3249,101.8922,38.5706,0.0137,0.2631,800,1.0000,1.0000,0.284157,-0.0415,-0.4044,
2920,104.3657,101.8786,38.7529,-0.0136,0.1823,800,1.0000,1.0000,0.284157,0.0457,-0.3161,
2921,104.4162,101.8225,38.6459,-0.0561,-0.1070,799,1.0000,1.0000,0.284157,0.1797,0.0860,
2922,104.4519,101.7359,38.3962,-0.0866,-0.2497,798,0.9988,1.0000,0.284157,0.2765,0.2697,
2923,104.4863,101.6319,38.2158,-0.1040,-0.1804,799,1.0000,1.0000,0.284157,0.3334,0.1306,
2924,104.5205,101.6107,38.4171,-0.0212,0.2013,800,1.0000,1.0000,0.284157,0.0704,-0.3586,
2925,104.5544,101.7069,38.8227,0.0963,0.4056,798,1.0000,1.0000,0.284157,-0.3063,-0.5070,
2926,104.5905,101.7348,38.9538,0.0278,0.1310,765,0.9962,1.0000,0.284157,-0.0884,-0.1689,
2927,104.6249,101.7189,38.4871,-0.0158,-0.4667,775,0.9950,1.0000,0.284157,0.0466,0.7305,
2928,104.6594,101.7803,38.5162,0.0614,0.0291,799,1.0000,1.0000,0.284157,-0.1975,0.0481,
2929,104.6945,101.7547,38.7400,-0.0257,0.2238,797,1.0000,1.0000,0.284157,0.0849,-0.4020,
2930,104.7289,101.7698,38.4206,0.0152,-0.3194,757,0.9938,1.0000,0.284157,-0.0519,0.5403,
2931,104.7635,101.9075,38.5098,0.1377,0.0893,782,1.0000,1.0000,0.284157,-0.4426,0.0692,
2932,104.7978,101.8843,38.6115,-0.0232,0.1016,798,0.9988,1.0000,0.284157,0.0757,-0.2004,
2933,104.8319,101.7925,38.2482,-0.0917,-0.3633,787,0.9975,1.0000,0.284157,0.2920,0.4455,
2934,104.8674,101.7946,37.9645,0.0020,-0.2837,782,0.9988,1.0000,0.284157,-0.0092,0.4622,
2935,104.9010,101.8600,38.2946,0.0655,0.3301,799,1.0000,1.0000,0.284157,-0.2078,-0.4326,
2936,104.9356,101.8905,38.3917,0.0305,0.0971,799,1.0000,1.0000,0.284157,-0.0974,-0.1097,
2937,104.9707,101.8658,38.2804,-0.0247,-0.1113,799,1.0000,1.0000,0.284157,0.0785,0.1418,
2938,105.0048,101.8838,38.0253,0.0179,-0.2550,797,1.0000,1.0000,0.284157,-0.0602,0.4405,
2939,105.0390,101.8976,37.8481,0.0138,-0.1772,800,1.0000,1.0000,0.284157,-0.0461,0.3082,
2940,105.0838,101.9191,37.8928,0.0215,0.0447,800,1.0000,1.0000,0.284157,-0.0689,-0.0389,
2941,105.1487,102.0291,37.7618,0.1100,-0.1310,794,1.0000,1.0000,0.284157,-0.3557,0.3827,
2942,105.1837,102.1135,37.8273,0.0843,0.0655,799,1.0000,1.0000,0.284157,-0.2710,0.0249,
2943,105.2179,102.2305,37.8765,0.1171,0.0492,797,0.9988,1.0000,0.284157,-0.3766,0.1020,
2944,105.2523,102.2873,37.7107,0.0568,-0.1658,800,1.0000,1.0000,0.284157,-0.1845,0.3563,
2945,105.2866,102.2331,37.8359,-0.0542,0.1252,798,1.0000,1.0000,0.284157,0.1757,-0.2866,
2946,105.3209,102.3347,38.1300,0.1015,0.2941,800,1.0000,1.0000,0.284157,-0.3243,-0.3183,
2947,105.3551,102.3096,38.3109,-0.0251,0.1809,799,1.0000,1.0000,0.284157,0.0826,-0.3317,
2948,105.3893,102.3479,38.1725,0.0383,-0.1384,800,1.0000,1.0000,0.284157,-0.1247,0.2834,
2949,105.4231,102.3056,38.0573,-0.0422,-0.1151,796,1.0000,1.0000,0.284157,0.1349,0.1208,
2950,105.4571,102.2604,38.4470,-0.0453,0.3897,799,0.9988,1.0000,0.284157,0.1496,-0.7007,
2951,105.4914,102.2678,38.2950,0.0075,-0.1520,793,1.0000,1.0000,0.284157,-0.0255,0.2575,
2952,105.5258,102.2848,38.2054,0.0169,-0.0896,799,1.0000,1.0000,0.284157,-0.0554,0.1713,
2953,105.5663,102.3538,38.7794,0.0691,0.5740,793,0.9975,1.0000,0.284157,-0.2170,-0.8217,
2954,105.6016,102.4283,38.9122,0.0745,0.1328,800,1.0000,1.0000,0.284157,-0.2386,-0.0993,
2955,105.6369,102.7264,39.7887,0.2981,0.8765,798,1.0000,1.0000,0.284157,-0.9519,-0.9559,
2956,105.6706,103.3170,42.0277,0.5906,2.2390,713,0.9472,1.0000,0.284157,-1.8813,-2.7066,
2957,105.7040,104.0895,44.8847,0.7725,2.8569,688,0.8394,1.0000,0.284157,-2.4615,-3.4241,
2958,105.7391,105.3499,47.7392,1.2604,2.8545,684,0.8323,1.0000,0.284157,-4.0332,-2.6634,
2959,105.7745,106.6823,51.0269,1.3324,3.2877,695,0.8586,1.0000,0.284157,-4.2609,-3.2527,
2960,105.8100,108.6621,56.5298,1.9798,5.5029,633,0.7832,1.0000,0.284157,-6.3254,-5.8325,
2961,105.8456,111.1012,64.5273,2.4391,7.9975,447,0.4709,1.0000,0.284157,-7.7814,-9.1565,low_inlier
2962,105.8819,113.5286,72.3001,2.4274,7.7728,551,0.6700,1.0000,0.284157,-7.7459,-8.8109,
2963,105.9179,114.9668,77.9002,1.4382,5.6001,623,0.7000,1.0000,0.284157,-4.5798,-6.8301,
2964,105.9540,115.1060,79.6125,0.1392,1.7122,757,0.8500,1.0000,0.284157,-0.4321,-2.5545,
2965,105.9893,114.7505,79.1668,-0.3555,-0.4457,645,0.7084,1.0000,0.284157,1.1410,0.1696,
2966,106.0243,114.1101,75.9116,-0.6404,-3.2552,652,0.7957,1.0000,0.284157,2.0321,4.2736,
2967,106.0595,112.9640,71.0229,-1.1461,-4.8886,700,0.8198,1.0000,0.284157,3.6455,6.1320,
2968,106.0951,112.0850,68.4397,-0.8790,-2.5832,673,0.7347,1.0000,0.284157,2.8072,2.8160,
2969,106.1306,112.0522,68.1020,-0.0328,-0.3377,659,0.6475,1.0000,0.284157,0.1025,0.4955,
2970,106.1661,111.9218,66.7790,-0.1303,-1.3230,714,0.9374,1.0000,0.284157,0.4073,1.9385,
2971,106.2281,111.8077,66.1567,-0.1141,-0.6223,797,1.0000,1.0000,0.284157,0.3616,0.8300,
2972,106.2629,112.0680,66.7559,0.2603,0.5992,798,0.9975,1.0000,0.284157,-0.8328,-0.5657,
2973,106.2972,111.9580,65.2157,-0.1100,-1.5402,680,0.8523,1.0000,0.284157,0.3398,2.3215,
2974,106.3320,112.1153,65.0604,0.1573,-0.1553,781,0.9413,1.0000,0.284157,-0.5082,0.4953,
2975,106.3680,112.5948,67.1229,0.4795,2.0625,686,0.8596,1.0000,0.284157,-1.5252,-2.5933,
2976,106.4030,113.0072,68.3821,0.4124,1.2593,781,0.9274,1.0000,0.284157,-1.3164,-1.3978,
2977,106.4383,113.0718,68.1618,0.0646,-0.2204,798,0.9988,1.0000,0.284157,-0.2102,0.4568,
2978,106.4729,112.7528,67.9706,-0.3190,-0.1911,798,0.9988,1.0000,0.284157,1.0258,-0.1856,
2979,106.5073,112.5013,67.9037,-0.2516,-0.0669,799,0.9988,1.0000,0.284157,0.8098,-0.2820,
2980,106.5419,112.3460,67.9563,-0.1553,0.0526,800,1.0000,1.0000,0.284157,0.5007,-0.3260,
2981,106.5764,112.1019,67.8127,-0.2441,-0.1437,797,0.9988,1.0000,0.284157,0.7849,-0.1462,
2982,106.6109,111.9716,67.6846,-0.1303,-0.1281,800,1.0000,1.0000,0.284157,0.4184,0.0051,
2983,106.6450,111.8919,67.6980,-0.0798,0.0134,800,1.0000,1.0000,0.284157,0.2571,-0.1454,
2984,106.6790,111.8451,67.8814,-0.0467,0.1834,800,1.0000,1.0000,0.284157,0.1523,-0.3693,
2985,106.7131,111.8138,68.3607,-0.0313,0.4793,799,1.0000,1.0000,0.284157,0.1055,-0.8241,
2986,106.7477,111.8438,68.8868,0.0300,0.5261,797,1.0000,1.0000,0.284157,-0.0916,-0.8048,
2987,106.7821,111.9387,69.4160,0.0949,0.5292,799,1.0000,1.0000,0.284157,-0.3006,-0.7091,
2988,106.8169,112.0769,70.0516,0.1382,0.6356,798,1.0000,1.0000,0.284157,-0.4393,-0.8139,
2989,106.8520,112.4165,71.1296,0.3396,1.0780,792,0.9937,1.0000,0.284157,-1.0838,-1.2174,
2990,106.8878,112.5315,71.6063,0.1150,0.4767,713,0.9113,1.0000,0.284157,-0.3660,-0.5929,
2991,106.9227,112.2347,71.1907,-0.2968,-0.4155,791,0.9900,1.0000,0.284157,0.9523,0.2119,
2992,106.9576,111.3882,69.1890,-0.8465,-2.0018,667,0.8237,1.0000,0.284157,2.7081,1.9257,
2993,106.9928,109.7018,65.3679,-1.6864,-3.8210,642,0.6140,1.0000,0.284157,5.3963,3.5664,
2994,107.0282,108.3554,69.9266,-1.3464,4.5587,352,0.0431,1.0000,0.284157,4.3808,-9.4650,low_inlier
2995,107.0632,-3.2421,-6.7206,-3.2421,-6.7206,648,0.4518,1.0000,0.284157,10.3803,5.8446,low_inlier
2996,107.0909,-3.5728,-8.7254,-0.3307,-2.0048,705,0.6600,1.0000,0.284157,1.0463,2.7308,
2997,107.1188,-4.0004,-8.2957,-0.4276,0.4298,672,0.8448,1.0000,0.284157,1.3816,-1.3587,
2998,107.1464,-4.8296,-8.3091,-0.8292,-0.0134,772,0.9548,1.0000,0.284157,2.6711,-1.2647,
2999,107.1734,-5.8620,-9.4546,-1.0325,-1.1455,780,0.9750,1.0000,0.284157,3.3152,0.2518,
3000,107.2002,-6.8858,-11.5396,-1.0238,-2.0851,706,0.9125,1.0000,0.284157,3.2783,1.7855,
3001,107.2534,-7.0085,-12.1566,-0.1227,-0.6169,674,0.8313,1.0000,0.284157,0.3895,0.8078,
3002,107.2803,-6.8424,-12.3606,0.1661,-0.2040,674,0.8488,1.0000,0.284157,-0.5371,0.5878,
3003,107.3071,-6.8989,-12.4947,-0.0565,-0.1341,656,0.7875,1.0000,0.284157,0.1806,0.1294,
3004,107.3339,-6.7905,-11.2492,0.1083,1.2455,660,0.7957,1.0000,0.284157,-0.3371,-1.8472,
3005,107.3609,-6.9132,-9.8578,-0.1227,1.3914,776,0.9686,1.0000,0.284157,0.4085,-2.4417,
3006,107.3880,-6.8654,-8.6909,0.0479,1.1669,791,0.9925,1.0000,0.284157,-0.1431,-1.8138,
3007,107.4149,-6.8548,-7.8907,0.0106,0.8002,753,0.9837,1.0000,0.284157,-0.0265,-1.2783,
3008,107.4420,-6.7562,-6.9326,0.0986,0.9581,776,0.9737,1.0000,0.284157,-0.3086,-1.3972,
3009,107.4688,-6.9405,-6.3047,-0.1843,0.6279,782,0.9900,1.0000,0.284157,0.5998,-1.3020,
3010,107.4959,-7.5754,-6.9389,-0.6349,-0.6342,779,0.9825,1.0000,0.284157,2.0394,0.0411,
3011,107.5229,-8.0163,-7.9345,-0.4409,-0.9956,782,0.9825,1.0000,0.284157,1.4108,0.9270,
3012,107.5498,-8.1750,-8.2517,-0.1587,-0.3173,785,0.9925,1.0000,0.284157,0.5083,0.2671,
3013,107.5770,-8.1239,-7.1568,0.0511,1.0950,733,0.9737,1.0000,0.284157,-0.1542,-1.6924,
3014,107.6018,0.1996,1.7288,0.1996,1.7288,765,0.9386,1.0000,0.284157,-0.6266,-2.4876,
3015,107.6296,0.4846,2.5889,0.2850,0.8601,779,0.9762,1.0000,0.284157,-0.9099,-0.9495,
3016,107.6557,0.4311,2.3842,-0.0536,-0.2047,780,0.9850,1.0000,0.284157,0.1706,0.2480,
3017,107.6823,0.4165,2.1170,-0.0145,-0.2672,781,0.9825,1.0000,0.284157,0.0442,0.4099,
3018,107.7089,0.3207,2.3940,-0.0958,0.2770,784,0.9838,1.0000,0.284157,0.3113,-0.5969,
3019,107.7352,0.4355,2.8515,0.1148,0.4575,786,0.9900,1.0000,0.284157,-0.3654,-0.5622,
3020,107.7618,0.5327,3.1786,0.0972,0.3271,788,0.9900,1.0000,0.284157,-0.3100,-0.3785,
3021,107.7874,0.5338,3.0539,0.0011,-0.1247,777,0.9875,1.0000,0.284157,-0.0047,0.2035,
3022,107.8137,0.6215,2.6283,0.0878,-0.4256,741,0.9663,1.0000,0.284157,-0.2868,0.8248,
3023,107.8417,0.7686,2.8085,0.1471,0.1802,784,0.9900,1.0000,0.284157,-0.4720,-0.0634,
3024,107.8685,0.8790,3.0060,0.1104,0.1975,786,0.9875,1.0000,0.284157,-0.3537,-0.1483,
3025,107.8956,0.9007,2.7288,0.0217,-0.2772,785,0.9862,1.0000,0.284157,-0.0724,0.4822,
3026,107.9220,0.8191,2.3100,-0.0815,-0.4188,779,0.9888,1.0000,0.284157,0.2586,0.5511,
3027,107.9485,0.7231,1.6201,-0.0960,-0.6899,773,0.9775,1.0000,0.284157,0.3028,0.9674,
3028,107.9814,0.6170,1.6024,-0.1061,-0.0177,776,0.9838,1.0000,0.284157,0.3417,-0.1360,
3029,108.0085,0.5894,2.1366,-0.0276,0.5342,773,0.9725,1.0000,0.284157,0.0939,-0.9072,
3030,108.0356,0.6565,2.0853,0.0671,-0.0513,783,0.9838,1.0000,0.284157,-0.2166,0.1871,
3031,108.0864,0.6180,1.7413,-0.0385,-0.3440,797,1.0000,1.0000,0.284157,0.1208,0.4968,
3032,108.1129,0.4552,1.7126,-0.1628,-0.0287,700,0.9038,1.0000,0.284157,0.5243,-0.2062,
3033,108.1397,0.3932,1.8303,-0.0619,0.1178,662,0.8325,1.0000,0.284157,0.2006,-0.2866,
3034,108.1660,0.4523,2.0204,0.0591,0.1900,777,0.9838,1.0000,0.284157,-0.1885,-0.2158,
3035,108.1924,0.6369,1.7330,0.1846,-0.2874,721,0.9087,1.0000,0.284157,-0.5975,0.7515,
3036,108.2193,2.5789,0.4788,1.9419,-1.2542,692,0.6704,1.0000,0.284157,-6.2679,5.0421,
3037,108.2481,6.2447,2.1905,3.6658,1.7118,551,0.2970,1.0000,0.284157,-11.7932,2.9174,low_inlier
3038,108.2822,9.4415,5.8739,3.1968,3.6833,579,0.2114,1.0000,0.284157,-10.2634,-1.0003,low_inlier
3039,108.3121,9.4824,-1.8605,0.0409,-7.7343,462,0.1649,1.0000,0.284157,-0.2056,12.5781,low_inlier
3040,108.3441,3.3400,4.8039,3.3400,4.8039,468,0.1856,1.0000,0.284157,-10.7141,-2.5913,low_inlier
3041,108.3725,4.3585,7.1458,1.0185,2.3419,758,0.0000,1.0000,0.284157,-3.2587,-2.2093,low_inlier
3042,108.4001,7.1840,8.5847,2.8255,1.4389,512,0.3050,1.0000,0.284157,-9.0886,2.0553,low_inlier
3043,108.4282,8.2669,7.5786,1.0829,-1.0060,618,0.6333,1.0000,0.284157,-3.4981,3.3078,
3044,108.4560,9.8275,6.4294,1.5607,-1.1492,679,0.8346,1.0000,0.284157,-5.0386,4.2807,
3045,108.4834,10.9691,4.7185,1.1416,-1.7109,674,0.8348,1.0000,0.284157,-3.6941,4.5394,
3046,108.5108,14.0737,4.0955,3.1046,-0.6231,601,0.5276,1.0000,0.284157,-10.0073,5.8246,
3047,108.5385,15.9321,3.0331,1.8584,-1.0623,471,0.4125,1.0000,0.284157,-5.9971,4.6021,low_inlier
3048,108.5670,16.0772,2.8449,0.1450,-0.1882,644,0.7963,1.0000,0.284157,-0.4691,0.5296,
3049,108.6000,16.9038,3.0067,0.8266,0.1618,621,0.4725,1.0000,0.284157,-2.6614,1.0205,low_inlier
3050,108.6286,19.0111,3.0402,2.1074,0.0334,577,0.6700,1.0000,0.284157,-6.7886,3.2152,
3051,108.6562,20.1654,2.5057,1.1543,-0.5345,663,0.7900,1.0000,0.284157,-3.7236,2.6556,
3052,108.6836,21.7349,1.8465,1.5695,-0.6592,615,0.7450,1.0000,0.284157,-5.0626,3.5015,
3053,108.7114,23.5240,0.4038,1.7890,-1.4427,588,0.6913,1.0000,0.284157,-5.7771,5.1099,
3054,108.7373,1.5422,-0.5013,1.5422,-0.5013,529,0.5833,1.0000,0.284157,-4.9729,3.2037,
3055,108.7649,1.4146,-1.5291,-0.1276,-1.0278,757,0.9300,1.0000,0.284157,0.4011,1.4651,
3056,108.7921,1.3054,-3.1058,-0.1092,-1.5767,654,0.8600,1.0000,0.284157,0.3369,2.3818,
3057,108.8191,1.6016,-4.5152,0.2963,-1.4094,782,0.8812,1.0000,0.284157,-0.9678,2.7401,
3058,108.8529,1.6218,-5.4478,0.0202,-0.9326,783,0.9825,1.0000,0.284157,-0.0739,1.5403,
3059,108.8830,1.8273,-6.2722,0.2055,-0.8244,777,0.9725,1.0000,0.284157,-0.6699,1.6528,
3060,108.9100,1.8113,-7.0896,-0.0160,-0.8174,789,0.9888,1.0000,0.284157,0.0439,1.2976,
3061,108.9584,0.1961,-0.9120,0.1961,-0.9120,782,0.9887,1.0000,0.284157,-0.6404,1.7798,
3062,108.9852,0.7692,-1.3024,0.5731,-0.3905,791,0.9862,1.0000,0.284157,-1.8499,1.5209,
3063,109.0124,1.5964,-0.5356,0.8272,0.7669,758,0.9688,1.0000,0.284157,-2.6575,0.0425,
3064,109.0392,2.7337,0.3101,1.1373,0.8457,777,0.9688,1.0000,0.284157,-3.6559,0.3961,
3065,109.0661,2.9961,-0.7041,0.2624,-1.0142,795,0.9950,1.0000,0.284157,-0.8550,2.0481,
3066,109.0931,3.0776,-2.2250,0.0815,-1.5209,790,0.9912,1.0000,0.284157,-0.2772,2.5874,
3067,109.1179,0.2046,-1.0350,0.2046,-1.0350,789,0.9887,1.0000,0.284157,-0.6689,1.9921,
3068,109.1447,0.3424,-1.3161,0.1378,-0.2811,791,0.9925,1.0000,0.284157,-0.4467,0.6687,
3069,109.1714,0.5752,-1.3007,0.2328,0.0155,790,0.9925,1.0000,0.284157,-0.7499,0.3362,
3070,109.1983,0.7733,-1.7122,0.1981,-0.4116,772,0.9775,1.0000,0.284157,-0.6420,0.9732,
3071,109.2251,1.2026,-2.3797,0.4293,-0.6675,778,0.9837,1.0000,0.284157,-1.3895,1.7461,
3072,109.2521,1.7571,-3.1707,0.5544,-0.7909,740,0.9324,1.0000,0.284157,-1.7936,2.1399,
3073,109.2775,1.1375,-0.6918,1.1375,-0.6918,706,0.8492,1.0000,0.284157,-3.6711,2.8841,
3074,109.3043,2.3619,-1.5046,1.2244,-0.8128,708,0.5217,1.0000,0.284157,-3.9521,3.2147,
3075,109.3317,3.1290,-2.7193,0.7671,-1.2146,713,0.4911,1.0000,0.284157,-2.4828,3.1555,low_inlier
3076,109.3594,3.8327,-6.7072,0.7037,-3.9879,673,0.3291,1.0000,0.284157,-2.3049,7.5444,low_inlier
3077,109.3871,4.4887,-13.2750,0.6560,-6.5678,528,0.0886,1.0000,0.284157,-2.1761,11.6449,low_inlier
3078,109.4150,4.8820,-19.8971,0.3932,-6.6221,430,0.0764,1.0000,0.284157,-1.3300,11.3250,low_inlier
3079,109.4413,0.1648,-2.5694,0.1648,-2.5694,557,0.3533,1.0000,0.284157,-0.5555,4.4132,low_inlier
3080,109.4690,0.4697,-2.7816,0.3049,-0.2122,708,0.8475,1.0000,0.284157,-0.9842,0.8164,
3081,109.4961,0.3668,-3.8706,-0.1029,-1.0890,724,0.8675,1.0000,0.284157,0.3211,1.6024,
3082,109.5231,-0.2326,-6.9377,-0.5994,-3.0670,673,0.7820,1.0000,0.284157,1.9016,4.0328,
3083,109.5509,-0.7517,-10.5220,-0.5191,-3.5843,686,0.7113,1.0000,0.284157,1.6383,4.9942,
3084,109.5788,-0.8206,-12.7089,-0.0689,-2.1869,682,0.5932,1.0000,0.284157,0.2011,3.4317,
3085,109.6043,-0.0314,-0.7786,-0.0314,-0.7786,738,0.8337,1.0000,0.284157,0.0938,1.2110,
3086,109.6316,-0.2877,-1.4002,-0.2562,-0.6217,766,0.9587,1.0000,0.284157,0.8196,0.6084,
3087,109.6587,-0.9751,-3.5972,-0.6875,-2.1970,702,0.8411,1.0000,0.284157,2.1938,2.4883,
3088,109.6860,-1.7560,-7.1098,-0.7808,-3.5125,638,0.3836,1.0000,0.284157,2.4820,4.4721,low_inlier
3089,109.7139,-2.1825,-10.4561,-0.4265,-3.3463,587,0.2137,1.0000,0.284157,1.3420,4.7529,low_inlier
3090,109.7419,-2.4604,-11.9006,-0.2779,-1.4445,655,0.4863,1.0000,0.284157,0.8816,1.9062,low_inlier
3091,109.7909,-0.5350,-1.4339,-0.5350,-1.4339,760,0.8650,1.0000,0.284157,1.7099,1.4901,
3092,109.8179,-1.6178,-4.0896,-1.0828,-2.6557,746,0.6075,1.0000,0.284157,3.4629,2.6173,
3093,109.8443,-3.0808,-7.8545,-1.4630,-3.7649,703,0.2963,1.0000,0.284157,4.6771,3.8221,low_inlier
3094,109.8723,-4.3755,-11.2347,-1.2948,-3.3802,665,0.2112,1.0000,0.284157,4.1389,3.4606,low_inlier
3095,109.8999,-5.6825,-13.3389,-1.3069,-2.1043,688,0.4325,1.0000,0.284157,4.1902,1.3773,low_inlier
3096,109.9279,-6.8119,-14.1866,-1.1294,-0.8476,783,0.9788,1.0000,0.284157,3.6304,-0.3807,
3097,109.9603,-0.9532,-0.8295,-0.9532,-0.8295,788,0.9800,1.0000,0.284157,3.0627,-0.1366,
3098,109.9942,-1.5297,-2.1130,-0.5766,-1.2835,777,0.9825,1.0000,0.284157,1.8452,1.1823,
3099,110.0272,-1.6201,-2.4262,-0.0904,-0.3132,787,0.9850,1.0000,0.284157,0.2883,0.3665,
3100,110.0606,-1.3678,-1.2215,0.2524,1.2047,785,0.9912,1.0000,0.284157,-0.8016,-1.5577,
3101,110.0941,-0.9367,0.8033,0.4310,2.0249,780,0.9850,1.0000,0.284157,-1.3693,-2.6077,
3102,110.1272,-0.6872,2.3973,0.2495,1.5940,790,0.9888,1.0000,0.284157,-0.7886,-2.1921,
3103,110.1607,-0.5626,2.9910,0.1246,0.5937,793,0.9975,1.0000,0.284157,-0.3958,-0.7673,
3104,110.1938,-0.5301,3.0795,0.0325,0.0885,795,1.0000,1.0000,0.284157,-0.1039,-0.0927,
3105,110.2271,-0.4529,3.6068,0.0772,0.5273,796,1.0000,1.0000,0.284157,-0.2436,-0.7336,
3106,110.2607,-0.4228,4.2900,0.0301,0.6831,794,0.9962,1.0000,0.284157,-0.0905,-1.0587,
3107,110.2938,-0.2631,4.7429,0.1598,0.4529,794,1.0000,1.0000,0.284157,-0.5103,-0.4850,
3108,110.3273,-0.1753,5.3051,0.0877,0.5622,792,0.9962,1.0000,0.284157,-0.2772,-0.7736,
3109,110.3603,-0.1322,5.3393,0.0431,0.0342,799,1.0000,1.0000,0.284157,-0.1386,0.0116,
3110,110.3942,-0.0667,5.1777,0.0655,-0.1616,794,0.9988,1.0000,0.284157,-0.2126,0.3631,
3111,110.4271,0.0025,5.3131,0.0692,0.1353,798,1.0000,1.0000,0.284157,-0.2217,-0.1116,
3112,110.4602,0.0474,5.5732,0.0449,0.2601,793,1.0000,1.0000,0.284157,-0.1420,-0.3513,
3113,110.4938,0.0067,5.4116,-0.0407,-0.1616,794,0.9988,1.0000,0.284157,0.1297,0.1983,
3114,110.5272,-0.1637,4.8740,-0.1704,-0.5377,793,1.0000,1.0000,0.284157,0.5438,0.6056,
3115,110.5603,-0.2580,4.7382,-0.0943,-0.1358,795,0.9988,1.0000,0.284157,0.3024,0.0735,
3116,110.5937,-0.1622,5.1192,0.0958,0.3810,793,0.9988,1.0000,0.284157,-0.3051,-0.4678,
3117,110.6272,-0.0736,5.2064,0.0886,0.0872,796,1.0000,1.0000,0.284157,-0.2846,-0.0037,
3118,110.6602,-0.0294,4.6905,0.0442,-0.5159,791,0.9975,1.0000,0.284157,-0.1473,0.9034,
3119,110.6936,0.2575,4.7448,0.2869,0.0544,773,0.9587,1.0000,0.284157,-0.9236,0.3571,
3120,110.7271,1.2542,7.0082,0.9967,2.2634,741,0.7350,1.0000,0.284157,-3.1893,-2.1160,
3121,110.7780,3.3939,12.1373,2.1397,5.1291,769,0.2866,1.0000,0.284157,-6.8441,-4.9796,low_inlier
3122,110.8060,2.0486,7.5606,-1.3452,-4.5766,380,0.0875,1.0000,0.284157,4.2900,5.3183,low_inlier
3123,110.8343,7.3159,22.8670,5.2673,15.3063,769,0.0063,1.0000,0.284157,-16.8228,-16.5949,low_inlier
3124,110.8635,13.7105,43.8276,6.3945,20.9607,404,0.0064,1.0000,0.284157,-20.4003,-23.9951,low_inlier
3125,110.8937,18.4979,59.3840,4.7874,15.5564,228,0.0464,1.0000,0.284157,-15.2744,-17.7439,low_inlier
3126,110.9271,16.8592,55.8891,-1.6387,-3.4949,351,0.0766,1.0000,0.284157,5.2457,3.1127,low_inlier
3127,110.9603,18.4027,63.4609,1.5435,7.5718,415,0.1713,1.0000,0.284157,-4.9001,-9.8571,low_inlier
3128,110.9932,18.8854,68.3009,0.4828,4.8400,713,0.3095,1.0000,0.284157,-1.5091,-7.0825,low_inlier
3129,111.0269,18.9557,69.7081,0.0702,1.4072,772,0.8213,1.0000,0.284157,-0.2129,-2.1679,
3130,111.0602,18.9695,69.1845,0.0139,-0.5236,789,0.9875,1.0000,0.284157,-0.0496,0.8687,
3131,111.0937,18.9217,68.9107,-0.0479,-0.2738,790,0.9875,1.0000,0.284157,0.1516,0.3688,
3132,111.1271,18.7898,68.4259,-0.1319,-0.4848,776,0.9838,1.0000,0.284157,0.4202,0.5798,
3133,111.1603,18.7447,67.4477,-0.0451,-0.9782,780,0.9750,1.0000,0.284157,0.1359,1.5129,
3134,111.1934,18.5168,66.1599,-0.2279,-1.2877,786,0.9613,1.0000,0.284157,0.7220,1.7300,
3135,111.2268,18.3436,66.1662,-0.1732,0.0062,787,0.9888,1.0000,0.284157,0.5581,-0.2788,
3136,111.2601,17.9578,65.2653,-0.3858,-0.9009,781,0.9625,1.0000,0.284157,1.2343,0.8592,
3137,111.2932,17.1622,62.3225,-0.7956,-2.9427,774,0.8775,1.0000,0.284157,2.5350,3.5272,
3138,111.3267,16.6179,60.5864,-0.5443,-1.7361,775,0.9062,1.0000,0.284157,1.7371,1.9647,
3139,111.3601,16.3628,60.3536,-0.2551,-0.2328,791,0.9962,1.0000,0.284157,0.8195,-0.0190,
3140,111.3933,15.8830,59.0332,-0.4798,-1.3203,768,0.9537,1.0000,0.284157,1.5332,1.3919,
3141,111.4270,15.4234,57.0968,-0.4595,-1.9365,779,0.9675,1.0000,0.284157,1.4619,2.4204,
3142,111.4600,15.2267,56.6922,-0.1967,-0.4046,793,0.9912,1.0000,0.284157,0.6298,0.3495,
3143,111.4935,15.0674,56.9098,-0.1594,0.2176,789,0.9912,1.0000,0.284157,0.5154,-0.5993,
3144,111.5268,14.9676,56.4136,-0.0997,-0.4962,784,0.9888,1.0000,0.284157,0.3166,0.6481,
3145,111.5601,14.9755,56.4302,0.0078,0.0166,794,1.0000,1.0000,0.284157,-0.0250,-0.0147,
3146,111.5933,14.8326,56.1970,-0.1428,-0.2332,792,0.9925,1.0000,0.284157,0.4579,0.1557,
3147,111.6266,14.6278,55.6969,-0.2048,-0.5001,787,0.9938,1.0000,0.284157,0.6550,0.4914,
3148,111.6599,14.4724,55.0225,-0.1554,-0.6744,782,0.9900,1.0000,0.284157,0.4941,0.8502,
3149,111.6932,14.1332,54.2103,-0.3392,-0.8122,783,0.9587,1.0000,0.284157,1.0851,0.7880,
3150,111.7264,13.6723,53.6379,-0.4609,-0.5724,784,0.9712,1.0000,0.284157,1.4794,0.2110,
3151,111.7777,12.7023,52.0049,-0.9700,-1.6330,674,0.8494,1.0000,0.284157,3.1094,1.1373,
3152,111.8051,12.1803,49.8434,-0.5220,-2.1615,697,0.8686,1.0000,0.284157,1.6609,2.6877,
3153,111.8326,12.1023,49.3673,-0.0780,-0.4761,779,0.9725,1.0000,0.284157,0.2466,0.6494,
3154,111.8597,12.0356,49.7049,-0.0668,0.3376,779,0.9762,1.0000,0.284157,0.2183,-0.6498,
3155,111.8934,11.7999,48.7869,-0.2356,-0.9180,704,0.9100,1.0000,0.284157,0.7504,1.1199,
3156,111.9266,11.7959,48.1195,-0.0040,-0.6674,782,0.9762,1.0000,0.284157,0.0066,1.0737,
3157,111.9602,11.7100,48.2092,-0.0859,0.0898,763,0.9613,1.0000,0.284157,0.2776,-0.2786,
3158,111.9932,-0.0947,-0.2808,-0.0947,-0.2808,773,0.9700,1.0000,0.284157,0.3022,0.3075,
3159,112.0266,-0.1923,-0.6924,-0.0977,-0.4116,747,0.9387,1.0000,0.284157,0.3107,0.5145,
3160,112.0599,-0.3096,-0.6709,-0.1173,0.0214,754,0.9463,1.0000,0.284157,0.3780,-0.2166,
3161,112.0935,-0.3434,-0.3060,-0.0339,0.3650,771,0.9700,1.0000,0.284157,0.1126,-0.6431,
3162,112.1267,-0.3332,-0.2979,0.0102,0.0080,780,0.9825,1.0000,0.284157,-0.0329,0.0029,
3163,112.1601,-0.3941,-0.4260,-0.0609,-0.1281,755,0.9437,1.0000,0.284157,0.1951,0.1128,
3164,112.1934,-0.3771,-0.4452,0.0170,-0.0191,770,0.9738,1.0000,0.284157,-0.0549,0.0573,
3165,112.2264,-0.3650,0.3111,0.0122,0.7563,766,0.9663,1.0000,0.284157,-0.0320,-1.2048,
3166,112.2596,-0.2774,0.8315,0.0876,0.5204,757,0.9525,1.0000,0.284157,-0.2771,-0.7062,
3167,112.2934,-0.2415,0.9847,0.0359,0.1533,780,0.9800,1.0000,0.284157,-0.1141,-0.1923,
3168,112.3263,-0.1749,1.0542,0.0666,0.0694,756,0.9500,1.0000,0.284157,-0.2138,-0.0091,
3169,112.3597,-0.1021,1.0657,0.0728,0.0115,765,0.9637,1.0000,0.284157,-0.2345,0.0943,
3170,112.3929,-0.0959,1.2530,0.0062,0.1873,776,0.9812,1.0000,0.284157,-0.0181,-0.2935,
3171,112.4263,-0.1763,1.0123,-0.0803,-0.2407,737,0.9313,1.0000,0.284157,0.2564,0.2649,
3172,112.4598,-0.2434,0.5715,-0.0672,-0.4408,747,0.9437,1.0000,0.284157,0.2122,0.6090,
3173,112.4931,-0.2522,0.5647,-0.0088,-0.0068,780,0.9825,1.0000,0.284157,0.0282,-0.0026,
3174,112.5263,-0.2119,0.6740,0.0403,0.1093,756,0.9525,1.0000,0.284157,-0.1288,-0.1144,
3175,112.5597,-0.2482,0.8288,-0.0363,0.1548,762,0.9587,1.0000,0.284157,0.1185,-0.3068,
3176,112.5933,-0.2735,0.6347,-0.0253,-0.1941,752,0.9550,1.0000,0.284157,0.0796,0.2749,
3177,112.6264,-0.2686,0.1689,0.0049,-0.4658,754,0.9537,1.0000,0.284157,-0.0202,0.7612,
3178,112.6596,-0.2959,0.2218,-0.0273,0.0528,766,0.9688,1.0000,0.284157,0.0883,-0.1278,
3179,112.6929,-0.2569,0.7972,0.0390,0.5755,752,0.9475,1.0000,0.284157,-0.1200,-0.8707,
3180,112.7266,-0.3388,0.8357,-0.0819,0.0385,750,0.9400,1.0000,0.284157,0.2642,-0.1893,
3181,112.7777,-0.3666,0.5877,-0.0278,-0.2480,794,0.9962,1.0000,0.284157,0.0871,0.3582,
3182,112.8046,-0.3918,0.6220,-0.0252,0.0343,794,0.9950,1.0000,0.284157,0.0814,-0.0946,
3183,112.8306,-0.4512,0.5595,-0.0594,-0.0626,795,0.9950,1.0000,0.284157,0.1909,0.0090,
3184,112.8595,-0.4719,0.4224,-0.0207,-0.1371,798,0.9975,1.0000,0.284157,0.0655,0.1896,
3185,112.8928,-0.4332,0.5151,0.0388,0.0927,797,0.9962,1.0000,0.284157,-0.1241,-0.0899,
3186,112.9266,-0.3966,0.3616,0.0365,-0.1536,797,0.9975,1.0000,0.284157,-0.1191,0.3051,
3187,112.9596,-0.4252,0.1104,-0.0285,-0.2511,798,0.9975,1.0000,0.284157,0.0896,0.3621,
3188,112.9928,-0.4211,0.2339,0.0041,0.1235,797,0.9975,1.0000,0.284157,-0.0121,-0.1934,
3189,113.0261,-0.2726,0.3022,0.1484,0.0683,790,0.9912,1.0000,0.284157,-0.4775,0.1198,
3190,113.0613,-0.2754,0.2802,-0.0028,-0.0220,799,1.0000,1.0000,0.284157,0.0089,0.0313,
3191,113.0927,-0.2800,0.2087,-0.0045,-0.0715,798,0.9988,1.0000,0.284157,0.0139,0.1087,
3192,113.1262,-0.2689,-0.0006,0.0110,-0.2093,798,0.9988,1.0000,0.284157,-0.0375,0.3557,
3193,113.1595,-0.1914,0.0969,0.0775,0.0975,796,0.9962,1.0000,0.284157,-0.2487,-0.0375,
3194,113.1928,-0.2232,0.0468,-0.0318,-0.0501,799,1.0000,1.0000,0.284157,0.1019,0.0317,
3195,113.2263,-0.2192,-0.1398,0.0040,-0.1866,799,0.9988,1.0000,0.284157,-0.0148,0.3082,
3196,113.2593,-0.2193,0.0567,-0.0001,0.1964,798,1.0000,1.0000,0.284157,0.0023,-0.3181,
3197,113.2927,-0.1941,0.3539,0.0251,0.2972,798,1.0000,1.0000,0.284157,-0.0782,-0.4419,
3198,113.3263,-0.2304,0.3939,-0.0363,0.0400,794,0.9938,1.0000,0.284157,0.1172,-0.1209,
3199,113.3592,-0.3132,0.2766,-0.0828,-0.1173,795,0.9950,1.0000,0.284157,0.2655,0.0614,
3200,113.3927,-0.3409,0.3063,-0.0277,0.0297,796,0.9962,1.0000,0.284157,0.0896,-0.0910,
3201,113.4257,-0.3767,0.3700,-0.0358,0.0637,796,0.9975,1.0000,0.284157,0.1160,-0.1586,
3202,113.4593,-0.3194,0.4459,0.0573,0.0760,797,0.9975,1.0000,0.284157,-0.1838,-0.0341,
3203,113.4979,-0.3256,0.6876,-0.0062,0.2416,799,0.9988,1.0000,0.284157,0.0223,-0.4006,
3204,113.5258,-0.3491,0.8142,-0.0235,0.1267,795,0.9962,1.0000,0.284157,0.0769,-0.2414,
3205,113.5593,-0.3422,0.5901,0.0069,-0.2241,796,0.9988,1.0000,0.284157,-0.0245,0.3734,
3206,113.5923,-0.3808,0.2414,-0.0386,-0.3487,796,0.9962,1.0000,0.284157,0.1212,0.5042,
3207,113.6259,-0.4364,0.3661,-0.0556,0.1247,796,0.9975,1.0000,0.284157,0.1802,-0.2879,
3208,113.6592,-0.4283,0.5376,0.0081,0.1715,797,0.9975,1.0000,0.284157,-0.0245,-0.2649,
3209,113.6926,-0.3757,0.4549,0.0526,-0.0827,795,0.9988,1.0000,0.284157,-0.1702,0.2154,
3210,113.7258,-0.3438,0.2808,0.0319,-0.1741,798,0.9988,1.0000,0.284157,-0.1045,0.3312,
3211,113.7765,-0.2859,0.3250,0.0579,0.0441,798,0.9975,1.0000,0.284157,-0.1860,0.0184,
3212,113.8030,-0.3314,-0.2614,-0.0455,-0.5864,795,0.9962,1.0000,0.284157,0.1409,0.8782,
3213,113.8309,-0.3070,-0.4179,0.0244,-0.1565,796,0.9975,1.0000,0.284157,-0.0801,0.2911,
3214,113.8592,-0.3987,-0.1668,-0.0917,0.2511,796,0.9975,1.0000,0.284157,0.2977,-0.5484,
3215,113.8926,-0.3805,-0.3139,0.0181,-0.1471,799,0.9988,1.0000,0.284157,-0.0598,0.2661,
3216,113.9265,-0.3496,-0.6864,0.0309,-0.3725,797,0.9988,1.0000,0.284157,-0.1031,0.6507,
3217,113.9592,-0.4092,-0.8453,-0.0595,-0.1589,798,0.9988,1.0000,0.284157,0.1903,0.1648,
3218,113.9925,-0.4849,-0.9412,-0.0758,-0.0959,788,0.9850,1.0000,0.284157,0.2432,0.0376,
3219,114.0260,-0.4721,-0.8511,0.0129,0.0901,799,1.0000,1.0000,0.284157,-0.0406,-0.1258,
3220,114.0592,-0.4669,-0.8221,0.0052,0.0291,796,1.0000,1.0000,0.284157,-0.0165,-0.0389,
3221,114.0923,-0.4930,-0.9917,-0.0262,-0.1696,793,0.9962,1.0000,0.284157,0.0826,0.2339,
3222,114.1260,-0.5342,-1.5200,-0.0412,-0.5283,766,0.9688,1.0000,0.284157,0.1276,0.7910,
3223,114.1595,-0.8311,-2.8181,-0.2970,-1.2981,727,0.9033,1.0000,0.284157,0.9443,1.6397,
3224,114.1924,-2.2453,-9.6425,-1.4141,-6.8244,606,0.2254,1.0000,0.284157,4.4906,8.8483,low_inlier
3225,114.2257,0.5268,-6.7502,2.7721,2.8923,555,0.1140,1.0000,0.284157,-8.9028,-0.3794,low_inlier
3226,114.2593,3.8739,-2.7701,3.3470,3.9801,445,0.1724,1.0000,0.284157,-10.7446,-1.2474,low_inlier
3227,114.2924,2.5804,-9.9434,-1.2934,-7.1733,617,0.3685,1.0000,0.284157,4.0984,9.6002,low_inlier
3228,114.3257,1.0162,-17.7836,-1.5642,-7.8402,662,0.3116,1.0000,0.284157,4.9645,10.2591,low_inlier
3229,114.3594,0.3162,-22.3960,-0.7000,-4.6124,640,0.5120,1.0000,0.284157,2.2110,6.3771,
3230,114.3923,0.1105,-23.7294,-0.2057,-1.3334,745,0.8938,1.0000,0.284157,0.6501,1.8383,
3231,114.4258,0.0302,-23.3089,-0.0803,0.4204,757,0.9613,1.0000,0.284157,0.2627,-0.8048,
3232,114.4592,0.0537,-22.9076,0.0236,0.4013,770,0.9688,1.0000,0.284157,-0.0721,-0.6128,
3233,114.4923,0.0727,-22.9329,0.0190,-0.0253,769,0.9725,1.0000,0.284157,-0.0614,0.0704,
3234,114.5259,0.0424,-22.7070,-0.0303,0.2259,768,0.9700,1.0000,0.284157,0.0999,-0.4126,
3235,114.5592,0.0500,-22.8156,0.0076,-0.1087,770,0.9700,1.0000,0.284157,-0.0256,0.1876,
3236,114.5925,-0.1252,-23.2624,-0.1752,-0.4468,760,0.9625,1.0000,0.284157,0.5602,0.4511,
3237,114.6259,-0.2336,-23.1244,-0.1083,0.1380,755,0.9688,1.0000,0.284157,0.3503,-0.3914,
3238,114.6589,-0.2667,-22.2147,-0.0332,0.9097,758,0.9525,1.0000,0.284157,0.1155,-1.5234,
3239,114.6923,-0.3109,-22.0409,-0.0442,0.1737,765,0.9637,1.0000,0.284157,0.1441,-0.3497,
3240,114.7257,-0.1656,-21.0711,0.1453,0.9698,709,0.8698,1.0000,0.284157,-0.4588,-1.3439,
3241,114.7768,0.7100,-15.1581,0.8756,5.9130,767,0.3676,1.0000,0.284157,-2.7644,-8.2091,low_inlier
3242,114.8058,-2.6029,-16.6784,-3.3129,-1.5203,350,0.1086,1.0000,0.284157,10.6581,-2.6797,low_inlier
3243,114.8341,-1.2848,-6.9522,1.3182,9.7262,307,0.1556,1.0000,0.284157,-4.1537,-13.6925,low_inlier
3244,114.8628,-0.3671,-3.3488,0.9177,3.6035,752,0.8281,1.0000,0.284157,-2.9219,-4.4070,
3245,114.8923,0.1749,-0.1975,0.5420,3.1513,764,0.9536,1.0000,0.284157,-1.7160,-4.2581,
3246,114.9261,0.3337,1.8790,0.1588,2.0765,777,0.8723,1.0000,0.284157,-0.4919,-3.1135,
3247,114.9589,0.3394,1.8886,0.0057,0.0096,791,0.9938,1.0000,0.284157,-0.0182,-0.0067,
3248,114.9923,0.4146,2.7894,0.0752,0.9008,783,0.9762,1.0000,0.284157,-0.2336,-1.3409,
3249,115.0255,0.5925,4.8229,0.1779,2.0335,777,0.9575,1.0000,0.284157,-0.5536,-3.0144,
3250,115.0619,0.7100,5.9657,0.1176,1.1428,782,0.9599,1.0000,0.284157,-0.3679,-1.6667,
3251,115.0921,0.6713,5.4402,-0.0388,-0.5255,779,0.9862,1.0000,0.284157,0.1199,0.7901,
3252,115.1253,0.6453,5.2638,-0.0260,-0.1764,791,0.9950,1.0000,0.284157,0.0821,0.2450,
3253,115.1588,0.5902,5.3957,-0.0550,0.1319,787,0.9900,1.0000,0.284157,0.1786,-0.2988,
3254,115.1923,0.5144,4.6173,-0.0758,-0.7785,775,0.9850,1.0000,0.284157,0.2368,1.1420,
3255,115.2255,0.4507,4.4572,-0.0637,-0.1601,788,0.9912,1.0000,0.284157,0.2036,0.1602,
3256,115.2587,0.4012,4.5170,-0.0495,0.0598,787,0.9888,1.0000,0.284157,0.1600,-0.1736,
3257,115.2923,0.4305,4.4840,0.0293,-0.0330,788,0.9938,1.0000,0.284157,-0.0947,0.0989,
3258,115.3253,0.3768,4.1718,-0.0537,-0.3122,788,0.9875,1.0000,0.284157,0.1701,0.4218,
3259,115.3591,0.3602,4.1575,-0.0166,-0.0143,786,0.9875,1.0000,0.284157,0.0534,-0.0027,
3260,115.3921,0.4344,4.0829,0.0742,-0.0747,787,0.9888,1.0000,0.284157,-0.2397,0.2359,
3261,115.4258,0.3912,3.9111,-0.0432,-0.1718,788,0.9950,1.0000,0.284157,0.1375,0.2109,
3262,115.4587,0.3242,3.4478,-0.0670,-0.4633,787,0.9938,1.0000,0.284157,0.2113,0.6458,
3263,115.4921,0.3188,2.7095,-0.0055,-0.7383,776,0.9800,1.0000,0.284157,0.0106,1.1861,
3264,115.5253,0.3284,1.1770,0.0097,-1.5324,723,0.8962,1.0000,0.284157,-0.0458,2.4946,
3265,115.5586,0.0820,-6.5010,-0.2464,-7.6781,649,0.2889,1.0000,0.284157,0.7206,12.0413,low_inlier
3266,115.5921,4.0326,-2.2208,3.9505,4.2803,422,0.2028,1.0000,0.284157,-12.6859,-0.7968,low_inlier
3267,115.6253,3.2221,-7.0185,-0.8105,-4.7978,661,0.5546,1.0000,0.284157,2.5653,6.5056,
3268,115.6586,2.8396,-8.4157,-0.3824,-1.3972,770,0.9563,1.0000,0.284157,1.2187,1.6674,
3269,115.6919,2.4670,-9.6516,-0.3727,-1.2358,772,0.9600,1.0000,0.284157,1.1887,1.4215,
3270,115.7253,2.0090,-10.7393,-0.4579,-1.0877,783,0.9675,1.0000,0.284157,1.4649,1.0495,
3271,115.7765,1.8642,-9.8904,-0.1449,0.8489,793,0.9975,1.0000,0.284157,0.4748,-1.5983,
3272,115.8040,1.8765,-9.2522,0.0123,0.6382,796,0.9962,1.0000,0.284157,-0.0336,-1.0135,
3273,115.8308,1.8544,-9.5421,-0.0221,-0.2899,798,0.9975,1.0000,0.284157,0.0685,0.4347,
3274,115.8586,1.7534,-9.1338,-0.1010,0.4083,794,1.0000,1.0000,0.284157,0.3291,-0.8173,
3275,115.8921,1.7489,-8.3928,-0.0045,0.7409,800,1.0000,1.0000,0.284157,0.0215,-1.2059,
3276,115.9263,1.6847,-8.2936,-0.0642,0.0993,799,1.0000,1.0000,0.284157,0.2079,-0.2603,
3277,115.9586,1.6131,-8.0796,-0.0716,0.2140,799,1.0000,1.0000,0.284157,0.2327,-0.4573,
3278,115.9919,1.6208,-7.4532,0.0077,0.6264,800,1.0000,1.0000,0.284157,-0.0189,-1.0015,
3279,116.0252,1.6332,-7.0673,0.0124,0.3859,799,1.0000,1.0000,0.284157,-0.0364,-0.6052,
3280,116.0583,1.8901,-5.4394,0.2569,1.6279,777,0.9487,1.0000,0.284157,-0.8120,-2.2355,
3281,116.0923,3.0679,1.4845,1.1778,6.9239,739,0.3031,1.0000,0.284157,-3.7281,-9.3761,low_inlier
3282,116.1252,-0.2785,-1.4213,-3.3463,-2.9058,414,0.1459,1.0000,0.284157,10.7526,-0.4898,low_inlier
3283,116.1586,-3.3208,-3.8927,-3.0423,-2.4714,473,0.1154,1.0000,0.284157,9.7773,-0.7210,low_inlier
3284,116.1923,-5.5657,-4.4706,-2.2449,-0.5779,365,0.0866,1.0000,0.284157,7.2266,-2.5477,low_inlier
3285,116.2253,-4.6525,2.2270,0.9132,6.6977,600,0.2123,1.0000,0.284157,-2.8781,-9.4204,low_inlier
3286,116.2586,-4.7162,0.9928,-0.0636,-1.2343,765,0.9087,1.0000,0.284157,0.1932,1.8984,
3287,116.2919,-4.8717,-0.3451,-0.1556,-1.3379,786,0.9087,1.0000,0.284157,0.4884,1.9234,
3288,116.3252,-4.8913,0.2852,-0.0195,0.6303,774,0.9838,1.0000,0.284157,0.0689,-1.0502,
3289,116.3587,-4.9391,0.4326,-0.0478,0.1474,794,0.9925,1.0000,0.284157,0.1554,-0.3126,
3290,116.3919,-5.0545,-0.2760,-0.1154,-0.7085,782,0.9825,1.0000,0.284157,0.3651,0.9674,
3291,116.4251,-5.3860,-0.9018,-0.3315,-0.6259,783,0.9850,1.0000,0.284157,1.0619,0.4984,
3292,116.4589,-5.2897,-0.1564,0.0963,0.7454,777,0.9788,1.0000,0.284157,-0.3030,-1.0568,
3293,116.4919,-5.3289,0.9236,-0.0392,1.0800,784,0.9825,1.0000,0.284157,0.1366,-1.8083,
3294,116.5251,-5.4952,0.9308,-0.1662,0.0072,782,0.9788,1.0000,0.284157,0.5356,-0.2695,
3295,116.5584,-6.0280,-1.7803,-0.5328,-2.7110,653,0.6650,1.0000,0.284157,1.6907,3.5600,
3296,116.5919,-3.0752,4.1512,2.9528,5.9315,412,0.1198,1.0000,0.284157,-9.4561,-5.0165,low_inlier
3297,116.6252,-5.9117,-4.1035,-2.8365,-8.2547,790,0.0000,1.0000,0.284157,9.0591,8.9561,low_inlier
3298,116.6586,-10.3117,-20.5779,-4.4001,-16.4744,182,0.0265,1.0000,0.284157,14.0179,19.8303,low_inlier
3299,116.6922,-12.1219,-26.7127,-1.8102,-6.1348,625,0.3501,1.0000,0.284157,5.7731,7.1181,low_inlier
3300,116.7252,-12.3811,-26.8520,-0.2592,-0.1393,791,0.9600,1.0000,0.284157,0.8336,-0.1767,
3301,116.7764,-12.1275,-25.8157,0.2536,1.0362,797,0.9987,1.0000,0.284157,-0.8069,-1.2833,
3302,116.8040,-12.0975,-26.1789,0.0301,-0.3631,795,0.9988,1.0000,0.284157,-0.1003,0.6342,
3303,116.8309,-12.1450,-26.7742,-0.0475,-0.5953,798,0.9975,1.0000,0.284157,0.1474,0.8896,
3304,116.8581,-12.0462,-26.0993,0.0988,0.6749,798,0.9988,1.0000,0.284157,-0.3119,-0.9387,
3305,116.8919,-11.8948,-25.5504,0.1513,0.5489,798,0.9988,1.0000,0.284157,-0.4823,-0.6534,
3306,116.9257,-11.8947,-25.7740,0.0001,-0.2236,800,1.0000,1.0000,0.284157,-0.0024,0.3620,
3307,116.9589,-11.8259,-25.7728,0.0689,0.0013,799,1.0000,1.0000,0.284157,-0.2219,0.1048,
3308,116.9919,-11.8040,-25.4630,0.0218,0.3097,799,0.9988,1.0000,0.284157,-0.0673,-0.4673,
3309,117.0249,-11.8091,-25.2736,-0.0050,0.1894,800,1.0000,1.0000,0.284157,0.0179,-0.3143,
3310,117.0584,-11.8714,-25.2007,-0.0624,0.0729,799,0.9988,1.0000,0.284157,0.2016,-0.2147,
3311,117.0917,-11.8078,-24.7931,0.0636,0.4075,798,1.0000,1.0000,0.284157,-0.2009,-0.5608,
3312,117.1247,-11.5135,-23.2644,0.2944,1.5288,762,0.9525,1.0000,0.284157,-0.9337,-2.0169,
3313,117.1580,-10.8201,-18.0185,0.6934,5.2458,612,0.2612,1.0000,0.284157,-2.1837,-7.4124,low_inlier
3314,117.1917,-8.0023,-17.9859,2.8178,0.0326,237,0.0327,1.0000,0.284157,-9.0773,4.3187,low_inlier
3315,117.2253,-5.9153,-16.6918,2.0870,1.2941,274,0.0076,1.0000,0.284157,-6.7111,1.1440,low_inlier
3316,117.2583,-4.7861,-10.0601,1.1292,6.6317,590,0.1710,1.0000,0.284157,-3.5744,-8.9787,low_inlier
3317,117.2918,-4.2410,-8.9673,0.5451,1.0929,774,0.9675,1.0000,0.284157,-1.7456,-0.9227,
3318,117.3252,-4.3082,-9.3646,-0.0672,-0.3973,777,0.9800,1.0000,0.284157,0.2127,0.5386,
3319,117.3582,-4.4518,-10.3602,-0.1435,-0.9957,774,0.9750,1.0000,0.284157,0.4529,1.3884,
3320,117.3918,-4.5379,-10.3229,-0.0861,0.0373,778,0.9800,1.0000,0.284157,0.2777,-0.1939,
3321,117.4252,-4.5444,-9.8915,-0.0065,0.4314,782,0.9850,1.0000,0.284157,0.0251,-0.7081,
3322,117.4580,-4.6515,-10.6043,-0.1071,-0.7128,767,0.9712,1.0000,0.284157,0.3383,0.9871,
3323,117.4919,-4.7077,-11.1683,-0.0562,-0.5640,782,0.9812,1.0000,0.284157,0.1758,0.8254,
3324,117.5248,-4.6726,-11.2379,0.0351,-0.0695,777,0.9838,1.0000,0.284157,-0.1138,0.1670,
3325,117.5581,-4.7352,-11.6121,-0.0625,-0.3743,771,0.9788,1.0000,0.284157,0.1979,0.5085,
3326,117.5918,-4.7708,-12.2246,-0.0356,-0.6125,782,0.9888,1.0000,0.284157,0.1088,0.9358,
3327,117.6250,-4.7297,-12.1541,0.0410,0.0705,780,0.9888,1.0000,0.284157,-0.1315,-0.0504,
3328,117.6583,-4.6401,-12.2428,0.0896,-0.0886,774,0.9762,1.0000,0.284157,-0.2894,0.2824,
3329,117.6913,-4.9699,-13.8110,-0.3297,-1.5682,763,0.9625,1.0000,0.284157,1.0473,2.0258,
3330,117.7246,-5.0433,-15.2495,-0.0734,-1.4386,784,0.9825,1.0000,0.284157,0.2227,2.2138,
3331,117.7849,-4.8502,-16.0530,0.1931,-0.8034,766,0.9875,1.0000,0.284157,-0.6296,1.5995,
3332,117.8127,-5.0543,-18.4987,-0.2041,-2.4457,727,0.8920,1.0000,0.284157,0.6342,3.6407,
3333,117.8406,-6.4271,-22.7439,-1.3728,-4.2452,733,0.7604,1.0000,0.284157,4.3820,4.7392,
3334,117.8689,-7.9789,-24.6988,-1.5518,-1.9549,703,0.8294,1.0000,0.284157,4.9807,0.7555,
3335,117.8969,-9.3923,-24.6208,-1.4134,0.0779,706,0.8823,1.0000,0.284157,4.5540,-2.3188,
3336,117.9248,-12.8565,-26.7479,-3.4642,-2.1271,705,0.8245,1.0000,0.284157,11.1397,-1.9326,
3337,117.9580,-15.6355,-25.7733,-2.7789,0.9746,623,0.4791,1.0000,0.284157,8.9617,-5.8882,low_inlier
3338,117.9914,-17.1465,-25.2604,-1.5110,0.5129,601,0.3632,1.0000,0.284157,4.8727,-3.1742,low_inlier
3339,118.0251,-18.6867,-27.5764,-1.5401,-2.3160,661,0.3890,1.0000,0.284157,4.9395,1.3581,low_inlier
3340,118.0580,-20.1446,-28.6851,-1.4579,-1.1088,603,0.3275,1.0000,0.284157,4.6862,-0.4678,low_inlier
3341,118.0911,-22.5171,-27.1966,-2.3725,1.4885,647,0.2137,1.0000,0.284157,7.6573,-6.0892,low_inlier
3342,118.1250,-23.9189,-21.4422,-1.4018,5.7544,474,0.4456,1.0000,0.284157,4.5708,-11.4857,low_inlier
3343,118.1579,-25.9751,-17.8519,-2.0561,3.5904,476,0.4066,1.0000,0.284157,6.6581,-8.9993,low_inlier
3344,118.1915,-28.3734,-17.0873,-2.3983,0.7646,567,0.2023,1.0000,0.284157,7.7334,-4.9579,low_inlier
3345,118.2250,-31.1313,-19.2141,-2.7579,-2.1268,497,0.1110,1.0000,0.284157,8.8643,-0.8372,low_inlier
3346,118.2580,-33.5482,-20.3939,-2.4169,-1.1798,654,0.2154,1.0000,0.284157,7.7750,-1.8406,low_inlier
3347,118.2912,-35.3755,-19.3525,-1.8273,1.0414,597,0.4693,1.0000,0.284157,5.8966,-4.5200,low_inlier
3348,118.3250,-37.7950,-20.9634,-2.4195,-1.6109,617,0.3838,1.0000,0.284157,7.7792,-1.1470,low_inlier
3349,118.3580,-40.5262,-24.5602,-2.7312,-3.5968,641,0.5088,1.0000,0.284157,8.7644,1.5826,
3350,118.3915,-43.7523,-30.1074,-3.2261,-5.5472,505,0.3439,1.0000,0.284157,10.3400,3.9707,low_inlier
3351,118.4249,-42.9700,-25.1123,0.7823,4.9951,319,0.1954,1.0000,0.284157,-2.4727,-6.8686,low_inlier
3352,118.4577,-42.9031,-24.4730,0.0669,0.6393,717,0.2481,1.0000,0.284157,-0.2095,-0.9306,low_inlier
3353,118.4964,-44.5980,-31.8288,-1.6949,-7.3558,682,0.0000,1.0000,0.284157,5.3902,9.2726,low_inlier
3354,118.5258,-45.9441,-38.5557,-1.3461,-6.7269,245,0.1866,1.0000,0.284157,4.2722,8.7963,low_inlier
3355,118.5584,-52.9067,-49.0321,-6.9627,-10.4763,63,0.0013,1.0000,0.284157,22.3305,6.1494,low_inlier
3356,118.5912,-57.4983,-59.6058,-4.5915,-10.5738,45,0.0026,1.0000,0.284157,14.6909,9.9857,low_inlier
3357,118.6250,-60.9834,-58.1764,-3.4852,1.4294,134,0.0179,1.0000,0.284157,11.2411,-7.7197,low_inlier
3358,118.6578,-63.9067,-59.1204,-2.9233,-0.9440,469,0.0025,1.0000,0.284157,9.4085,-3.0079,low_inlier
3359,118.6911,-66.7806,-60.8664,-2.8739,-1.7460,515,0.0038,1.0000,0.284157,9.2416,-1.6333,low_inlier
3360,118.7244,-67.0182,-58.9245,-0.2376,1.9419,290,0.0066,1.0000,0.284157,0.7840,-3.5108,low_inlier
3361,118.7783,-64.7684,-62.1676,2.2498,-3.2431,790,0.0025,1.0000,0.284157,-7.2787,8.7379,low_inlier
3362,118.8075,-59.2085,-65.8113,5.5599,-3.6437,711,0.0000,1.0000,0.284157,-17.9461,14.5214,low_inlier
3363,118.8365,-57.2252,-68.9970,1.9833,-3.1857,289,0.0638,1.0000,0.284157,-6.4197,8.2316,low_inlier
3364,118.8677,-51.7350,-66.7770,5.4902,2.2200,664,0.0095,1.0000,0.284157,-17.6657,4.9254,low_inlier
3365,118.8987,-32.7717,-39.6767,18.9632,27.1003,356,0.0065,1.0000,0.284157,-60.8320,-14.4303,low_inlier
3366,118.9279,-21.1566,-11.6418,11.6151,28.0349,505,0.0059,1.0000,0.284157,-37.1511,-27.3424,low_inlier
3367,118.9576,-13.5518,17.3546,7.6048,28.9964,333,0.0193,1.0000,0.284157,-24.2224,-35.1198,low_inlier
3368,118.9908,-9.1737,46.3518,4.3782,28.9972,501,0.0026,1.0000,0.284157,-13.8279,-40.1268,low_inlier
3369,119.0242,-9.0626,69.9023,0.1110,23.5506,517,0.0000,1.0000,0.284157,-0.1332,-37.9339,low_inlier
3370,119.0575,-11.0675,69.7341,-2.0049,-0.1682,402,0.0026,1.0000,0.284157,6.4572,-2.8382,low_inlier
3371,119.0911,-13.1977,75.8296,-2.1302,6.0955,599,0.0027,1.0000,0.284157,6.9207,-13.1677,low_inlier
3372,119.1242,-17.1523,88.0912,-3.9545,12.2616,186,0.0088,1.0000,0.284157,12.8565,-25.9751,low_inlier
3373,119.1573,-21.5995,93.1565,-4.4473,5.0653,555,0.0043,1.0000,0.284157,14.3752,-15.0954,low_inlier
3374,119.1908,-24.2470,97.0083,-2.6475,3.8518,623,0.0296,1.0000,0.284157,8.5657,-10.3398,low_inlier
3375,119.2241,-27.3917,94.6496,-3.1447,-2.3587,329,0.0903,1.0000,0.284157,10.1082,-1.0621,low_inlier
3376,119.2573,-30.0071,88.1548,-2.6154,-6.4947,570,0.0063,1.0000,0.284157,8.3636,6.4514,low_inlier
3377,119.2908,-31.9991,79.2941,-1.9920,-8.8607,645,0.0076,1.0000,0.284157,6.3329,11.2467,low_inlier
3378,119.3241,-34.4497,68.6169,-2.4506,-10.6772,581,0.0050,1.0000,0.284157,7.7927,13.4746,low_inlier
3379,119.3578,-39.6713,51.6742,-5.2216,-16.9427,190,0.1454,1.0000,0.284157,16.6599,19.3135,low_inlier
3380,119.3908,-41.4633,48.8311,-1.7921,-2.8432,607,0.0000,1.0000,0.284157,5.7462,1.8202,low_inlier
3381,119.4244,-41.1840,47.5972,0.2793,-1.2338,199,0.2519,1.0000,0.284157,-0.9116,2.4297,low_inlier
3382,119.4574,-39.6619,51.8247,1.5221,4.2274,259,0.3137,1.0000,0.284157,-4.8631,-4.4789,low_inlier
3383,119.4910,-41.8688,43.6095,-2.2069,-8.2151,525,0.5832,1.0000,0.284157,7.0312,9.8688,
3384,119.5242,-44.0637,34.1012,-2.1948,-9.5083,384,0.3575,1.0000,0.284157,6.9801,11.9799,low_inlier
3385,119.5573,-45.5136,26.8839,-1.4500,-7.2173,441,0.5571,1.0000,0.284157,4.6023,9.4286,
3386,119.5905,-45.9234,21.4000,-0.4098,-5.4839,655,0.8063,1.0000,0.284157,1.2678,8.2376,
3387,119.6243,-46.2437,15.6487,-0.3203,-5.7513,739,0.8275,1.0000,0.284157,0.9769,8.8090,
3388,119.6577,-46.4715,9.8233,-0.2278,-5.8254,663,0.7863,1.0000,0.284157,0.6783,9.0724,
3389,119.6909,-46.5341,2.9754,-0.0626,-6.8479,610,0.7562,1.0000,0.284157,0.1364,10.9832,
3390,119.7241,-46.6543,-4.6348,-0.1202,-7.6102,689,0.7137,1.0000,0.284157,0.3147,12.1272,
3391,119.7777,-46.3415,-11.4505,0.3128,-6.8157,631,0.7712,1.0000,0.284157,-1.0727,11.5135,
3392,119.8071,-45.1426,-17.6569,1.1989,-6.2064,789,0.6875,1.0000,0.284157,-3.9214,11.9022,
3393,119.8354,-49.4623,-21.0342,-4.3197,-3.3773,401,0.3750,1.0000,0.284157,13.8837,-1.2369,low_inlier
3394,119.8638,-48.5224,-30.0098,0.9398,-8.9756,271,0.2838,1.0000,0.284157,-3.1132,15.9811,low_inlier
3395,119.8924,-47.3114,-38.2724,1.2111,-8.2626,461,0.2691,1.0000,0.284157,-3.9802,15.2481,low_inlier
3396,119.9244,-51.7710,-43.0638,-4.4596,-4.7914,528,0.4969,1.0000,0.284157,14.3209,0.8342,low_inlier
3397,119.9578,-51.9004,-34.3605,-0.1295,8.7033,538,0.4600,1.0000,0.284157,0.5000,-14.2833,low_inlier
3398,119.9912,-50.9713,-25.6438,0.9291,8.7167,428,0.1743,1.0000,0.284157,-2.9101,-12.6626,low_inlier
3399,120.0238,-54.0905,-31.9454,-3.1192,-6.3016,325,0.0870,1.0000,0.284157,9.9885,5.3572,low_inlier
3400,120.0572,-57.3681,-38.0033,-3.2776,-6.0579,340,0.1542,1.0000,0.284157,10.5012,4.7172,low_inlier
3401,120.0907,-56.7938,-29.8169,0.5743,8.1864,320,0.1562,1.0000,0.284157,-1.7721,-12.3550,low_inlier
3402,120.1239,-56.1374,-29.1178,0.6564,0.6992,45,0.0037,1.0000,0.284157,-2.1080,-0.1129,low_inlier
3403,120.1571,-58.8332,-32.9190,-2.6959,-3.8012,684,0.0790,1.0000,0.284157,8.6486,1.9681,low_inlier
3404,120.1907,-62.1880,-38.9952,-3.3548,-6.0763,241,0.1777,1.0000,0.284157,10.7495,4.6272,low_inlier
3405,120.2238,-62.4717,-42.5185,-0.2837,-3.5232,624,0.0013,1.0000,0.284157,0.8805,5.2606,low_inlier
3406,120.2571,-62.0520,-42.1128,0.4198,0.4057,73,0.0126,1.0000,0.284157,-1.3484,-0.0052,low_inlier
3407,120.2902,-63.7479,-41.3702,-1.6959,0.7426,448,0.0526,1.0000,0.284157,5.4705,-3.8326,low_inlier
3408,120.3232,-61.1261,-44.4862,2.6219,-3.1160,308,0.2512,1.0000,0.284157,-8.4760,9.1094,low_inlier
3409,120.3569,-57.6801,-42.5333,3.4459,1.9529,384,0.2275,1.0000,0.284157,-11.0826,2.1861,low_inlier
3410,120.3903,-53.9393,-36.7417,3.7408,5.7916,512,0.3387,1.0000,0.284157,-11.9958,-3.5677,low_inlier
3411,120.4241,-51.0169,-30.5587,2.9224,6.1830,500,0.3550,1.0000,0.284157,-9.3555,-5.4706,low_inlier
3412,120.4575,-50.9828,-30.3397,0.0342,0.2190,603,0.0276,1.0000,0.284157,-0.1080,-0.3014,low_inlier
3413,120.4902,-50.8625,-30.3496,0.1203,-0.0099,666,0.0275,1.0000,0.284157,-0.3875,0.2026,low_inlier
3414,120.5236,-50.7021,-27.0301,0.1604,3.3195,596,0.0013,1.0000,0.284157,-0.4850,-5.1223,low_inlier
3415,120.5571,-48.1156,-24.3037,2.5865,2.7264,699,0.0025,1.0000,0.284157,-8.3065,-0.3987,low_inlier
3416,120.5902,-46.6165,-22.5822,1.4991,1.7216,680,0.0246,1.0000,0.284157,-4.8130,-0.4599,low_inlier
3417,120.6239,-46.7768,-19.6804,-0.1603,2.9018,541,0.0357,1.0000,0.284157,0.5440,-4.9439,low_inlier
3418,120.6629,-49.5083,-18.5808,-2.7315,1.0996,639,0.0353,1.0000,0.284157,8.8102,-6.0170,low_inlier
3419,120.6925,-55.3762,-4.9093,-5.8679,13.6714,272,0.0179,1.0000,0.284157,19.0338,-31.2246,low_inlier
3420,120.7237,-63.7070,7.1133,-8.3308,12.0227,229,0.0240,1.0000,0.284157,26.9525,-32.3778,low_inlier
3421,120.7785,-69.5730,18.6307,-5.8660,11.5174,226,0.0241,1.0000,0.284157,19.0071,-27.7362,low_inlier
3422,120.8079,-77.3549,22.8500,-7.7819,4.2193,328,0.0892,1.0000,0.284157,25.1098,-18.9000,low_inlier
3423,120.8369,-88.0200,25.2266,-10.6651,2.3765,437,0.0050,1.0000,0.284157,34.3805,-20.3912,low_inlier
3424,120.8662,-97.3330,28.3445,-9.3129,3.1179,776,0.0000,1.0000,0.284157,30.0316,-19.4931,low_inlier
3425,120.8953,-111.3434,24.3442,-14.0105,-4.0003,123,0.0054,1.0000,0.284157,45.0969,-15.2632,low_inlier
3426,120.9245,-125.1143,42.9581,-13.7708,18.6139,179,0.0389,1.0000,0.284157,44.5404,-51.4824,low_inlier
3427,120.9569,-139.5626,35.9563,-14.4484,-7.0018,104,0.0203,1.0000,0.284157,46.4789,-11.0858,low_inlier
3428,120.9902,-152.4208,26.3052,-12.8582,-9.6511,244,0.0176,1.0000,0.284157,41.3309,-4.3321,low_inlier
3429,121.0240,-167.0930,10.3624,-14.6722,-15.9428,451,0.0452,1.0000,0.284157,47.1147,3.0340,low_inlier
3430,121.0569,-178.2452,-2.7607,-11.1522,-13.1231,395,0.0029,1.0000,0.284157,35.8019,3.9325,low_inlier
3431,121.0902,-179.4228,-5.2184,-1.1775,-2.4577,361,0.0013,1.0000,0.284157,3.7700,2.1499,low_inlier
3432,121.1237,-181.7562,-7.3721,-2.3334,-2.1537,617,0.0000,1.0000,0.284157,7.4967,-0.1353,low_inlier
3433,121.1568,-182.1227,-7.7211,-0.3665,-0.3489,334,0.0055,1.0000,0.284157,1.1773,-0.0040,low_inlier
3434,121.1903,-183.6610,-9.1463,-1.5383,-1.4252,377,0.0092,1.0000,0.284157,4.9421,-0.0804,low_inlier
3435,121.2239,-184.1704,-8.8665,-0.5094,0.2798,353,0.0100,1.0000,0.284157,1.6438,-1.2431,low_inlier
3436,121.2568,-197.2528,-16.4166,-13.0824,-7.5501,429,0.0033,1.0000,0.284157,42.0732,-8.0795,low_inlier
3437,121.2901,-209.7503,-24.7421,-12.4975,-8.3255,567,0.0014,1.0000,0.284157,40.1816,-5.9174,low_inlier
3438,121.3235,-218.1274,-27.3685,-8.3771,-2.6264,479,0.0065,1.0000,0.284157,26.9619,-8.7465,low_inlier
