frame,t_s,X_mm,Y_mm,dX_mm,dY_mm,tracked_points,inlier_ratio,roi_visible,mm_per_px,du_px,dv_px,flags
0,0.0940,0.0000,0.0000,0.0000,0.0000,0,0.0000,1.0000,,0.0000,0.0000,no_calib
1,0.1676,0.0000,0.0000,0.0000,0.0000,0,0.0000,1.0000,,0.0000,0.0000,no_calib
2,0.1914,0.0000,0.0000,0.0000,0.0000,0,0.0000,1.0000,,0.0000,0.0000,no_calib
3,0.2205,0.0000,0.0000,0.0000,0.0000,0,0.0000,1.0000,,0.0000,0.0000,no_calib
4,0.2441,0.0000,0.0000,0.0000,0.0000,0,0.0000,1.0000,,0.0000,0.0000,no_calib
5,0.2679,0.0000,0.0000,0.0000,0.0000,0,0.0000,1.0000,,0.0000,0.0000,no_calib
6,0.2913,0.0000,0.0000,0.0000,0.0000,0,0.0000,1.0000,,0.0000,0.0000,no_calib
7,0.3150,0.0000,0.0000,0.0000,0.0000,0,0.0000,1.0000,,0.0000,0.0000,no_calib
8,0.3391,0.0000,0.0000,0.0000,0.0000,0,0.0000,1.0000,,0.0000,0.0000,no_calib
9,0.3633,0.0000,0.0000,0.0000,0.0000,0,0.0000,1.0000,,0.0000,0.0000,no_calib
10,0.3938,0.0000,0.0000,0.0000,0.0000,0,0.0000,1.0000,,0.0000,0.0000,no_calib
11,0.4267,0.0000,0.0000,0.0000,0.0000,0,0.0000,1.0000,,0.0000,0.0000,no_calib
12,0.4606,0.0000,0.0000,0.0000,0.0000,0,0.0000,1.0000,,0.0000,0.0000,no_calib
13,0.4936,0.0000,0.0000,0.0000,0.0000,0,0.0000,1.0000,,0.0000,0.0000,no_calib
14,0.5267,0.0000,0.0000,0.0000,0.0000,0,0.0000,1.0000,,0.0000,0.0000,no_calib
15,0.5605,0.0000,0.0000,0.0000,0.0000,0,0.0000,1.0000,,0.0000,0.0000,no_calib
16,0.5937,0.0000,0.0000,0.0000,0.0000,0,0.0000,1.0000,,0.0000,0.0000,no_calib
17,0.6264,0.0000,0.0000,0.0000,0.0000,0,0.0000,1.0000,,0.0000,0.0000,no_calib
18,0.6599,0.0000,0.0000,0.0000,0.0000,0,0.0000,1.0000,,0.0000,0.0000,no_calib
19,0.6948,0.0000,0.0000,0.0000,0.0000,0,0.0000,1.0000,,0.0000,0.0000,no_calib
20,0.7277,0.0000,0.0000,0.0000,0.0000,0,0.0000,1.0000,,0.0000,0.0000,no_calib
21,0.7604,0.0000,0.0000,0.0000,0.0000,0,0.0000,1.0000,,0.0000,0.0000,no_calib
22,0.7942,0.0000,0.0000,0.0000,0.0000,0,0.0000,1.0000,,0.0000,0.0000,no_calib
23,0.8269,0.0000,0.0000,0.0000,0.0000,0,0.0000,1.0000,,0.0000,0.0000,no_calib
24,0.8599,0.0000,0.0000,0.0000,0.0000,0,0.0000,1.0000,,0.0000,0.0000,no_calib
25,0.8939,0.0000,0.0000,0.0000,0.0000,0,0.0000,1.0000,,0.0000,0.0000,no_calib
26,0.9269,0.0000,0.0000,0.0000,0.0000,0,0.0000,1.0000,,0.0000,0.0000,no_calib
27,0.9605,0.0000,0.0000,0.0000,0.0000,0,0.0000,1.0000,,0.0000,0.0000,no_calib
28,0.9937,0.0000,0.0000,0.0000,0.0000,0,0.0000,1.0000,,0.0000,0.0000,no_calib
29,1.0280,0.0000,0.0000,0.0000,0.0000,0,0.0000,1.0000,,0.0000,0.0000,no_calib
30,1.0604,0.0000,0.0000,0.0000,0.0000,0,0.0000,1.0000,,0.0000,0.0000,no_calib
31,1.1196,0.0000,0.0000,0.0000,0.0000,0,0.0000,1.0000,,0.0000,0.0000,no_calib
32,1.1441,0.0000,0.0000,0.0000,0.0000,0,0.0000,1.0000,,0.0000,0.0000,no_calib
33,1.1687,0.0000,0.0000,0.0000,0.0000,0,0.0000,1.0000,,0.0000,0.0000,no_calib
34,1.1940,0.0000,0.0000,0.0000,0.0000,0,0.0000,1.0000,,0.0000,0.0000,no_calib
35,1.2270,0.0000,0.0000,0.0000,0.0000,0,0.0000,1.0000,,0.0000,0.0000,no_calib
36,1.2610,0.0000,0.0000,0.0000,0.0000,0,0.0000,1.0000,,0.0000,0.0000,no_calib
37,1.2935,0.0000,0.0000,0.0000,0.0000,0,0.0000,1.0000,,0.0000,0.0000,no_calib
38,1.3269,0.0000,0.0000,0.0000,0.0000,0,0.0000,1.0000,,0.0000,0.0000,no_calib
39,1.3606,0.0000,0.0000,0.0000,0.0000,0,0.0000,1.0000,,0.0000,0.0000,no_calib
40,1.3937,0.0000,0.0000,0.0000,0.0000,0,0.0000,1.0000,,0.0000,0.0000,no_calib
41,1.4258,0.0000,0.0000,0.0000,0.0000,0,0.0000,1.0000,,0.0000,0.0000,no_calib
42,1.4592,0.0000,0.0000,0.0000,0.0000,0,0.0000,1.0000,,0.0000,0.0000,no_calib
43,1.4928,0.0000,0.0000,0.0000,0.0000,0,0.0000,1.0000,,0.0000,0.0000,no_calib
44,1.5258,0.0000,0.0000,0.0000,0.0000,0,0.0000,1.0000,,0.0000,0.0000,no_calib
45,1.5584,0.0000,0.0000,0.0000,0.0000,0,0.0000,1.0000,,0.0000,0.0000,no_calib
46,1.5918,0.0000,0.0000,0.0000,0.0000,0,0.0000,1.0000,,0.0000,0.0000,no_calib
47,1.6250,0.0000,0.0000,0.0000,0.0000,0,0.0000,1.0000,,0.0000,0.0000,no_calib
48,1.6586,0.0000,0.0000,0.0000,0.0000,0,0.0000,1.0000,,0.0000,0.0000,no_calib
49,1.6925,0.0000,0.0000,0.0000,0.0000,0,0.0000,1.0000,,0.0000,0.0000,no_calib
50,1.7255,0.0000,0.0000,0.0000,0.0000,0,0.0000,1.0000,,0.0000,0.0000,no_calib
51,1.7587,0.0000,0.0000,0.0000,0.0000,0,0.0000,1.0000,,0.0000,0.0000,no_calib
52,1.7920,0.0000,0.0000,0.0000,0.0000,0,0.0000,1.0000,,0.0000,0.0000,no_calib
53,1.8249,0.0000,0.0000,0.0000,0.0000,0,0.0000,1.0000,,0.0000,0.0000,no_calib
54,1.8585,0.0000,0.0000,0.0000,0.0000,0,0.0000,1.0000,,0.0000,0.0000,no_calib
55,1.8919,0.0000,0.0000,0.0000,0.0000,0,0.0000,1.0000,,0.0000,0.0000,no_calib
56,1.9253,0.0000,0.0000,0.0000,0.0000,0,0.0000,1.0000,,0.0000,0.0000,no_calib
57,1.9589,0.0000,0.0000,0.0000,0.0000,0,0.0000,1.0000,,0.0000,0.0000,no_calib
58,1.9913,0.0000,0.0000,0.0000,0.0000,0,0.0000,1.0000,,0.0000,0.0000,no_calib
59,2.0248,0.0000,0.0000,0.0000,0.0000,0,0.0000,1.0000,,0.0000,0.0000,no_calib
60,2.0581,0.0000,0.0000,0.0000,0.0000,0,0.0000,1.0000,,0.0000,0.0000,no_calib
61,2.1121,0.0000,0.0000,0.0000,0.0000,0,0.0000,1.0000,,0.0000,0.0000,no_calib
62,2.1369,0.0000,0.0000,0.0000,0.0000,0,0.0000,1.0000,,0.0000,0.0000,no_calib
63,2.1616,0.0000,0.0000,0.0000,0.0000,0,0.0000,1.0000,,0.0000,0.0000,no_calib
64,2.1911,0.0000,0.0000,0.0000,0.0000,0,0.0000,1.0000,,0.0000,0.0000,no_calib
65,2.2244,0.0000,0.0000,0.0000,0.0000,0,0.0000,1.0000,,0.0000,0.0000,no_calib
66,2.2592,0.0000,0.0000,0.0000,0.0000,0,0.0000,1.0000,,0.0000,0.0000,no_calib
67,2.2927,0.0000,0.0000,0.0000,0.0000,0,0.0000,1.0000,,0.0000,0.0000,no_calib
68,2.3266,0.0000,0.0000,0.0000,0.0000,0,0.0000,1.0000,,0.0000,0.0000,no_calib
69,2.3597,0.0000,0.0000,0.0000,0.0000,0,0.0000,1.0000,,0.0000,0.0000,no_calib
70,2.3927,0.0000,0.0000,0.0000,0.0000,0,0.0000,1.0000,,0.0000,0.0000,no_calib
71,2.4270,0.0000,0.0000,0.0000,0.0000,0,0.0000,1.0000,,0.0000,0.0000,no_calib
72,2.4600,0.0000,0.0000,0.0000,0.0000,0,0.0000,1.0000,,0.0000,0.0000,no_calib
73,2.4939,0.0000,0.0000,0.0000,0.0000,0,0.0000,1.0000,,0.0000,0.0000,no_calib
74,2.5265,0.0000,0.0000,0.0000,0.0000,0,0.0000,1.0000,,0.0000,0.0000,no_calib
75,2.5598,0.0000,0.0000,0.0000,0.0000,0,0.0000,1.0000,,0.0000,0.0000,no_calib
76,2.5929,0.0000,0.0000,0.0000,0.0000,0,0.0000,1.0000,,0.0000,0.0000,no_calib
77,2.6267,0.0000,0.0000,0.0000,0.0000,0,0.0000,1.0000,,0.0000,0.0000,no_calib
78,2.6599,0.0000,0.0000,0.0000,0.0000,0,0.0000,1.0000,,0.0000,0.0000,no_calib
79,2.6941,0.0000,0.0000,0.0000,0.0000,0,0.0000,1.0000,,0.0000,0.0000,no_calib
80,2.7267,0.0000,0.0000,0.0000,0.0000,0,0.0000,1.0000,,0.0000,0.0000,no_calib
81,2.7597,0.0000,0.0000,0.0000,0.0000,0,0.0000,1.0000,,0.0000,0.0000,no_calib
82,2.7931,0.0000,0.0000,0.0000,0.0000,0,0.0000,1.0000,,0.0000,0.0000,no_calib
83,2.8258,0.0000,0.0000,0.0000,0.0000,0,0.0000,1.0000,,0.0000,0.0000,no_calib
84,2.8601,0.0000,0.0000,0.0000,0.0000,0,0.0000,1.0000,,0.0000,0.0000,no_calib
85,2.8929,0.0000,0.0000,0.0000,0.0000,0,0.0000,1.0000,,0.0000,0.0000,no_calib
86,2.9258,0.0000,0.0000,0.0000,0.0000,0,0.0000,1.0000,,0.0000,0.0000,no_calib
87,2.9596,0.0000,0.0000,0.0000,0.0000,0,0.0000,1.0000,,0.0000,0.0000,no_calib
88,2.9927,0.0000,0.0000,0.0000,0.0000,0,0.0000,1.0000,,0.0000,0.0000,no_calib
89,3.0260,0.0000,0.0000,0.0000,0.0000,0,0.0000,1.0000,,0.0000,0.0000,no_calib
90,3.0598,0.0000,0.0000,0.0000,0.0000,0,0.0000,1.0000,,0.0000,0.0000,no_calib
91,3.1161,0.0000,0.0000,0.0000,0.0000,0,0.0000,1.0000,,0.0000,0.0000,no_calib
92,3.1416,0.0000,0.0000,0.0000,0.0000,0,0.0000,1.0000,,0.0000,0.0000,no_calib
93,3.1674,0.0000,0.0000,0.0000,0.0000,0,0.0000,1.0000,,0.0000,0.0000,no_calib
94,3.1933,0.0000,0.0000,0.0000,0.0000,0,0.0000,1.0000,,0.0000,0.0000,no_calib
95,3.2261,0.0000,0.0000,0.0000,0.0000,0,0.0000,1.0000,,0.0000,0.0000,no_calib
96,3.2596,0.0000,0.0000,0.0000,0.0000,0,0.0000,1.0000,,0.0000,0.0000,no_calib
97,3.2925,0.0000,0.0000,0.0000,0.0000,0,0.0000,1.0000,,0.0000,0.0000,no_calib
98,3.3268,0.0000,0.0000,0.0000,0.0000,0,0.0000,1.0000,,0.0000,0.0000,no_calib
99,3.3595,0.0000,0.0000,0.0000,0.0000,0,0.0000,1.0000,,0.0000,0.0000,no_calib
100,3.3933,0.0000,0.0000,0.0000,0.0000,0,0.0000,1.0000,,0.0000,0.0000,no_calib
101,3.4322,0.0000,0.0000,0.0000,0.0000,0,0.0000,1.0000,,0.0000,0.0000,no_calib
102,3.4597,0.0000,0.0000,0.0000,0.0000,0,0.0000,1.0000,,0.0000,0.0000,no_calib
103,3.4928,0.0000,0.0000,0.0000,0.0000,0,0.0000,1.0000,,0.0000,0.0000,no_calib
104,3.5266,0.0000,0.0000,0.0000,0.0000,0,0.0000,1.0000,,0.0000,0.0000,no_calib
105,3.5595,0.0000,0.0000,0.0000,0.0000,0,0.0000,1.0000,,0.0000,0.0000,no_calib
106,3.5920,0.0000,0.0000,0.0000,0.0000,0,0.0000,1.0000,,0.0000,0.0000,no_calib
107,3.6239,0.0000,0.0000,0.0000,0.0000,0,0.0000,1.0000,,0.0000,0.0000,no_calib
108,3.6575,0.0000,0.0000,0.0000,0.0000,0,0.0000,1.0000,,0.0000,0.0000,no_calib
109,3.6915,0.0000,0.0000,0.0000,0.0000,0,0.0000,1.0000,,0.0000,0.0000,no_calib
110,3.7240,0.0000,0.0000,0.0000,0.0000,0,0.0000,1.0000,,0.0000,0.0000,no_calib
111,3.7574,0.0000,0.0000,0.0000,0.0000,0,0.0000,1.0000,,0.0000,0.0000,no_calib
112,3.7907,0.0000,0.0000,0.0000,0.0000,0,0.0000,1.0000,,0.0000,0.0000,no_calib
113,3.8240,0.0000,0.0000,0.0000,0.0000,0,0.0000,1.0000,,0.0000,0.0000,no_calib
114,3.8572,0.0000,0.0000,0.0000,0.0000,0,0.0000,1.0000,,0.0000,0.0000,no_calib
115,3.8918,0.0000,0.0000,0.0000,0.0000,0,0.0000,1.0000,,0.0000,0.0000,no_calib
116,3.9252,0.0000,0.0000,0.0000,0.0000,0,0.0000,1.0000,,0.0000,0.0000,no_calib
117,3.9590,0.0000,0.0000,0.0000,0.0000,0,0.0000,1.0000,,0.0000,0.0000,no_calib
118,3.9926,0.0000,0.0000,0.0000,0.0000,0,0.0000,1.0000,,0.0000,0.0000,no_calib
119,4.0257,0.0000,0.0000,0.0000,0.0000,0,0.0000,1.0000,,0.0000,0.0000,no_calib
120,4.0590,0.0000,0.0000,0.0000,0.0000,0,0.0000,1.0000,,0.0000,0.0000,no_calib
121,4.1138,0.0000,0.0000,0.0000,0.0000,0,0.0000,1.0000,,0.0000,0.0000,no_calib
122,4.1385,0.0000,0.0000,0.0000,0.0000,0,0.0000,1.0000,,0.0000,0.0000,no_calib
123,4.1635,0.0000,0.0000,0.0000,0.0000,0,0.0000,1.0000,,0.0000,0.0000,no_calib
124,4.1926,0.0000,0.0000,0.0000,0.0000,0,0.0000,1.0000,,0.0000,0.0000,no_calib
125,4.2259,0.0000,0.0000,0.0000,0.0000,0,0.0000,1.0000,,0.0000,0.0000,no_calib
126,4.2597,0.0000,0.0000,0.0000,0.0000,0,0.0000,1.0000,,0.0000,0.0000,no_calib
127,4.2927,0.0000,0.0000,0.0000,0.0000,0,0.0000,1.0000,,0.0000,0.0000,no_calib
128,4.3262,0.0000,0.0000,0.0000,0.0000,0,0.0000,1.0000,,0.0000,0.0000,no_calib
129,4.3597,0.0000,0.0000,0.0000,0.0000,0,0.0000,1.0000,,0.0000,0.0000,no_calib
130,4.3908,0.0000,0.0000,0.0000,0.0000,0,0.0000,1.0000,,0.0000,0.0000,no_calib
131,4.4242,0.0000,0.0000,0.0000,0.0000,0,0.0000,1.0000,,0.0000,0.0000,no_calib
132,4.4580,0.0000,0.0000,0.0000,0.0000,0,0.0000,1.0000,,0.0000,0.0000,no_calib
133,4.4915,0.0000,0.0000,0.0000,0.0000,0,0.0000,1.0000,,0.0000,0.0000,no_calib
134,4.5237,0.0000,0.0000,0.0000,0.0000,0,0.0000,1.0000,,0.0000,0.0000,no_calib
135,4.5571,0.0000,0.0000,0.0000,0.0000,0,0.0000,1.0000,,0.0000,0.0000,no_calib
136,4.5902,0.0000,0.0000,0.0000,0.0000,0,0.0000,1.0000,,0.0000,0.0000,no_calib
137,4.6235,0.0000,0.0000,0.0000,0.0000,0,0.0000,1.0000,,0.0000,0.0000,no_calib
138,4.6581,0.0000,0.0000,0.0000,0.0000,0,0.0000,1.0000,,0.0000,0.0000,no_calib
139,4.6911,0.0000,0.0000,0.0000,0.0000,0,0.0000,1.0000,,0.0000,0.0000,no_calib
140,4.7238,0.0000,0.0000,0.0000,0.0000,0,0.0000,1.0000,,0.0000,0.0000,no_calib
141,4.7569,0.0000,0.0000,0.0000,0.0000,0,0.0000,1.0000,,0.0000,0.0000,no_calib
142,4.7919,0.0000,0.0000,0.0000,0.0000,0,0.0000,1.0000,,0.0000,0.0000,no_calib
143,4.8258,0.0000,0.0000,0.0000,0.0000,0,0.0000,1.0000,,0.0000,0.0000,no_calib
144,4.8588,0.0000,0.0000,0.0000,0.0000,0,0.0000,1.0000,,0.0000,0.0000,no_calib
145,4.8920,0.0000,0.0000,0.0000,0.0000,0,0.0000,1.0000,,0.0000,0.0000,no_calib
146,4.9259,0.0000,0.0000,0.0000,0.0000,0,0.0000,1.0000,,0.0000,0.0000,no_calib
147,4.9586,0.0000,0.0000,0.0000,0.0000,0,0.0000,1.0000,,0.0000,0.0000,no_calib
148,4.9923,0.0000,0.0000,0.0000,0.0000,0,0.0000,1.0000,,0.0000,0.0000,no_calib
149,5.0257,0.0000,0.0000,0.0000,0.0000,0,0.0000,1.0000,,0.0000,0.0000,no_calib
150,5.0589,0.0000,0.0000,0.0000,0.0000,0,0.0000,1.0000,,0.0000,0.0000,no_calib
151,5.1149,0.0000,0.0000,0.0000,0.0000,0,0.0000,1.0000,,0.0000,0.0000,no_calib
152,5.1401,0.0000,0.0000,0.0000,0.0000,0,0.0000,1.0000,,0.0000,0.0000,no_calib
153,5.1654,0.0000,0.0000,0.0000,0.0000,0,0.0000,1.0000,,0.0000,0.0000,no_calib
154,5.1926,0.0000,0.0000,0.0000,0.0000,0,0.0000,1.0000,,0.0000,0.0000,no_calib
155,5.2255,0.0000,0.0000,0.0000,0.0000,0,0.0000,1.0000,,0.0000,0.0000,no_calib
156,5.2594,0.0000,0.0000,0.0000,0.0000,0,0.0000,1.0000,,0.0000,0.0000,no_calib
157,5.2927,0.0000,0.0000,0.0000,0.0000,0,0.0000,1.0000,,0.0000,0.0000,no_calib
158,5.3257,0.0000,0.0000,0.0000,0.0000,0,0.0000,1.0000,,0.0000,0.0000,no_calib
159,5.3596,0.0000,0.0000,0.0000,0.0000,0,0.0000,1.0000,,0.0000,0.0000,no_calib
160,5.3922,0.0000,0.0000,0.0000,0.0000,0,0.0000,1.0000,,0.0000,0.0000,no_calib
161,5.4235,0.0000,0.0000,0.0000,0.0000,0,0.0000,1.0000,,0.0000,0.0000,no_calib
162,5.4567,0.0000,0.0000,0.0000,0.0000,0,0.0000,1.0000,,0.0000,0.0000,no_calib
163,5.4902,0.0000,0.0000,0.0000,0.0000,0,0.0000,1.0000,,0.0000,0.0000,no_calib
164,5.5233,0.0000,0.0000,0.0000,0.0000,0,0.0000,1.0000,,0.0000,0.0000,no_calib
165,5.5568,0.0000,0.0000,0.0000,0.0000,0,0.0000,1.0000,,0.0000,0.0000,no_calib
166,5.5900,0.0000,0.0000,0.0000,0.0000,0,0.0000,1.0000,,0.0000,0.0000,no_calib
167,5.6233,0.0000,0.0000,0.0000,0.0000,0,0.0000,1.0000,,0.0000,0.0000,no_calib
168,5.6581,0.0000,0.0000,0.0000,0.0000,0,0.0000,1.0000,,0.0000,0.0000,no_calib
169,5.6928,0.0000,0.0000,0.0000,0.0000,0,0.0000,1.0000,,0.0000,0.0000,no_calib
170,5.7253,0.0000,0.0000,0.0000,0.0000,0,0.0000,1.0000,,0.0000,0.0000,no_calib
171,5.7593,0.0000,0.0000,0.0000,0.0000,0,0.0000,1.0000,,0.0000,0.0000,no_calib
172,5.7920,0.0000,0.0000,0.0000,0.0000,0,0.0000,1.0000,,0.0000,0.0000,no_calib
173,5.8258,0.0000,0.0000,0.0000,0.0000,0,0.0000,1.0000,,0.0000,0.0000,no_calib
174,5.8588,0.0000,0.0000,0.0000,0.0000,0,0.0000,1.0000,,0.0000,0.0000,no_calib
175,5.8917,0.0000,0.0000,0.0000,0.0000,0,0.0000,1.0000,,0.0000,0.0000,no_calib
176,5.9250,0.0000,0.0000,0.0000,0.0000,0,0.0000,1.0000,,0.0000,0.0000,no_calib
177,5.9588,0.0000,0.0000,0.0000,0.0000,0,0.0000,1.0000,,0.0000,0.0000,no_calib
178,5.9918,0.0000,0.0000,0.0000,0.0000,0,0.0000,1.0000,,0.0000,0.0000,no_calib
179,6.0246,0.0000,0.0000,0.0000,0.0000,0,0.0000,1.0000,,0.0000,0.0000,no_calib
180,6.0588,0.0000,0.0000,0.0000,0.0000,0,0.0000,1.0000,,0.0000,0.0000,no_calib
181,6.1146,0.0000,0.0000,0.0000,0.0000,0,0.0000,1.0000,,0.0000,0.0000,no_calib
182,6.1391,0.0000,0.0000,0.0000,0.0000,0,0.0000,1.0000,,0.0000,0.0000,no_calib
183,6.1634,0.0000,0.0000,0.0000,0.0000,0,0.0000,1.0000,,0.0000,0.0000,no_calib
184,6.1915,0.0000,0.0000,0.0000,0.0000,0,0.0000,1.0000,,0.0000,0.0000,no_calib
185,6.2250,0.0000,0.0000,0.0000,0.0000,0,0.0000,1.0000,,0.0000,0.0000,no_calib
186,6.2585,0.0000,0.0000,0.0000,0.0000,0,0.0000,1.0000,,0.0000,0.0000,no_calib
187,6.2914,0.0000,0.0000,0.0000,0.0000,0,0.0000,1.0000,,0.0000,0.0000,no_calib
188,6.3249,0.0000,0.0000,0.0000,0.0000,0,0.0000,1.0000,,0.0000,0.0000,no_calib
189,6.3587,0.0000,0.0000,0.0000,0.0000,0,0.0000,1.0000,,0.0000,0.0000,no_calib
190,6.3915,0.0000,0.0000,0.0000,0.0000,0,0.0000,1.0000,,0.0000,0.0000,no_calib
191,6.4249,0.0000,0.0000,0.0000,0.0000,0,0.0000,1.0000,,0.0000,0.0000,no_calib
192,6.4586,0.0000,0.0000,0.0000,0.0000,0,0.0000,1.0000,,0.0000,0.0000,no_calib
193,6.4919,0.0000,0.0000,0.0000,0.0000,0,0.0000,1.0000,,0.0000,0.0000,no_calib
194,6.5245,0.0000,0.0000,0.0000,0.0000,0,0.0000,1.0000,,0.0000,0.0000,no_calib
195,6.5587,0.0000,0.0000,0.0000,0.0000,0,0.0000,1.0000,,0.0000,0.0000,no_calib
196,6.5914,0.0000,0.0000,0.0000,0.0000,0,0.0000,1.0000,,0.0000,0.0000,no_calib
197,6.6248,0.0000,0.0000,0.0000,0.0000,0,0.0000,1.0000,,0.0000,0.0000,no_calib
198,6.6589,0.0000,0.0000,0.0000,0.0000,0,0.0000,1.0000,,0.0000,0.0000,no_calib
199,6.6922,0.0000,0.0000,0.0000,0.0000,0,0.0000,1.0000,,0.0000,0.0000,no_calib
200,6.7247,0.0000,0.0000,0.0000,0.0000,0,0.0000,1.0000,,0.0000,0.0000,no_calib
201,6.7587,0.0000,0.0000,0.0000,0.0000,0,0.0000,1.0000,,0.0000,0.0000,no_calib
202,6.7920,0.0000,0.0000,0.0000,0.0000,0,0.0000,1.0000,,0.0000,0.0000,no_calib
203,6.8255,0.0000,0.0000,0.0000,0.0000,0,0.0000,1.0000,,0.0000,0.0000,no_calib
204,6.8585,0.0000,0.0000,0.0000,0.0000,0,0.0000,1.0000,,0.0000,0.0000,no_calib
205,6.8918,0.0000,0.0000,0.0000,0.0000,0,0.0000,1.0000,,0.0000,0.0000,no_calib
206,6.9247,0.0000,0.0000,0.0000,0.0000,0,0.0000,1.0000,,0.0000,0.0000,no_calib
207,6.9580,0.0000,0.0000,0.0000,0.0000,0,0.0000,1.0000,,0.0000,0.0000,no_calib
208,6.9923,0.0000,0.0000,0.0000,0.0000,0,0.0000,1.0000,,0.0000,0.0000,no_calib
209,7.0249,0.0000,0.0000,0.0000,0.0000,0,0.0000,1.0000,,0.0000,0.0000,no_calib
210,7.0587,0.0000,0.0000,0.0000,0.0000,0,0.0000,1.0000,,0.0000,0.0000,no_calib
211,7.1139,0.0000,0.0000,0.0000,0.0000,0,0.0000,1.0000,,0.0000,0.0000,no_calib
212,7.1383,0.0000,0.0000,0.0000,0.0000,0,0.0000,1.0000,,0.0000,0.0000,no_calib
213,7.1626,0.0000,0.0000,0.0000,0.0000,0,0.0000,1.0000,,0.0000,0.0000,no_calib
214,7.1918,0.0000,0.0000,0.0000,0.0000,0,0.0000,1.0000,,0.0000,0.0000,no_calib
215,7.2250,0.0000,0.0000,0.0000,0.0000,0,0.0000,1.0000,,0.0000,0.0000,no_calib
216,7.2579,0.0000,0.0000,0.0000,0.0000,0,0.0000,1.0000,,0.0000,0.0000,no_calib
217,7.2916,0.0000,0.0000,0.0000,0.0000,0,0.0000,1.0000,,0.0000,0.0000,no_calib
218,7.3250,0.0000,0.0000,0.0000,0.0000,0,0.0000,1.0000,,0.0000,0.0000,no_calib
219,7.3577,0.0000,0.0000,0.0000,0.0000,0,0.0000,1.0000,,0.0000,0.0000,no_calib
220,7.3916,0.0000,0.0000,0.0000,0.0000,0,0.0000,1.0000,,0.0000,0.0000,no_calib
221,7.4250,0.0000,0.0000,0.0000,0.0000,0,0.0000,1.0000,,0.0000,0.0000,no_calib
222,7.4577,0.0000,0.0000,0.0000,0.0000,0,0.0000,1.0000,,0.0000,0.0000,no_calib
223,7.4915,0.0000,0.0000,0.0000,0.0000,0,0.0000,1.0000,,0.0000,0.0000,no_calib
224,7.5251,0.0000,0.0000,0.0000,0.0000,0,0.0000,1.0000,,0.0000,0.0000,no_calib
225,7.5580,0.0000,0.0000,0.0000,0.0000,0,0.0000,1.0000,,0.0000,0.0000,no_calib
226,7.5910,0.0000,0.0000,0.0000,0.0000,0,0.0000,1.0000,,0.0000,0.0000,no_calib
227,7.6247,0.0000,0.0000,0.0000,0.0000,0,0.0000,1.0000,,0.0000,0.0000,no_calib
228,7.6578,0.0000,0.0000,0.0000,0.0000,0,0.0000,1.0000,,0.0000,0.0000,no_calib
229,7.6923,0.0000,0.0000,0.0000,0.0000,0,0.0000,1.0000,,0.0000,0.0000,no_calib
230,7.7247,0.0000,0.0000,0.0000,0.0000,0,0.0000,1.0000,,0.0000,0.0000,no_calib
231,7.7576,0.0000,0.0000,0.0000,0.0000,0,0.0000,1.0000,,0.0000,0.0000,no_calib
232,7.7914,0.0000,0.0000,0.0000,0.0000,0,0.0000,1.0000,,0.0000,0.0000,no_calib
233,7.8252,0.0000,0.0000,0.0000,0.0000,0,0.0000,1.0000,,0.0000,0.0000,no_calib
234,7.8579,0.0000,0.0000,0.0000,0.0000,0,0.0000,1.0000,,0.0000,0.0000,no_calib
235,7.8910,0.0000,0.0000,0.0000,0.0000,0,0.0000,1.0000,,0.0000,0.0000,no_calib
236,7.9246,0.0000,0.0000,0.0000,0.0000,0,0.0000,1.0000,,0.0000,0.0000,no_calib
237,7.9577,0.0000,0.0000,0.0000,0.0000,0,0.0000,1.0000,,0.0000,0.0000,no_calib
238,7.9908,0.0000,0.0000,0.0000,0.0000,0,0.0000,1.0000,,0.0000,0.0000,no_calib
239,8.0247,0.0000,0.0000,0.0000,0.0000,0,0.0000,1.0000,,0.0000,0.0000,no_calib
240,8.0575,0.0000,0.0000,0.0000,0.0000,0,0.0000,1.0000,,0.0000,0.0000,no_calib
241,8.1128,0.0000,0.0000,0.0000,0.0000,0,0.0000,1.0000,,0.0000,0.0000,no_calib
242,8.1374,0.0000,0.0000,0.0000,0.0000,0,0.0000,1.0000,,0.0000,0.0000,no_calib
243,8.1617,0.0000,0.0000,0.0000,0.0000,0,0.0000,1.0000,,0.0000,0.0000,no_calib
244,8.1911,0.0000,0.0000,0.0000,0.0000,0,0.0000,1.0000,,0.0000,0.0000,no_calib
245,8.2248,0.0000,0.0000,0.0000,0.0000,0,0.0000,1.0000,,0.0000,0.0000,no_calib
246,8.2579,0.0000,0.0000,0.0000,0.0000,0,0.0000,1.0000,,0.0000,0.0000,no_calib
247,8.2909,0.0000,0.0000,0.0000,0.0000,0,0.0000,1.0000,,0.0000,0.0000,no_calib
248,8.3247,0.0000,0.0000,0.0000,0.0000,0,0.0000,1.0000,,0.0000,0.0000,no_calib
249,8.3579,0.0000,0.0000,0.0000,0.0000,0,0.0000,1.0000,,0.0000,0.0000,no_calib
250,8.3908,0.0000,0.0000,0.0000,0.0000,0,0.0000,1.0000,,0.0000,0.0000,no_calib
251,8.4247,0.0000,0.0000,0.0000,0.0000,0,0.0000,1.0000,,0.0000,0.0000,no_calib
252,8.4577,0.0000,0.0000,0.0000,0.0000,0,0.0000,1.0000,,0.0000,0.0000,no_calib
253,8.4908,0.0000,0.0000,0.0000,0.0000,0,0.0000,1.0000,,0.0000,0.0000,no_calib
254,8.5247,0.0000,0.0000,0.0000,0.0000,0,0.0000,1.0000,,0.0000,0.0000,no_calib
255,8.5583,0.0000,0.0000,0.0000,0.0000,0,0.0000,1.0000,,0.0000,0.0000,no_calib
256,8.5907,0.0000,0.0000,0.0000,0.0000,0,0.0000,1.0000,,0.0000,0.0000,no_calib
257,8.6239,0.0000,0.0000,0.0000,0.0000,0,0.0000,1.0000,,0.0000,0.0000,no_calib
258,8.6578,0.0000,0.0000,0.0000,0.0000,0,0.0000,1.0000,,0.0000,0.0000,no_calib
259,8.6931,0.0000,0.0000,0.0000,0.0000,0,0.0000,1.0000,,0.0000,0.0000,no_calib
260,8.7246,0.0000,0.0000,0.0000,0.0000,0,0.0000,1.0000,,0.0000,0.0000,no_calib
261,8.7579,0.0000,0.0000,0.0000,0.0000,0,0.0000,1.0000,,0.0000,0.0000,no_calib
262,8.7904,0.0000,0.0000,0.0000,0.0000,0,0.0000,1.0000,,0.0000,0.0000,no_calib
263,8.8241,0.0000,0.0000,0.0000,0.0000,0,0.0000,1.0000,,0.0000,0.0000,no_calib
264,8.8579,0.0000,0.0000,0.0000,0.0000,0,0.0000,1.0000,,0.0000,0.0000,no_calib
265,8.8907,0.0000,0.0000,0.0000,0.0000,0,0.0000,1.0000,,0.0000,0.0000,no_calib
266,8.9243,0.0000,0.0000,0.0000,0.0000,0,0.0000,1.0000,,0.0000,0.0000,no_calib
267,8.9582,0.0000,0.0000,0.0000,0.0000,0,0.0000,1.0000,,0.0000,0.0000,no_calib
268,8.9908,0.0000,0.0000,0.0000,0.0000,0,0.0000,1.0000,,0.0000,0.0000,no_calib
269,9.0239,0.0000,0.0000,0.0000,0.0000,0,0.0000,1.0000,,0.0000,0.0000,no_calib
270,9.0578,0.0000,0.0000,0.0000,0.0000,0,0.0000,1.0000,,0.0000,0.0000,no_calib
271,9.1138,0.0000,0.0000,0.0000,0.0000,0,0.0000,1.0000,,0.0000,0.0000,no_calib
272,9.1383,0.0000,0.0000,0.0000,0.0000,0,0.0000,1.0000,,0.0000,0.0000,no_calib
273,9.1625,0.0000,0.0000,0.0000,0.0000,0,0.0000,1.0000,,0.0000,0.0000,no_calib
274,9.1907,0.0000,0.0000,0.0000,0.0000,0,0.0000,1.0000,,0.0000,0.0000,no_calib
275,9.2236,0.0000,0.0000,0.0000,0.0000,0,0.0000,1.0000,,0.0000,0.0000,no_calib
276,9.2579,0.0000,0.0000,0.0000,0.0000,0,0.0000,1.0000,,0.0000,0.0000,no_calib
277,9.2907,0.0000,0.0000,0.0000,0.0000,0,0.0000,1.0000,,0.0000,0.0000,no_calib
278,9.3238,0.0000,0.0000,0.0000,0.0000,0,0.0000,1.0000,,0.0000,0.0000,no_calib
279,9.3577,0.0000,0.0000,0.0000,0.0000,0,0.0000,1.0000,,0.0000,0.0000,no_calib
280,9.3905,0.0000,0.0000,0.0000,0.0000,0,0.0000,1.0000,,0.0000,0.0000,no_calib
281,9.4240,0.0000,0.0000,0.0000,0.0000,0,0.0000,1.0000,,0.0000,0.0000,no_calib
282,9.4575,0.0000,0.0000,0.0000,0.0000,0,0.0000,1.0000,,0.0000,0.0000,no_calib
283,9.4908,0.0000,0.0000,0.0000,0.0000,0,0.0000,1.0000,,0.0000,0.0000,no_calib
284,9.5239,0.0000,0.0000,0.0000,0.0000,0,0.0000,1.0000,,0.0000,0.0000,no_calib
285,9.5582,0.0000,0.0000,0.0000,0.0000,0,0.0000,1.0000,,0.0000,0.0000,no_calib
286,9.5909,0.0000,0.0000,0.0000,0.0000,0,0.0000,1.0000,,0.0000,0.0000,no_calib
287,9.6238,0.0000,0.0000,0.0000,0.0000,0,0.0000,1.0000,,0.0000,0.0000,no_calib
288,9.6574,0.0000,0.0000,0.0000,0.0000,0,0.0000,1.0000,,0.0000,0.0000,no_calib
289,9.6907,0.0000,0.0000,0.0000,0.0000,0,0.0000,1.0000,,0.0000,0.0000,no_calib
290,9.7241,0.0000,0.0000,0.0000,0.0000,0,0.0000,1.0000,,0.0000,0.0000,no_calib
291,9.7576,0.0000,0.0000,0.0000,0.0000,0,0.0000,1.0000,,0.0000,0.0000,no_calib
292,9.7913,0.0000,0.0000,0.0000,0.0000,0,0.0000,1.0000,,0.0000,0.0000,no_calib
293,9.8241,0.0000,0.0000,0.0000,0.0000,0,0.0000,1.0000,,0.0000,0.0000,no_calib
294,9.8572,0.0000,0.0000,0.0000,0.0000,0,0.0000,1.0000,,0.0000,0.0000,no_calib
295,9.8904,0.0000,0.0000,0.0000,0.0000,0,0.0000,1.0000,,0.0000,0.0000,no_calib
296,9.9233,0.0000,0.0000,0.0000,0.0000,0,0.0000,1.0000,,0.0000,0.0000,no_calib
297,9.9573,0.0000,0.0000,0.0000,0.0000,0,0.0000,1.0000,,0.0000,0.0000,no_calib
298,9.9907,0.0000,0.0000,0.0000,0.0000,0,0.0000,1.0000,,0.0000,0.0000,no_calib
299,10.0238,0.0000,0.0000,0.0000,0.0000,0,0.0000,1.0000,,0.0000,0.0000,no_calib
300,10.0570,0.0000,0.0000,0.0000,0.0000,0,0.0000,1.0000,,0.0000,0.0000,no_calib
301,10.1136,0.0000,0.0000,0.0000,0.0000,0,0.0000,1.0000,,0.0000,0.0000,no_calib
302,10.1380,0.0000,0.0000,0.0000,0.0000,0,0.0000,1.0000,,0.0000,0.0000,no_calib
303,10.1622,0.0000,0.0000,0.0000,0.0000,0,0.0000,1.0000,,0.0000,0.0000,no_calib
304,10.1907,0.0000,0.0000,0.0000,0.0000,0,0.0000,1.0000,,0.0000,0.0000,no_calib
305,10.2235,0.0000,0.0000,0.0000,0.0000,0,0.0000,1.0000,,0.0000,0.0000,no_calib
306,10.2570,0.0000,0.0000,0.0000,0.0000,0,0.0000,1.0000,,0.0000,0.0000,no_calib
307,10.2908,0.0000,0.0000,0.0000,0.0000,0,0.0000,1.0000,,0.0000,0.0000,no_calib
308,10.3234,0.0000,0.0000,0.0000,0.0000,0,0.0000,1.0000,,0.0000,0.0000,no_calib
309,10.3568,0.0000,0.0000,0.0000,0.0000,0,0.0000,1.0000,,0.0000,0.0000,no_calib
310,10.3906,0.0000,0.0000,0.0000,0.0000,0,0.0000,1.0000,,0.0000,0.0000,no_calib
311,11.8609,0.1853,-0.2922,0.1853,-0.2922,572,0.7259,1.0000,0.903875,0.2158,-0.3231,
312,11.8895,0.3995,-0.3579,0.2143,-0.0658,580,0.7296,1.0000,0.903875,0.2411,-0.0658,
313,11.9193,0.5143,-0.5626,0.1148,-0.2046,567,0.7130,1.0000,0.903875,0.1344,-0.2269,
314,11.9469,0.3270,-0.4249,-0.1873,0.1376,576,0.7245,1.0000,0.903875,-0.2133,0.1482,
315,11.9741,0.2653,-0.2446,-0.0616,0.1804,578,0.7311,1.0000,0.903875,-0.0744,0.2016,
316,12.0018,-0.0596,-0.4596,-0.3249,-0.2150,574,0.7247,1.0000,0.903875,-0.3560,-0.2562,
317,12.0299,0.1590,-0.4797,0.2185,-0.0202,568,0.7163,1.0000,0.903875,0.2445,-0.0141,
318,12.0572,0.2321,-0.4316,0.0732,0.0481,580,0.7327,1.0000,0.903875,0.0802,0.0573,
319,12.0842,-0.0507,-0.4890,-0.2828,-0.0574,567,0.7141,1.0000,0.903875,-0.3139,-0.0762,
320,12.1112,-0.0303,-0.3278,0.0204,0.1612,575,0.7264,1.0000,0.903875,0.0178,0.1832,
321,12.1389,-0.3347,-0.2836,-0.3044,0.0442,579,0.7274,1.0000,0.903875,-0.3411,0.0378,
322,12.1662,-0.2265,-0.8876,0.1082,-0.6040,572,0.7204,1.0000,0.903875,0.1394,-0.6790,
323,12.1937,-0.1192,-0.7463,0.1073,0.1413,579,0.7256,1.0000,0.903875,0.1154,0.1642,
324,12.2208,-0.4019,-0.4146,-0.2828,0.3317,573,0.7217,1.0000,0.903875,-0.3258,0.3639,
325,12.2490,-0.3626,-0.7066,0.0393,-0.2921,567,0.7159,1.0000,0.903875,0.0529,-0.3288,
326,12.2766,0.1537,-1.0121,0.5163,-0.3055,579,0.7292,1.0000,0.903875,0.5856,-0.3249,
327,12.3040,-0.0039,-0.9087,-0.1575,0.1035,564,0.7130,1.0000,0.903875,-0.1790,0.1107,
328,12.3314,-0.1174,-0.6302,-0.1135,0.2784,581,0.7345,1.0000,0.903875,-0.1353,0.3104,
329,12.3585,-0.4613,-0.6684,-0.3439,-0.0381,576,0.7236,1.0000,0.903875,-0.3827,-0.0569,
330,12.3857,-0.0664,-0.9480,0.3949,-0.2796,576,0.7254,1.0000,0.903875,0.4494,-0.3005,
331,12.4413,0.6956,-1.2424,0.7620,-0.2945,566,0.7119,1.0000,0.903875,0.8594,-0.3026,
332,12.4689,0.7052,-1.6597,0.0096,-0.4173,567,0.7177,1.0000,0.903875,0.0236,-0.4716,
333,12.4975,0.3727,-2.0298,-0.3324,-0.3701,573,0.7244,1.0000,0.903875,-0.3596,-0.4320,
334,12.5249,0.1770,-1.8019,-0.1957,0.2278,575,0.7233,1.0000,0.903875,-0.2255,0.2499,
335,12.5525,0.2702,-1.8795,0.0931,-0.0776,591,0.7487,1.0000,0.903875,0.1063,-0.0841,
336,12.5796,0.1192,-1.9271,-0.1510,-0.0476,446,0.7058,1.0000,0.903875,-0.1670,-0.0599,
337,12.6079,0.2525,-1.6998,0.1333,0.2273,465,0.7094,1.0000,0.903875,0.1417,0.2625,
338,12.6360,0.0879,-1.9468,-0.1646,-0.2470,579,0.7296,1.0000,0.903875,-0.1760,-0.2860,
339,12.6634,0.0543,-2.0239,-0.0336,-0.0771,454,0.6940,1.0000,0.903875,-0.0351,-0.0886,
340,12.6909,0.4271,-1.7732,0.3727,0.2507,460,0.7339,1.0000,0.903875,0.4082,0.2986,
341,12.7189,-0.0237,-1.8790,-0.4507,-0.1059,575,0.7313,1.0000,0.903875,-0.4998,-0.1378,
342,12.7466,0.1220,-2.0869,0.1457,-0.2079,504,0.7163,1.0000,0.903875,0.1690,-0.2293,
343,12.7743,0.2530,-1.8442,0.1310,0.2427,561,0.7159,1.0000,0.903875,0.1387,0.2798,
344,12.8020,-0.1064,-1.9302,-0.3594,-0.0860,577,0.7267,1.0000,0.903875,-0.3984,-0.1116,
345,12.8292,0.0538,-2.2402,0.1602,-0.3100,442,0.6834,1.0000,0.903875,0.1884,-0.3443,
346,12.8570,0.1242,-2.0052,0.0704,0.2350,566,0.7132,1.0000,0.903875,0.0713,0.2687,
347,12.8847,0.1373,-2.1138,0.0131,-0.1085,583,0.7343,1.0000,0.903875,0.0179,-0.1223,
348,12.9117,-0.0476,-2.2254,-0.1849,-0.1116,562,0.7078,1.0000,0.903875,-0.2029,-0.1337,
349,12.9400,0.2559,-2.2117,0.3035,0.0136,574,0.7229,1.0000,0.903875,0.3383,0.0276,
350,12.9679,0.1583,-2.2763,-0.0975,-0.0645,574,0.7264,1.0000,0.903875,-0.1068,-0.0769,
351,12.9954,0.1795,-2.2036,0.0212,0.0727,575,0.7233,1.0000,0.903875,0.0214,0.0830,
352,13.0227,0.2854,-2.1716,0.1059,0.0320,601,0.7569,1.0000,0.903875,0.1172,0.0405,
353,13.0498,0.2106,-2.4075,-0.0748,-0.2360,566,0.7111,1.0000,0.903875,-0.0762,-0.2699,
354,13.0770,0.2352,-2.3661,0.0247,0.0414,585,0.7368,1.0000,0.903875,0.0262,0.0478,
355,13.1038,0.5273,-2.4276,0.2920,-0.0614,578,0.7289,1.0000,0.903875,0.3278,-0.0578,
356,13.1314,0.4358,-2.5264,-0.0915,-0.0989,487,0.7164,1.0000,0.903875,-0.0991,-0.1155,
357,13.1591,0.5071,-2.3196,0.0713,0.2068,448,0.6709,1.0000,0.903875,0.0732,0.2368,
358,13.1865,0.4675,-2.6317,-0.0395,-0.3121,576,0.7236,1.0000,0.903875,-0.0345,-0.3546,
359,13.2141,0.6512,-2.9333,0.1837,-0.3017,564,0.7094,1.0000,0.903875,0.2143,-0.3339,
360,13.2416,0.5406,-2.6176,-0.1106,0.3157,567,0.7175,1.0000,0.903875,-0.1332,0.3527,
361,13.2935,0.1836,-2.7100,-0.3571,-0.0924,569,0.7203,1.0000,0.903875,-0.3956,-0.1188,
362,13.3210,0.1858,-2.7941,0.0022,-0.0841,576,0.7258,1.0000,0.903875,0.0050,-0.0950,
363,13.3481,0.4208,-2.5796,0.2351,0.2145,566,0.7128,1.0000,0.903875,0.2557,0.2521,
364,13.3756,0.5188,-2.6298,0.0979,-0.0502,606,0.7667,1.0000,0.903875,0.1108,-0.0528,
365,13.4032,0.3327,-2.7189,-0.1861,-0.0891,559,0.7040,1.0000,0.903875,-0.2049,-0.1083,
366,13.4302,0.3783,-2.6806,0.0456,0.0383,605,0.7639,1.0000,0.903875,0.0497,0.0452,
367,13.4571,0.0809,-2.5907,-0.2974,0.0899,571,0.7210,1.0000,0.903875,-0.3346,0.0898,
368,13.4845,0.2053,-2.7148,0.1244,-0.1241,560,0.7035,1.0000,0.903875,0.1426,-0.1354,
369,13.5115,0.1730,-2.6776,-0.0323,0.0372,580,0.7305,1.0000,0.903875,-0.0372,0.0408,
370,13.5386,0.2722,-2.8736,0.0992,-0.1960,559,0.7040,1.0000,0.903875,0.1168,-0.2178,
371,13.5655,0.2511,-2.7207,-0.0211,0.1529,575,0.7264,1.0000,0.903875,-0.0283,0.1721,
372,13.5927,0.3584,-2.5358,0.1073,0.1849,479,0.6936,1.0000,0.903875,0.1140,0.2135,
373,13.6209,0.3766,-2.8979,0.0182,-0.3621,557,0.7015,1.0000,0.903875,0.0315,-0.4089,
374,13.6486,0.4148,-2.9763,0.0382,-0.0783,583,0.7402,1.0000,0.903875,0.0451,-0.0871,
375,13.6757,0.5669,-2.6311,0.1521,0.3451,447,0.7112,1.0000,0.903875,0.1591,0.3965,
376,13.7035,0.0297,-2.6999,-0.5373,-0.0687,574,0.7247,1.0000,0.903875,-0.5974,-0.0993,
377,13.7311,0.2610,-2.9711,0.2313,-0.2712,560,0.7071,1.0000,0.903875,0.2665,-0.2976,
378,13.7584,0.6507,-2.9621,0.3897,0.0090,555,0.6999,1.0000,0.903875,0.4347,0.0258,
379,13.7858,0.2191,-2.8872,-0.4316,0.0749,566,0.7165,1.0000,0.903875,-0.4840,0.0674,
380,13.8131,0.0673,-2.7269,-0.1518,0.1603,565,0.7141,1.0000,0.903875,-0.1744,0.1753,
381,13.8404,0.4414,-2.8291,0.3741,-0.1022,562,0.7114,1.0000,0.903875,0.4206,-0.1006,
382,13.8679,0.5235,-3.1906,0.0821,-0.3615,563,0.7127,1.0000,0.903875,0.1028,-0.4057,
383,13.8953,0.5578,-3.0759,0.0344,0.1147,584,0.7374,1.0000,0.903875,0.0348,0.1311,
384,13.9222,0.7552,-3.0021,0.1974,0.0738,578,0.7357,1.0000,0.903875,0.2180,0.0914,
385,13.9503,0.4369,-3.0869,-0.3184,-0.0849,576,0.7273,1.0000,0.903875,-0.3527,-0.1088,
386,13.9777,0.5626,-3.1716,0.1257,-0.0846,572,0.7266,1.0000,0.903875,0.1429,-0.0907,
387,14.0051,0.5055,-3.2055,-0.0571,-0.0339,582,0.7367,1.0000,0.903875,-0.0627,-0.0406,
388,14.0321,0.5482,-3.4288,0.0428,-0.2234,576,0.7291,1.0000,0.903875,0.0546,-0.2510,
389,14.0593,0.1859,-3.0759,-0.3623,0.3529,566,0.7192,1.0000,0.903875,-0.4153,0.3847,
390,14.0868,-0.0468,-3.0810,-0.2327,-0.0051,563,0.7157,1.0000,0.903875,-0.2596,-0.0150,
391,14.1381,0.1379,-3.2720,0.1848,-0.1910,592,0.7494,1.0000,0.903875,0.2121,-0.2087,
392,14.1654,0.3943,-3.2413,0.2563,0.0307,596,0.7544,1.0000,0.903875,0.2851,0.0450,
393,14.1926,0.2138,-3.2270,-0.1805,0.0142,582,0.7380,1.0000,0.903875,-0.2018,0.0089,
394,14.2199,0.5705,-3.4653,0.3567,-0.2382,576,0.7245,1.0000,0.903875,0.4054,-0.2552,
395,14.2474,1.0939,-3.4514,0.5235,0.0139,567,0.7177,1.0000,0.903875,0.5837,0.0367,
396,14.2750,0.8854,-3.4334,-0.2085,0.0180,588,0.7424,1.0000,0.903875,-0.2333,0.0120,
397,14.3032,1.7280,-3.9639,0.8426,-0.5305,578,0.7280,1.0000,0.903875,0.9567,-0.5663,
398,14.3311,1.7232,-4.1854,-0.0048,-0.2215,588,0.7387,1.0000,0.903875,0.0015,-0.2508,
399,14.3584,2.3542,-3.8463,0.6310,0.3391,571,0.6746,1.0000,0.903875,0.6937,0.4089,
400,14.3862,4.4227,-4.0718,2.0686,-0.2254,586,0.7364,1.0000,0.903875,2.3155,-0.1721,
401,14.4139,6.2952,-4.5416,1.8725,-0.4698,409,0.5183,1.0000,0.903875,2.1042,-0.4565,
402,14.4422,7.3809,-3.6642,1.0857,0.8774,423,0.5026,1.0000,0.903875,1.1844,1.0361,
403,14.4702,8.7998,-0.9317,1.4189,2.7325,369,0.3397,1.0000,0.903875,1.4990,3.1481,low_inlier
404,14.4990,6.8637,10.4084,-1.9361,11.3400,343,0.2739,1.0000,0.903875,-2.5112,12.7513,low_inlier
405,14.5285,2.1539,32.0706,-4.7098,21.6622,271,0.0878,1.0000,0.903875,-5.9257,24.3174,low_inlier
406,14.5581,-5.2347,65.5106,-7.3886,33.4400,297,0.3004,1.0000,0.903875,-9.2793,37.5341,low_inlier
407,14.5875,-8.0958,101.6244,-2.8611,36.1138,227,0.1246,1.0000,0.903875,-4.3093,40.7404,low_inlier
408,14.6168,-12.2979,130.7746,-4.2021,29.1502,468,0.0000,1.0000,0.903875,-5.5906,32.8088,low_inlier
409,14.6462,-25.4937,152.3819,-13.1958,21.6073,499,0.0582,1.0000,0.903875,-15.3942,23.9153,low_inlier
410,14.6758,-39.7177,158.5831,-14.2240,6.2013,273,0.1127,1.0000,0.903875,-16.0654,6.4454,low_inlier
411,14.7047,-55.8518,153.6443,-16.1341,-4.9388,283,0.0441,1.0000,0.903875,-17.8527,-6.2337,low_inlier
412,14.7339,-67.6674,139.5039,-11.8156,-14.1404,240,0.0276,1.0000,0.903875,-12.7489,-16.4704,low_inlier
413,14.7634,-83.0820,132.2276,-15.4146,-7.2763,494,0.0128,1.0000,0.903875,-16.9774,-8.8493,low_inlier
414,14.7928,-84.5260,140.6395,-1.4440,8.4119,407,0.0347,1.0000,0.903875,-1.8715,9.4584,low_inlier
415,14.8220,-78.1107,142.0840,6.4153,1.4445,400,0.0256,1.0000,0.903875,7.1147,1.8912,low_inlier
416,14.8538,-80.8908,147.4425,-2.7800,5.3585,220,0.0330,1.0000,0.903875,-3.2681,5.9506,low_inlier
417,14.8867,-77.1658,145.2911,3.7250,-2.1514,331,0.0480,1.0000,0.903875,4.2235,-2.2846,low_inlier
418,14.9200,-77.3802,133.0693,-0.2144,-12.2218,325,0.0214,1.0000,0.903875,0.1385,-13.8350,low_inlier
419,14.9534,-84.2982,123.8140,-6.9179,-9.2553,583,0.0375,1.0000,0.903875,-7.4342,-10.7476,low_inlier
420,14.9867,-79.3709,113.7548,4.9273,-10.0592,323,0.0290,1.0000,0.903875,5.8097,-11.1824,low_inlier
421,15.0383,-80.3538,110.5740,-0.9829,-3.1808,331,0.0138,1.0000,0.903875,-0.9985,-3.6378,low_inlier
422,15.0669,-78.9015,116.5862,1.4522,6.0122,383,0.0338,1.0000,0.903875,1.4348,6.8597,low_inlier
423,15.0955,-90.8016,116.4568,-11.9001,-0.1294,390,0.0588,1.0000,0.903875,-13.2763,-0.6232,low_inlier
424,15.1244,-95.3594,110.4578,-4.5578,-5.9990,514,0.0215,1.0000,0.903875,-4.9010,-6.9692,low_inlier
425,15.1536,-102.2954,115.9268,-6.9360,5.4690,210,0.0317,1.0000,0.903875,-7.9095,5.9090,low_inlier
426,15.1874,-104.4171,121.0869,-2.1216,5.1601,295,0.0344,1.0000,0.903875,-2.5272,5.7525,low_inlier
427,15.2201,-105.0527,131.7846,-0.6356,10.6977,480,0.0530,1.0000,0.903875,-1.0400,12.0767,low_inlier
428,15.2538,-103.3861,127.7523,1.6666,-4.0323,568,0.0325,1.0000,0.903875,1.9846,-4.4949,low_inlier
429,15.2868,-103.4810,117.2260,-0.0949,-10.5263,783,0.0013,1.0000,0.903875,0.2195,-11.9121,low_inlier
430,15.3201,-131.4257,89.5163,-27.9448,-27.7097,758,0.0026,1.0000,0.903875,-30.3293,-32.4674,low_inlier
431,15.3533,-166.5330,42.9563,-35.1072,-46.5600,243,0.0600,1.0000,0.903875,-37.7397,-54.0795,low_inlier
432,15.3867,-191.2745,28.1564,-24.7415,-14.7999,674,0.0013,1.0000,0.903875,-27.1536,-17.7344,low_inlier
433,15.4201,-215.0244,14.5967,-23.7500,-13.5596,720,0.0013,1.0000,0.903875,-26.0854,-16.2915,low_inlier
434,15.4533,-229.6820,8.8402,-14.6576,-5.7565,327,0.0026,1.0000,0.903875,-16.1796,-7.0996,low_inlier
435,15.4871,-230.1558,-15.1695,-0.4738,-24.0097,194,0.0102,1.0000,0.903875,0.2134,-27.1808,low_inlier
436,15.5194,-226.6515,-27.5639,3.5043,-12.3944,425,0.0547,1.0000,0.903875,4.2939,-13.8812,low_inlier
437,15.5532,-213.5461,-28.8520,13.1054,-1.2881,479,0.0538,1.0000,0.903875,14.6652,-0.9320,low_inlier
438,15.5866,-186.1898,-25.5653,27.3564,3.2867,365,0.0609,1.0000,0.903875,30.4276,4.8144,low_inlier
439,15.6200,-161.1061,-23.1544,25.0837,2.4109,323,0.0506,1.0000,0.903875,27.9184,3.7325,low_inlier
440,15.6532,-145.9036,-19.3978,15.2025,3.7566,756,0.0440,1.0000,0.903875,16.8496,4.8590,low_inlier
441,15.6868,-133.8044,-15.1496,12.0993,4.2482,750,0.0013,1.0000,0.903875,13.3712,5.2908,low_inlier
442,15.7203,-123.3356,-12.8173,10.4688,2.3323,745,0.0063,1.0000,0.903875,11.6109,3.0580,low_inlier
443,15.7532,-108.0114,-11.4426,15.3242,1.3747,362,0.0689,1.0000,0.903875,17.0590,2.1693,low_inlier
444,15.7864,-98.3107,-10.1405,9.7007,1.3021,747,0.0050,1.0000,0.903875,10.7856,1.8618,low_inlier
445,15.8199,-86.0500,-3.5497,12.2607,6.5908,791,0.0100,1.0000,0.903875,13.4789,7.9474,low_inlier
446,15.8537,-78.1104,1.6719,7.9395,5.2216,782,0.0250,1.0000,0.903875,8.6990,6.2253,low_inlier
447,15.8869,-71.4398,9.4690,6.6706,7.7970,565,0.3242,1.0000,0.903875,7.2032,9.0880,low_inlier
448,15.9204,-69.0782,18.1910,2.3617,8.7221,794,0.0113,1.0000,0.903875,2.3660,9.9618,low_inlier
449,15.9537,-69.1570,32.7205,-0.0789,14.5295,312,0.0719,1.0000,0.903875,-0.5371,16.4338,low_inlier
450,15.9869,-67.9038,21.0488,1.2532,-11.6717,337,0.0801,1.0000,0.903875,1.7594,-13.1538,low_inlier
451,16.0392,-66.3346,7.3778,1.5692,-13.6710,374,0.2198,1.0000,0.903875,2.1738,-15.4030,low_inlier
452,16.0679,-69.8230,17.7754,-3.4884,10.3976,364,0.1132,1.0000,0.903875,-4.2144,11.6228,low_inlier
453,16.0966,-69.0673,24.4754,0.7557,6.7000,431,0.1225,1.0000,0.903875,0.6362,7.6099,low_inlier
454,16.1251,-70.3274,27.9403,-1.2601,3.4649,675,0.4625,1.0000,0.903875,-1.5134,3.8693,low_inlier
455,16.1535,-73.4488,29.4310,-3.1214,1.4907,785,0.7250,1.0000,0.903875,-3.5295,1.5613,
456,16.1863,-73.2997,28.2622,0.1491,-1.1688,681,0.6512,1.0000,0.903875,0.2026,-1.3163,
457,16.2197,-76.6356,25.8364,-3.3360,-2.4258,497,0.2201,1.0000,0.903875,-3.6479,-2.8779,low_inlier
458,16.2530,-79.2891,23.6445,-2.6535,-2.1920,744,0.8101,1.0000,0.903875,-2.8935,-2.5861,
459,16.2866,-76.8549,23.2359,2.4342,-0.4086,777,0.8300,1.0000,0.903875,2.7292,-0.3647,
460,16.3199,-72.2336,23.2823,4.6213,0.0464,764,0.2475,1.0000,0.903875,5.1558,0.2377,low_inlier
461,16.3530,-71.3815,22.2802,0.8521,-1.0021,599,0.6976,1.0000,0.903875,0.9819,-1.0995,
462,16.3863,-68.7580,22.0057,2.6235,-0.2745,785,0.9825,1.0000,0.903875,2.9362,-0.2054,
463,16.4197,-63.5541,22.2517,5.2040,0.2460,784,0.5400,1.0000,0.903875,5.7999,0.4868,
464,16.4529,-64.3373,21.9350,-0.7832,-0.3168,768,0.5420,1.0000,0.903875,-0.8643,-0.3898,
465,16.4857,-64.1520,21.2192,0.1854,-0.7158,791,0.9862,1.0000,0.903875,0.2290,-0.8023,
466,16.5198,-61.8285,22.7999,2.3235,1.5807,742,0.7350,1.0000,0.903875,2.5441,1.8813,
467,16.5529,-60.4028,26.2236,1.4256,3.4237,746,0.4113,1.0000,0.903875,1.4851,3.9303,low_inlier
468,16.5864,-59.7526,29.4848,0.6502,3.2612,588,0.1142,1.0000,0.903875,0.6248,3.7154,low_inlier
469,16.6196,-58.3021,31.3366,1.4505,1.8518,652,0.2800,1.0000,0.903875,1.5615,2.1531,low_inlier
470,16.6530,-62.0078,34.1771,-3.7058,2.8405,762,0.9574,1.0000,0.903875,-4.2234,3.0649,
471,16.6861,-64.5110,37.2936,-2.5032,3.1166,766,0.8377,1.0000,0.903875,-2.8899,3.4254,
472,16.7204,-62.7642,39.9352,1.7468,2.6416,772,0.5537,1.0000,0.903875,1.8677,3.0584,
473,16.7528,-60.0485,41.4532,2.7157,1.5180,712,0.8087,1.0000,0.903875,2.9838,1.8261,
474,16.7859,-61.2511,40.5356,-1.2026,-0.9176,774,0.9450,1.0000,0.903875,-1.3137,-1.0862,
475,16.8196,-62.4777,38.3308,-1.2266,-2.2048,759,0.8269,1.0000,0.903875,-1.3007,-2.5434,
476,16.8528,-62.1488,37.5957,0.3289,-0.7352,774,0.8598,1.0000,0.903875,0.3898,-0.8185,
477,16.8860,-60.9195,37.9604,1.2293,0.3648,788,0.9850,1.0000,0.903875,1.3606,0.4619,
478,16.9192,-60.4855,38.6836,0.4339,0.7231,780,0.9700,1.0000,0.903875,0.4619,0.8355,
479,16.9525,-59.0326,40.5846,1.4529,1.9010,773,0.9363,1.0000,0.903875,1.5627,2.2088,
480,16.9868,-58.4733,42.4588,0.5592,1.8742,786,0.9762,1.0000,0.903875,0.5662,2.1426,
481,17.0389,-58.9673,42.8044,-0.4939,0.3456,778,0.9825,1.0000,0.903875,-0.5619,0.3712,
482,17.0668,-58.8150,42.4369,0.1522,-0.3675,739,0.7025,1.0000,0.903875,0.1812,-0.4097,
483,17.0940,-58.3295,40.7723,0.4855,-1.6646,702,0.8575,1.0000,0.903875,0.5933,-1.8637,
484,17.1219,-57.1443,38.8638,1.1852,-1.9085,622,0.2090,1.0000,0.903875,1.3817,-2.1116,low_inlier
485,17.1528,-56.0973,37.6288,1.0470,-1.2349,586,0.5012,1.0000,0.903875,1.2066,-1.3551,
486,17.1863,-55.9548,35.8655,0.1424,-1.7633,770,0.9687,1.0000,0.903875,0.2135,-1.9891,
487,17.2193,-57.8757,33.9732,-1.9209,-1.8923,782,0.9725,1.0000,0.903875,-2.0851,-2.2178,
488,17.2527,-59.2322,33.4817,-1.3565,-0.4914,796,0.8698,1.0000,0.903875,-1.4986,-0.6103,
489,17.2860,-60.2871,32.9560,-1.0550,-0.5258,792,0.9838,1.0000,0.903875,-1.1611,-0.6371,
490,19.0920,-58.7694,31.4130,1.5177,-1.5430,320,0.0215,1.0000,0.298466,4.9975,-2.5168,low_inlier
491,19.1221,-58.6480,31.2874,0.1215,-0.1256,789,0.9912,1.0000,0.298466,0.4000,-0.2049,
492,19.1513,-59.0736,31.3752,-0.4256,0.0878,785,0.9812,1.0000,0.298466,-1.3957,0.1411,
493,19.1805,-59.1893,30.8260,-0.1157,-0.5493,786,0.9887,1.0000,0.298466,-0.3697,-0.9001,
494,19.2086,-59.4956,29.9913,-0.3063,-0.8347,782,0.9161,1.0000,0.298466,-0.9892,-1.3687,
495,19.2367,-59.7995,30.1212,-0.3039,0.1300,782,0.9788,1.0000,0.298466,-0.9977,0.2109,
496,19.2653,-59.3503,30.0797,0.4492,-0.0415,781,0.9500,1.0000,0.298466,1.4720,-0.0652,
497,19.2949,-59.2763,29.7798,0.0740,-0.2999,791,0.9937,1.0000,0.298466,0.2474,-0.4907,
498,19.3232,-59.7278,29.7793,-0.4515,-0.0004,788,0.9912,1.0000,0.298466,-1.4789,-0.0036,
499,19.3515,-59.9608,29.4942,-0.2330,-0.2851,789,0.9888,1.0000,0.298466,-0.7585,-0.4684,
500,19.3798,-61.1401,29.7352,-1.1792,0.2410,729,0.8195,1.0000,0.298466,-3.8668,0.3871,
501,19.4083,-62.7044,31.2684,-1.5644,1.5331,719,0.8596,1.0000,0.298466,-5.1501,2.5004,
502,19.4371,-63.1568,32.1457,-0.4524,0.8773,749,0.7738,1.0000,0.298466,-1.4967,1.4337,
503,19.4657,-63.3306,32.7032,-0.1737,0.5574,779,0.9862,1.0000,0.298466,-0.5785,0.9117,
504,19.4943,-63.8302,33.4402,-0.4996,0.7371,777,0.9725,1.0000,0.298466,-1.6490,1.2037,
505,19.5234,-63.7554,33.1042,0.0748,-0.3360,735,0.8638,1.0000,0.298466,0.2505,-0.5498,
506,19.5519,-63.7836,32.4130,-0.0282,-0.6912,779,0.9563,1.0000,0.298466,-0.0806,-1.1320,
507,19.5803,-64.4626,32.7449,-0.6790,0.3319,773,0.9700,1.0000,0.298466,-2.2298,0.5392,
508,19.6090,-64.5531,33.5262,-0.0905,0.7813,746,0.9137,1.0000,0.298466,-0.3096,1.2788,
509,19.6374,-64.2342,33.8561,0.3189,0.3299,785,0.9425,1.0000,0.298466,1.0389,0.5423,
510,19.6658,-64.2991,33.7339,-0.0649,-0.1222,740,0.9263,1.0000,0.298466,-0.2104,-0.2005,
511,19.7226,-64.4529,33.6792,-0.1539,-0.0548,773,0.9113,1.0000,0.298466,-0.5031,-0.0906,
512,19.7509,-64.1898,33.9837,0.2631,0.3045,798,0.9988,1.0000,0.298466,0.8568,0.5003,
513,19.7793,-63.9706,34.4345,0.2192,0.4508,799,0.9988,1.0000,0.298466,0.7105,0.7395,
514,19.8074,-63.8849,34.7144,0.0857,0.2800,799,0.9988,1.0000,0.298466,0.2759,0.4590,
515,19.8353,-63.8855,34.0792,-0.0006,-0.6352,752,0.9387,1.0000,0.298466,0.0087,-1.0401,
516,19.8646,-64.3066,34.6352,-0.4211,0.5561,791,0.9988,1.0000,0.298466,-1.3888,0.9078,
517,19.8934,-63.8618,34.9342,0.4449,0.2989,752,0.6462,1.0000,0.298466,1.4522,0.4923,
518,19.9221,-63.5885,34.3462,0.2732,-0.5879,755,0.9400,1.0000,0.298466,0.9049,-0.9610,
519,19.9504,-64.0978,34.2730,-0.5093,-0.0732,779,0.9650,1.0000,0.298466,-1.6670,-0.1231,
520,19.9788,-63.6861,33.5327,0.4117,-0.7404,774,0.9738,1.0000,0.298466,1.3609,-1.2097,
521,20.0070,-63.2941,32.8814,0.3921,-0.6512,796,0.9975,1.0000,0.298466,1.2952,-1.0638,
522,20.0354,-63.6114,32.7378,-0.3173,-0.1436,798,0.9975,1.0000,0.298466,-1.0368,-0.2372,
523,20.0638,-63.3718,32.5520,0.2396,-0.1858,799,0.9988,1.0000,0.298466,0.7878,-0.3027,
524,20.0921,-63.3014,32.4317,0.0704,-0.1203,800,1.0000,1.0000,0.298466,0.2325,-0.1966,
525,20.1199,-63.3985,32.9874,-0.0971,0.5557,760,0.9487,1.0000,0.298466,-0.3274,0.9093,
526,20.1483,-62.9383,32.9417,0.4602,-0.0458,796,0.9925,1.0000,0.298466,1.5083,-0.0720,
527,20.1768,-63.1564,32.5206,-0.2181,-0.4211,755,0.9363,1.0000,0.298466,-0.7072,-0.6909,
528,20.2098,-63.3179,32.6024,-0.1615,0.0818,797,0.9988,1.0000,0.298466,-0.5303,0.1330,
529,20.2395,-62.6795,32.4455,0.6383,-0.1569,796,0.9988,1.0000,0.298466,2.0936,-0.2528,
530,20.2679,-62.9917,32.4742,-0.3121,0.0287,788,0.9888,1.0000,0.298466,-1.0229,0.0449,
531,20.2968,-62.9519,32.8285,0.0398,0.3544,768,0.8975,1.0000,0.298466,0.1243,0.5805,
532,20.3262,-62.1906,32.7016,0.7613,-0.1270,758,0.9375,1.0000,0.298466,2.4959,-0.2031,
533,20.3586,-62.4949,32.5506,-0.3043,-0.1510,798,0.9938,1.0000,0.298466,-0.9942,-0.2491,
534,20.3881,-62.3796,32.6592,0.1153,0.1086,759,0.9375,1.0000,0.298466,0.3758,0.1786,
535,20.4167,-61.6671,31.8640,0.7125,-0.7952,790,0.9962,1.0000,0.298466,2.3472,-1.2975,
536,20.4456,-61.6746,31.0250,-0.0075,-0.8390,793,0.9875,1.0000,0.298466,-0.0104,-1.3739,
537,20.4744,-61.4148,30.3371,0.2598,-0.6879,787,0.9862,1.0000,0.298466,0.8625,-1.1247,
538,20.5025,-60.7092,29.8562,0.7056,-0.4809,790,0.9875,1.0000,0.298466,2.3195,-0.7829,
539,20.5308,-60.8012,29.6756,-0.0920,-0.1806,788,0.9862,1.0000,0.298466,-0.2983,-0.2963,
540,20.5589,-60.8919,29.9449,-0.0908,0.2693,768,0.9375,1.0000,0.298466,-0.3018,0.4404,
541,20.6121,-60.4280,29.8534,0.4639,-0.0916,798,0.9988,1.0000,0.298466,1.5211,-0.1470,
542,20.6401,-60.5356,29.9288,-0.1076,0.0755,798,0.9988,1.0000,0.298466,-0.3536,0.1229,
543,20.6677,-60.7684,29.7057,-0.2329,-0.2231,798,0.9988,1.0000,0.298466,-0.7590,-0.3668,
544,20.6954,-60.4881,30.1752,0.2804,0.4695,797,0.9988,1.0000,0.298466,0.9105,0.7706,
545,20.7231,-59.9781,31.1208,0.5100,0.9455,796,0.9950,1.0000,0.298466,1.6545,1.5515,
546,20.7511,-59.9050,32.1078,0.0731,0.9871,795,0.9988,1.0000,0.298466,0.2227,1.6167,
547,20.7789,-59.4295,32.9183,0.4755,0.8105,780,0.9712,1.0000,0.298466,1.5439,1.3301,
548,20.8072,-58.7919,32.4438,0.6376,-0.4745,721,0.6637,1.0000,0.298466,2.0965,-0.7729,
549,20.8353,-58.8688,30.7411,-0.0769,-1.7027,735,0.4813,1.0000,0.298466,-0.2231,-2.7885,low_inlier
550,20.8639,-59.3307,30.9518,-0.4619,0.2107,762,0.8912,1.0000,0.298466,-1.5167,0.3420,
551,20.8924,-58.8159,30.9731,0.5148,0.0213,722,0.8750,1.0000,0.298466,1.6860,0.0382,
552,20.9205,-58.8772,31.3166,-0.0613,0.3435,739,0.7963,1.0000,0.298466,-0.2067,0.5621,
553,20.9494,-59.0514,31.4292,-0.1742,0.1126,791,0.9888,1.0000,0.298466,-0.5724,0.1832,
554,20.9774,-59.3291,30.5761,-0.2777,-0.8531,799,0.9988,1.0000,0.298466,-0.8951,-1.3987,
555,21.0055,-59.4836,29.8668,-0.1545,-0.7093,799,0.9988,1.0000,0.298466,-0.4942,-1.1624,
556,21.0336,-59.3010,29.3006,0.1826,-0.5662,799,0.9988,1.0000,0.298466,0.6078,-0.9259,
557,21.0615,-59.1408,28.9041,0.1602,-0.3965,786,0.9862,1.0000,0.298466,0.5314,-0.6483,
558,21.0896,-59.2763,29.0166,-0.1355,0.1126,799,0.9988,1.0000,0.298466,-0.4457,0.1834,
559,21.1158,0.4321,0.7014,0.4321,0.7014,768,0.9475,1.0000,0.298466,1.4034,1.1513,
560,21.1419,0.9456,0.5781,0.5135,-0.1234,775,0.9962,1.0000,0.298466,1.6841,-0.1987,
561,21.1683,0.7477,0.4402,-0.1978,-0.1379,795,0.9938,1.0000,0.298466,-0.6458,-0.2271,
562,21.1955,1.0698,0.1755,0.3220,-0.2647,766,0.9375,1.0000,0.298466,1.0594,-0.4313,
563,21.2217,1.6574,0.2536,0.5877,0.0781,785,0.9800,1.0000,0.298466,1.9237,0.1317,
564,21.2479,1.6284,0.8510,-0.0290,0.5974,797,0.9975,1.0000,0.298466,-0.1052,0.9780,
565,21.2741,2.1052,1.4362,0.4768,0.5852,786,0.9750,1.0000,0.298466,1.5521,0.9613,
566,21.3005,2.5598,2.6412,0.4545,1.2049,785,0.9788,1.0000,0.298466,1.4686,1.9759,
567,21.3270,2.4104,3.6102,-0.1494,0.9690,784,0.9838,1.0000,0.298466,-0.5057,1.5857,
568,21.3531,2.8043,4.1692,0.3939,0.5590,751,0.6425,1.0000,0.298466,1.2809,0.9178,
569,21.3793,3.2332,3.8618,0.4289,-0.3073,751,0.9362,1.0000,0.298466,1.4100,-0.5005,
570,21.4056,2.4802,3.7329,-0.7530,-0.1289,724,0.6525,1.0000,0.298466,-2.4645,-0.2159,
571,21.4554,2.3051,3.8390,-0.1751,0.1061,774,0.9688,1.0000,0.298466,-0.5754,0.1727,
572,21.4815,2.8721,3.7510,0.5671,-0.0881,784,0.9975,1.0000,0.298466,1.8590,-0.1406,
573,21.5074,2.1135,3.5597,-0.7586,-0.1912,772,0.9587,1.0000,0.298466,-2.4816,-0.3180,
574,21.5335,1.4971,3.3211,-0.6164,-0.2386,797,0.9975,1.0000,0.298466,-2.0151,-0.3946,
575,21.5596,1.7303,3.1871,0.2332,-0.1340,791,0.9688,1.0000,0.298466,0.7660,-0.2180,
576,21.5856,1.6409,2.7660,-0.0894,-0.4211,800,1.0000,1.0000,0.298466,-0.2856,-0.6901,
577,21.6119,1.4018,2.1170,-0.2391,-0.6490,784,0.9800,1.0000,0.298466,-0.7723,-1.0642,
578,21.6384,1.3399,1.9950,-0.0619,-0.1220,794,1.0000,1.0000,0.298466,-0.2007,-0.2001,
579,21.6642,1.6285,2.2690,0.2885,0.2740,738,0.8938,1.0000,0.298466,0.9405,0.4504,
580,21.6905,1.8489,2.6243,0.2205,0.3553,793,0.9938,1.0000,0.298466,0.7162,0.5831,
581,21.7167,1.6855,2.5609,-0.1634,-0.0634,759,0.9463,1.0000,0.298466,-0.5341,-0.1048,
582,21.7429,1.3186,2.1766,-0.3670,-0.3843,792,0.9663,1.0000,0.298466,-1.1956,-0.6316,
583,21.7690,1.3890,2.2729,0.0705,0.0962,762,0.9537,1.0000,0.298466,0.2292,0.1581,
584,21.7947,1.8590,2.3324,0.4700,0.0596,795,0.9962,1.0000,0.298466,1.5384,0.1006,
585,21.8208,1.5949,2.4586,-0.2641,0.1261,797,0.9962,1.0000,0.298466,-0.8672,0.2049,
586,21.8467,1.4111,1.6687,-0.1837,-0.7899,798,0.9975,1.0000,0.298466,-0.5885,-1.2946,
587,21.8728,1.5090,1.3358,0.0978,-0.3329,800,1.0000,1.0000,0.298466,0.3261,-0.5445,
588,21.8988,1.7888,1.1549,0.2798,-0.1809,800,1.0000,1.0000,0.298466,0.9195,-0.2945,
589,21.9251,1.4990,1.1117,-0.2897,-0.0432,800,1.0000,1.0000,0.298466,-0.9483,-0.0725,
590,21.9511,1.2528,1.4513,-0.2462,0.3396,800,1.0000,1.0000,0.298466,-0.8123,0.5545,
591,21.9770,1.5996,1.6411,0.3468,0.1898,800,1.0000,1.0000,0.298466,1.1328,0.3131,
592,22.0030,1.5620,2.1080,-0.0376,0.4669,800,1.0000,1.0000,0.298466,-0.1310,0.7642,
593,22.0286,1.4514,2.2946,-0.1107,0.1866,800,1.0000,1.0000,0.298466,-0.3656,0.3048,
594,22.0541,1.6048,2.2992,0.1535,0.0046,789,1.0000,1.0000,0.298466,0.5027,0.0085,
595,22.0850,1.3129,2.0362,-0.2919,-0.2630,798,0.9975,1.0000,0.298466,-0.9518,-0.4325,
596,22.1181,1.1906,1.6359,-0.1223,-0.4004,799,0.9988,1.0000,0.298466,-0.3938,-0.6564,
597,22.1515,1.4470,1.8249,0.2563,0.1890,800,1.0000,1.0000,0.298466,0.8365,0.3112,
598,22.1843,1.1002,2.1552,-0.3467,0.3304,794,0.9962,1.0000,0.298466,-1.1414,0.5387,
599,22.2183,0.7025,2.5738,-0.3977,0.4186,766,0.9513,1.0000,0.298466,-1.3098,0.6828,
600,22.2511,1.1618,2.7188,0.4593,0.1450,795,0.9950,1.0000,0.298466,1.5021,0.2404,
601,22.3016,1.1491,2.5594,-0.0127,-0.1594,751,0.9350,1.0000,0.298466,-0.0389,-0.2611,
602,22.3278,0.5094,2.1722,-0.6398,-0.3873,762,0.9375,1.0000,0.298466,-2.0891,-0.6382,
603,22.3546,0.6513,2.2264,0.1420,0.0542,756,0.9475,1.0000,0.298466,0.4641,0.0897,
604,22.3844,0.9163,2.1503,0.2650,-0.0762,794,0.9962,1.0000,0.298466,0.8693,-0.1230,
605,22.4179,0.3571,2.4451,-0.5592,0.2948,799,0.9988,1.0000,0.298466,-1.8368,0.4791,
606,22.4510,0.0884,2.1662,-0.2687,-0.2789,798,0.9988,1.0000,0.298466,-0.8754,-0.4584,
607,22.4843,0.0109,1.8683,-0.0775,-0.2979,799,0.9988,1.0000,0.298466,-0.2488,-0.4883,
608,22.5186,0.1033,2.0967,0.0924,0.2284,799,0.9988,1.0000,0.298466,0.2989,0.3746,
609,22.5515,0.2354,1.8417,0.1320,-0.2550,800,1.0000,1.0000,0.298466,0.4368,-0.4167,
610,22.5843,-0.1308,1.9670,-0.3661,0.1254,799,0.9988,1.0000,0.298466,-1.2014,0.2029,
611,22.6178,-0.0176,2.0985,0.1132,0.1315,799,0.9988,1.0000,0.298466,0.3685,0.2160,
612,22.6513,0.2509,2.1749,0.2685,0.0764,798,0.9975,1.0000,0.298466,0.8783,0.1267,
613,22.6843,-0.0148,1.9787,-0.2657,-0.1962,798,0.9962,1.0000,0.298466,-0.8670,-0.3229,
614,22.7200,0.0561,1.8910,0.0709,-0.0877,797,0.9988,1.0000,0.298466,0.2336,-0.1432,
615,22.7513,0.2540,1.7683,0.1979,-0.1226,799,0.9988,1.0000,0.298466,0.6502,-0.1995,
616,22.7841,0.1180,1.6156,-0.1360,-0.1527,799,0.9988,1.0000,0.298466,-0.4428,-0.2510,
617,22.8181,0.0723,1.2333,-0.0457,-0.3823,798,0.9988,1.0000,0.298466,-0.1432,-0.6263,
618,22.8509,-0.0515,0.9239,-0.1238,-0.3094,798,0.9987,1.0000,0.298466,-0.4004,-0.5074,
619,22.8845,-0.3871,0.9597,-0.3356,0.0358,780,0.9938,1.0000,0.298466,-1.0998,0.0565,
620,22.9177,-0.0791,1.3255,0.3080,0.3658,799,0.9975,1.0000,0.298466,1.0026,0.6009,
621,22.9508,-0.1346,1.4086,-0.0555,0.0831,784,0.9725,1.0000,0.298466,-0.1833,0.1357,
622,22.9842,-0.6054,1.4145,-0.4708,0.0059,795,0.9987,1.0000,0.298466,-1.5422,0.0067,
623,23.0173,-0.1840,1.2190,0.4214,-0.1955,792,0.9987,1.0000,0.298466,1.3837,-0.3174,
624,23.0510,-0.1598,1.5823,0.0242,0.3633,798,0.9987,1.0000,0.298466,0.0730,0.5951,
625,23.0840,-0.3677,1.3643,-0.2079,-0.2181,798,0.9987,1.0000,0.298466,-0.6772,-0.3584,
626,23.1179,-0.3327,1.2760,0.0349,-0.0883,797,1.0000,1.0000,0.298466,0.1159,-0.1444,
627,23.1511,-0.4620,1.5640,-0.1293,0.2880,797,0.9988,1.0000,0.298466,-0.4283,0.4708,
628,23.1841,-0.5677,1.3611,-0.1057,-0.2029,798,0.9987,1.0000,0.298466,-0.3429,-0.3328,
629,23.2172,-0.7689,1.3133,-0.2012,-0.0478,797,0.9987,1.0000,0.298466,-0.6581,-0.0796,
630,23.2509,-0.8482,1.2414,-0.0793,-0.0719,798,0.9987,1.0000,0.298466,-0.2586,-0.1182,
631,23.3010,-0.8016,1.0934,0.0466,-0.1480,799,0.9988,1.0000,0.298466,0.1553,-0.2421,
632,23.3271,-0.6224,1.1906,0.1792,0.0972,799,0.9988,1.0000,0.298466,0.5854,0.1604,
633,23.3530,-0.5482,1.1606,0.0742,-0.0301,798,0.9988,1.0000,0.298466,0.2436,-0.0487,
634,23.3841,-0.8061,0.5684,-0.2580,-0.5922,794,0.9900,1.0000,0.298466,-0.8350,-0.9713,
635,23.4179,-0.8357,0.2153,-0.0296,-0.3531,798,1.0000,1.0000,0.298466,-0.0911,-0.5783,
636,23.4512,-0.5954,0.5250,0.2403,0.3097,798,0.9900,1.0000,0.298466,0.7820,0.5086,
637,23.4841,-0.5450,0.8636,0.0504,0.3386,798,0.9975,1.0000,0.298466,0.1593,0.5547,
638,23.5178,-0.8458,0.7842,-0.3008,-0.0794,799,0.9988,1.0000,0.298466,-0.9839,-0.1319,
639,23.5506,-0.8116,0.5041,0.0342,-0.2801,798,0.9988,1.0000,0.298466,0.1167,-0.4584,
640,23.5841,-0.7431,0.2328,0.0686,-0.2713,799,1.0000,1.0000,0.298466,0.2292,-0.4437,
641,23.6178,-0.9503,0.2381,-0.2072,0.0053,799,0.9988,1.0000,0.298466,-0.6789,0.0073,
642,23.6507,-0.7859,0.1453,0.1644,-0.0928,799,0.9988,1.0000,0.298466,0.5402,-0.1509,
643,23.6839,-0.7236,0.1183,0.0622,-0.0271,796,0.9988,1.0000,0.298466,0.2043,-0.0439,
644,23.7174,-0.9389,0.1160,-0.2153,-0.0023,799,0.9988,1.0000,0.298466,-0.7051,-0.0051,
645,23.7510,-1.0682,-0.1991,-0.1293,-0.3151,798,0.9988,1.0000,0.298466,-0.4183,-0.5168,
646,23.7842,-0.9782,0.1406,0.0901,0.3397,798,0.9988,1.0000,0.298466,0.2893,0.5568,
647,23.8177,-0.8944,0.3272,0.0837,0.1866,800,1.0000,1.0000,0.298466,0.2711,0.3061,
648,23.8510,-1.2187,0.3371,-0.3243,0.0100,799,0.9988,1.0000,0.298466,-1.0625,0.0142,
649,23.8839,-1.2892,0.3873,-0.0705,0.0502,799,1.0000,1.0000,0.298466,-0.2318,0.0818,
650,23.9171,-1.0923,0.8885,0.1970,0.5012,784,0.9925,1.0000,0.298466,0.6367,0.8219,
651,23.9507,-0.0296,2.0106,1.0627,1.1221,774,0.9700,1.0000,0.298466,3.4620,1.8442,
652,23.9839,1.2590,5.7618,1.2886,3.7511,710,0.2832,1.0000,0.298466,4.1577,6.1504,low_inlier
653,24.0170,2.5878,14.1384,1.3288,8.3766,393,0.0927,1.0000,0.298466,4.2112,13.7245,low_inlier
654,24.0509,5.7626,22.8533,3.1748,8.7149,789,0.0013,1.0000,0.298466,10.2523,14.2902,low_inlier
655,24.0840,9.6350,33.2890,3.8724,10.4358,745,0.0238,1.0000,0.298466,12.5083,17.1125,low_inlier
656,24.1176,12.8127,35.2783,3.1777,1.9892,776,0.0038,1.0000,0.298466,10.3754,3.2775,low_inlier
657,24.1509,16.8982,32.1453,4.0856,-3.1330,744,0.0063,1.0000,0.298466,13.4357,-5.1039,low_inlier
658,24.1839,19.7569,18.4191,2.8587,-13.7262,417,0.1408,1.0000,0.298466,9.5958,-22.4572,low_inlier
659,24.2175,17.4920,4.7951,-2.2649,-13.6240,258,0.0377,1.0000,0.298466,-7.1892,-22.3227,low_inlier
660,24.2502,16.9504,-4.6733,-0.5415,-9.4684,737,0.0077,1.0000,0.298466,-1.6140,-15.5072,low_inlier
661,24.3009,17.1976,0.4506,0.2471,5.1239,282,0.0250,1.0000,0.298466,0.7230,8.3916,low_inlier
662,24.3286,14.8089,-1.7863,-2.3887,-2.2369,231,0.0188,1.0000,0.298466,-7.7868,-3.6781,low_inlier
663,24.3562,13.5408,4.2389,-1.2680,6.0253,743,0.2945,1.0000,0.298466,-4.2553,9.8578,low_inlier
664,24.3840,12.1978,7.1721,-1.3430,2.9332,437,0.0476,1.0000,0.298466,-4.4487,4.7943,low_inlier
665,24.4172,12.7886,4.0447,0.5908,-3.1274,223,0.0150,1.0000,0.298466,1.9881,-5.1171,low_inlier
666,24.4510,11.3814,7.9446,-1.4073,3.8999,463,0.1252,1.0000,0.298466,-4.6755,6.3768,low_inlier
667,24.4843,-1.1302,31.5849,-12.5116,23.6403,353,0.0000,1.0000,0.298466,-41.3823,38.6291,low_inlier
668,24.5178,-13.6223,33.1714,-12.4921,1.5865,200,0.0000,1.0000,0.298466,-40.9464,2.5179,low_inlier
669,24.5508,-23.9823,24.3630,-10.3600,-8.8085,702,0.0153,1.0000,0.298466,-33.7867,-14.4894,low_inlier
670,24.5841,-26.9649,29.3008,-2.9826,4.9378,601,0.0013,1.0000,0.298466,-9.8532,8.0662,low_inlier
671,24.6175,-37.6530,41.5578,-10.6881,12.2571,633,0.0013,1.0000,0.298466,-35.2173,20.0017,low_inlier
672,24.6511,-48.2962,48.2343,-10.6433,6.6765,532,0.0014,1.0000,0.298466,-34.9761,10.8641,low_inlier
673,24.6840,-54.8593,41.0798,-6.5631,-7.1545,375,0.0144,1.0000,0.298466,-21.3774,-11.7568,low_inlier
674,24.7172,-56.0160,42.7325,-1.1567,1.6527,495,0.0015,1.0000,0.298466,-3.8170,2.6988,low_inlier
675,24.7501,-57.8667,47.6492,-1.8506,4.9166,572,0.0838,1.0000,0.298466,-6.1450,8.0388,low_inlier
676,24.7839,-57.0495,47.3534,0.8172,-0.2958,334,0.0025,1.0000,0.298466,2.6818,-0.4791,low_inlier
677,24.8169,-55.9953,48.9941,1.0543,1.6407,362,0.0038,1.0000,0.298466,3.4256,2.6933,low_inlier
678,24.8506,-52.9986,53.0063,2.9966,4.0122,173,0.0013,1.0000,0.298466,9.7482,6.5889,low_inlier
679,24.8834,-40.8527,53.3375,12.1459,0.3312,429,0.0000,1.0000,0.298466,39.7801,0.6199,low_inlier
680,24.9170,-14.3752,26.6681,26.4775,-26.6693,395,0.0000,1.0000,0.298466,87.1807,-43.4996,low_inlier
681,24.9501,1.4673,15.0017,15.8425,-11.6665,533,0.0000,1.0000,0.298466,52.0911,-19.0016,low_inlier
682,24.9830,5.2955,15.8365,3.8282,0.8349,551,0.0131,1.0000,0.298466,12.5258,1.3915,low_inlier
683,25.0173,9.9636,4.9146,4.6681,-10.9220,376,0.0964,1.0000,0.298466,15.4753,-17.8540,low_inlier
684,25.0500,7.9585,-1.6093,-2.0051,-6.5239,354,0.0367,1.0000,0.298466,-6.4580,-10.6952,low_inlier
685,25.0831,6.8667,-1.4784,-1.0918,0.1309,748,0.2200,1.0000,0.298466,-3.5786,0.2074,low_inlier
686,25.1169,17.7708,-13.1425,10.9041,-11.6642,530,0.0067,1.0000,0.298466,35.9148,-19.0294,low_inlier
687,25.1500,35.2698,-26.7511,17.4990,-13.6085,146,0.0254,1.0000,0.298466,57.5500,-22.1710,low_inlier
688,25.1830,49.0543,-36.9652,13.7845,-10.2141,614,0.0000,1.0000,0.298466,45.3255,-16.6367,low_inlier
689,25.2166,54.7626,-16.7648,5.7082,20.2004,297,0.0082,1.0000,0.298466,18.3571,33.1131,low_inlier
690,25.2502,62.1014,-18.2247,7.3388,-1.4600,523,0.0117,1.0000,0.298466,24.0640,-2.3436,low_inlier
691,25.3043,72.6931,-30.9296,10.5917,-12.7049,307,0.0045,1.0000,0.298466,34.9090,-20.7355,low_inlier
692,25.3338,72.1242,-25.3655,-0.5689,5.5641,332,0.0101,1.0000,0.298466,-1.9576,9.1071,low_inlier
693,25.3619,73.9946,-26.1991,1.8704,-0.8336,319,0.0114,1.0000,0.298466,6.1409,-1.3530,low_inlier
694,25.3906,78.1806,-15.5088,4.1860,10.6903,755,0.0179,1.0000,0.298466,13.5312,17.5313,low_inlier
695,25.4193,81.7937,-18.2471,3.6132,-2.7383,144,0.1057,1.0000,0.298466,11.8816,-4.4606,low_inlier
696,25.4499,111.8363,-44.6869,30.0426,-26.4398,269,0.0044,1.0000,0.298466,98.8550,-43.1010,low_inlier
697,25.4833,134.8645,-50.2038,23.0282,-5.5169,315,0.0000,1.0000,0.298466,75.5250,-8.8862,low_inlier
698,25.5166,136.3226,-36.4793,1.4581,13.7245,406,0.0013,1.0000,0.298466,4.5444,22.4821,low_inlier
699,25.5498,119.3404,-11.8530,-16.9822,24.6263,231,0.0018,1.0000,0.298466,-56.0430,40.2150,low_inlier
700,25.5834,111.1681,7.7496,-8.1723,19.6026,426,0.0000,1.0000,0.298466,-27.1004,32.0454,low_inlier
701,25.6165,119.9914,11.1061,8.8233,3.3565,237,0.0053,1.0000,0.298466,28.8452,5.5524,low_inlier
702,25.6499,126.4471,7.7871,6.4557,-3.3189,378,0.0175,1.0000,0.298466,21.2025,-5.3932,low_inlier
703,25.6831,116.5027,11.8246,-9.9444,4.0375,350,0.0078,1.0000,0.298466,-32.6424,6.5475,low_inlier
704,25.7179,101.1289,5.4796,-15.3738,-6.3450,406,0.0025,1.0000,0.298466,-50.2519,-10.4878,low_inlier
705,25.7500,81.2372,5.2961,-19.8917,-0.1835,187,0.0014,1.0000,0.298466,-65.1547,-0.4276,low_inlier
706,25.7830,44.6814,65.5931,-36.5558,60.2969,220,0.0000,1.0000,0.298466,-120.7611,98.4977,low_inlier
707,25.8171,-0.8334,162.3786,-45.5149,96.7855,546,0.0017,1.0000,0.298466,-150.7238,158.1876,low_inlier
708,25.8500,6.6640,162.2706,7.4975,-0.1080,424,0.0026,1.0000,0.298466,24.5609,-0.1289,low_inlier
709,25.8830,12.3268,165.0440,5.6627,2.7734,507,0.0013,1.0000,0.298466,18.5023,4.5774,low_inlier
710,25.9164,12.1885,164.9753,-0.1383,-0.0687,471,0.0891,1.0000,0.298466,-0.4518,-0.1134,low_inlier
711,25.9497,14.4555,163.9579,2.2670,-1.0174,271,0.0029,1.0000,0.298466,7.4431,-1.6514,low_inlier
712,25.9837,14.5143,164.3015,0.0587,0.3436,612,0.0832,1.0000,0.298466,0.1866,0.5630,low_inlier
713,26.0168,13.3706,164.0660,-1.1437,-0.2354,255,0.0000,1.0000,0.298466,-3.7424,-0.3928,low_inlier
714,26.0500,13.2126,163.2474,-0.1580,-0.8186,461,0.0300,1.0000,0.298466,-0.5036,-1.3414,low_inlier
715,26.0832,13.2396,162.9033,0.0269,-0.3441,152,0.0187,1.0000,0.298466,0.0941,-0.5632,low_inlier
716,26.1165,30.5197,162.4158,17.2801,-0.4876,509,0.0032,1.0000,0.298466,56.6116,-0.6878,low_inlier
717,26.1499,53.8754,143.6907,23.3557,-18.7251,277,0.0062,1.0000,0.298466,76.8209,-30.5115,low_inlier
718,26.1833,55.7193,144.1764,1.8439,0.4857,363,0.0066,1.0000,0.298466,6.0316,0.8070,low_inlier
719,26.2166,56.0601,142.3101,0.3408,-1.8663,333,0.0028,1.0000,0.298466,1.1478,-3.0537,low_inlier
720,26.2500,63.7315,142.7898,7.6714,0.4797,638,0.0075,1.0000,0.298466,25.1207,0.8345,low_inlier
721,26.3007,65.7643,135.2321,2.0328,-7.5577,307,0.1131,1.0000,0.298466,6.7861,-12.3621,low_inlier
722,26.3281,59.6287,135.0637,-6.1356,-0.1684,371,0.0000,1.0000,0.298466,-20.0952,-0.3150,low_inlier
723,26.3556,45.8498,144.5234,-13.7789,9.4597,195,0.0147,1.0000,0.298466,-45.2943,15.4014,low_inlier
724,26.3835,41.3015,148.6241,-4.5483,4.1007,477,0.0667,1.0000,0.298466,-14.9678,6.6855,low_inlier
725,26.4164,37.2751,151.0768,-4.0264,2.4527,505,0.0139,1.0000,0.298466,-13.2303,3.9904,low_inlier
726,26.4497,36.4559,143.5926,-0.8192,-7.4842,533,0.0017,1.0000,0.298466,-2.5571,-12.2600,low_inlier
727,26.4831,41.2997,128.2186,4.8439,-15.3741,471,0.0111,1.0000,0.298466,16.1263,-25.1428,low_inlier
728,26.5160,44.4127,99.0156,3.1130,-29.2029,415,0.0086,1.0000,0.298466,10.6899,-47.7976,low_inlier
729,26.5496,59.4248,73.0238,15.0121,-25.9919,244,0.0060,1.0000,0.298466,49.6129,-42.4636,low_inlier
730,26.5829,64.3800,59.3692,4.9551,-13.6545,372,0.0753,1.0000,0.298466,16.4617,-22.3265,low_inlier
731,26.6160,67.4916,54.0805,3.1117,-5.2887,342,0.0313,1.0000,0.298466,10.2819,-8.6399,low_inlier
732,26.6489,69.1023,49.1427,1.6107,-4.9379,332,0.0157,1.0000,0.298466,5.3594,-8.0751,low_inlier
733,26.6827,61.4956,19.9603,-7.6067,-29.1823,441,0.0000,1.0000,0.298466,-24.4241,-47.8324,low_inlier
734,26.7172,43.3385,-9.7789,-18.1571,-29.7392,261,0.0000,1.0000,0.298466,-58.9740,-48.8117,low_inlier
735,26.7499,26.6050,-45.2053,-16.7336,-35.4265,310,0.0000,1.0000,0.298466,-54.2151,-58.1150,low_inlier
736,26.7829,14.8699,-72.7329,-11.7350,-27.5276,369,0.0041,1.0000,0.298466,-37.9750,-45.1492,low_inlier
737,26.8165,15.4393,-91.5463,0.5694,-18.8134,351,0.0000,1.0000,0.298466,2.1827,-30.8018,low_inlier
738,26.8496,30.4095,-101.3381,14.9702,-9.7918,305,0.0043,1.0000,0.298466,49.2021,-15.9376,low_inlier
739,26.8830,49.9550,-104.7824,19.5455,-3.4444,130,0.0092,1.0000,0.298466,64.0820,-5.5149,low_inlier
740,26.9167,57.6402,-73.5274,7.6852,31.2551,129,0.0000,1.0000,0.298466,24.6462,51.2268,low_inlier
741,26.9499,59.0994,-58.3832,1.4592,15.1442,443,0.0474,1.0000,0.298466,4.5242,24.8068,low_inlier
742,26.9833,60.0686,-54.8342,0.9693,3.5490,272,0.0098,1.0000,0.298466,3.1151,5.8173,low_inlier
743,27.0162,70.5215,-63.0402,10.4529,-8.2059,306,0.0042,1.0000,0.298466,34.3783,-13.3697,low_inlier
744,27.0494,78.8292,-80.6922,8.3077,-17.6521,241,0.0000,1.0000,0.298466,27.5109,-28.8507,low_inlier
745,27.0830,95.8586,-108.6032,17.0294,-27.9110,90,0.0025,1.0000,0.298466,56.2531,-45.5931,low_inlier
746,27.1165,105.3225,-126.2582,9.4639,-17.6551,310,0.0000,1.0000,0.298466,31.2983,-28.8483,low_inlier
747,27.1499,109.0553,-126.3075,3.7329,-0.0492,261,0.0150,1.0000,0.298466,12.2284,-0.0568,low_inlier
748,27.1828,119.3333,-129.6044,10.2780,-3.2969,300,0.0039,1.0000,0.298466,33.7225,-5.3326,low_inlier
749,27.2163,123.4492,-127.6298,4.1159,1.9746,166,0.0093,1.0000,0.298466,13.4489,3.2595,low_inlier
750,27.2500,126.7358,-125.3147,3.2866,2.3150,251,0.0220,1.0000,0.298466,10.7265,3.8117,low_inlier
751,27.3017,129.3641,-118.7148,2.6284,6.5999,314,0.0114,1.0000,0.298466,8.4981,10.8236,low_inlier
752,27.3310,125.2889,-116.7362,-4.0753,1.9787,389,0.0013,1.0000,0.298466,-13.3824,3.2139,low_inlier
753,27.3608,109.7633,-117.2219,-15.5255,-0.4858,530,0.0083,1.0000,0.298466,-50.8477,-0.8947,low_inlier
754,27.3896,93.6581,-113.5276,-16.1052,3.6943,348,0.0080,1.0000,0.298466,-52.8172,5.9462,low_inlier
755,27.4184,79.0935,-113.4022,-14.5646,0.1254,258,0.0094,1.0000,0.298466,-47.7103,0.1122,low_inlier
756,27.4500,59.1344,-112.3862,-19.9591,1.0160,310,0.0041,1.0000,0.298466,-65.3960,1.5360,low_inlier
757,27.4832,41.5471,-112.4759,-17.5873,-0.0897,268,0.0014,1.0000,0.298466,-57.6080,-0.2593,low_inlier
758,27.5160,34.1733,-113.0090,-7.3738,-0.5331,184,0.0043,1.0000,0.298466,-24.1448,-0.9200,low_inlier
759,27.5495,25.9903,-115.1421,-8.1831,-2.1331,363,0.0152,1.0000,0.298466,-26.7688,-3.5450,low_inlier
760,27.5827,11.6699,-116.5756,-14.3204,-1.4335,413,0.0069,1.0000,0.298466,-46.8842,-2.4388,low_inlier
761,27.6163,-6.0499,-117.7316,-17.7197,-1.1560,282,0.0137,1.0000,0.298466,-58.0239,-2.0061,low_inlier
762,27.6492,-18.4612,-117.6992,-12.4113,0.0323,229,0.0042,1.0000,0.298466,-40.6555,-0.0264,low_inlier
763,27.6825,-29.2554,-119.3490,-10.7942,-1.6498,373,0.0186,1.0000,0.298466,-35.3298,-2.7704,low_inlier
764,27.7163,-42.5636,-120.2474,-13.3083,-0.8983,421,0.0085,1.0000,0.298466,-43.5779,-1.5560,low_inlier
765,27.7493,-50.6235,-122.2155,-8.0599,-1.9682,643,0.0162,1.0000,0.298466,-26.3679,-3.2742,low_inlier
766,27.7826,-55.9999,-123.1294,-5.3764,-0.9138,704,0.0271,1.0000,0.298466,-17.5957,-1.5307,low_inlier
767,27.8158,-61.0360,-124.5922,-5.0361,-1.4628,384,0.0691,1.0000,0.298466,-16.4716,-2.4275,low_inlier
768,27.8492,-65.1307,-125.2545,-4.0947,-0.6623,382,0.0835,1.0000,0.298466,-13.4016,-1.1107,low_inlier
769,27.8823,-70.7859,-126.0070,-5.6553,-0.7525,423,0.0858,1.0000,0.298466,-18.5120,-1.2683,low_inlier
770,27.9158,-77.2007,-126.3773,-6.4147,-0.3703,521,0.0313,1.0000,0.298466,-21.0060,-0.6473,low_inlier
771,27.9492,-80.4473,-126.5252,-3.2467,-0.1479,375,0.1067,1.0000,0.298466,-10.6324,-0.2629,low_inlier
772,27.9824,-84.7184,-125.6817,-4.2711,0.8435,661,0.0593,1.0000,0.298466,-14.0048,1.3538,low_inlier
773,28.0160,-87.7406,-126.1651,-3.0222,-0.4834,436,0.0126,1.0000,0.298466,-9.8913,-0.8108,low_inlier
774,28.0495,-91.6164,-126.3086,-3.8758,-0.1435,236,0.0330,1.0000,0.298466,-12.6934,-0.2598,low_inlier
775,28.0827,-95.7045,-126.2664,-4.0881,0.0422,463,0.0658,1.0000,0.298466,-13.3919,0.0429,low_inlier
776,28.1163,-98.2256,-128.1918,-2.5211,-1.9253,389,0.0478,1.0000,0.298466,-8.2256,-3.1687,low_inlier
777,28.1492,-104.2873,-128.0616,-6.0617,0.1302,385,0.0013,1.0000,0.298466,-19.8582,0.1744,low_inlier
778,28.1823,-115.4714,-125.2439,-11.1841,2.8176,431,0.0107,1.0000,0.298466,-36.6824,4.5421,low_inlier
779,28.2162,-118.7257,-124.8535,-3.2544,0.3904,474,0.0401,1.0000,0.298466,-10.6667,0.6185,low_inlier
780,28.2493,-125.9172,-124.6277,-7.1915,0.2259,493,0.0413,1.0000,0.298466,-23.5605,0.3239,low_inlier
781,28.3052,-131.0739,-124.0591,-5.1567,0.5685,274,0.0654,1.0000,0.298466,-16.9010,0.8980,low_inlier
782,28.3345,-135.4531,-123.5787,-4.3791,0.4804,281,0.3187,1.0000,0.298466,-14.3526,0.7587,low_inlier
783,28.3630,-139.8725,-122.7693,-4.4194,0.8094,325,0.3387,1.0000,0.298466,-14.4901,1.2971,low_inlier
784,28.3923,-148.2119,-124.0075,-8.3394,-1.2382,718,0.1062,1.0000,0.298466,-27.2959,-2.0809,low_inlier
785,28.4205,-152.9017,-123.1695,-4.6898,0.8380,565,0.0486,1.0000,0.298466,-15.3762,1.3422,low_inlier
786,28.4493,-155.1488,-125.0952,-2.2471,-1.9257,369,0.1658,1.0000,0.298466,-7.3282,-3.1676,low_inlier
787,28.4832,-156.7635,-127.4582,-1.6147,-2.3630,453,0.2340,1.0000,0.298466,-5.2493,-3.8795,low_inlier
788,28.5160,-159.2658,-130.2495,-2.5023,-2.7913,376,0.0755,1.0000,0.298466,-8.1495,-4.5865,low_inlier
789,28.5491,-156.4448,-131.7217,2.8210,-1.4722,609,0.0208,1.0000,0.298466,9.2654,-2.3926,low_inlier
790,28.5826,-146.6407,-134.5536,9.8041,-2.8319,615,0.0410,1.0000,0.298466,32.1625,-4.5744,low_inlier
791,28.6156,-147.0030,-132.8356,-0.3623,1.7180,312,0.1534,1.0000,0.298466,-1.2159,2.8108,low_inlier
792,28.6489,-145.9266,-133.5466,1.0764,-0.7110,306,0.0407,1.0000,0.298466,3.5378,-1.1573,low_inlier
793,28.6823,-142.3853,-132.5898,3.5413,0.9568,692,0.0507,1.0000,0.298466,11.5839,1.5894,low_inlier
794,28.7160,-136.8306,-130.4726,5.5547,2.1172,774,0.1121,1.0000,0.298466,18.1595,3.5022,low_inlier
795,28.7490,-131.6396,-129.6896,5.1910,0.7830,714,0.0843,1.0000,0.298466,16.9905,1.3154,low_inlier
796,28.7821,-126.3554,-128.1208,5.2841,1.5688,762,0.0476,1.0000,0.298466,17.2824,2.6025,low_inlier
797,28.8153,-120.6458,-126.1623,5.7096,1.9585,778,0.2870,1.0000,0.298466,18.6695,3.2434,low_inlier
798,28.8490,-113.5392,-124.9508,7.1067,1.2115,269,0.1412,1.0000,0.298466,23.2584,2.0292,low_inlier
799,28.8821,-107.9910,-122.9067,5.5482,2.0441,367,0.0864,1.0000,0.298466,18.1393,3.3826,low_inlier
800,28.9153,-106.1005,-120.6538,1.8905,2.2529,503,0.5587,1.0000,0.298466,6.1545,3.7010,
801,28.9481,-103.7251,-118.4096,2.3754,2.2441,495,0.6233,1.0000,0.298466,7.7430,3.6898,
802,28.9820,-100.2952,-114.4472,3.4298,3.9625,399,0.0814,1.0000,0.298466,11.1680,6.5101,low_inlier
803,29.0157,-102.5706,-117.8763,-2.2753,-3.4291,495,0.3500,1.0000,0.298466,-7.3953,-5.6294,low_inlier
804,29.0527,-103.0013,-117.2540,-0.4307,0.6223,443,0.2396,1.0000,0.298466,-1.4214,1.0162,low_inlier
805,29.0821,-102.2342,-116.3410,0.7671,0.9130,425,0.1214,1.0000,0.298466,2.4973,1.4998,low_inlier
806,29.1156,-102.6828,-117.0660,-0.4486,-0.7250,519,0.3625,1.0000,0.298466,-1.4573,-1.1900,low_inlier
807,29.1490,-102.6439,-117.0226,0.0390,0.0434,529,0.6633,1.0000,0.298466,0.1269,0.0713,
808,29.1824,-102.0499,-116.4975,0.5939,0.5251,514,0.5282,1.0000,0.298466,1.9366,0.8637,
809,29.2155,-102.2103,-116.8466,-0.1603,-0.3491,538,0.4363,1.0000,0.298466,-0.5193,-0.5726,low_inlier
810,29.2492,-101.1458,-116.4639,1.0645,0.3826,529,0.6275,1.0000,0.298466,3.4805,0.6333,
811,29.3020,-100.7986,-116.0279,0.3472,0.4360,519,0.6488,1.0000,0.298466,1.1299,0.7161,
812,29.3301,-100.6956,-116.0642,0.1030,-0.0363,633,0.7462,1.0000,0.298466,0.3381,-0.0587,
813,29.3578,-99.7103,-115.9805,0.9852,0.0837,508,0.4625,1.0000,0.298466,3.2258,0.1434,low_inlier
814,29.3862,-99.2883,-116.1203,0.4221,-0.1398,537,0.6763,1.0000,0.298466,1.3849,-0.2262,
815,29.4157,-99.2163,-115.9567,0.0719,0.1636,553,0.7037,1.0000,0.298466,0.2329,0.2684,
816,29.4488,-98.9843,-115.9312,0.2320,0.0255,731,0.9137,1.0000,0.298466,0.7596,0.0432,
817,29.4823,-98.6263,-115.7020,0.3580,0.2292,549,0.6863,1.0000,0.298466,1.1688,0.3775,
818,29.5152,-0.0469,0.2448,-0.0469,0.2448,576,0.7238,1.0000,0.298466,-0.1578,0.4005,
819,29.5482,-0.0933,0.0433,-0.0463,-0.2014,550,0.6913,1.0000,0.298466,-0.1484,-0.3301,
820,29.5823,-0.3343,-0.0156,-0.2411,-0.0590,736,0.9187,1.0000,0.298466,-0.7887,-0.0981,
821,29.6150,-0.5770,0.3902,-0.2426,0.4058,737,0.9213,1.0000,0.298466,-0.8016,0.6629,
822,29.6490,-0.6417,1.1713,-0.0647,0.7811,726,0.8300,1.0000,0.298466,-0.2251,1.2786,
823,29.6821,-0.8316,1.2094,-0.1899,0.0381,727,0.7732,1.0000,0.298466,-0.6226,0.0612,
824,29.7155,-0.6631,1.1402,0.1685,-0.0692,547,0.6959,1.0000,0.298466,0.5531,-0.1123,
825,29.7489,-0.2664,0.8936,0.3967,-0.2466,715,0.8709,1.0000,0.298466,1.3035,-0.4012,
826,29.7824,0.4666,1.1665,0.7330,0.2729,718,0.8986,1.0000,0.298466,2.3965,0.4515,
827,29.8156,0.7071,1.4454,0.2404,0.2789,667,0.6729,1.0000,0.298466,0.7828,0.4583,
828,29.8489,0.7140,1.2558,0.0069,-0.1896,620,0.7657,1.0000,0.298466,0.0259,-0.3104,
829,29.8823,0.6593,1.2564,-0.0547,0.0006,563,0.7155,1.0000,0.298466,-0.1793,0.0006,
830,29.9156,0.6499,1.2184,-0.0094,-0.0380,690,0.8534,1.0000,0.298466,-0.0302,-0.0623,
831,29.9491,0.7853,0.3839,0.1355,-0.8345,546,0.6758,1.0000,0.298466,0.4579,-1.3656,
832,29.9821,1.0477,-0.1833,0.2623,-0.5672,730,0.9149,1.0000,0.298466,0.8688,-0.9270,
833,30.0155,1.7437,-1.0160,0.6961,-0.8328,729,0.8899,1.0000,0.298466,2.2941,-1.3591,
834,30.0490,2.0037,-1.5454,0.2600,-0.5294,735,0.9149,1.0000,0.298466,0.8605,-0.8651,
835,30.0819,2.5624,-2.0805,0.5587,-0.5351,611,0.6871,1.0000,0.298466,1.8391,-0.8727,
836,30.1151,3.8227,-3.0823,1.2603,-1.0017,723,0.4531,1.0000,0.298466,4.1451,-1.6322,low_inlier
837,30.1484,4.8771,-4.8844,1.0544,-1.8022,682,0.7910,1.0000,0.298466,3.4843,-2.9442,
838,30.1819,6.6340,-5.1124,1.7569,-0.2280,542,0.6775,1.0000,0.298466,5.7590,-0.3621,
839,30.2150,9.5854,-5.3786,2.9514,-0.2662,520,0.3955,1.0000,0.298466,9.6722,-0.4170,low_inlier
840,30.2487,12.6973,-4.9274,3.1119,0.4512,560,0.6488,1.0000,0.298466,10.1859,0.7587,
841,30.3003,14.6504,-5.0704,1.9530,-0.1430,509,0.6000,1.0000,0.298466,6.3998,-0.2216,
842,30.3287,15.1134,-6.0708,0.4630,-1.0004,507,0.6312,1.0000,0.298466,1.5336,-1.6351,
843,30.3567,16.8595,-6.5177,1.7461,-0.4469,544,0.6863,1.0000,0.298466,5.7272,-0.7207,
844,30.3852,18.4728,-6.9299,1.6133,-0.4122,515,0.5925,1.0000,0.298466,5.2914,-0.6646,
845,30.4156,19.9917,-6.6974,1.5190,0.2325,506,0.6320,1.0000,0.298466,4.9716,0.3905,
846,30.4484,21.6525,-7.0917,1.6608,-0.3943,728,0.8962,1.0000,0.298466,5.4469,-0.6351,
847,30.4820,23.0818,-7.3810,1.4292,-0.2893,519,0.6488,1.0000,0.298466,4.6865,-0.4645,
848,30.5152,27.9353,-7.5645,4.8536,-0.1835,770,0.0163,1.0000,0.298466,15.9017,-0.2695,low_inlier
849,30.5487,36.2224,-5.7349,8.2871,1.8296,763,0.0926,1.0000,0.298466,27.1146,3.0488,low_inlier
850,30.5818,40.9345,-5.8171,4.7121,-0.0822,387,0.1940,1.0000,0.298466,15.4364,-0.1045,low_inlier
851,30.6152,44.0994,-5.3806,3.1649,0.4365,503,0.1909,1.0000,0.298466,10.3597,0.7349,low_inlier
852,30.6486,43.7231,-5.3996,-0.3763,-0.0189,555,0.6863,1.0000,0.298466,-1.2324,-0.0334,
853,30.6868,41.6871,-2.9223,-2.0360,2.4773,331,0.1950,1.0000,0.298466,-6.7109,4.0434,low_inlier
854,30.7165,38.4741,1.3880,-3.2131,4.3102,366,0.0476,1.0000,0.298466,-10.5975,7.0371,low_inlier
855,30.7484,34.0668,3.6933,-4.4073,2.3054,325,0.1800,1.0000,0.298466,-14.4756,3.7467,low_inlier
856,30.7855,28.4293,6.8804,-5.6374,3.1870,439,0.1562,1.0000,0.298466,-18.5200,5.1824,low_inlier
857,30.8145,21.7440,12.7492,-6.6853,5.8688,567,0.1118,1.0000,0.298466,-21.9977,9.5670,low_inlier
858,30.8481,13.6747,13.3061,-8.0694,0.5569,689,0.0240,1.0000,0.298466,-26.4418,0.8603,low_inlier
859,30.8817,4.0536,12.0316,-9.6210,-1.2745,215,0.0190,1.0000,0.298466,-31.4934,-2.1484,low_inlier
860,30.9170,-1.2257,14.6373,-5.2793,2.6057,731,0.0113,1.0000,0.298466,-17.3371,4.2329,low_inlier
861,30.9481,-1.1808,15.0710,0.0449,0.4337,343,0.0801,1.0000,0.298466,0.1398,0.7104,low_inlier
862,30.9812,-4.3932,15.8940,-3.2124,0.8230,553,0.1363,1.0000,0.298466,-10.5365,1.3271,low_inlier
863,31.0144,-4.7834,15.4982,-0.3902,-0.3958,433,0.1977,1.0000,0.298466,-1.2716,-0.6506,low_inlier
864,31.0484,0.1362,16.0131,4.9196,0.5148,340,0.0816,1.0000,0.298466,16.1061,0.8745,low_inlier
865,31.0814,3.8704,15.6810,3.7342,-0.3321,744,0.0013,1.0000,0.298466,12.2375,-0.5199,low_inlier
866,31.1148,7.1022,15.7015,3.2317,0.0206,791,0.1437,1.0000,0.298466,10.5857,0.0543,low_inlier
867,31.1477,14.3600,16.5529,7.2578,0.8513,269,0.0000,1.0000,0.298466,23.7596,1.4404,low_inlier
868,31.1820,25.7587,13.7237,11.3987,-2.8292,245,0.0400,1.0000,0.298466,37.3857,-4.5597,low_inlier
869,31.2144,23.6572,11.1786,-2.1015,-2.5451,453,0.3597,1.0000,0.298466,-6.8408,-4.1808,low_inlier
870,31.2480,19.4553,8.6372,-4.2019,-2.5413,296,0.1367,1.0000,0.298466,-13.7209,-4.1881,low_inlier
871,31.3005,19.4424,8.3650,-0.0129,-0.2723,570,0.1564,1.0000,0.298466,-0.0377,-0.4459,low_inlier
872,31.3289,21.4393,8.9133,1.9970,0.5483,510,0.2725,1.0000,0.298466,6.5321,0.9106,low_inlier
873,31.3571,20.0961,6.6086,-1.3432,-2.3047,578,0.6750,1.0000,0.298466,-4.3610,-3.7823,
874,31.3855,19.6710,6.2326,-0.4252,-0.3760,700,0.3675,1.0000,0.298466,-1.3864,-0.6184,low_inlier
875,31.4149,18.6853,6.6050,-0.9856,0.3724,692,0.8536,1.0000,0.298466,-3.2348,0.6035,
876,31.4480,18.1492,6.9307,-0.5362,0.3257,603,0.7550,1.0000,0.298466,-1.7618,0.5299,
877,31.4811,17.5556,6.5516,-0.5936,-0.3791,605,0.4906,1.0000,0.298466,-1.9379,-0.6245,low_inlier
878,31.5145,17.2282,8.9261,-0.3274,2.3745,496,0.5215,1.0000,0.298466,-1.1126,3.8859,
879,31.5478,12.9136,9.0618,-4.3145,0.1357,679,0.3421,1.0000,0.298466,-14.1351,0.1945,low_inlier
880,31.5813,8.6301,9.1669,-4.2836,0.1051,654,0.5707,1.0000,0.298466,-14.0332,0.1448,
881,31.6143,2.9666,9.2074,-5.6635,0.0405,417,0.1827,1.0000,0.298466,-18.5522,0.0300,low_inlier
882,31.6479,1.0939,8.8121,-1.8727,-0.3953,799,0.0000,1.0000,0.298466,-6.1276,-0.6592,low_inlier
883,31.6809,-6.5228,5.6778,-7.6167,-3.1343,104,0.0025,1.0000,0.298466,-24.8965,-5.1809,low_inlier
884,31.7150,-10.5497,4.0981,-4.0269,-1.5797,143,0.0013,1.0000,0.298466,-13.1640,-2.6124,low_inlier
885,31.7483,-15.3455,2.8153,-4.7959,-1.2828,646,0.0163,1.0000,0.298466,-15.6878,-2.1311,low_inlier
886,31.7810,-18.7947,2.2365,-3.4492,-0.5788,577,0.0125,1.0000,0.298466,-11.2884,-0.9698,low_inlier
887,31.8144,-17.8339,1.8042,0.9608,-0.4324,534,0.1511,1.0000,0.298466,3.1545,-0.7018,low_inlier
888,31.8477,-14.1157,3.9985,3.7182,2.1943,343,0.0989,1.0000,0.298466,12.1423,3.6168,low_inlier
889,31.8812,-9.5490,4.0057,4.5668,0.0072,356,0.3972,1.0000,0.298466,14.9589,0.0409,low_inlier
890,31.9143,-0.9479,4.0602,8.6010,0.0545,140,0.0026,1.0000,0.298466,28.1728,0.1443,low_inlier
891,31.9477,6.9697,8.0552,7.9177,3.9950,732,0.0000,1.0000,0.298466,25.8679,6.5922,low_inlier
892,31.9810,13.6530,7.9422,6.6833,-0.1130,761,0.0000,1.0000,0.298466,21.8939,-0.1424,low_inlier
893,32.0143,27.0306,8.5911,13.3776,0.6489,703,0.0377,1.0000,0.298466,43.8091,1.1480,low_inlier
894,32.0479,41.0219,9.9477,13.9913,1.3566,610,0.0335,1.0000,0.298466,45.8076,2.3109,low_inlier
895,32.0812,46.9674,10.4300,5.9455,0.4822,791,0.0000,1.0000,0.298466,19.4670,0.8276,low_inlier
896,32.1146,49.1642,9.4965,2.1968,-0.9335,436,0.1209,1.0000,0.298466,7.2118,-1.5145,low_inlier
897,32.1481,48.6279,9.1860,-0.5364,-0.3105,757,0.0102,1.0000,0.298466,-1.7517,-0.5118,low_inlier
898,32.1813,52.0096,7.6744,3.3817,-1.5116,459,0.1355,1.0000,0.298466,11.1028,-2.4535,low_inlier
899,32.2148,53.2363,6.0972,1.2267,-1.5772,468,0.1844,1.0000,0.298466,4.0449,-2.5747,low_inlier
900,32.2495,53.8338,4.5112,0.5975,-1.5861,563,0.4836,1.0000,0.298466,1.9841,-2.5932,low_inlier
901,32.3009,54.2032,4.3405,0.3694,-0.1707,508,0.5389,1.0000,0.298466,1.2130,-0.2771,
902,32.3289,53.9248,4.3957,-0.2785,0.0552,481,0.6012,1.0000,0.298466,-0.9131,0.0886,
903,32.3562,53.1105,4.0507,-0.8143,-0.3450,716,0.6646,1.0000,0.298466,-2.6614,-0.5702,
904,32.3840,51.1274,2.9827,-1.9831,-1.0680,709,0.6892,1.0000,0.298466,-6.4778,-1.7615,
905,32.4167,47.9292,1.0137,-3.1982,-1.9690,743,0.2732,1.0000,0.298466,-10.4429,-3.2445,low_inlier
906,32.4482,47.0152,-2.2259,-0.9141,-3.2396,597,0.6324,1.0000,0.298466,-2.9395,-5.3104,
907,32.4811,50.2428,-5.5596,3.2277,-3.3338,466,0.0784,1.0000,0.298466,10.6289,-5.4381,low_inlier
908,32.5141,49.6264,-5.7221,-0.6165,-0.1625,369,0.3204,1.0000,0.298466,-2.0166,-0.2700,low_inlier
909,32.5475,53.2469,-4.1837,3.6205,1.5384,753,0.0976,1.0000,0.298466,11.8335,2.5421,low_inlier
910,32.5810,64.8735,-1.5933,11.6267,2.5904,667,0.0067,1.0000,0.298466,38.0410,4.3159,low_inlier
911,32.6140,72.3370,-3.4076,7.4635,-1.8143,709,0.0102,1.0000,0.298466,24.4782,-2.9230,low_inlier
912,32.6474,84.4475,-3.2611,12.1105,0.1465,542,0.0042,1.0000,0.298466,39.6672,0.3173,low_inlier
913,32.6809,93.7316,-3.3416,9.2841,-0.0805,560,0.0152,1.0000,0.298466,30.4127,-0.0725,low_inlier
914,32.7149,99.0663,-3.1320,5.3347,0.2097,320,0.1438,1.0000,0.298466,17.4708,0.3774,low_inlier
915,32.7474,103.1204,-3.5236,4.0541,-0.3916,613,0.0513,1.0000,0.298466,13.2864,-0.6153,low_inlier
916,32.7810,105.3310,-3.9596,2.2106,-0.4360,385,0.1100,1.0000,0.298466,7.2485,-0.6998,low_inlier
917,32.8145,113.6928,-2.5094,8.3618,1.4502,620,0.0492,1.0000,0.298466,27.3657,2.4280,low_inlier
918,32.8474,121.4507,-2.1337,7.7579,0.3757,424,0.0702,1.0000,0.298466,25.4058,0.6649,low_inlier
919,32.8810,126.2906,-0.2917,4.8398,1.8419,388,0.0390,1.0000,0.298466,15.8225,3.0470,low_inlier
920,32.9144,124.4988,0.5517,-1.7918,0.8434,346,0.0367,1.0000,0.298466,-5.8834,1.3695,low_inlier
921,32.9486,118.8268,0.6369,-5.6720,0.0852,343,0.1121,1.0000,0.298466,-18.5808,0.1032,low_inlier
922,32.9808,112.6187,3.3476,-6.2081,2.7107,479,0.0117,1.0000,0.298466,-20.3811,4.3989,low_inlier
923,33.0141,102.7228,4.2052,-9.8959,0.8576,338,0.0045,1.0000,0.298466,-32.4298,1.3410,low_inlier
924,33.0473,85.6781,1.3705,-17.0447,-2.8346,341,0.0045,1.0000,0.298466,-55.7844,-4.7505,low_inlier
925,33.0803,70.8644,0.0660,-14.8137,-1.3045,249,0.0171,1.0000,0.298466,-48.5023,-2.2307,low_inlier
926,33.1139,60.6031,3.5902,-10.2614,3.5242,134,0.0159,1.0000,0.298466,-33.6720,5.7050,low_inlier
927,33.1471,54.9143,3.1985,-5.6888,-0.3918,708,0.0675,1.0000,0.298466,-18.6277,-0.6779,low_inlier
928,33.1806,48.5325,2.8771,-6.3818,-0.3213,164,0.0871,1.0000,0.298466,-20.8991,-0.5670,low_inlier
929,33.2139,46.5185,3.8624,-2.0139,0.9853,516,0.1020,1.0000,0.298466,-6.6136,1.6005,low_inlier
930,33.2474,50.1070,3.2576,3.5885,-0.6048,422,0.1622,1.0000,0.298466,11.7648,-0.9674,low_inlier
931,33.2987,51.5778,2.9977,1.4708,-0.2599,418,0.4930,1.0000,0.298466,4.8221,-0.4162,low_inlier
932,33.3269,52.4096,3.1912,0.8318,0.1935,455,0.4400,1.0000,0.298466,2.7216,0.3221,low_inlier
933,33.3546,50.4781,2.1558,-1.9316,-1.0354,729,0.3467,1.0000,0.298466,-6.3096,-1.7077,low_inlier
934,33.3829,48.1341,3.0507,-2.3440,0.8949,568,0.5639,1.0000,0.298466,-7.6931,1.4503,
935,33.4136,47.1228,2.3544,-1.0113,-0.6963,449,0.5119,1.0000,0.298466,-3.3009,-1.1466,
936,33.4471,43.9240,2.0035,-3.1988,-0.3509,527,0.5718,1.0000,0.298466,-10.4722,-0.5950,
937,33.4811,41.6034,1.8859,-2.3206,-0.1176,438,0.5554,1.0000,0.298466,-7.5994,-0.2075,
938,33.5139,38.4562,1.9013,-3.1472,0.0155,630,0.3572,1.0000,0.298466,-10.3093,0.0052,low_inlier
939,33.5472,35.5377,1.3922,-2.9185,-0.5091,553,0.3141,1.0000,0.298466,-9.5513,-0.8523,low_inlier
940,33.5803,33.8930,3.9256,-1.6448,2.5334,451,0.4791,1.0000,0.298466,-5.4304,4.1378,low_inlier
941,33.6139,30.3156,4.4969,-3.5774,0.5713,449,0.5063,1.0000,0.298466,-11.7278,0.9125,
942,33.6470,28.9443,2.9377,-1.3713,-1.5592,457,0.5113,1.0000,0.298466,-4.4657,-2.5618,
943,33.6804,30.6217,2.7809,1.6774,-0.1568,469,0.4820,1.0000,0.298466,5.4973,-0.2460,low_inlier
944,33.7135,26.7894,3.0214,-3.8323,0.2405,529,0.4690,1.0000,0.298466,-12.5573,0.3693,low_inlier
945,33.7474,25.3365,2.9600,-1.4529,-0.0614,546,0.6554,1.0000,0.298466,-4.7582,-0.1098,
946,33.7803,24.5067,3.4235,-0.8298,0.4635,559,0.6470,1.0000,0.298466,-2.7260,0.7537,
947,33.8141,24.0658,5.5951,-0.4408,2.1716,508,0.5303,1.0000,0.298466,-1.4806,3.5530,
948,33.8469,26.5143,1.8905,2.4484,-3.7046,360,0.3843,1.0000,0.298466,8.0826,-6.0503,low_inlier
949,33.8803,25.1966,5.1376,-1.3177,3.2471,437,0.1269,1.0000,0.298466,-4.3711,5.3084,low_inlier
950,33.9141,25.5161,6.0121,0.3196,0.8745,413,0.0640,1.0000,0.298466,1.0320,1.4340,low_inlier
951,33.9471,25.8454,7.7477,0.3293,1.7356,419,0.0851,1.0000,0.298466,1.0493,2.8440,low_inlier
952,33.9804,26.7769,8.2543,0.9315,0.5066,486,0.2437,1.0000,0.298466,3.0425,0.8355,low_inlier
953,34.0139,26.8880,7.0848,0.1111,-1.1695,459,0.4981,1.0000,0.298466,0.3838,-1.9142,low_inlier
954,34.0474,26.3568,7.3915,-0.5312,0.3068,469,0.5176,1.0000,0.298466,-1.7452,0.4989,
955,34.0810,26.1517,7.5774,-0.2051,0.1859,564,0.5376,1.0000,0.298466,-0.6749,0.3031,
956,34.1145,26.2965,7.4215,0.1448,-0.1559,611,0.4391,1.0000,0.298466,0.4769,-0.2544,low_inlier
957,34.1471,26.8734,8.3503,0.5769,0.9288,490,0.6399,1.0000,0.298466,1.8740,1.5246,
958,34.1804,26.9279,8.6050,0.0545,0.2546,741,0.7832,1.0000,0.298466,0.1741,0.4173,
959,34.2137,25.7021,8.1613,-1.2258,-0.4437,710,0.5659,1.0000,0.298466,-4.0078,-0.7343,
960,34.2475,22.7424,8.4000,-2.9597,0.2387,574,0.1570,1.0000,0.298466,-9.6989,0.3720,low_inlier
961,34.2997,19.4859,5.9026,-3.2565,-2.4974,553,0.2273,1.0000,0.298466,-10.6250,-4.1102,low_inlier
962,34.3284,10.8434,14.4674,-8.6424,8.5649,618,0.0788,1.0000,0.298466,-28.4539,13.9690,low_inlier
963,34.3587,9.0188,13.3558,-1.8246,-1.1116,345,0.1366,1.0000,0.298466,-5.9581,-1.8318,low_inlier
964,34.3887,5.1393,11.2161,-3.8795,-2.1398,294,0.1372,1.0000,0.298466,-12.6718,-3.5285,low_inlier
965,34.4180,0.2645,9.2770,-4.8747,-1.9390,600,0.0068,1.0000,0.298466,-15.9351,-3.2062,low_inlier
966,34.4472,0.6900,1.7464,0.4255,-7.5306,241,0.1278,1.0000,0.298466,1.5209,-12.3281,low_inlier
967,34.4803,11.4520,-5.1670,10.7619,-6.9134,474,0.0092,1.0000,0.298466,35.3689,-11.2514,low_inlier
968,34.5136,4.7144,9.4688,-6.7376,14.6358,546,0.0000,1.0000,0.298466,-22.3170,23.9219,low_inlier
969,34.5469,-2.2117,18.7852,-6.9261,9.3164,346,0.0000,1.0000,0.298466,-22.8446,15.2105,low_inlier
970,34.5803,-3.9022,12.8384,-1.6905,-5.9468,459,0.0241,1.0000,0.298466,-5.4370,-9.7483,low_inlier
971,34.6134,-13.7174,8.3150,-9.8152,-4.5234,138,0.0112,1.0000,0.298466,-32.0746,-7.4694,low_inlier
972,34.6469,-21.6162,13.5151,-7.8988,5.2002,446,0.0016,1.0000,0.298466,-25.9614,8.4643,low_inlier
973,34.6801,-23.8603,9.0463,-2.2441,-4.4688,580,0.0163,1.0000,0.298466,-7.2754,-7.3317,low_inlier
974,34.7136,-31.1995,9.2324,-7.3392,0.1861,520,0.0046,1.0000,0.298466,-24.0436,0.2578,low_inlier
975,34.7479,-36.5254,8.4085,-5.3259,-0.8239,606,0.0208,1.0000,0.298466,-17.4319,-1.3831,low_inlier
976,34.7804,-39.9349,7.2999,-3.4095,-1.1086,395,0.0363,1.0000,0.298466,-11.1495,-1.8370,low_inlier
977,34.8140,-47.1463,8.5152,-7.2114,1.2152,320,0.0476,1.0000,0.298466,-23.6423,1.9437,low_inlier
978,34.8470,-49.3037,8.9090,-2.1575,0.3938,267,0.0893,1.0000,0.298466,-7.0737,0.6311,low_inlier
979,34.8802,-48.3956,8.3669,0.9082,-0.5421,611,0.1373,1.0000,0.298466,2.9840,-0.8818,low_inlier
980,34.9134,-48.5381,8.7542,-0.1425,0.3873,400,0.1519,1.0000,0.298466,-0.4733,0.6333,low_inlier
981,34.9469,-48.9968,8.4801,-0.4587,-0.2741,484,0.4574,1.0000,0.298466,-1.4980,-0.4518,low_inlier
982,34.9802,-49.3632,8.9953,-0.3664,0.5152,709,0.3325,1.0000,0.298466,-1.2090,0.8412,low_inlier
983,35.0137,-47.2483,9.1796,2.1149,0.1844,487,0.2541,1.0000,0.298466,6.9246,0.3154,low_inlier
984,35.0468,-47.4559,10.1899,-0.2076,1.0102,710,0.2340,1.0000,0.298466,-0.6970,1.6528,low_inlier
985,35.0814,-47.8567,10.9516,-0.4008,0.7618,612,0.2010,1.0000,0.298466,-1.3258,1.2448,low_inlier
986,35.1137,-48.7704,9.2439,-0.9137,-1.7077,687,0.4198,1.0000,0.298466,-2.9641,-2.8021,low_inlier
987,35.1464,-47.3193,7.3585,1.4511,-1.8855,657,0.2103,1.0000,0.298466,4.7849,-3.0780,low_inlier
988,35.1800,-45.9724,7.8381,1.3470,0.4796,522,0.2338,1.0000,0.298466,4.4041,0.7940,low_inlier
989,35.2131,-44.2705,6.9344,1.7019,-0.9037,542,0.0633,1.0000,0.298466,5.5900,-1.4689,low_inlier
990,35.2466,-44.1753,7.1147,0.0952,0.1803,576,0.3091,1.0000,0.298466,0.3088,0.2959,low_inlier
991,35.2995,-44.3609,6.9781,-0.1856,-0.1366,459,0.5569,1.0000,0.298466,-0.6057,-0.2249,
992,35.3278,-44.4179,7.3399,-0.0570,0.3618,384,0.2650,1.0000,0.298466,-0.1928,0.5921,low_inlier
993,35.3590,-44.5053,6.4314,-0.0874,-0.9085,447,0.1588,1.0000,0.298466,-0.2710,-1.4881,low_inlier
994,35.3867,-45.0353,6.7749,-0.5299,0.3434,538,0.5528,1.0000,0.298466,-1.7416,0.5590,
995,35.4147,-45.6286,6.3694,-0.5933,-0.4055,637,0.7738,1.0000,0.298466,-1.9367,-0.6678,
996,35.4476,-46.5258,6.8103,-0.8972,0.4409,557,0.6488,1.0000,0.298466,-2.9464,0.7163,
997,35.4804,-47.5512,7.1484,-1.0254,0.3381,576,0.6250,1.0000,0.298466,-3.3645,0.5471,
998,35.5138,-48.3624,6.1471,-0.8112,-1.0013,526,0.6496,1.0000,0.298466,-2.6403,-1.6447,
999,35.5467,-48.8776,5.6774,-0.5152,-0.4697,545,0.6813,1.0000,0.298466,-1.6796,-0.7725,
1000,35.5803,-49.2621,5.6266,-0.3845,-0.0507,558,0.6984,1.0000,0.298466,-1.2586,-0.0856,
1001,35.6137,-49.1183,5.6692,0.1438,0.0426,573,0.7196,1.0000,0.298466,0.4703,0.0706,
1002,35.6464,-48.7366,6.0230,0.3817,0.3538,563,0.7071,1.0000,0.298466,1.2443,0.5818,
1003,35.6798,-48.3227,5.7157,0.4139,-0.3073,583,0.7822,1.0000,0.298466,1.3608,-0.5006,
1004,35.7132,-48.5782,5.6834,-0.2554,-0.0322,581,0.7284,1.0000,0.298466,-0.8362,-0.0544,
1005,35.7472,-48.6747,5.5054,-0.0966,-0.1781,571,0.7193,1.0000,0.298466,-0.3133,-0.2922,
1006,35.7808,-48.4892,5.2730,0.1856,-0.2324,551,0.7146,1.0000,0.298466,0.6118,-0.3794,
1007,35.8162,-49.2795,7.2022,-0.7904,1.9292,667,0.8346,1.0000,0.298466,-2.6215,3.1539,
1008,35.8465,-49.6570,7.5073,-0.3775,0.3051,549,0.3517,1.0000,0.298466,-1.2417,0.4972,low_inlier
1009,35.8800,-49.9519,7.0276,-0.2949,-0.4797,549,0.4700,1.0000,0.298466,-0.9578,-0.7874,low_inlier
1010,35.9130,-50.4338,6.6817,-0.4819,-0.3458,537,0.6558,1.0000,0.298466,-1.5726,-0.5694,
1011,35.9462,-51.3022,5.6720,-0.8684,-1.0098,522,0.6554,1.0000,0.298466,-2.8277,-1.6590,
1012,35.9797,-51.3914,5.4992,-0.0892,-0.1727,603,0.7327,1.0000,0.298466,-0.2892,-0.2834,
1013,36.0129,-50.7977,5.7962,0.5937,0.2970,626,0.8008,1.0000,0.298466,1.9397,0.4901,
1014,36.0462,-49.6941,5.5229,1.1036,-0.2733,546,0.6809,1.0000,0.298466,3.6195,-0.4405,
1015,36.0796,-47.9677,5.5801,1.7264,0.0572,579,0.7009,1.0000,0.298466,5.6541,0.1048,
1016,36.1131,-47.0862,7.2470,0.8815,1.6669,538,0.1252,1.0000,0.298466,2.8593,2.7350,low_inlier
1017,36.1462,-47.5727,6.9909,-0.4865,-0.2561,498,0.5525,1.0000,0.298466,-1.5892,-0.4225,
1018,36.1797,-48.4547,6.7118,-0.8820,-0.2790,572,0.6850,1.0000,0.298466,-2.8845,-0.4625,
1019,36.2158,-49.9016,7.3555,-1.4469,0.6436,435,0.2078,1.0000,0.298466,-4.7502,1.0446,low_inlier
1020,36.2466,-50.6276,6.6794,-0.7260,-0.6760,541,0.5069,1.0000,0.298466,-2.3666,-1.1116,
1021,36.2999,-52.0950,8.0620,-1.4674,1.3826,704,0.5704,1.0000,0.298466,-4.8300,2.2545,
1022,36.3279,-55.3148,9.3891,-3.2198,1.3271,465,0.5051,1.0000,0.298466,-10.5694,2.1524,
1023,36.3562,-59.4476,10.1079,-4.1328,0.7188,688,0.2288,1.0000,0.298466,-13.5497,1.1506,low_inlier
1024,36.3851,-61.1519,9.3677,-1.7043,-0.7401,471,0.4808,1.0000,0.298466,-5.5701,-1.2228,low_inlier
1025,36.4134,-62.7230,8.9426,-1.5711,-0.4252,435,0.1827,1.0000,0.298466,-5.1390,-0.7062,low_inlier
1026,36.4467,-65.6397,9.3914,-2.9167,0.4488,453,0.4848,1.0000,0.298466,-9.5616,0.7163,low_inlier
1027,36.4801,-66.7215,9.2932,-1.0818,-0.0982,440,0.3813,1.0000,0.298466,-3.5421,-0.1677,low_inlier
1028,36.5131,-65.1013,8.5661,1.6202,-0.7271,398,0.2013,1.0000,0.298466,5.3194,-1.1803,low_inlier
1029,36.5461,-63.2685,8.6925,1.8328,0.1264,453,0.5675,1.0000,0.298466,6.0015,0.2187,
1030,36.5794,-60.0705,6.6495,3.1981,-2.0430,626,0.3287,1.0000,0.298466,10.5101,-3.3247,low_inlier
1031,36.6134,-59.2736,3.4020,0.7969,-3.2475,678,0.1418,1.0000,0.298466,2.6651,-5.3125,low_inlier
1032,36.6465,-60.4380,2.5116,-1.1644,-0.8904,731,0.0541,1.0000,0.298466,-3.7991,-1.4654,low_inlier
1033,36.6817,-60.5353,2.9294,-0.0973,0.4178,447,0.5338,1.0000,0.298466,-0.3257,0.6835,
1034,36.7137,-58.7391,7.3295,1.7962,4.4001,441,0.0915,1.0000,0.298466,5.8095,7.2163,low_inlier
1035,36.7481,-57.0260,7.4331,1.7131,0.1036,465,0.5694,1.0000,0.298466,5.6097,0.1805,
1036,36.7828,-59.0877,9.0530,-2.0617,1.6199,387,0.0452,1.0000,0.298466,-6.7808,2.6393,low_inlier
1037,36.8132,-66.2054,9.9995,-7.1177,0.9465,200,0.1164,1.0000,0.298466,-23.3311,1.5043,low_inlier
1038,36.8466,-65.1475,6.9743,1.0579,-3.0252,633,0.3497,1.0000,0.298466,3.5164,-4.9468,low_inlier
1039,36.8798,-64.1103,4.7300,1.0372,-2.2442,518,0.3063,1.0000,0.298466,3.4354,-3.6681,low_inlier
1040,36.9137,-63.9292,0.4849,0.1811,-4.2451,472,0.1154,1.0000,0.298466,0.6649,-6.9499,low_inlier
1041,36.9462,-65.6876,-3.9216,-1.7584,-4.4065,290,0.0381,1.0000,0.298466,-5.6856,-7.2266,low_inlier
1042,36.9793,-65.4945,-6.6734,0.1931,-2.7518,422,0.4773,1.0000,0.298466,0.6791,-4.5046,low_inlier
1043,37.0126,-62.8418,-10.1954,2.6527,-3.5220,590,0.1660,1.0000,0.298466,8.7488,-5.7500,low_inlier
1044,37.0461,-60.1739,-10.3104,2.6679,-0.1150,425,0.2030,1.0000,0.298466,8.7409,-0.1713,low_inlier
1045,37.0798,-58.3290,-11.6973,1.8449,-1.3869,431,0.4434,1.0000,0.298466,6.0667,-2.2591,low_inlier
1046,37.1128,-58.0420,-12.8557,0.2870,-1.1584,525,0.6159,1.0000,0.298466,0.9597,-1.8950,
1047,37.1465,-58.3736,-11.8120,-0.3316,1.0438,407,0.3563,1.0000,0.298466,-1.1039,1.7069,low_inlier
1048,37.1793,-60.8505,-9.6211,-2.4769,2.1909,441,0.1967,1.0000,0.298466,-8.1503,3.5716,low_inlier
1049,37.2127,-60.9600,-9.4307,-0.1095,0.1903,449,0.3559,1.0000,0.298466,-0.3618,0.3110,low_inlier
1050,37.2457,-62.3825,-11.6617,-1.4226,-2.2310,364,0.3321,1.0000,0.298466,-4.6221,-3.6622,low_inlier
1051,37.2981,-63.5979,-11.8548,-1.2154,-0.1931,554,0.3602,1.0000,0.298466,-3.9780,-0.3239,low_inlier
1052,37.3268,-63.4315,-11.3759,0.1664,0.4790,623,0.8148,1.0000,0.298466,0.5370,0.7853,
1053,37.3547,-63.3232,-11.6208,0.1083,-0.2450,603,0.7525,1.0000,0.298466,0.3590,-0.4004,
1054,37.3836,-63.3917,-9.9144,-0.0685,1.7064,561,0.6930,1.0000,0.298466,-0.2532,2.7936,
1055,37.4125,-63.8333,-7.4250,-0.4416,2.4894,617,0.4893,1.0000,0.298466,-1.4885,4.0734,low_inlier
1056,37.4465,-65.5287,-7.5145,-1.6954,-0.0894,610,0.4187,1.0000,0.298466,-5.5520,-0.1573,low_inlier
1057,37.4794,-66.9838,-8.6814,-1.4551,-1.1669,604,0.7206,1.0000,0.298466,-4.7467,-1.9201,
1058,37.5127,-66.4436,-8.2451,0.5402,0.4363,626,0.7276,1.0000,0.298466,1.7622,0.7178,
1059,37.5464,-64.1227,-9.0089,2.3209,-0.7638,545,0.6733,1.0000,0.298466,7.6154,-1.2358,
1060,37.5793,-60.2103,-10.9786,3.9124,-1.9697,410,0.2813,1.0000,0.298466,12.8488,-3.2002,low_inlier
1061,37.6133,-56.2834,-12.0671,3.9269,-1.0885,525,0.0884,1.0000,0.298466,12.8814,-1.7573,low_inlier
1062,37.6462,-54.8974,-10.7345,1.3860,1.3326,553,0.2252,1.0000,0.298466,4.5176,2.1908,low_inlier
1063,37.6792,-54.6348,-12.9838,0.2626,-2.2492,525,0.4780,1.0000,0.298466,0.8982,-3.6812,low_inlier
1064,37.7127,-51.8543,-19.4541,2.7804,-6.4703,780,0.0239,1.0000,0.298466,9.2169,-10.5769,low_inlier
1065,37.7466,-50.5018,-23.5404,1.3525,-4.0863,452,0.2255,1.0000,0.298466,4.4993,-6.6824,low_inlier
1066,37.7804,-50.3822,-21.8472,0.1196,1.6932,409,0.1572,1.0000,0.298466,0.3632,2.7733,low_inlier
1067,37.8131,-46.2967,-25.0731,4.0855,-3.2259,303,0.0823,1.0000,0.298466,13.4370,-5.2560,low_inlier
1068,37.8459,-38.5819,-37.1989,7.7149,-12.1259,321,0.0351,1.0000,0.298466,25.4758,-19.8058,low_inlier
1069,37.8791,-38.9812,-32.0130,-0.3993,5.1859,637,0.0126,1.0000,0.298466,-1.3956,8.4890,low_inlier
1070,37.9123,-47.8449,-17.6194,-8.8637,14.3936,564,0.0040,1.0000,0.298466,-29.2773,23.5117,low_inlier
1071,37.9462,-45.4452,-19.0066,2.3997,-1.3872,342,0.3875,1.0000,0.298466,7.8840,-2.2560,low_inlier
1072,37.9791,-46.1578,-20.1594,-0.7126,-1.1528,565,0.3765,1.0000,0.298466,-2.3147,-1.8921,low_inlier
1073,38.0123,-50.7309,-24.9254,-4.5731,-4.7660,426,0.0411,1.0000,0.298466,-14.8994,-7.8333,low_inlier
1074,38.0457,-54.5587,-25.1422,-3.8278,-0.2168,427,0.2965,1.0000,0.298466,-12.5348,-0.3795,low_inlier
1075,38.0790,-57.3199,-22.8161,-2.7612,2.3261,407,0.1319,1.0000,0.298466,-9.0839,3.7912,low_inlier
1076,38.1124,-59.9347,-26.1358,-2.6148,-3.3196,335,0.1671,1.0000,0.298466,-8.5090,-5.4524,low_inlier
1077,38.1461,-62.7049,-27.6588,-2.7703,-1.5230,602,0.0066,1.0000,0.298466,-9.0486,-2.5115,low_inlier
1078,38.1791,-64.0468,-27.3083,-1.3419,0.3505,353,0.1720,1.0000,0.298466,-4.4014,0.5653,low_inlier
1079,38.2123,-63.8528,-24.4863,0.1940,2.8219,482,0.0577,1.0000,0.298466,0.5878,4.6219,low_inlier
1080,38.2477,-65.0088,-24.9847,-1.1560,-0.4984,278,0.0565,1.0000,0.298466,-3.7782,-0.8234,low_inlier
1081,38.3006,-69.1780,-22.8659,-4.1692,2.1188,338,0.0387,1.0000,0.298466,-13.6924,3.4428,low_inlier
1082,38.3294,-76.2893,-23.0960,-7.1113,-0.2302,146,0.0107,1.0000,0.298466,-23.2901,-0.4224,low_inlier
1083,38.3575,-81.8736,-17.8776,-5.5843,5.2184,624,0.0117,1.0000,0.298466,-18.3802,8.5090,low_inlier
1084,38.3861,-87.4345,-9.3820,-5.5609,8.4956,571,0.0061,1.0000,0.298466,-18.3590,13.8753,low_inlier
1085,38.4153,-91.6590,-1.8828,-4.2245,7.4993,411,0.0051,1.0000,0.298466,-13.9644,12.2525,low_inlier
1086,38.4462,-94.3042,-0.1152,-2.6452,1.7676,356,0.0340,1.0000,0.298466,-8.6946,2.8774,low_inlier
1087,38.4786,-94.2467,3.8722,0.0575,3.9874,474,0.1784,1.0000,0.298466,0.1209,6.5294,low_inlier
1088,38.5119,-91.7763,5.1406,2.4704,1.2684,427,0.3808,1.0000,0.298466,8.0706,2.0926,low_inlier
1089,38.5453,-87.6623,2.7171,4.1141,-2.4234,689,0.0328,1.0000,0.298466,13.5170,-3.9419,low_inlier
1090,38.5789,-85.2651,0.5847,2.3972,-2.1324,560,0.0229,1.0000,0.298466,7.8884,-3.4764,low_inlier
1091,38.6122,-80.0931,-4.7315,5.1720,-5.3162,517,0.0234,1.0000,0.298466,17.0312,-8.6717,low_inlier
1092,38.6458,-70.4807,-11.9732,9.6124,-7.2417,484,0.0000,1.0000,0.298466,31.6088,-11.7962,low_inlier
1093,38.6792,-63.7937,-15.1750,6.6870,-3.2018,338,0.0000,1.0000,0.298466,21.9583,-5.1999,low_inlier
1094,38.7124,-56.7571,-26.2527,7.0366,-11.0777,358,0.0074,1.0000,0.298466,23.2364,-18.0939,low_inlier
1095,38.7466,-46.1885,-29.3395,10.5686,-3.0868,370,0.0000,1.0000,0.298466,34.6711,-4.9868,low_inlier
1096,38.7790,-36.3261,-21.0766,9.8623,8.2629,531,0.0000,1.0000,0.298466,32.1659,13.5930,low_inlier
1097,38.8124,-36.9614,-17.5908,-0.6353,3.4858,339,0.1008,1.0000,0.298466,-2.1397,5.7036,low_inlier
1098,38.8454,-38.4008,-17.4753,-1.4394,0.1154,497,0.2904,1.0000,0.298466,-4.7168,0.1798,low_inlier
1099,38.8790,-40.0338,-20.2695,-1.6330,-2.7941,530,0.2294,1.0000,0.298466,-5.3020,-4.5856,low_inlier
1100,38.9125,-41.2349,-20.6638,-1.2011,-0.3944,543,0.4854,1.0000,0.298466,-3.9277,-0.6534,low_inlier
1101,38.9454,-42.6987,-20.7719,-1.4638,-0.1081,540,0.6751,1.0000,0.298466,-4.7930,-0.1864,
1102,38.9788,-42.9084,-20.8634,-0.2097,-0.0914,592,0.6391,1.0000,0.298466,-0.6854,-0.1511,
1103,39.0121,-42.5273,-20.8470,0.3811,0.0163,598,0.7572,1.0000,0.298466,1.2479,0.0292,
1104,39.0451,-42.1789,-20.3192,0.3484,0.5279,568,0.6675,1.0000,0.298466,1.1323,0.8666,
1105,39.0789,-41.9048,-20.0325,0.2741,0.2867,575,0.7268,1.0000,0.298466,0.8931,0.4712,
1106,39.1125,-41.3310,-19.3531,0.5738,0.6794,581,0.7284,1.0000,0.298466,1.8682,1.1161,
1107,39.1454,-40.8509,-19.2770,0.4800,0.0761,580,0.7259,1.0000,0.298466,1.5712,0.1277,
1108,39.1787,-40.7129,-19.1581,0.1381,0.1189,594,0.7588,1.0000,0.298466,0.4502,0.1956,
1109,39.2119,-40.5145,-18.9149,0.1983,0.2431,583,0.8235,1.0000,0.298466,0.6456,0.3994,
1110,39.2454,-40.0573,-19.0990,0.4573,-0.1841,574,0.7322,1.0000,0.298466,1.5009,-0.2985,
1111,39.2981,-39.5700,-18.9679,0.4873,0.1311,485,0.6075,1.0000,0.298466,1.5939,0.2177,
1112,39.3269,-39.3766,-18.0094,0.1934,0.9585,751,0.5487,1.0000,0.298466,0.6174,1.5707,
1113,39.3550,-39.2514,-17.5541,0.1252,0.4553,751,0.8850,1.0000,0.298466,0.4024,0.7463,
1114,39.3835,-39.1630,-17.5957,0.0884,-0.0416,735,0.7225,1.0000,0.298466,0.2902,-0.0676,
1115,39.4147,-39.2336,-18.4510,-0.0705,-0.8553,476,0.5962,1.0000,0.298466,-0.2166,-1.4009,
1116,39.4457,-39.2411,-18.3311,-0.0076,0.1199,740,0.8825,1.0000,0.298466,-0.0268,0.1963,
1117,39.4786,-38.5216,-18.5907,0.7195,-0.2596,655,0.2334,1.0000,0.298466,2.3612,-0.4205,low_inlier
1118,39.5115,-37.3064,-15.3544,1.2152,3.2363,724,0.2963,1.0000,0.298466,3.9259,5.3070,low_inlier
1119,39.5451,-40.1770,-12.4195,-2.8705,2.9349,385,0.1847,1.0000,0.298466,-9.4524,4.7873,low_inlier
1120,39.5821,-43.4095,-11.3706,-3.2325,1.0489,428,0.4741,1.0000,0.298466,-10.6063,1.6968,low_inlier
1121,39.6119,-47.6360,-10.3031,-4.2265,1.0675,236,0.1580,1.0000,0.298466,-13.8626,1.7209,low_inlier
1122,39.6452,-51.8450,-11.0870,-4.2089,-0.7839,717,0.0000,1.0000,0.298466,-13.7737,-1.3105,low_inlier
1123,39.6789,-56.7405,-12.2991,-4.8956,-1.2121,698,0.1354,1.0000,0.298466,-16.0156,-2.0160,low_inlier
1124,39.7120,-61.0917,-13.7070,-4.3511,-1.4079,399,0.4414,1.0000,0.298466,-14.2290,-2.3331,low_inlier
1125,39.7462,-64.2212,-14.6009,-3.1295,-0.8939,388,0.5039,1.0000,0.298466,-10.2360,-1.4837,
1126,39.7791,-64.8007,-14.3486,-0.5795,0.2523,455,0.4636,1.0000,0.298466,-1.9026,0.4093,low_inlier
1127,39.8125,-65.1657,-13.3302,-0.3650,1.0185,459,0.5632,1.0000,0.298466,-1.2128,1.6653,
1128,39.8455,-66.2730,-13.1040,-1.1072,0.2262,453,0.5864,1.0000,0.298466,-3.6307,0.3633,
1129,39.8789,-67.5333,-13.5418,-1.2603,-0.4378,426,0.5577,1.0000,0.298466,-4.1209,-0.7250,
1130,39.9129,-68.5257,-15.0837,-0.9924,-1.5419,435,0.4987,1.0000,0.298466,-3.2248,-2.5311,low_inlier
1131,39.9454,-69.3510,-16.5940,-0.8254,-1.5103,436,0.5652,1.0000,0.298466,-2.6781,-2.4783,
1132,39.9784,-69.7601,-17.5467,-0.4090,-0.9527,475,0.5960,1.0000,0.298466,-1.3238,-1.5625,
1133,40.0117,-70.2516,-18.7303,-0.4915,-1.1836,422,0.5583,1.0000,0.298466,-1.5901,-1.9412,
1134,40.0454,-71.0012,-23.5411,-0.7496,-4.8108,426,0.2224,1.0000,0.298466,-2.3742,-7.8821,low_inlier
1135,40.0784,-71.2395,-24.5617,-0.2382,-1.0206,462,0.5637,1.0000,0.298466,-0.7632,-1.6727,
1136,40.1120,-71.5550,-31.7259,-0.3155,-7.1642,510,0.0029,1.0000,0.298466,-0.9126,-11.7328,low_inlier
1137,40.1453,-76.4316,-46.6645,-4.8767,-14.9386,92,0.0028,1.0000,0.298466,-15.7220,-24.4919,low_inlier
1138,40.1786,-77.5656,-60.7803,-1.1340,-14.1158,300,0.1108,1.0000,0.298466,-3.4762,-23.1207,low_inlier
1139,40.2120,-80.7815,-62.4396,-3.2159,-1.6593,239,0.0858,1.0000,0.298466,-10.5060,-2.7375,low_inlier
1140,40.2458,-77.1581,-84.7034,3.6234,-22.2639,548,0.0014,1.0000,0.298466,12.2447,-36.4322,low_inlier
1141,40.2993,-73.9468,-102.0877,3.2113,-17.3843,284,0.0027,1.0000,0.298466,10.8124,-28.4449,low_inlier
1142,40.3300,-72.7336,-104.5659,1.2132,-2.4781,764,0.0482,1.0000,0.298466,4.0157,-4.0500,low_inlier
1143,40.3594,-70.8198,-100.9106,1.9138,3.6553,630,0.4347,1.0000,0.298466,6.2072,5.9975,low_inlier
1144,40.3877,-67.8442,-94.4079,2.9757,6.5027,782,0.0038,1.0000,0.298466,9.6374,10.6667,low_inlier
1145,40.4162,-68.0227,-91.3383,-0.1785,3.0695,333,0.2465,1.0000,0.298466,-0.6364,5.0250,low_inlier
1146,40.4487,-56.0739,-95.8651,11.9487,-4.5267,767,0.0026,1.0000,0.298466,39.2161,-7.3358,low_inlier
1147,40.4785,-38.9374,-99.1345,17.1365,-3.2695,601,0.0093,1.0000,0.298466,56.1881,-5.2439,low_inlier
1148,40.5115,-37.6929,-101.7852,1.2446,-2.6507,360,0.0558,1.0000,0.298466,4.1215,-4.3323,low_inlier
1149,40.5452,-43.6643,-101.6900,-5.9715,0.0952,337,0.0515,1.0000,0.298466,-19.5620,0.1177,low_inlier
1150,40.5786,-48.5184,-107.0152,-4.8541,-5.3253,330,0.3232,1.0000,0.298466,-15.8102,-8.7507,low_inlier
1151,40.6119,-52.6526,-113.8606,-4.1342,-6.8454,381,0.1987,1.0000,0.298466,-13.4266,-11.2352,low_inlier
1152,40.6452,-52.8641,-114.7514,-0.2115,-0.8908,527,0.1504,1.0000,0.298466,-0.6777,-1.4599,low_inlier
1153,40.6784,-51.4811,-109.9297,1.3830,4.8217,469,0.5025,1.0000,0.298466,4.4488,7.9041,
1154,40.7117,-54.3472,-97.9019,-2.8661,12.0278,499,0.0000,1.0000,0.298466,-9.5912,19.6763,low_inlier
1155,40.7460,-65.2767,-75.3554,-10.9295,22.5465,602,0.0000,1.0000,0.298466,-36.1817,36.8482,low_inlier
1156,40.7781,-85.0190,-43.5832,-19.7423,31.7722,271,0.0162,1.0000,0.298466,-65.2049,51.8982,low_inlier
1157,40.8112,-106.5296,-6.4870,-21.5106,37.0962,341,0.0066,1.0000,0.298466,-71.0870,60.6046,low_inlier
1158,40.8446,-118.4820,20.3484,-11.9524,26.8354,319,0.0042,1.0000,0.298466,-39.6046,43.8643,low_inlier
1159,40.8779,-117.5604,15.7491,0.9216,-4.5993,470,0.1006,1.0000,0.298466,3.0963,-7.5251,low_inlier
1160,40.9111,-113.7556,11.2084,3.8048,-4.5406,599,0.0000,1.0000,0.298466,12.5397,-7.4106,low_inlier
1161,40.9446,-105.1177,-1.5607,8.6380,-12.7691,233,0.0144,1.0000,0.298466,28.5103,-20.8532,low_inlier
1162,40.9781,-99.0836,-9.2607,6.0341,-7.7000,473,0.0040,1.0000,0.298466,19.8954,-12.5696,low_inlier
1163,41.0116,-94.9301,-9.2778,4.1535,-0.0171,368,0.0331,1.0000,0.298466,13.6055,-0.0014,low_inlier
1164,41.0450,-91.7768,-11.1314,3.1534,-1.8536,586,0.2281,1.0000,0.298466,10.3607,-3.0150,low_inlier
1165,41.0779,-92.7313,-11.7652,-0.9546,-0.6338,705,0.8810,1.0000,0.298466,-3.1161,-1.0439,
1166,41.1113,-93.1824,-9.2997,-0.4510,2.4655,710,0.8941,1.0000,0.298466,-1.5191,4.0342,
1167,41.1444,-94.8659,-5.4707,-1.6835,3.8289,729,0.6326,1.0000,0.298466,-5.5792,6.2588,
1168,41.1781,-96.2835,-4.5722,-1.4176,0.8986,713,0.6250,1.0000,0.298466,-4.6588,1.4622,
1169,41.2115,-97.6653,-0.4169,-1.3818,4.1552,653,0.7525,1.0000,0.298466,-4.5963,6.7950,
1170,41.2451,-99.1518,-3.4541,-1.4865,-3.0372,395,0.1286,1.0000,0.298466,-4.8181,-4.9827,low_inlier
1171,41.2982,-100.3188,-6.8540,-1.1670,-3.3999,381,0.0452,1.0000,0.298466,-3.7652,-5.5746,low_inlier
1172,41.3296,-99.5965,-10.4816,0.7223,-3.6275,329,0.0520,1.0000,0.298466,2.4271,-5.9352,low_inlier
1173,41.3600,-97.5464,-13.3346,2.0501,-2.8530,377,0.1021,1.0000,0.298466,6.7635,-4.6585,low_inlier
1174,41.3892,-109.2446,4.5822,-11.6982,17.9168,231,0.0325,1.0000,0.298466,-38.6213,29.2625,low_inlier
1175,41.4191,-114.4575,9.7470,-5.2129,5.1648,463,0.0000,1.0000,0.298466,-17.1627,8.4237,low_inlier
1176,41.4491,-113.8478,8.7569,0.6097,-0.9901,687,0.4318,1.0000,0.298466,2.0137,-1.6174,low_inlier
1177,41.4779,-112.3500,6.1123,1.4979,-2.6446,680,0.5076,1.0000,0.298466,4.9511,-4.3208,
1178,41.5112,-112.9996,5.6886,-0.6497,-0.4237,715,0.9005,1.0000,0.298466,-2.1209,-0.6979,
1179,41.5444,-112.3794,5.0629,0.6202,-0.6257,581,0.4395,1.0000,0.298466,2.0422,-1.0205,low_inlier
1180,41.5781,-108.7675,7.7520,3.6119,2.6891,789,0.0000,1.0000,0.298466,11.7859,4.4263,low_inlier
1181,41.6116,-106.2915,7.6998,2.4759,-0.0522,524,0.3214,1.0000,0.298466,8.1111,-0.0696,low_inlier
1182,41.6449,-104.7317,7.4629,1.5599,-0.2369,749,0.8665,1.0000,0.298466,5.1135,-0.3779,
1183,41.6781,-104.1835,7.2055,0.5482,-0.2574,731,0.9241,1.0000,0.298466,1.7999,-0.4180,
1184,41.7115,-102.5699,10.0658,1.6136,2.8603,579,0.6792,1.0000,0.298466,5.2372,4.6938,
1185,41.7457,-99.6272,13.6267,2.9427,3.5610,560,0.1266,1.0000,0.298466,9.5790,5.8496,low_inlier
1186,41.7788,-98.7537,14.6508,0.8735,1.0241,677,0.2808,1.0000,0.298466,2.8440,1.6825,low_inlier
1187,41.8121,-99.0326,14.4860,-0.2789,-0.1649,748,0.9398,1.0000,0.298466,-0.9108,-0.2717,
1188,41.8450,-98.6053,16.2576,0.4273,1.7717,692,0.4843,1.0000,0.298466,1.3698,2.9037,low_inlier
1189,41.8780,-98.3101,19.6596,0.2952,3.4019,467,0.1043,1.0000,0.298466,0.9097,5.5723,low_inlier
1190,41.9119,-98.2345,21.4685,0.0756,1.8089,687,0.4465,1.0000,0.298466,0.2171,2.9624,low_inlier
1191,41.9443,-98.5106,22.5673,-0.2761,1.0988,740,0.8695,1.0000,0.298466,-0.9230,1.7974,
1192,41.9778,-97.8790,21.7527,0.6315,-0.8146,699,0.8434,1.0000,0.298466,2.0825,-1.3297,
1193,42.0110,-97.9549,21.1749,-0.0759,-0.5778,738,0.9258,1.0000,0.298466,-0.2387,-0.9466,
1194,42.0443,-98.4183,21.0453,-0.4634,-0.1296,742,0.9484,1.0000,0.298466,-1.5157,-0.2151,
1195,42.0828,-98.5530,20.5321,-0.1347,-0.5133,734,0.9333,1.0000,0.298466,-0.4326,-0.8413,
1196,42.1110,-98.5457,20.3506,0.0073,-0.1814,756,0.9534,1.0000,0.298466,0.0269,-0.2970,
1197,42.1440,-98.3905,19.9197,0.1552,-0.4309,753,0.9533,1.0000,0.298466,0.5157,-0.7046,
1198,42.1776,-98.7664,19.7452,-0.3760,-0.1746,730,0.9321,1.0000,0.298466,-1.2286,-0.2882,
1199,42.2177,-99.0574,19.5375,-0.2910,-0.2077,756,0.9610,1.0000,0.298466,-0.9496,-0.3419,
1200,42.2456,-99.1733,19.1656,-0.1159,-0.3719,755,0.9509,1.0000,0.298466,-0.3734,-0.6098,
1201,42.2968,-99.2951,18.7667,-0.1217,-0.3989,777,0.9725,1.0000,0.298466,-0.3920,-0.6540,
1202,42.3242,-99.3443,18.5280,-0.0493,-0.2387,775,0.9688,1.0000,0.298466,-0.1574,-0.3911,
1203,42.3513,-99.4876,18.2900,-0.1433,-0.2380,769,0.9613,1.0000,0.298466,-0.4653,-0.3906,
1204,42.3788,-99.4161,17.9736,0.0716,-0.3164,773,0.9663,1.0000,0.298466,0.2397,-0.5176,
1205,42.4110,-99.2919,17.7842,0.1242,-0.1895,768,0.9600,1.0000,0.298466,0.4100,-0.3094,
1206,42.4446,-99.3254,17.6552,-0.0335,-0.1290,778,0.9725,1.0000,0.298466,-0.1075,-0.2114,
1207,42.4775,-99.2792,17.5051,0.0462,-0.1501,772,0.9650,1.0000,0.298466,0.1539,-0.2454,
1208,42.5111,-99.1022,17.2971,0.1769,-0.2081,776,0.9700,1.0000,0.298466,0.5831,-0.3396,
1209,42.5445,-98.8105,17.1989,0.2917,-0.0981,754,0.9275,1.0000,0.298466,0.9572,-0.1588,
1210,42.5775,-98.4036,16.9263,0.4069,-0.2726,691,0.8650,1.0000,0.298466,1.3374,-0.4438,
1211,42.6113,-98.3192,16.6368,0.0844,-0.2895,767,0.9600,1.0000,0.298466,0.2815,-0.4735,
1212,42.6442,-98.3364,16.4834,-0.0172,-0.1534,784,0.9812,1.0000,0.298466,-0.0537,-0.2513,
1213,42.6773,-98.3516,16.4787,-0.0152,-0.0047,786,0.9838,1.0000,0.298466,-0.0498,-0.0078,
1214,42.7110,-98.3319,16.5252,0.0197,0.0465,783,0.9788,1.0000,0.298466,0.0638,0.0763,
1215,42.7454,-98.2438,16.4440,0.0881,-0.0813,777,0.9712,1.0000,0.298466,0.2900,-0.1325,
1216,42.7776,-97.9351,16.0093,0.3087,-0.4346,751,0.9387,1.0000,0.298466,1.0187,-0.7097,
1217,42.8106,-97.4420,15.4983,0.4931,-0.5110,641,0.7950,1.0000,0.298466,1.6237,-0.8336,
1218,42.8440,-96.9067,15.2886,0.5353,-0.2097,657,0.7512,1.0000,0.298466,1.7570,-0.3399,
1219,42.8773,-96.6606,15.1150,0.2461,-0.1736,773,0.9398,1.0000,0.298466,0.8090,-0.2827,
1220,42.9110,-96.6447,14.9943,0.0159,-0.1207,770,0.9649,1.0000,0.298466,0.0541,-0.1975,
1221,42.9443,-96.7938,15.1057,-0.1492,0.1113,738,0.9499,1.0000,0.298466,-0.4905,0.1814,
1222,42.9771,-96.7392,15.1221,0.0546,0.0164,774,0.9712,1.0000,0.298466,0.1787,0.0272,
1223,43.0104,-96.5537,15.2777,0.1855,0.1557,763,0.9574,1.0000,0.298466,0.6050,0.2561,
1224,43.0442,-96.4359,15.3831,0.1179,0.1054,771,0.9674,1.0000,0.298466,0.3843,0.1733,
1225,44.1156,-94.4974,14.7198,1.9385,-0.6633,632,0.4499,1.0000,0.655288,2.9771,-1.9699,low_inlier
1226,44.1448,-94.5871,14.6747,-0.0897,-0.0451,752,0.9535,1.0000,0.655288,-0.1357,-0.1385,
1227,44.1732,-94.5044,14.6871,0.0827,0.0125,754,0.9585,1.0000,0.655288,0.1259,0.0395,
1228,44.2014,-94.3922,14.6463,0.1122,-0.0408,745,0.9385,1.0000,0.655288,0.1724,-0.1214,
1229,44.2285,-94.4578,14.6274,-0.0655,-0.0189,757,0.9584,1.0000,0.655288,-0.0995,-0.0587,
1230,44.2556,-94.6207,14.7441,-0.1630,0.1167,747,0.9409,1.0000,0.655288,-0.2520,0.3502,
1231,44.3112,-94.5582,14.8134,0.0626,0.0694,789,0.9862,1.0000,0.655288,0.0936,0.2115,
1232,44.3382,-94.4355,14.7919,0.1226,-0.0215,789,0.9862,1.0000,0.655288,0.1878,-0.0627,
1233,44.3651,-94.4001,14.7989,0.0354,0.0070,785,0.9812,1.0000,0.655288,0.0538,0.0219,
1234,44.3918,-94.2361,14.7669,0.1640,-0.0320,783,0.9788,1.0000,0.655288,0.2513,-0.0936,
1235,44.4189,-94.1005,14.8284,0.1356,0.0615,784,0.9800,1.0000,0.655288,0.2053,0.1890,
1236,44.4461,-93.9723,14.8536,0.1283,0.0252,793,0.9912,1.0000,0.655288,0.1951,0.0791,
1237,44.4740,-93.9627,14.8233,0.0095,-0.0303,789,0.9862,1.0000,0.655288,0.0154,-0.0916,
1238,44.5014,-94.2880,14.7225,-0.3252,-0.1008,785,0.9812,1.0000,0.655288,-0.4938,-0.3120,
1239,44.5289,-94.7857,14.9462,-0.4977,0.2236,784,0.9800,1.0000,0.655288,-0.7658,0.6673,
1240,44.5571,-93.8695,15.2284,0.9161,0.2822,793,0.9912,1.0000,0.655288,1.3909,0.8739,
1241,44.5852,-94.1928,15.1580,-0.3233,-0.0703,789,0.9862,1.0000,0.655288,-0.4916,-0.2197,
1242,44.6148,-93.9498,15.3420,0.2430,0.1840,787,0.9925,1.0000,0.655288,0.3660,0.5624,
1243,44.6427,-93.5315,15.8104,0.4183,0.4684,788,0.9900,1.0000,0.655288,0.6259,1.4279,
1244,44.6708,-92.2274,16.2053,1.3041,0.3949,691,0.8575,1.0000,0.655288,1.9802,1.2235,
1245,44.6999,-91.2727,16.3420,0.9547,0.1367,743,0.9500,1.0000,0.655288,1.4537,0.4339,
1246,44.7278,-91.1133,16.4721,0.1594,0.1301,788,0.9738,1.0000,0.655288,0.2398,0.3974,
1247,44.7553,-91.5402,16.6438,-0.4270,0.1717,786,0.9325,1.0000,0.655288,-0.6564,0.5115,
1248,44.7829,-91.6376,16.5283,-0.0973,-0.1155,786,0.9825,1.0000,0.655288,-0.1454,-0.3520,
1249,44.8111,-91.5176,16.4722,0.1200,-0.0561,789,0.9862,1.0000,0.655288,0.1846,-0.1676,
1250,44.8385,-91.2990,16.4393,0.2186,-0.0328,788,0.9850,1.0000,0.655288,0.3346,-0.0950,
1251,44.8661,-91.0445,16.4086,0.2545,-0.0307,789,0.9862,1.0000,0.655288,0.3893,-0.0878,
1252,44.8935,-90.9275,16.4003,0.1170,-0.0083,793,0.9912,1.0000,0.655288,0.1788,-0.0228,
1253,44.9208,-90.9381,16.4561,-0.0106,0.0558,786,0.9825,1.0000,0.655288,-0.0177,0.1689,
1254,44.9477,-90.9568,16.4771,-0.0187,0.0210,790,0.9875,1.0000,0.655288,-0.0291,0.0632,
1255,44.9745,-90.9813,16.4545,-0.0245,-0.0226,789,0.9862,1.0000,0.655288,-0.0368,-0.0690,
1256,45.0013,-90.9847,16.4291,-0.0034,-0.0254,787,0.9838,1.0000,0.655288,-0.0045,-0.0770,
1257,45.0283,-90.8993,16.3713,0.0854,-0.0578,790,0.9875,1.0000,0.655288,0.1320,-0.1733,
1258,45.0556,-90.8430,16.3324,0.0563,-0.0389,784,0.9800,1.0000,0.655288,0.0870,-0.1167,
1259,45.0824,-90.8237,16.2704,0.0193,-0.0620,793,0.9912,1.0000,0.655288,0.0311,-0.1874,
1260,45.1095,-90.8996,16.2252,-0.0760,-0.0453,785,0.9812,1.0000,0.655288,-0.1147,-0.1387,
1261,45.1613,-90.9846,16.1945,-0.0850,-0.0307,783,0.9788,1.0000,0.655288,-0.1289,-0.0948,
1262,45.1887,-90.9321,16.1917,0.0525,-0.0027,786,0.9825,1.0000,0.655288,0.0802,-0.0072,
1263,45.2156,-90.9455,16.2063,-0.0133,0.0146,783,0.9788,1.0000,0.655288,-0.0208,0.0440,
1264,45.2421,-90.9352,16.1702,0.0103,-0.0362,782,0.9775,1.0000,0.655288,0.0167,-0.1094,
1265,45.2688,-90.8357,16.1159,0.0995,-0.0543,785,0.9812,1.0000,0.655288,0.1533,-0.1624,
1266,45.2958,-90.8085,16.0888,0.0272,-0.0271,783,0.9788,1.0000,0.655288,0.0422,-0.0815,
1267,45.3228,-90.7573,16.0471,0.0512,-0.0417,785,0.9812,1.0000,0.655288,0.0792,-0.1253,
1268,45.3498,-90.7491,16.0711,0.0082,0.0240,785,0.9812,1.0000,0.655288,0.0119,0.0730,
1269,45.3764,-90.7491,16.0663,0.0000,-0.0048,791,0.9888,1.0000,0.655288,0.0002,-0.0146,
1270,45.4029,-90.6916,16.0204,0.0575,-0.0460,779,0.9738,1.0000,0.655288,0.0891,-0.1381,
1271,45.4297,-90.6555,16.0050,0.0361,-0.0153,788,0.9850,1.0000,0.655288,0.0555,-0.0456,
1272,45.4567,-90.7090,16.0599,-0.0536,0.0548,784,0.9800,1.0000,0.655288,-0.0833,0.1651,
1273,45.4849,-90.7168,16.0708,-0.0077,0.0110,787,0.9838,1.0000,0.655288,-0.0121,0.0331,
1274,45.5117,-90.7028,16.0506,0.0140,-0.0203,787,0.9838,1.0000,0.655288,0.0219,-0.0612,
1275,45.5382,-90.7566,16.0801,-0.0539,0.0295,787,0.9838,1.0000,0.655288,-0.0830,0.0883,
1276,45.5656,-90.6997,16.0694,0.0569,-0.0106,786,0.9825,1.0000,0.655288,0.0871,-0.0310,
1277,45.5922,-90.6597,16.0569,0.0400,-0.0126,778,0.9725,1.0000,0.655288,0.0614,-0.0372,
1278,45.6189,-90.5051,16.1149,0.1546,0.0581,781,0.9762,1.0000,0.655288,0.2344,0.1791,
1279,45.6461,-90.4589,16.1930,0.0462,0.0780,790,0.9875,1.0000,0.655288,0.0685,0.2373,
1280,45.6735,-90.3448,16.1951,0.1141,0.0021,790,0.9875,1.0000,0.655288,0.1741,0.0087,
1281,45.7005,-90.0376,16.1864,0.3072,-0.0087,789,0.9862,1.0000,0.655288,0.4692,-0.0200,
1282,45.7280,-89.7417,16.1459,0.2959,-0.0405,790,0.9875,1.0000,0.655288,0.4529,-0.1166,
1283,45.7555,-89.6885,16.1053,0.0531,-0.0406,789,0.9862,1.0000,0.655288,0.0822,-0.1219,
1284,45.7827,-89.8162,16.0393,-0.1277,-0.0660,782,0.9775,1.0000,0.655288,-0.1932,-0.2025,
1285,45.8112,-89.8198,16.0517,-0.0036,0.0124,793,0.9912,1.0000,0.655288,-0.0059,0.0375,
1286,45.8440,-89.7664,16.1064,0.0534,0.0547,784,0.9800,1.0000,0.655288,0.0801,0.1669,
1287,45.8739,-89.7430,16.0693,0.0234,-0.0372,783,0.9788,1.0000,0.655288,0.0367,-0.1121,
1288,45.9009,-89.7459,16.0524,-0.0029,-0.0169,787,0.9838,1.0000,0.655288,-0.0040,-0.0511,
1289,45.9284,-89.7357,16.0381,0.0102,-0.0143,787,0.9838,1.0000,0.655288,0.0160,-0.0432,
1290,45.9551,-89.7402,16.0125,-0.0045,-0.0256,787,0.9838,1.0000,0.655288,-0.0062,-0.0776,
1291,46.0058,-89.5670,16.0305,0.1732,0.0180,794,0.9925,1.0000,0.655288,0.2639,0.0580,
1292,46.0332,-89.2452,16.0086,0.3218,-0.0218,786,0.9825,1.0000,0.655288,0.4919,-0.0595,
1293,46.0606,-88.9005,16.0030,0.3447,-0.0056,791,0.9888,1.0000,0.655288,0.5263,-0.0099,
1294,46.0882,-88.4428,15.9671,0.4578,-0.0359,790,0.9875,1.0000,0.655288,0.6998,-0.0994,
1295,46.1157,-88.2074,16.0129,0.2354,0.0458,791,0.9888,1.0000,0.655288,0.3581,0.1436,
1296,46.1434,-87.8258,15.9876,0.3816,-0.0253,790,0.9875,1.0000,0.655288,0.5833,-0.0689,
1297,46.1713,-87.6268,15.9968,0.1989,0.0092,789,0.9862,1.0000,0.655288,0.3034,0.0320,
1298,46.1989,-87.5828,15.9806,0.0441,-0.0161,785,0.9812,1.0000,0.655288,0.0677,-0.0480,
1299,46.2265,-87.5736,15.9845,0.0092,0.0039,798,0.9975,1.0000,0.655288,0.0139,0.0121,
1300,46.2532,-87.5524,15.9525,0.0212,-0.0321,786,0.9825,1.0000,0.655288,0.0333,-0.0967,
1301,46.2806,-87.7937,15.9607,-0.2413,0.0082,790,0.9875,1.0000,0.655288,-0.3686,0.0198,
1302,46.3084,-87.9805,15.9183,-0.1868,-0.0423,787,0.9838,1.0000,0.655288,-0.2841,-0.1321,
1303,46.3360,-88.0271,15.8738,-0.0466,-0.0445,780,0.9762,1.0000,0.655288,-0.0699,-0.1359,
1304,46.3632,-88.1017,15.9038,-0.0746,0.0301,784,0.9812,1.0000,0.655288,-0.1146,0.0895,
1305,46.3906,-88.1106,15.9137,-0.0089,0.0099,789,0.9862,1.0000,0.655288,-0.0139,0.0297,
1306,46.4179,-88.0812,15.8699,0.0294,-0.0438,780,0.9750,1.0000,0.655288,0.0461,-0.1320,
1307,46.4455,-87.9709,15.9050,0.1103,0.0350,780,0.9750,1.0000,0.655288,0.1674,0.1084,
1308,46.4730,-87.8141,15.9568,0.1568,0.0518,782,0.9788,1.0000,0.655288,0.2380,0.1602,
1309,46.5011,-87.8252,15.9821,-0.0111,0.0253,787,0.9838,1.0000,0.655288,-0.0176,0.0765,
1310,46.5284,-87.8937,15.9925,-0.0685,0.0104,782,0.9788,1.0000,0.655288,-0.1049,0.0301,
1311,46.5559,-87.8428,15.9675,0.0509,-0.0250,783,0.9800,1.0000,0.655288,0.0783,-0.0746,
1312,46.5838,-87.8821,16.0002,-0.0393,0.0327,787,0.9838,1.0000,0.655288,-0.0609,0.0982,
1313,46.6112,-87.9218,15.9939,-0.0398,-0.0063,790,0.9888,1.0000,0.655288,-0.0605,-0.0200,
1314,46.6382,-87.8722,15.9809,0.0497,-0.0130,789,0.9875,1.0000,0.655288,0.0762,-0.0384,
1315,46.6651,-87.9130,15.9949,-0.0408,0.0140,785,0.9812,1.0000,0.655288,-0.0627,0.0417,
1316,46.6917,-87.9340,15.9888,-0.0210,-0.0061,791,0.9888,1.0000,0.655288,-0.0319,-0.0188,
1317,46.7184,-87.9363,15.9902,-0.0024,0.0014,799,1.0000,1.0000,0.655288,-0.0037,0.0041,
1318,46.7453,-88.0326,16.0522,-0.0963,0.0620,784,0.9800,1.0000,0.655288,-0.1487,0.1859,
1319,46.7731,-88.0174,16.0421,0.0153,-0.0102,784,0.9812,1.0000,0.655288,0.0236,-0.0305,
1320,46.7984,-0.0070,0.0251,-0.0070,0.0251,789,0.9862,1.0000,0.655288,-0.0113,0.0760,
1321,46.8503,-0.1379,0.1367,-0.1309,0.1116,780,0.9750,1.0000,0.655288,-0.2029,0.3354,
1322,46.8768,-0.2297,0.2370,-0.0919,0.1003,786,0.9825,1.0000,0.655288,-0.1429,0.3020,
1323,46.9031,-0.1963,0.2722,0.0334,0.0351,785,0.9812,1.0000,0.655288,0.0501,0.1072,
1324,46.9286,-0.1920,0.2738,0.0043,0.0016,790,0.9875,1.0000,0.655288,0.0065,0.0051,
1325,46.9542,-0.2097,0.2642,-0.0177,-0.0096,762,0.9525,1.0000,0.655288,-0.0267,-0.0296,
1326,46.9799,-0.1412,0.2312,0.0685,-0.0330,759,0.9499,1.0000,0.655288,0.1055,-0.0986,
1327,47.0097,-0.1197,0.2322,0.0215,0.0010,771,0.9687,1.0000,0.655288,0.0328,0.0034,
1328,47.0425,-0.1548,0.1923,-0.0351,-0.0398,764,0.9622,1.0000,0.655288,-0.0525,-0.1214,
1329,47.0760,-0.1586,0.1830,-0.0038,-0.0093,763,0.9612,1.0000,0.655288,-0.0056,-0.0282,
1330,47.1092,-0.1277,0.1997,0.0309,0.0166,760,0.9524,1.0000,0.655288,0.0467,0.0510,
1331,47.1433,-0.0727,0.1588,0.0551,-0.0409,755,0.9509,1.0000,0.655288,0.0852,-0.1227,
1332,47.1760,-0.0552,0.1271,0.0175,-0.0317,769,0.9674,1.0000,0.655288,0.0276,-0.0956,
1333,47.2090,-0.0351,0.1141,0.0201,-0.0130,768,0.9697,1.0000,0.655288,0.0310,-0.0390,
1334,47.2428,-0.0303,0.0915,0.0047,-0.0226,772,0.9711,1.0000,0.655288,0.0078,-0.0685,
1335,47.2759,-0.0678,0.1292,-0.0374,0.0377,763,0.9672,1.0000,0.655288,-0.0582,0.1134,
1336,47.3091,-0.0041,0.1214,0.0637,-0.0078,761,0.9572,1.0000,0.655288,0.0974,-0.0223,
1337,47.3422,-0.0347,0.1245,-0.0306,0.0031,764,0.9610,1.0000,0.655288,-0.0468,0.0087,
1338,47.3757,-0.0308,0.1315,0.0039,0.0070,774,0.9774,1.0000,0.655288,0.0058,0.0213,
1339,47.4090,-0.0258,0.1709,0.0049,0.0394,766,0.9636,1.0000,0.655288,0.0065,0.1195,
1340,47.4424,0.0826,0.1943,0.1085,0.0234,768,0.9687,1.0000,0.655288,0.1649,0.0731,
1341,47.4756,0.1837,0.1741,0.1010,-0.0202,763,0.9585,1.0000,0.655288,0.1548,-0.0591,
1342,47.5089,0.2740,0.1401,0.0903,-0.0340,755,0.9521,1.0000,0.655288,0.1388,-0.1011,
1343,47.5429,0.2909,0.1221,0.0169,-0.0180,764,0.9598,1.0000,0.655288,0.0262,-0.0540,
1344,47.5761,0.2766,0.1131,-0.0142,-0.0090,764,0.9611,1.0000,0.655288,-0.0215,-0.0275,
1345,47.6091,0.2519,0.1022,-0.0247,-0.0110,762,0.9586,1.0000,0.655288,-0.0375,-0.0338,
1346,47.6423,0.2013,0.1442,-0.0506,0.0421,758,0.9487,1.0000,0.655288,-0.0784,0.1264,
1347,47.6757,0.2593,0.1098,0.0580,-0.0345,761,0.9585,1.0000,0.655288,0.0895,-0.1032,
1348,47.7089,0.2455,0.1338,-0.0138,0.0241,759,0.9499,1.0000,0.655288,-0.0218,0.0726,
1349,47.7425,0.1928,0.1789,-0.0527,0.0451,762,0.9561,1.0000,0.655288,-0.0817,0.1355,
1350,47.7758,0.2802,0.1250,0.0874,-0.0539,763,0.9598,1.0000,0.655288,0.1349,-0.1616,
1351,47.8262,0.2517,0.1432,-0.0285,0.0182,790,0.9875,1.0000,0.655288,-0.0440,0.0546,
1352,47.8513,0.2272,0.1704,-0.0245,0.0271,787,0.9838,1.0000,0.655288,-0.0381,0.0817,
1353,47.8763,0.1695,0.2186,-0.0577,0.0482,788,0.9850,1.0000,0.655288,-0.0894,0.1448,
1354,47.9089,0.1704,0.2219,0.0008,0.0034,798,1.0000,1.0000,0.655288,0.0012,0.0102,
1355,47.9422,0.1519,0.2216,-0.0184,-0.0004,795,0.9938,1.0000,0.655288,-0.0281,-0.0014,
1356,47.9755,-0.1145,0.2346,-0.2664,0.0131,786,0.9825,1.0000,0.655288,-0.4070,0.0341,
1357,48.0089,-0.3776,0.2394,-0.2631,0.0047,786,0.9825,1.0000,0.655288,-0.4018,0.0089,
1358,48.0420,-0.4345,0.2457,-0.0569,0.0063,787,0.9838,1.0000,0.655288,-0.0870,0.0179,
1359,48.0755,-0.3909,0.2545,0.0436,0.0088,789,0.9862,1.0000,0.655288,0.0663,0.0275,
1360,48.1090,-0.3547,0.2558,0.0362,0.0013,787,0.9862,1.0000,0.655288,0.0553,0.0047,
1361,48.1419,-0.4708,0.2074,-0.1161,-0.0484,788,0.9862,1.0000,0.655288,-0.1760,-0.1491,
1362,48.1754,-0.6021,0.2384,-0.1313,0.0310,788,0.9850,1.0000,0.655288,-0.2013,0.0913,
1363,48.2087,-0.6072,0.2360,-0.0051,-0.0024,796,0.9950,1.0000,0.655288,-0.0077,-0.0072,
1364,48.2421,-0.6988,0.2712,-0.0916,0.0351,789,0.9862,1.0000,0.655288,-0.1408,0.1046,
1365,48.2753,-0.6346,0.2202,0.0642,-0.0510,785,0.9812,1.0000,0.655288,0.0994,-0.1531,
1366,48.3088,-0.7608,0.2169,-0.1262,-0.0033,790,0.9875,1.0000,0.655288,-0.1925,-0.0125,
1367,48.3420,-0.9949,0.3644,-0.2341,0.1475,786,0.9825,1.0000,0.655288,-0.3613,0.4422,
1368,48.3752,-0.7759,0.2877,0.2190,-0.0767,786,0.9825,1.0000,0.655288,0.3364,-0.2280,
1369,48.4088,-0.6952,0.2509,0.0807,-0.0368,786,0.9825,1.0000,0.655288,0.1242,-0.1100,
1370,48.4419,-0.7226,0.2667,-0.0274,0.0159,786,0.9838,1.0000,0.655288,-0.0422,0.0475,
1371,48.4750,-0.7092,0.2539,0.0134,-0.0128,790,0.9888,1.0000,0.655288,0.0208,-0.0386,
1372,48.5089,-0.7136,0.2316,-0.0044,-0.0223,783,0.9788,1.0000,0.655288,-0.0061,-0.0675,
1373,48.5420,-0.7090,0.2081,0.0045,-0.0236,788,0.9850,1.0000,0.655288,0.0076,-0.0713,
1374,48.5752,-0.7553,0.2329,-0.0463,0.0248,785,0.9812,1.0000,0.655288,-0.0713,0.0742,
1375,48.6085,-0.6916,0.1848,0.0637,-0.0481,788,0.9850,1.0000,0.655288,0.0986,-0.1443,
1376,48.6420,-0.6052,0.1409,0.0864,-0.0439,787,0.9838,1.0000,0.655288,0.1331,-0.1314,
1377,48.6751,-0.6565,0.2037,-0.0513,0.0628,791,0.9888,1.0000,0.655288,-0.0801,0.1893,
1378,48.7082,-0.5980,0.1773,0.0585,-0.0264,785,0.9812,1.0000,0.655288,0.0901,-0.0787,
1379,48.7424,-0.5118,0.1466,0.0862,-0.0307,790,0.9888,1.0000,0.655288,0.1324,-0.0914,
1380,48.7759,-0.3398,0.2160,0.1720,0.0694,786,0.9825,1.0000,0.655288,0.2607,0.2139,
1381,48.8268,-0.3201,0.2022,0.0197,-0.0138,784,0.9800,1.0000,0.655288,0.0304,-0.0414,
1382,48.8529,-0.2835,0.2175,0.0366,0.0153,781,0.9775,1.0000,0.655288,0.0554,0.0471,
1383,48.8788,-0.2433,0.2171,0.0402,-0.0004,782,0.9788,1.0000,0.655288,0.0614,-0.0005,
1384,48.9085,-0.2210,0.1901,0.0223,-0.0270,779,0.9750,1.0000,0.655288,0.0348,-0.0813,
1385,48.9420,-0.2140,0.2117,0.0071,0.0217,783,0.9788,1.0000,0.655288,0.0102,0.0658,
1386,48.9753,-0.1563,0.1991,0.0577,-0.0126,784,0.9800,1.0000,0.655288,0.0884,-0.0370,
1387,49.0083,-0.1864,0.1973,-0.0301,-0.0018,784,0.9800,1.0000,0.655288,-0.0460,-0.0060,
1388,49.0418,-0.2256,0.2218,-0.0392,0.0245,785,0.9812,1.0000,0.655288,-0.0604,0.0733,
1389,49.0751,-0.1712,0.2258,0.0543,0.0040,781,0.9762,1.0000,0.655288,0.0828,0.0131,
1390,49.1085,-0.1505,0.2084,0.0207,-0.0174,784,0.9800,1.0000,0.655288,0.0321,-0.0523,
1391,49.1415,-0.1623,0.1727,-0.0118,-0.0357,783,0.9788,1.0000,0.655288,-0.0171,-0.1083,
1392,49.1752,-0.0778,0.1682,0.0846,-0.0045,785,0.9812,1.0000,0.655288,0.1292,-0.0119,
1393,49.2085,-0.0546,0.1823,0.0231,0.0141,788,0.9850,1.0000,0.655288,0.0349,0.0433,
1394,49.2419,-0.0166,0.1822,0.0381,-0.0001,789,0.9862,1.0000,0.655288,0.0581,0.0006,
1395,49.2751,-0.0033,0.1532,0.0133,-0.0291,784,0.9800,1.0000,0.655288,0.0210,-0.0878,
1396,49.3084,0.0024,0.1458,0.0057,-0.0073,797,0.9962,1.0000,0.655288,0.0089,-0.0221,
1397,49.3416,0.0559,0.1387,0.0535,-0.0071,787,0.9838,1.0000,0.655288,0.0818,-0.0204,
1398,49.3750,-0.0077,0.1671,-0.0635,0.0284,784,0.9800,1.0000,0.655288,-0.0977,0.0846,
1399,49.4082,-0.0152,0.1507,-0.0076,-0.0164,786,0.9825,1.0000,0.655288,-0.0111,-0.0498,
1400,49.4418,-0.0262,0.1709,-0.0110,0.0202,784,0.9800,1.0000,0.655288,-0.0173,0.0611,
1401,49.4749,-0.0469,0.1976,-0.0206,0.0267,787,0.9838,1.0000,0.655288,-0.0322,0.0804,
1402,49.5082,-0.0759,0.1341,-0.0291,-0.0635,787,0.9838,1.0000,0.655288,-0.0427,-0.1931,
1403,49.5418,-0.1996,0.1685,-0.1237,0.0344,784,0.9800,1.0000,0.655288,-0.1897,0.1017,
1404,49.5750,-0.0322,0.2805,0.1674,0.1120,786,0.9825,1.0000,0.655288,0.2526,0.3428,
1405,49.6086,0.0036,0.3076,0.0358,0.0271,783,0.9788,1.0000,0.655288,0.0539,0.0830,
1406,49.6415,-0.0999,0.3996,-0.1035,0.0920,782,0.9775,1.0000,0.655288,-0.1605,0.2766,
1407,49.6750,-0.1314,0.4525,-0.0315,0.0529,781,0.9775,1.0000,0.655288,-0.0496,0.1596,
1408,49.7084,-0.1137,0.5156,0.0177,0.0631,788,0.9875,1.0000,0.655288,0.0253,0.1915,
1409,49.7430,-0.0025,0.5829,0.1112,0.0673,784,0.9800,1.0000,0.655288,0.1680,0.2062,
1410,49.7761,-0.1566,0.6149,-0.1541,0.0320,787,0.9850,1.0000,0.655288,-0.2361,0.0938,
1411,49.8263,0.0416,0.8412,0.1983,0.2263,782,0.9888,1.0000,0.655288,0.2965,0.6898,
1412,49.8530,0.5589,1.0019,0.5173,0.1607,782,0.9775,1.0000,0.655288,0.7854,0.4977,
1413,49.8797,0.5917,1.0129,0.0327,0.0110,778,0.9762,1.0000,0.655288,0.0497,0.0340,
1414,49.9085,0.4257,0.9684,-0.1660,-0.0445,773,0.9675,1.0000,0.655288,-0.2521,-0.1383,
1415,49.9415,0.0923,1.0227,-0.3334,0.0543,779,0.9738,1.0000,0.655288,-0.5104,0.1577,
1416,49.9749,0.3321,1.0993,0.2398,0.0766,775,0.9700,1.0000,0.655288,0.3640,0.2370,
1417,50.0080,0.4168,1.1438,0.0846,0.0445,779,0.9738,1.0000,0.655288,0.1280,0.1367,
1418,50.0414,0.3379,1.1153,-0.0789,-0.0285,782,0.9788,1.0000,0.655288,-0.1197,-0.0880,
1419,50.0747,0.3366,1.1515,-0.0013,0.0361,785,0.9825,1.0000,0.655288,-0.0029,0.1095,
1420,50.1079,0.3248,1.1367,-0.0118,-0.0148,778,0.9750,1.0000,0.655288,-0.0176,-0.0451,
1421,50.1414,0.4596,1.1505,0.1348,0.0138,787,0.9838,1.0000,0.655288,0.2054,0.0446,
1422,50.1747,1.1527,1.3243,0.6932,0.1739,782,0.9775,1.0000,0.655288,1.0535,0.5411,
1423,50.2080,1.5061,1.4041,0.3534,0.0797,786,0.9825,1.0000,0.655288,0.5373,0.2489,
1424,50.2413,1.5626,1.4577,0.0565,0.0536,780,0.9750,1.0000,0.655288,0.0848,0.1637,
1425,50.2749,1.5867,1.4901,0.0241,0.0324,782,0.9775,1.0000,0.655288,0.0358,0.0986,
1426,50.3082,1.5276,1.4911,-0.0591,0.0010,784,0.9800,1.0000,0.655288,-0.0903,0.0018,
1427,50.3413,1.6418,1.5678,0.1142,0.0767,778,0.9725,1.0000,0.655288,0.1723,0.2347,
1428,50.3747,1.8221,1.6533,0.1803,0.0856,783,0.9788,1.0000,0.655288,0.2729,0.2629,
1429,50.4080,2.0718,1.6674,0.2497,0.0141,782,0.9775,1.0000,0.655288,0.3809,0.0478,
1430,50.4413,2.1364,1.6629,0.0646,-0.0045,786,0.9825,1.0000,0.655288,0.0987,-0.0123,
1431,50.4752,2.1622,1.6862,0.0258,0.0233,782,0.9775,1.0000,0.655288,0.0388,0.0711,
1432,50.5080,2.2073,1.6567,0.0451,-0.0295,779,0.9738,1.0000,0.655288,0.0696,-0.0884,
1433,50.5411,2.2448,1.6443,0.0375,-0.0125,782,0.9775,1.0000,0.655288,0.0575,-0.0370,
1434,50.5745,2.2196,1.6493,-0.0252,0.0050,793,0.9912,1.0000,0.655288,-0.0386,0.0147,
1435,50.6079,2.1026,1.6155,-0.1169,-0.0338,783,0.9788,1.0000,0.655288,-0.1776,-0.1049,
1436,50.6413,2.6604,1.7871,0.5577,0.1716,775,0.9800,1.0000,0.655288,0.8467,0.5315,
1437,50.6748,3.9518,2.2205,1.2915,0.4334,738,0.9563,1.0000,0.655288,1.9598,1.3398,
1438,50.7081,4.9317,2.5547,0.9799,0.3343,722,0.8812,1.0000,0.655288,1.4868,1.0330,
1439,50.7419,5.4874,2.7883,0.5557,0.2335,771,0.9637,1.0000,0.655288,0.8420,0.7191,
1440,50.7759,5.9730,2.9275,0.4856,0.1392,773,0.9738,1.0000,0.655288,0.7375,0.4317,
1441,50.8271,6.0162,2.9371,0.0432,0.0097,750,0.9413,1.0000,0.655288,0.0657,0.0302,
1442,50.8534,6.0763,2.9281,0.0601,-0.0091,753,0.9437,1.0000,0.655288,0.0920,-0.0262,
1443,50.8798,6.0688,2.9420,-0.0075,0.0139,753,0.9450,1.0000,0.655288,-0.0118,0.0419,
1444,50.9084,6.1607,2.9162,0.0919,-0.0258,762,0.9688,1.0000,0.655288,0.1410,-0.0761,
1445,50.9412,5.8819,2.9185,-0.2788,0.0023,785,0.9812,1.0000,0.655288,-0.4257,0.0012,
1446,50.9745,5.6925,3.0523,-0.1894,0.1338,782,0.9775,1.0000,0.655288,-0.2927,0.4015,
1447,51.0078,5.8702,3.0709,0.1777,0.0185,783,0.9788,1.0000,0.655288,0.2708,0.0599,
1448,51.0414,7.6444,3.6130,1.7743,0.5421,677,0.8125,1.0000,0.655288,2.6938,1.6792,
1449,51.0743,11.9974,5.2970,4.3530,1.6840,407,0.1850,1.0000,0.655288,6.5995,5.1922,low_inlier
1450,51.1080,15.4912,6.1330,3.4938,0.8360,428,0.0675,1.0000,0.655288,5.3108,2.6051,low_inlier
1451,51.1410,18.1393,6.4193,2.6481,0.2863,624,0.4012,1.0000,0.655288,4.0347,0.9221,low_inlier
1452,51.1747,18.5476,6.3994,0.4083,-0.0199,740,0.9275,1.0000,0.655288,0.6238,-0.0520,
1453,51.2079,19.6406,6.0056,1.0931,-0.3939,637,0.7797,1.0000,0.655288,1.6793,-1.1708,
1454,51.2410,22.6317,5.1504,2.9911,-0.8551,427,0.0814,1.0000,0.655288,4.5891,-2.5294,low_inlier
1455,51.2743,24.3641,4.8319,1.7324,-0.3185,593,0.3995,1.0000,0.655288,2.6531,-0.9294,low_inlier
1456,51.3077,25.6164,4.7950,1.2523,-0.0369,721,0.9220,1.0000,0.655288,1.9127,-0.0861,
1457,51.3409,27.2231,4.6577,1.6067,-0.1373,626,0.7346,1.0000,0.655288,2.4564,-0.3829,
1458,51.3743,28.6343,4.7038,1.4112,0.0461,708,0.7240,1.0000,0.655288,2.1530,0.1689,
1459,51.4078,29.0088,4.8480,0.3745,0.1442,708,0.8160,1.0000,0.655288,0.5678,0.4446,
1460,51.4411,28.8233,5.0596,-0.1855,0.2116,672,0.8453,1.0000,0.655288,-0.2889,0.6372,
1461,51.4748,29.0807,5.0054,0.2574,-0.0542,717,0.9169,1.0000,0.655288,0.3944,-0.1588,
1462,51.5081,29.8522,4.8732,0.7715,-0.1322,712,0.9031,1.0000,0.655288,1.1812,-0.3846,
1463,51.5410,30.8629,4.6079,1.0107,-0.2653,740,0.9285,1.0000,0.655288,1.5500,-0.7830,
1464,51.5745,30.9526,4.5412,0.0897,-0.0667,757,0.9622,1.0000,0.655288,0.1387,-0.2003,
1465,51.6077,30.8426,4.4850,-0.1100,-0.0562,724,0.9169,1.0000,0.655288,-0.1664,-0.1725,
1466,51.6409,30.7521,4.5218,-0.0906,0.0368,724,0.9245,1.0000,0.655288,-0.1392,0.1095,
1467,51.6742,30.6222,4.6035,-0.1299,0.0818,713,0.9154,1.0000,0.655288,-0.2005,0.2451,
1468,51.7074,30.6043,4.5600,-0.0179,-0.0435,750,0.9573,1.0000,0.655288,-0.0261,-0.1322,
1469,51.7421,30.6674,4.5304,0.0631,-0.0296,740,0.9596,1.0000,0.655288,0.0972,-0.0885,
1470,51.7750,30.5827,4.5433,-0.0847,0.0129,748,0.9610,1.0000,0.655288,-0.1297,0.0374,
1471,51.8256,30.6417,4.5424,0.0590,-0.0009,744,0.9323,1.0000,0.655288,0.0901,-0.0015,
1472,51.8518,30.6627,4.5021,0.0210,-0.0403,752,0.9412,1.0000,0.655288,0.0331,-0.1217,
1473,51.8780,30.7807,4.4251,0.1180,-0.0770,747,0.9349,1.0000,0.655288,0.1822,-0.2310,
1474,51.9079,30.9173,4.3638,0.1366,-0.0613,742,0.9287,1.0000,0.655288,0.2102,-0.1829,
1475,51.9410,31.0169,4.2955,0.0996,-0.0683,752,0.9400,1.0000,0.655288,0.1539,-0.2048,
1476,51.9746,31.1153,4.2566,0.0984,-0.0390,739,0.9237,1.0000,0.655288,0.1512,-0.1160,
1477,52.0078,31.2111,4.2204,0.0958,-0.0362,742,0.9275,1.0000,0.655288,0.1473,-0.1078,
1478,52.0412,31.3277,4.1480,0.1166,-0.0723,745,0.9313,1.0000,0.655288,0.1800,-0.2167,
1479,52.0743,31.4571,4.0817,0.1294,-0.0664,747,0.9337,1.0000,0.655288,0.1993,-0.1984,
1480,52.1081,31.5113,4.0558,0.0542,-0.0258,746,0.9337,1.0000,0.655288,0.0834,-0.0771,
1481,52.1414,31.6296,4.0132,0.1183,-0.0427,742,0.9275,1.0000,0.655288,0.1817,-0.1269,
1482,52.1747,31.6859,3.9691,0.0564,-0.0441,745,0.9336,1.0000,0.655288,0.0872,-0.1323,
1483,52.2076,31.7485,3.9389,0.0625,-0.0302,742,0.9298,1.0000,0.655288,0.0963,-0.0902,
1484,52.2413,31.8344,3.9257,0.0860,-0.0132,739,0.9249,1.0000,0.655288,0.1316,-0.0383,
1485,52.2742,31.8868,3.8881,0.0524,-0.0376,746,0.9325,1.0000,0.655288,0.0810,-0.1128,
1486,52.3080,31.9409,3.8463,0.0541,-0.0418,751,0.9387,1.0000,0.655288,0.0837,-0.1254,
1487,52.3409,31.9551,3.8543,0.0141,0.0080,752,0.9412,1.0000,0.655288,0.0214,0.0245,
1488,52.3745,31.9758,3.8530,0.0207,-0.0013,765,0.9563,1.0000,0.655288,0.0316,-0.0036,
1489,52.4073,32.0046,3.8336,0.0289,-0.0194,748,0.9350,1.0000,0.655288,0.0446,-0.0581,
1490,52.4409,32.0287,3.8247,0.0241,-0.0089,743,0.9287,1.0000,0.655288,0.0370,-0.0265,
1491,52.4744,32.0427,3.8405,0.0140,0.0158,754,0.9425,1.0000,0.655288,0.0209,0.0480,
1492,52.5078,32.0614,3.8226,0.0187,-0.0179,768,0.9612,1.0000,0.655288,0.0291,-0.0539,
1493,52.5412,32.1142,3.7978,0.0528,-0.0248,747,0.9349,1.0000,0.655288,0.0812,-0.0740,
1494,52.5742,32.1645,3.7976,0.0503,-0.0002,753,0.9424,1.0000,0.655288,0.0768,0.0004,
1495,52.6078,32.1499,3.7970,-0.0146,-0.0006,763,0.9537,1.0000,0.655288,-0.0223,-0.0020,
1496,52.6411,32.1600,3.7862,0.0101,-0.0108,768,0.9612,1.0000,0.655288,0.0157,-0.0324,
1497,52.6742,32.1524,3.7880,-0.0075,0.0018,777,0.9725,1.0000,0.655288,-0.0115,0.0053,
1498,52.7073,32.1778,3.7817,0.0254,-0.0064,754,0.9437,1.0000,0.655288,0.0389,-0.0187,
1499,52.7422,32.1925,3.7811,0.0147,-0.0006,763,0.9537,1.0000,0.655288,0.0225,-0.0016,
1500,52.7740,32.1717,3.7863,-0.0209,0.0053,763,0.9537,1.0000,0.655288,-0.0320,0.0155,
1501,52.8254,32.1860,3.7916,0.0144,0.0053,761,0.9524,1.0000,0.655288,0.0218,0.0163,
1502,52.8517,32.1918,3.7974,0.0058,0.0058,768,0.9612,1.0000,0.655288,0.0087,0.0178,
1503,52.8776,32.2184,3.7797,0.0265,-0.0178,743,0.9299,1.0000,0.655288,0.0410,-0.0533,
1504,52.9076,32.3584,3.7150,0.1400,-0.0646,738,0.9225,1.0000,0.655288,0.2155,-0.1929,
1505,52.9408,32.5009,3.6567,0.1425,-0.0584,746,0.9325,1.0000,0.655288,0.2190,-0.1740,
1506,52.9739,32.4551,3.6720,-0.0457,0.0153,766,0.9575,1.0000,0.655288,-0.0703,0.0455,
1507,53.0071,32.4225,3.6559,-0.0326,-0.0161,752,0.9400,1.0000,0.655288,-0.0493,-0.0494,
1508,53.0405,32.4559,3.6609,0.0334,0.0050,758,0.9487,1.0000,0.655288,0.0509,0.0159,
1509,53.0740,32.4739,3.6568,0.0180,-0.0041,773,0.9663,1.0000,0.655288,0.0276,-0.0121,
1510,53.1074,32.4407,3.6564,-0.0332,-0.0004,748,0.9350,1.0000,0.655288,-0.0507,-0.0020,
1511,53.1411,32.5118,3.6081,0.0711,-0.0483,740,0.9250,1.0000,0.655288,0.1098,-0.1448,
1512,53.1740,32.6272,3.5440,0.1153,-0.0642,754,0.9425,1.0000,0.655288,0.1778,-0.1920,
1513,53.2076,32.6611,3.5444,0.0340,0.0004,759,0.9487,1.0000,0.655288,0.0519,0.0019,
1514,53.2411,32.6279,3.5434,-0.0333,-0.0009,748,0.9350,1.0000,0.655288,-0.0508,-0.0035,
1515,53.2739,32.6786,3.5046,0.0507,-0.0388,757,0.9463,1.0000,0.655288,0.0784,-0.1165,
1516,53.3072,32.6865,3.5197,0.0079,0.0151,751,0.9399,1.0000,0.655288,0.0117,0.0460,
1517,53.3408,32.6414,3.5374,-0.0451,0.0177,747,0.9337,1.0000,0.655288,-0.0693,0.0526,
1518,53.3738,32.6255,3.5428,-0.0160,0.0054,755,0.9437,1.0000,0.655288,-0.0245,0.0159,
1519,53.4071,32.5889,3.5269,-0.0366,-0.0159,749,0.9363,1.0000,0.655288,-0.0554,-0.0488,
1520,53.4403,32.5850,3.5591,-0.0039,0.0322,754,0.9425,1.0000,0.655288,-0.0068,0.0974,
1521,53.4739,32.5915,3.5733,0.0064,0.0143,763,0.9537,1.0000,0.655288,0.0095,0.0434,
1522,53.5071,32.5697,3.5739,-0.0218,0.0006,761,0.9513,1.0000,0.655288,-0.0333,0.0014,
1523,53.5404,32.5599,3.5799,-0.0098,0.0060,771,0.9650,1.0000,0.655288,-0.0151,0.0179,
1524,53.5742,32.5157,3.5930,-0.0442,0.0131,743,0.9287,1.0000,0.655288,-0.0678,0.0387,
1525,53.6075,32.5158,3.6153,0.0001,0.0223,744,0.9300,1.0000,0.655288,-0.0005,0.0675,
1526,55.8367,32.3460,3.7103,-0.1698,0.0950,735,0.9286,1.0000,0.655288,-0.2618,0.2844,
1527,55.8590,32.3379,3.7046,-0.0080,-0.0057,774,0.9675,1.0000,0.655288,-0.0121,-0.0174,
1528,55.8807,32.3096,3.6863,-0.0284,-0.0182,745,0.9313,1.0000,0.655288,-0.0428,-0.0559,
1529,55.9025,32.1590,3.6602,-0.1506,-0.0262,749,0.9363,1.0000,0.655288,-0.2291,-0.0825,
1530,55.9245,32.1442,3.6404,-0.0148,-0.0197,745,0.9313,1.0000,0.655288,-0.0221,-0.0600,
1531,55.9744,32.1592,3.6461,0.0150,0.0057,781,0.9762,1.0000,0.655288,0.0228,0.0175,
1532,55.9962,32.1509,3.6474,-0.0083,0.0013,766,0.9575,1.0000,0.655288,-0.0127,0.0037,
1533,56.0178,32.1706,3.6505,0.0197,0.0031,758,0.9487,1.0000,0.655288,0.0300,0.0099,
1534,56.0395,32.1851,3.6390,0.0144,-0.0115,750,0.9375,1.0000,0.655288,0.0224,-0.0347,
1535,56.0614,32.2102,3.6362,0.0252,-0.0027,754,0.9425,1.0000,0.655288,0.0385,-0.0078,
1536,56.0832,32.1961,3.6374,-0.0142,0.0012,766,0.9587,1.0000,0.655288,-0.0217,0.0033,
1537,56.1049,32.1944,3.6359,-0.0017,-0.0015,771,0.9637,1.0000,0.655288,-0.0026,-0.0046,
1538,56.1277,32.2024,3.6332,0.0080,-0.0027,781,0.9775,1.0000,0.655288,0.0124,-0.0079,
1539,56.1499,32.1941,3.6390,-0.0083,0.0058,768,0.9600,1.0000,0.655288,-0.0129,0.0174,
1540,56.1725,32.1861,3.6492,-0.0080,0.0101,759,0.9487,1.0000,0.655288,-0.0125,0.0305,
1541,56.1948,32.1973,3.6342,0.0112,-0.0149,753,0.9424,1.0000,0.655288,0.0175,-0.0450,
1542,56.2170,32.2239,3.6361,0.0267,0.0019,760,0.9500,1.0000,0.655288,0.0406,0.0063,
1543,56.2396,32.2198,3.6373,-0.0042,0.0012,770,0.9625,1.0000,0.655288,-0.0064,0.0035,
1544,56.2615,32.2426,3.6328,0.0228,-0.0046,748,0.9350,1.0000,0.655288,0.0350,-0.0133,
1545,56.2837,32.2693,3.6246,0.0267,-0.0082,752,0.9400,1.0000,0.655288,0.0410,-0.0243,
1546,56.3061,32.2436,3.6374,-0.0257,0.0128,753,0.9413,1.0000,0.655288,-0.0396,0.0382,
1547,56.3283,32.2143,3.6622,-0.0293,0.0248,745,0.9313,1.0000,0.655288,-0.0454,0.0746,
1548,56.3506,32.2142,3.6569,-0.0001,-0.0053,770,0.9625,1.0000,0.655288,-0.0000,-0.0160,
1549,56.3728,32.2120,3.6524,-0.0022,-0.0046,771,0.9674,1.0000,0.655288,-0.0032,-0.0139,
1550,56.3946,32.1901,3.6642,-0.0219,0.0118,746,0.9325,1.0000,0.655288,-0.0337,0.0354,
1551,56.4200,32.1805,3.6755,-0.0096,0.0113,755,0.9449,1.0000,0.655288,-0.0150,0.0341,
1552,56.4429,32.1942,3.6681,0.0137,-0.0074,758,0.9487,1.0000,0.655288,0.0211,-0.0222,
1553,56.4647,32.1621,3.6682,-0.0321,0.0001,756,0.9450,1.0000,0.655288,-0.0490,-0.0004,
1554,56.4866,32.1889,3.6698,0.0268,0.0017,753,0.9413,1.0000,0.655288,0.0409,0.0056,
1555,56.5084,32.1944,3.6675,0.0056,-0.0023,766,0.9587,1.0000,0.655288,0.0085,-0.0070,
1556,56.5301,32.1951,3.6652,0.0007,-0.0023,768,0.9612,1.0000,0.655288,0.0011,-0.0070,
1557,56.5520,32.1575,3.6804,-0.0376,0.0152,746,0.9325,1.0000,0.655288,-0.0578,0.0454,
1558,56.5740,32.1517,3.6832,-0.0058,0.0028,768,0.9624,1.0000,0.655288,-0.0090,0.0083,
1559,56.5958,32.1815,3.6784,0.0298,-0.0048,744,0.9300,1.0000,0.655288,0.0457,-0.0140,
1560,56.6178,32.1628,3.6770,-0.0187,-0.0014,765,0.9563,1.0000,0.655288,-0.0286,-0.0047,
1561,56.6632,32.1810,3.6720,0.0182,-0.0050,746,0.9337,1.0000,0.655288,0.0280,-0.0148,
1562,56.6850,32.1877,3.6640,0.0067,-0.0080,763,0.9537,1.0000,0.655288,0.0104,-0.0242,
1563,56.7067,32.1808,3.6624,-0.0069,-0.0015,782,0.9775,1.0000,0.655288,-0.0105,-0.0048,
1564,56.7286,32.1791,3.6597,-0.0017,-0.0027,778,0.9737,1.0000,0.655288,-0.0025,-0.0083,
1565,56.7506,32.1816,3.6622,0.0025,0.0025,768,0.9600,1.0000,0.655288,0.0038,0.0076,
1566,56.7727,32.1845,3.6675,0.0028,0.0053,759,0.9487,1.0000,0.655288,0.0042,0.0162,
1567,56.7946,32.1800,3.6618,-0.0045,-0.0057,771,0.9650,1.0000,0.655288,-0.0067,-0.0175,
1568,56.8164,32.2209,3.6551,0.0409,-0.0066,752,0.9412,1.0000,0.655288,0.0626,-0.0193,
1569,56.8384,32.2318,3.6610,0.0109,0.0058,769,0.9625,1.0000,0.655288,0.0165,0.0179,
1570,56.8602,32.2146,3.6717,-0.0171,0.0107,749,0.9363,1.0000,0.655288,-0.0265,0.0322,
1571,56.8823,32.2046,3.6773,-0.0100,0.0056,760,0.9524,1.0000,0.655288,-0.0154,0.0166,
1572,56.9040,32.1901,3.6833,-0.0145,0.0060,773,0.9663,1.0000,0.655288,-0.0223,0.0179,
1573,56.9257,32.1979,3.6959,0.0077,0.0126,754,0.9437,1.0000,0.655288,0.0115,0.0384,
1574,56.9478,32.2164,3.6921,0.0185,-0.0038,762,0.9525,1.0000,0.655288,0.0284,-0.0111,
1575,56.9695,32.2323,3.6905,0.0159,-0.0015,763,0.9549,1.0000,0.655288,0.0244,-0.0044,
1576,56.9915,32.2262,3.6871,-0.0061,-0.0034,784,0.9800,1.0000,0.655288,-0.0092,-0.0106,
1577,57.0134,32.2389,3.6833,0.0127,-0.0037,762,0.9537,1.0000,0.655288,0.0194,-0.0111,
1578,57.0397,32.2638,3.6830,0.0249,-0.0003,759,0.9499,1.0000,0.655288,0.0380,-0.0004,
1579,57.0729,32.2249,3.6848,-0.0389,0.0018,746,0.9337,1.0000,0.655288,-0.0594,0.0045,
1580,57.1063,32.2469,3.6762,0.0220,-0.0086,748,0.9373,1.0000,0.655288,0.0338,-0.0255,
1581,57.1395,32.2842,3.6741,0.0373,-0.0021,755,0.9449,1.0000,0.655288,0.0569,-0.0057,
1582,57.1730,32.2877,3.6737,0.0035,-0.0004,772,0.9674,1.0000,0.655288,0.0054,-0.0011,
1583,57.2065,32.2785,3.6768,-0.0092,0.0030,772,0.9662,1.0000,0.655288,-0.0141,0.0090,
1584,57.2399,32.2562,3.7048,-0.0223,0.0281,745,0.9336,1.0000,0.655288,-0.0349,0.0847,
1585,57.2729,32.2601,3.7097,0.0039,0.0049,770,0.9637,1.0000,0.655288,0.0059,0.0149,
1586,57.3058,32.3265,3.6891,0.0664,-0.0206,747,0.9349,1.0000,0.655288,0.1019,-0.0611,
1587,57.3392,32.5631,3.8146,0.2366,0.1255,743,0.9312,1.0000,0.655288,0.3578,0.3850,
1588,57.3730,33.7980,3.9795,1.2349,0.1650,751,0.9387,1.0000,0.655288,1.8807,0.5253,
1589,57.4057,34.9624,4.2195,1.1644,0.2399,602,0.7544,1.0000,0.655288,1.7710,0.7510,
1590,57.4391,35.9553,4.3252,0.9929,0.1057,755,0.9337,1.0000,0.655288,1.5129,0.3408,
1591,57.4862,37.2277,4.5414,1.2724,0.2162,621,0.4437,1.0000,0.655288,1.9365,0.6814,low_inlier
1592,57.5096,42.8915,5.2930,5.6638,0.7516,600,0.6775,1.0000,0.655288,8.6257,2.3941,
1593,57.5388,45.9299,5.6321,3.0385,0.3391,604,0.5832,1.0000,0.655288,4.6292,1.0901,
1594,57.5721,48.7184,6.0693,2.7884,0.4372,719,0.4062,1.0000,0.655288,4.2449,1.3822,low_inlier
1595,57.6055,54.2346,6.6940,5.5162,0.6247,708,0.6258,1.0000,0.655288,8.4039,2.0065,
1596,57.6389,62.0562,7.0209,7.8216,0.3269,477,0.4037,1.0000,0.655288,11.9312,1.1519,low_inlier
1597,57.6722,69.5810,7.4453,7.5248,0.4243,585,0.3997,1.0000,0.655288,11.4754,1.4409,low_inlier
1598,57.7054,73.1093,7.6821,3.5283,0.2368,563,0.4506,1.0000,0.655288,5.3797,0.7903,low_inlier
1599,57.7392,74.3598,7.5790,1.2505,-0.1031,611,0.5344,1.0000,0.655288,1.9117,-0.2866,
1600,57.7720,75.4985,7.4864,1.1387,-0.0925,612,0.5437,1.0000,0.655288,1.7408,-0.2569,
1601,57.8060,77.4724,7.6109,1.9739,0.1245,695,0.5642,1.0000,0.655288,3.0098,0.4178,
1602,57.8390,81.0875,7.6950,3.6151,0.0841,682,0.4710,1.0000,0.655288,5.5164,0.3295,low_inlier
1603,57.8720,85.3872,7.6007,4.2997,-0.0944,710,0.6186,1.0000,0.655288,6.5662,-0.1973,
1604,57.9054,89.2025,7.2651,3.8154,-0.3355,712,0.5955,1.0000,0.655288,5.8334,-0.9379,
1605,57.9388,91.7371,7.1370,2.5346,-0.1281,607,0.6158,1.0000,0.655288,3.8726,-0.3358,
1606,57.9721,93.0892,7.0270,1.3521,-0.1101,609,0.6236,1.0000,0.655288,2.0670,-0.3056,
1607,58.0053,93.1744,6.8199,0.0852,-0.2071,715,0.6574,1.0000,0.655288,0.1357,-0.6256,
1608,58.0388,92.2557,6.2933,-0.9188,-0.5266,609,0.5678,1.0000,0.655288,-1.3883,-1.6147,
1609,58.0722,89.2683,5.6032,-2.9874,-0.6901,597,0.6365,1.0000,0.655288,-4.5417,-2.1525,
1610,58.1053,86.8302,5.1610,-2.4381,-0.4422,613,0.6373,1.0000,0.655288,-3.7100,-1.3901,
1611,58.1388,84.3321,4.8065,-2.4980,-0.3545,601,0.7409,1.0000,0.655288,-3.8038,-1.1257,
1612,58.1721,80.5859,4.1368,-3.7463,-0.6697,610,0.7646,1.0000,0.655288,-5.7008,-2.1063,
1613,58.2057,78.3380,3.5486,-2.2479,-0.5882,616,0.7788,1.0000,0.655288,-3.4156,-1.8286,
1614,58.2389,77.8555,3.5217,-0.4825,-0.0269,620,0.7792,1.0000,0.655288,-0.7359,-0.0914,
1615,58.2721,77.6622,3.4732,-0.1932,-0.0485,612,0.7685,1.0000,0.655288,-0.2936,-0.1511,
1616,58.3052,77.2288,3.5584,-0.4334,0.0852,618,0.7747,1.0000,0.655288,-0.6639,0.2492,
1617,58.3385,76.8109,3.4324,-0.4179,-0.1259,614,0.7735,1.0000,0.655288,-0.6346,-0.3902,
1618,58.3722,76.5557,3.3668,-0.2552,-0.0656,683,0.9700,1.0000,0.655288,-0.3878,-0.2040,
1619,58.4057,76.5690,3.3278,0.0132,-0.0390,670,0.8662,1.0000,0.655288,0.0212,-0.1180,
1620,58.4384,76.7659,3.2739,0.1969,-0.0538,620,0.7762,1.0000,0.655288,0.3021,-0.1591,
1621,58.4859,76.7780,3.1614,0.0121,-0.1125,659,0.9812,1.0000,0.655288,0.0215,-0.3407,
1622,58.5087,76.8741,3.0329,0.0961,-0.1285,791,0.9888,1.0000,0.655288,0.1501,-0.3875,
1623,58.5384,76.6986,3.0255,-0.1755,-0.0073,787,0.9850,1.0000,0.655288,-0.2678,-0.0258,
1624,58.5722,76.7667,3.0415,0.0681,0.0160,787,0.9838,1.0000,0.655288,0.1036,0.0499,
1625,58.6051,76.6837,3.0795,-0.0830,0.0379,676,0.9838,1.0000,0.655288,-0.1277,0.1133,
1626,58.6386,76.6702,3.0679,-0.0135,-0.0116,789,0.9875,1.0000,0.655288,-0.0203,-0.0355,
1627,58.6722,76.8382,3.0009,0.1680,-0.0669,789,0.9862,1.0000,0.655288,0.2582,-0.1994,
1628,58.7055,76.6987,2.9470,-0.1395,-0.0539,783,0.9788,1.0000,0.655288,-0.2115,-0.1661,
1629,58.7393,76.7788,2.8742,0.0800,-0.0728,789,0.9875,1.0000,0.655288,0.1241,-0.2190,
1630,58.7720,76.7746,2.8766,-0.0042,0.0024,790,0.9875,1.0000,0.655288,-0.0064,0.0072,
1631,58.8052,76.8407,2.8502,0.0661,-0.0264,786,0.9837,1.0000,0.655288,0.1017,-0.0785,
1632,58.8386,76.9062,2.8188,0.0655,-0.0314,781,0.9775,1.0000,0.655288,0.1008,-0.0939,
1633,58.8727,76.9870,2.7618,0.0808,-0.0570,786,0.9837,1.0000,0.655288,0.1249,-0.1711,
1634,58.9056,77.1894,2.6751,0.2024,-0.0867,785,0.9837,1.0000,0.655288,0.3113,-0.2586,
1635,58.9384,77.5153,2.5793,0.3259,-0.0958,621,0.7762,1.0000,0.655288,0.5001,-0.2834,
1636,58.9721,77.9253,2.4514,0.4100,-0.1279,619,0.7747,1.0000,0.655288,0.6293,-0.3790,
1637,59.0053,78.2479,2.3116,0.3226,-0.1398,782,0.8586,1.0000,0.655288,0.4963,-0.4170,
1638,59.0388,78.6872,2.1201,0.4393,-0.1915,776,0.7412,1.0000,0.655288,0.6758,-0.5712,
1639,59.0721,79.2354,1.9336,0.5481,-0.1864,617,0.7475,1.0000,0.655288,0.8417,-0.5536,
1640,59.1059,79.5501,1.7987,0.3147,-0.1349,786,0.9800,1.0000,0.655288,0.4841,-0.4023,
1641,59.1384,79.2302,1.9271,-0.3198,0.1284,542,0.5913,1.0000,0.655288,-0.4917,0.3825,
1642,59.1719,78.4441,2.0869,-0.7862,0.1598,451,0.3705,1.0000,0.655288,-1.2044,0.4680,low_inlier
1643,59.2050,78.5301,2.0661,0.0860,-0.0208,632,0.9900,1.0000,0.655288,0.1318,-0.0612,
1644,59.2383,78.5626,2.0488,0.0326,-0.0174,687,0.9163,1.0000,0.655288,0.0502,-0.0520,
1645,59.2716,78.7080,2.0520,0.1454,0.0033,625,0.7822,1.0000,0.655288,0.2219,0.0129,
1646,59.3051,78.8575,2.0535,0.1495,0.0015,789,0.9875,1.0000,0.655288,0.2281,0.0076,
1647,59.3382,78.8949,2.0230,0.0374,-0.0305,788,0.9850,1.0000,0.655288,0.0580,-0.0915,
1648,59.3716,78.8605,2.0459,-0.0345,0.0228,790,0.9887,1.0000,0.655288,-0.0533,0.0685,
1649,59.4050,78.8618,2.0683,0.0013,0.0224,789,0.9862,1.0000,0.655288,0.0014,0.0680,
1650,59.4376,78.8395,2.0993,-0.0222,0.0309,796,0.9950,1.0000,0.655288,-0.0348,0.0933,
1651,59.4840,78.8268,2.1156,-0.0127,0.0163,786,0.9825,1.0000,0.655288,-0.0198,0.0492,
1652,59.5058,78.9705,2.1533,0.1437,0.0377,789,0.9862,1.0000,0.655288,0.2184,0.1171,
1653,59.5381,79.0658,2.1743,0.0953,0.0211,787,0.9838,1.0000,0.655288,0.1449,0.0659,
1654,59.5714,79.0723,2.1111,0.0064,-0.0633,790,0.9887,1.0000,0.655288,0.0115,-0.1916,
1655,59.6051,79.0980,2.0978,0.0257,-0.0132,788,0.9850,1.0000,0.655288,0.0396,-0.0396,
1656,59.6381,79.1551,2.0873,0.0571,-0.0106,789,0.9875,1.0000,0.655288,0.0875,-0.0309,
1657,59.6715,79.1939,2.0602,0.0387,-0.0271,783,0.9788,1.0000,0.655288,0.0599,-0.0812,
1658,59.7048,79.1687,2.0223,-0.0252,-0.0379,788,0.9850,1.0000,0.655288,-0.0375,-0.1154,
1659,59.7387,79.2340,1.9727,0.0653,-0.0496,787,0.9850,1.0000,0.655288,0.1010,-0.1488,
1660,59.7714,79.3396,1.9402,0.1057,-0.0325,786,0.9837,1.0000,0.655288,0.1622,-0.0962,
1661,59.8055,79.3861,1.9511,0.0465,0.0109,788,0.9862,1.0000,0.655288,0.0706,0.0339,
1662,59.8385,79.4789,1.9524,0.0929,0.0013,788,0.9850,1.0000,0.655288,0.1417,0.0058,
1663,59.8714,79.7422,1.9328,0.2633,-0.0196,785,0.9812,1.0000,0.655288,0.4024,-0.0539,
1664,62.0759,79.8349,1.5497,0.0927,-0.3831,787,0.9850,1.0000,0.655288,0.1519,-1.1590,
1665,62.0982,79.8420,1.5384,0.0071,-0.0113,792,0.9900,1.0000,0.655288,0.0112,-0.0340,
1666,62.1203,79.8539,1.5285,0.0119,-0.0099,787,0.9838,1.0000,0.655288,0.0184,-0.0298,
1667,62.1425,79.9485,1.4825,0.0946,-0.0459,786,0.9825,1.0000,0.655288,0.1456,-0.1372,
1668,62.1648,79.9985,1.4420,0.0500,-0.0405,793,0.9912,1.0000,0.655288,0.0774,-0.1217,
1669,62.1869,79.9841,1.4252,-0.0144,-0.0169,787,0.9838,1.0000,0.655288,-0.0215,-0.0514,
1670,62.2093,79.9634,1.4497,-0.0207,0.0245,788,0.9850,1.0000,0.655288,-0.0322,0.0738,
1671,62.2315,79.9428,1.4551,-0.0206,0.0054,793,0.9912,1.0000,0.655288,-0.0316,0.0161,
1672,62.2536,79.9160,1.4467,-0.0268,-0.0085,786,0.9825,1.0000,0.655288,-0.0407,-0.0262,
1673,62.2759,79.9467,1.4394,0.0307,-0.0072,790,0.9875,1.0000,0.655288,0.0471,-0.0212,
1674,62.2978,79.9465,1.4579,-0.0002,0.0185,791,0.9888,1.0000,0.655288,-0.0008,0.0560,
1675,62.3200,80.0303,1.4422,0.0837,-0.0158,785,0.9812,1.0000,0.655288,0.1282,-0.0460,
1676,62.3423,80.1251,1.4169,0.0949,-0.0253,794,0.9925,1.0000,0.655288,0.1455,-0.0747,
1677,62.3646,80.2063,1.4048,0.0811,-0.0121,782,0.9787,1.0000,0.655288,0.1241,-0.0350,
1678,62.3869,80.1764,1.4236,-0.0299,0.0189,789,0.9862,1.0000,0.655288,-0.0461,0.0565,
1679,62.4092,80.1442,1.4333,-0.0321,0.0096,791,0.9888,1.0000,0.655288,-0.0493,0.0285,
1680,62.4313,80.0821,1.4517,-0.0621,0.0185,784,0.9800,1.0000,0.655288,-0.0953,0.0547,
1681,62.4823,80.0853,1.4516,0.0032,-0.0001,788,0.9850,1.0000,0.655288,0.0049,-0.0002,
1682,62.5045,80.0603,1.4383,-0.0250,-0.0133,797,0.9962,1.0000,0.655288,-0.0378,-0.0409,
1683,62.5266,80.0627,1.4201,0.0024,-0.0182,602,0.8600,1.0000,0.655288,0.0042,-0.0551,
1684,62.5490,80.0515,1.4400,-0.0112,0.0199,787,0.9838,1.0000,0.655288,-0.0177,0.0601,
1685,62.5712,80.0735,1.4657,0.0220,0.0257,785,0.9812,1.0000,0.655288,0.0330,0.0783,
1686,62.5935,80.1130,1.4345,0.0394,-0.0312,788,0.9850,1.0000,0.655288,0.0610,-0.0936,
1687,62.6158,80.0901,1.4328,-0.0229,-0.0017,786,0.9825,1.0000,0.655288,-0.0349,-0.0058,
1688,62.6380,80.0990,1.4565,0.0090,0.0237,790,0.9875,1.0000,0.655288,0.0131,0.0721,
1689,62.6602,80.0490,1.4631,-0.0500,0.0066,791,0.9888,1.0000,0.655288,-0.0765,0.0190,
1690,62.6826,80.0949,1.4382,0.0459,-0.0249,785,0.9812,1.0000,0.655288,0.0707,-0.0746,
1691,62.7048,80.0897,1.4546,-0.0053,0.0164,788,0.9850,1.0000,0.655288,-0.0085,0.0497,
1692,62.7269,80.0921,1.4501,0.0025,-0.0045,790,0.9875,1.0000,0.655288,0.0039,-0.0135,
1693,62.7490,80.0853,1.4511,-0.0068,0.0009,786,0.9825,1.0000,0.655288,-0.0105,0.0027,
1694,62.7709,80.1300,1.4295,0.0447,-0.0216,790,0.9875,1.0000,0.655288,0.0688,-0.0647,
1695,62.7933,80.1343,1.4137,0.0043,-0.0158,793,0.9912,1.0000,0.655288,0.0070,-0.0476,
1696,62.8153,80.1157,1.4000,-0.0186,-0.0137,787,0.9838,1.0000,0.655288,-0.0280,-0.0420,
1697,62.8374,80.1028,1.3913,-0.0129,-0.0086,787,0.9838,1.0000,0.655288,-0.0195,-0.0264,
1698,62.8595,80.0821,1.3900,-0.0207,-0.0013,787,0.9838,1.0000,0.655288,-0.0316,-0.0044,
1699,62.8817,80.0852,1.3976,0.0031,0.0076,789,0.9862,1.0000,0.655288,0.0045,0.0231,
1700,62.9038,80.0705,1.4077,-0.0147,0.0101,790,0.9875,1.0000,0.655288,-0.0227,0.0303,
1701,62.9260,80.0950,1.4091,0.0246,0.0014,791,0.9888,1.0000,0.655288,0.0375,0.0047,
1702,62.9481,80.0975,1.4506,0.0024,0.0415,783,0.9788,1.0000,0.655288,0.0026,0.1257,
1703,62.9703,80.0028,1.5211,-0.0947,0.0705,788,0.9850,1.0000,0.655288,-0.1465,0.2117,
1704,62.9927,79.8842,1.6063,-0.1186,0.0852,784,0.9800,1.0000,0.655288,-0.1833,0.2558,
1705,63.0152,79.7978,1.6805,-0.0864,0.0742,789,0.9862,1.0000,0.655288,-0.1339,0.2230,
1706,63.0376,79.6493,1.7620,-0.1484,0.0816,789,0.9862,1.0000,0.655288,-0.2288,0.2441,
1707,63.0599,79.3930,1.9310,-0.2563,0.1690,787,0.9838,1.0000,0.655288,-0.3958,0.5066,
1708,63.0825,79.0202,2.1750,-0.3729,0.2440,784,0.9800,1.0000,0.655288,-0.5758,0.7315,
1709,63.1051,78.2975,2.5904,-0.7227,0.4154,786,0.9825,1.0000,0.655288,-1.1145,1.2438,
1710,63.1276,78.4214,4.1427,0.1239,1.5523,761,0.9000,1.0000,0.655288,0.1473,4.7060,
1711,63.1745,78.3424,5.4678,-0.0790,1.3251,553,0.0200,1.0000,0.655288,-0.1563,4.0134,low_inlier
1712,63.1981,77.5889,4.1988,-0.7535,-1.2690,487,0.0252,1.0000,0.655288,-1.1160,-3.8605,low_inlier
1713,63.2216,74.0139,2.7478,-3.5751,-1.4510,267,0.0571,1.0000,0.655288,-5.4183,-4.4701,low_inlier
1714,63.2448,81.6698,2.4723,7.6560,-0.2756,466,0.0078,1.0000,0.655288,11.6946,-0.6770,low_inlier
1715,63.2706,86.2819,0.3193,4.6120,-2.1529,347,0.0243,1.0000,0.655288,7.0986,-6.4281,low_inlier
1716,63.3036,89.7074,1.3616,3.4256,1.0423,684,0.0540,1.0000,0.655288,5.2011,3.2286,low_inlier
1717,63.3370,83.7735,0.5279,-5.9339,-0.8337,638,0.0577,1.0000,0.655288,-9.0359,-2.6483,low_inlier
1718,63.3704,87.3095,0.5036,3.5360,-0.0244,366,0.0091,1.0000,0.655288,5.3985,-0.0009,low_inlier
1719,63.4039,81.1467,1.3573,-6.1628,0.8537,589,0.0109,1.0000,0.655288,-9.4308,2.4595,low_inlier
1720,63.4370,81.3359,-2.0214,0.1892,-3.3787,178,0.0041,1.0000,0.655288,0.3800,-10.2333,low_inlier
1721,63.4702,81.4147,-2.3737,0.0788,-0.3523,248,0.0245,1.0000,0.655288,0.1297,-1.0659,low_inlier
1722,63.5036,81.9643,0.7932,0.5496,3.1669,221,0.0207,1.0000,0.655288,0.7535,9.6069,low_inlier
1723,63.5371,83.3444,1.8991,1.3801,1.1059,336,0.0000,1.0000,0.655288,2.0769,3.3793,low_inlier
1724,63.5701,88.8717,1.0479,5.5273,-0.8512,254,0.0104,1.0000,0.655288,8.4606,-2.4651,low_inlier
1725,63.6039,92.2347,1.2639,3.3631,0.2160,323,0.0078,1.0000,0.655288,5.1281,0.7238,low_inlier
1726,63.6380,93.3322,4.2699,1.0975,3.0060,512,0.0104,1.0000,0.655288,1.5943,9.1305,low_inlier
1727,63.6707,100.6406,5.9195,7.3084,1.6496,229,0.0253,1.0000,0.655288,11.1120,5.1489,low_inlier
1728,63.7040,98.4728,2.0061,-2.1678,-3.9134,275,0.0717,1.0000,0.655288,-3.2036,-11.9020,low_inlier
1729,63.7377,94.0990,5.8522,-4.3738,3.8461,361,0.1325,1.0000,0.655288,-6.7806,11.5633,low_inlier
1730,63.7711,96.4714,8.2152,2.3724,2.3630,482,0.2395,1.0000,0.655288,3.5578,7.2086,low_inlier
1731,63.8049,103.8967,7.1900,7.4254,-1.0252,681,0.0039,1.0000,0.655288,11.3628,-2.9530,low_inlier
1732,63.8368,110.0930,4.8981,6.1963,-2.2919,299,0.0178,1.0000,0.655288,9.5207,-6.8167,low_inlier
1733,63.8704,119.5914,4.3032,9.4984,-0.5948,307,0.0195,1.0000,0.655288,14.5158,-1.6064,low_inlier
1734,63.9036,126.6595,3.1860,7.0681,-1.1172,322,0.0219,1.0000,0.655288,10.8199,-3.2393,low_inlier
1735,63.9370,130.4738,1.5734,3.8142,-1.6126,445,0.0438,1.0000,0.655288,5.8661,-4.8075,low_inlier
1736,63.9701,129.4680,1.3660,-1.0058,-0.2074,481,0.0820,1.0000,0.655288,-1.5297,-0.6491,low_inlier
1737,64.0033,130.4699,1.5164,1.0019,0.1503,382,0.0966,1.0000,0.655288,1.5253,0.4762,low_inlier
1738,64.0364,135.3530,1.8539,4.8832,0.3375,328,0.0276,1.0000,0.655288,7.4453,1.1234,low_inlier
1739,64.0700,137.3367,3.9222,1.9837,2.0683,317,0.0264,1.0000,0.655288,2.9724,6.3076,low_inlier
1740,64.1031,137.7321,5.5837,0.3954,1.6615,423,0.0775,1.0000,0.655288,0.5588,5.0425,low_inlier
1741,64.1507,134.3228,5.6762,-3.4093,0.0925,452,0.0475,1.0000,0.655288,-5.2069,0.2099,low_inlier
1742,64.1740,136.5839,1.6409,2.2611,-4.0353,453,0.1807,1.0000,0.655288,3.5605,-12.1800,low_inlier
1743,64.2030,132.0007,3.3999,-4.5832,1.7590,362,0.0163,1.0000,0.655288,-7.0439,5.2353,low_inlier
1744,64.2372,130.7224,3.7990,-1.2783,0.3990,337,0.0462,1.0000,0.655288,-1.9621,1.1827,low_inlier
1745,64.2701,123.4565,5.1949,-7.2659,1.3960,310,0.0438,1.0000,0.655288,-11.1293,4.0798,low_inlier
1746,64.3032,119.9534,7.9908,-3.5031,2.7959,252,0.0201,1.0000,0.655288,-5.4231,8.3992,low_inlier
1747,64.3365,122.0663,11.5352,2.1129,3.5443,332,0.0226,1.0000,0.655288,3.1298,10.7827,low_inlier
1748,64.3702,125.8487,14.2326,3.7825,2.6974,290,0.0312,1.0000,0.655288,5.7013,8.2510,low_inlier
1749,64.4038,125.5004,17.0216,-0.3484,2.7890,260,0.0325,1.0000,0.655288,-0.6071,8.4433,low_inlier
1750,64.4371,125.4109,21.7890,-0.0895,4.7674,346,0.0707,1.0000,0.655288,-0.2652,14.4431,low_inlier
1751,64.4702,128.3405,24.7725,2.9296,2.9835,647,0.0520,1.0000,0.655288,4.3917,9.1002,low_inlier
1752,64.5039,130.8137,24.6227,2.4732,-0.1497,607,0.1532,1.0000,0.655288,3.7795,-0.4027,low_inlier
1753,64.5369,130.1371,24.8390,-0.6766,0.2162,756,0.7288,1.0000,0.655288,-1.0387,0.6412,
1754,64.5702,129.7452,25.2040,-0.3919,0.3650,764,0.6165,1.0000,0.655288,-0.6081,1.0979,
1755,64.6037,131.6965,24.5682,1.9513,-0.6357,683,0.8482,1.0000,0.655288,2.9958,-1.8860,
1756,64.6369,131.7606,24.2422,0.0641,-0.3261,725,0.7164,1.0000,0.655288,0.1067,-0.9867,
1757,64.6705,130.9345,21.7634,-0.8261,-2.4788,475,0.3781,1.0000,0.655288,-1.1942,-7.5275,low_inlier
1758,64.7034,134.2876,17.4843,3.3531,-4.2791,498,0.4288,1.0000,0.655288,5.2340,-12.8962,low_inlier
1759,64.7371,137.9962,13.4403,3.7086,-4.0440,545,0.3736,1.0000,0.655288,5.7704,-12.1765,low_inlier
1760,64.7711,134.6210,9.6633,-3.3752,-3.7770,461,0.4436,1.0000,0.655288,-5.0504,-11.5138,low_inlier
1761,64.8031,135.4396,5.9179,0.8186,-3.7454,771,0.0038,1.0000,0.655288,1.3507,-11.3314,low_inlier
1762,64.8365,137.3158,1.0040,1.8762,-4.9139,372,0.1763,1.0000,0.655288,2.9966,-14.8500,low_inlier
1763,64.8700,135.0740,-1.0793,-2.2418,-2.0834,687,0.6118,1.0000,0.655288,-3.3660,-6.3587,
1764,64.9032,135.8831,-2.5421,0.8091,-1.4628,696,0.4440,1.0000,0.655288,1.2745,-4.4155,low_inlier
1765,64.9364,136.3164,-3.8287,0.4333,-1.2865,715,0.7751,1.0000,0.655288,0.6962,-3.8892,
1766,64.9699,134.9736,-3.9837,-1.3428,-0.1550,745,0.7927,1.0000,0.655288,-2.0457,-0.4974,
1767,65.0029,132.9776,-3.6175,-1.9961,0.3662,697,0.8593,1.0000,0.655288,-3.0569,1.0684,
1768,65.0364,129.4430,-2.9096,-3.5345,0.7079,708,0.5937,1.0000,0.655288,-5.4147,2.0721,
1769,65.0697,128.8326,-1.7748,-0.6104,1.1348,734,0.4742,1.0000,0.655288,-0.9624,3.4256,low_inlier
1770,65.1024,130.8680,-1.1840,2.0354,0.5909,737,0.9107,1.0000,0.655288,3.0911,1.8322,
1771,65.1492,130.9208,-0.8129,0.0528,0.3711,789,0.9938,1.0000,0.655288,0.0706,1.1254,
1772,65.1716,130.3373,-0.5487,-0.5835,0.2642,738,0.6880,1.0000,0.655288,-0.8978,0.7884,
1773,65.2032,129.1661,-0.2095,-1.1713,0.3393,735,0.9023,1.0000,0.655288,-1.7971,1.0038,
1774,65.2367,127.1898,0.6654,-1.9763,0.8748,769,0.9674,1.0000,0.655288,-3.0405,2.6099,
1775,65.2695,125.0683,1.8836,-2.1215,1.2182,715,0.2353,1.0000,0.655288,-3.2714,3.6473,low_inlier
1776,65.3029,125.7452,2.2795,0.6769,0.3959,689,0.6583,1.0000,0.655288,1.0226,1.2136,
1777,65.3365,126.8222,3.3116,1.0769,1.0321,742,0.9422,1.0000,0.655288,1.6161,3.1494,
1778,66.9778,131.8285,4.1756,5.0064,0.8640,235,0.0163,1.0000,0.569410,7.3356,3.4033,low_inlier
1779,67.0009,131.8451,4.2664,0.0166,0.0908,783,0.9900,1.0000,0.569410,-0.1409,0.3226,
1780,67.0233,132.5365,4.7617,0.6914,0.4953,766,0.9650,1.0000,0.569410,0.3071,1.8006,
1781,67.0460,134.1298,5.1759,1.5933,0.4142,758,0.9600,1.0000,0.569410,2.0731,1.5759,
1782,67.0685,134.5939,5.5235,0.4641,0.3476,781,0.9862,1.0000,0.569410,0.1777,1.2622,
1783,67.0912,135.5134,5.9978,0.9195,0.4743,757,0.9512,1.0000,0.569410,0.7547,1.7421,
1784,67.1139,138.1059,6.7227,2.5925,0.7249,735,0.9199,1.0000,0.569410,3.2776,2.7444,
1785,67.1365,139.1887,7.1989,1.0828,0.4762,739,0.8935,1.0000,0.569410,1.0433,1.7600,
1786,67.1592,138.7660,7.3008,-0.4227,0.1019,746,0.9424,1.0000,0.569410,-0.9477,0.3315,
1787,67.1822,139.3669,7.6301,0.6010,0.3293,754,0.9497,1.0000,0.569410,0.4570,1.2069,
1788,67.2053,140.0624,7.5285,0.6954,-0.1015,749,0.9174,1.0000,0.569410,1.4350,-0.3113,
1789,67.2280,140.1758,7.6975,0.1134,0.1690,768,0.9675,1.0000,0.569410,-0.1143,0.6058,
1790,67.2507,140.7008,8.0063,0.5250,0.3088,756,0.9512,1.0000,0.569410,0.3596,1.1290,
1791,67.2734,141.6716,8.3102,0.9708,0.3040,748,0.9497,1.0000,0.569410,1.1663,1.1428,
1792,67.2959,142.0122,8.2225,0.3406,-0.0878,760,0.9560,1.0000,0.569410,0.7742,-0.2872,
1793,67.3190,142.0314,7.8889,0.0192,-0.3335,752,0.9599,1.0000,0.569410,0.6606,-1.1792,
1794,67.3416,142.5982,7.8544,0.5668,-0.0345,740,0.9386,1.0000,0.569410,1.0790,-0.0831,
1795,67.3643,142.8550,7.8259,0.2568,-0.0285,759,0.9624,1.0000,0.569410,0.5130,-0.0831,
1796,67.3870,142.8344,7.7219,-0.0206,-0.1040,770,0.9775,1.0000,0.569410,0.1584,-0.3695,
1797,67.4094,143.1370,7.7542,0.3026,0.0323,752,0.9699,1.0000,0.569410,0.4808,0.1351,
1798,67.4321,144.1449,7.7571,1.0079,0.0030,742,0.9411,1.0000,0.569410,1.7978,0.0800,
1799,67.4548,144.8710,7.6189,0.7261,-0.1383,744,0.9461,1.0000,0.569410,1.5588,-0.4392,
1800,67.4775,144.1914,7.5579,-0.6796,-0.0610,752,0.9475,1.0000,0.569410,-1.1015,-0.2628,
1801,67.5280,143.7993,7.3694,-0.3921,-0.1885,776,0.9850,1.0000,0.569410,-0.3477,-0.6941,
1802,67.5509,144.0567,7.0052,0.2575,-0.3642,793,0.9912,1.0000,0.569410,1.1446,-1.2713,
1803,67.5735,144.0916,6.8129,0.0348,-0.1923,791,0.9925,1.0000,0.569410,0.4234,-0.6782,
1804,67.5962,144.0779,6.9327,-0.0137,0.1198,793,0.9925,1.0000,0.569410,-0.2494,0.4230,
1805,67.6189,143.9755,7.0146,-0.1024,0.0820,786,0.9900,1.0000,0.569410,-0.3370,0.2830,
1806,67.6413,144.2020,7.1005,0.2264,0.0858,793,0.9925,1.0000,0.569410,0.2440,0.3195,
1807,67.6639,144.3118,7.3319,0.1099,0.2314,791,0.9925,1.0000,0.569410,-0.2379,0.8265,
1808,67.6865,144.6589,7.4948,0.3471,0.1629,793,0.9925,1.0000,0.569410,0.3151,0.6006,
1809,67.7092,144.7439,7.7144,0.0849,0.2196,793,0.9912,1.0000,0.569410,-0.2604,0.7831,
1810,67.7316,144.6652,8.0283,-0.0787,0.3138,783,0.9825,1.0000,0.569410,-0.7300,1.1053,
1811,67.7542,144.1738,8.3156,-0.4914,0.2874,780,0.9850,1.0000,0.569410,-1.4189,0.9831,
1812,67.7771,143.9637,8.5152,-0.2100,0.1996,795,0.9938,1.0000,0.569410,-0.7506,0.6919,
1813,67.7997,143.6704,8.4497,-0.2933,-0.0655,788,0.9975,1.0000,0.569410,-0.4018,-0.2522,
1814,67.8225,142.6364,8.3089,-1.0340,-0.1408,785,0.9900,1.0000,0.569410,-1.5858,-0.5696,
1815,67.8452,141.2865,7.9567,-1.3499,-0.3522,773,0.9862,1.0000,0.569410,-1.7542,-1.3396,
1816,67.8678,139.5002,7.5315,-1.7863,-0.4252,768,0.9812,1.0000,0.569410,-2.3977,-1.6283,
1817,67.8907,138.1514,7.5021,-1.3488,-0.0294,757,0.9812,1.0000,0.569410,-2.3581,-0.1972,
1818,67.9138,137.1083,7.4150,-1.0431,-0.0870,790,0.9912,1.0000,0.569410,-1.7030,-0.3801,
1819,67.9363,136.3547,7.3357,-0.7536,-0.0793,776,0.9725,1.0000,0.569410,-1.1995,-0.3328,
1820,67.9591,134.9917,8.1712,-1.3630,0.8355,717,0.5415,1.0000,0.569410,-4.0074,2.8628,
1821,67.9824,130.4978,9.8260,-4.4940,1.6549,798,0.0100,1.0000,0.569410,-11.1483,5.5467,low_inlier
1822,68.0051,125.0126,11.4498,-5.4852,1.6238,547,0.5069,1.0000,0.569410,-12.8636,5.3684,
1823,68.0284,121.2184,12.9901,-3.7942,1.5402,710,0.7006,1.0000,0.569410,-9.6809,5.1893,
1824,68.0514,120.0758,15.0846,-1.1426,2.0945,683,0.5830,1.0000,0.569410,-5.9773,7.3340,
1825,68.0746,122.9922,15.8247,2.9164,0.7401,687,0.7669,1.0000,0.569410,3.8286,2.8207,
1826,68.0978,124.0752,15.9050,1.0830,0.0803,747,0.3254,1.0000,0.569410,1.7870,0.3589,low_inlier
1827,68.1209,121.2745,16.0707,-2.8007,0.1657,705,0.6847,1.0000,0.569410,-5.3224,0.3933,
1828,68.1440,120.0804,15.6491,-1.1941,-0.4216,732,0.6746,1.0000,0.569410,-1.3450,-1.5746,
1829,68.1684,120.3731,14.7190,0.2927,-0.9302,660,0.7372,1.0000,0.569410,2.2703,-3.2719,
1830,68.2019,121.6233,13.6498,1.2502,-1.0691,704,0.3342,1.0000,0.569410,4.2444,-3.6975,low_inlier
1831,68.2493,124.3653,13.7860,2.7421,0.1362,667,0.2537,1.0000,0.569410,4.6506,0.6713,low_inlier
1832,68.2726,130.4612,14.1770,6.0959,0.3909,628,0.1205,1.0000,0.569410,10.1732,1.8043,low_inlier
1833,68.3022,126.0549,14.4511,-4.4064,0.2741,568,0.0427,1.0000,0.569410,-8.3989,0.6660,low_inlier
1834,68.3354,124.3348,11.1419,-1.7201,-3.3092,222,0.0140,1.0000,0.569410,3.1359,-11.8306,low_inlier
1835,68.3689,119.8364,9.8866,-4.4984,-1.2552,233,0.0179,1.0000,0.569410,-5.6920,-4.7530,low_inlier
1836,68.4023,114.9721,8.8845,-4.8643,-1.0022,441,0.0115,1.0000,0.569410,-6.8219,-3.8825,low_inlier
1837,68.4362,114.1297,6.2138,-0.8424,-2.6707,481,0.0075,1.0000,0.569410,3.5074,-9.5102,low_inlier
1838,68.4689,112.7040,8.1252,-1.4257,1.9114,377,0.0117,1.0000,0.569410,-6.1401,6.6665,low_inlier
1839,68.5029,109.4257,6.3683,-3.2783,-1.7569,381,0.0053,1.0000,0.569410,-2.5669,-6.4443,low_inlier
1840,68.5351,109.7069,5.9763,0.2812,-0.3920,370,0.0026,1.0000,0.569410,1.2393,-1.3680,low_inlier
1841,68.5685,111.4061,6.4990,1.6992,0.5227,460,0.0063,1.0000,0.569410,2.0589,1.9672,low_inlier
1842,68.6016,111.5871,9.8106,0.1809,3.3117,318,0.0064,1.0000,0.569410,-5.8944,11.7331,low_inlier
1843,68.6352,106.8970,10.6281,-4.6901,0.8174,164,0.0051,1.0000,0.569410,-9.9268,2.5694,low_inlier
1844,68.6689,103.0192,11.2907,-3.8777,0.6626,252,0.0025,1.0000,0.569410,-8.1825,2.0774,low_inlier
1845,68.7021,103.0554,12.8901,0.0362,1.5994,572,0.0013,1.0000,0.569410,-2.9384,5.6632,low_inlier
1846,68.7352,111.6810,13.0636,8.6256,0.1735,363,0.0039,1.0000,0.569410,15.1078,1.2094,low_inlier
1847,68.7702,115.3161,12.2211,3.6351,-0.8425,153,0.0026,1.0000,0.569410,8.0863,-2.7310,low_inlier
1848,68.8022,123.6872,10.1761,8.3710,-2.0450,428,0.0025,1.0000,0.569410,18.8181,-6.6599,low_inlier
1849,68.8344,119.9472,4.9921,-3.7400,-5.1840,591,0.0026,1.0000,0.569410,3.0419,-18.6053,low_inlier
1850,68.8687,112.9106,-1.6311,-7.0366,-6.6232,760,0.0000,1.0000,0.569410,-0.1544,-23.9263,low_inlier
1851,68.9018,124.6020,8.3089,11.6915,9.9400,432,0.0100,1.0000,0.569410,2.2553,35.9865,low_inlier
1852,68.9350,131.5836,13.4193,6.9816,5.1104,261,0.0153,1.0000,0.569410,2.8964,18.5685,low_inlier
1853,68.9685,135.2392,13.7677,3.6556,0.3483,336,0.0139,1.0000,0.569410,5.8868,1.4852,low_inlier
1854,69.0017,129.4715,11.6725,-5.7677,-2.0952,260,0.0026,1.0000,0.569410,-6.3860,-7.8133,low_inlier
1855,69.0353,120.7963,7.8072,-8.6752,-3.8653,329,0.0077,1.0000,0.569410,-8.2647,-14.2786,low_inlier
1856,69.0688,119.3261,5.0215,-1.4703,-2.7857,342,0.0268,1.0000,0.569410,2.5999,-9.9607,low_inlier
1857,69.1022,122.7301,2.7675,3.4040,-2.2540,439,0.0829,1.0000,0.569410,10.3230,-7.7424,low_inlier
1858,69.1355,122.7118,-0.6110,-0.0183,-3.3785,566,0.1217,1.0000,0.569410,6.3111,-11.9585,low_inlier
1859,69.1689,119.2053,-3.7704,-3.5065,-3.1593,588,0.3831,1.0000,0.569410,-0.3420,-11.4235,low_inlier
1860,69.2022,117.1072,-6.0764,-2.0981,-2.3060,463,0.0809,1.0000,0.569410,0.5757,-8.3061,low_inlier
1861,69.2540,117.6972,-10.1219,0.5900,-4.0455,404,0.0318,1.0000,0.569410,8.6518,-14.2772,low_inlier
1862,69.2778,119.2548,-14.2808,1.5576,-4.1589,559,0.0448,1.0000,0.569410,10.5959,-14.6115,low_inlier
1863,69.3021,122.0538,-18.3095,2.7991,-4.0287,428,0.1145,1.0000,0.569410,12.5729,-14.0652,low_inlier
1864,69.3354,126.9427,-20.6557,4.8888,-2.3462,419,0.0616,1.0000,0.569410,13.1530,-7.9663,low_inlier
1865,69.3691,127.1013,-22.0606,0.1586,-1.4049,495,0.3659,1.0000,0.569410,2.9217,-4.9612,low_inlier
1866,69.4022,126.3254,-24.7221,-0.7759,-2.6615,599,0.1276,1.0000,0.569410,3.6092,-9.4731,low_inlier
1867,69.4363,129.1069,-27.9975,2.7814,-3.2754,583,0.3872,1.0000,0.569410,11.1268,-11.4002,low_inlier
1868,69.4685,131.8290,-30.4228,2.7221,-2.4253,470,0.1331,1.0000,0.569410,9.4247,-8.3959,low_inlier
1869,69.5016,130.5206,-32.1357,-1.3084,-1.7129,594,0.1376,1.0000,0.569410,0.8752,-6.1524,low_inlier
1870,69.5354,130.5539,-33.9561,0.0333,-1.8204,509,0.2931,1.0000,0.569410,3.4776,-6.4403,low_inlier
1871,69.5688,133.8675,-35.0285,3.3136,-1.0724,475,0.3990,1.0000,0.569410,7.9426,-3.5668,low_inlier
1872,69.6021,134.9211,-35.7195,1.0536,-0.6911,603,0.2716,1.0000,0.569410,3.1828,-2.3730,low_inlier
1873,69.6351,132.8984,-37.1304,-2.0227,-1.4109,594,0.1929,1.0000,0.569410,-0.9700,-5.1330,low_inlier
1874,69.6686,134.7797,-38.4315,1.8812,-1.3011,604,0.2255,1.0000,0.569410,5.8091,-4.4749,low_inlier
1875,69.7014,139.4373,-38.7502,4.6577,-0.3187,624,0.2605,1.0000,0.569410,8.9324,-0.8066,low_inlier
1876,69.7352,139.8739,-38.0935,0.4366,0.6568,648,0.1692,1.0000,0.569410,-0.4520,2.3545,low_inlier
1877,69.7683,138.3683,-37.7172,-1.5056,0.3763,697,0.2695,1.0000,0.569410,-3.4005,1.2279,low_inlier
1878,69.8039,141.0203,-36.2608,2.6519,1.4563,569,0.2421,1.0000,0.569410,2.0106,5.3372,low_inlier
1879,69.8351,143.5552,-34.2908,2.5349,1.9701,552,0.3299,1.0000,0.569410,0.8365,7.1474,low_inlier
1880,69.8681,143.3609,-32.2938,-0.1942,1.9970,682,0.2916,1.0000,0.569410,-4.0972,7.0544,low_inlier
1881,69.9013,144.6152,-30.4862,1.2543,1.8075,548,0.0807,1.0000,0.569410,-1.1497,6.4837,low_inlier
1882,69.9347,148.2417,-28.2586,3.6266,2.2276,508,0.0702,1.0000,0.569410,2.3062,8.1342,low_inlier
1883,69.9679,150.3460,-25.8014,2.1043,2.4572,452,0.0821,1.0000,0.569410,-0.8488,8.8418,low_inlier
1884,70.0012,149.7371,-24.0609,-0.6089,1.7405,503,0.1811,1.0000,0.569410,-4.3576,6.1179,low_inlier
1885,70.0347,149.6648,-23.3005,-0.0723,0.7604,665,0.3726,1.0000,0.569410,-1.5572,2.6862,low_inlier
1886,70.0680,150.4662,-22.6471,0.8015,0.6534,658,0.4837,1.0000,0.569410,0.2072,2.3679,low_inlier
1887,70.1012,148.4727,-22.1234,-1.9935,0.5237,603,0.3245,1.0000,0.569410,-4.5503,1.7159,low_inlier
1888,70.1346,145.0813,-22.3664,-3.3915,-0.2430,603,0.4358,1.0000,0.569410,-5.6121,-1.0940,low_inlier
1889,70.1680,143.4463,-23.3764,-1.6350,-1.0100,688,0.4724,1.0000,0.569410,-1.0291,-3.6875,low_inlier
1890,70.2011,142.0907,-24.4695,-1.3555,-1.0932,603,0.2020,1.0000,0.569410,-0.3728,-3.9625,low_inlier
1891,70.2489,139.9468,-25.0167,-2.1439,-0.5472,723,0.5567,1.0000,0.569410,-2.8086,-2.0846,
1892,70.2725,138.5971,-25.5477,-1.3498,-0.5310,754,0.6536,1.0000,0.569410,-1.4180,-1.9725,
1893,70.3010,139.6832,-25.7804,1.0861,-0.2327,727,0.2911,1.0000,0.569410,2.3803,-0.7486,low_inlier
1894,70.3345,140.5690,-25.4416,0.8858,0.3389,695,0.8263,1.0000,0.569410,0.9487,1.2605,
1895,70.3679,141.0378,-25.0871,0.4688,0.3544,760,0.9524,1.0000,0.569410,0.1733,1.2867,
1896,71.7123,142.9762,-22.8010,1.9384,2.2861,149,0.0054,1.0000,0.185277,-2.7152,24.9044,low_inlier
1897,71.7400,142.8274,-22.7917,-0.1487,0.0094,671,0.6008,1.0000,0.185277,-0.8738,0.0757,
1898,71.7642,142.8635,-22.8346,0.0360,-0.0429,662,0.5725,1.0000,0.185277,0.4497,-0.4551,
1899,71.7959,142.7317,-22.9818,-0.1318,-0.1473,649,0.6348,1.0000,0.185277,0.1366,-1.6053,
1900,71.8201,142.3916,-23.1614,-0.3400,-0.1796,642,0.5990,1.0000,0.185277,-0.8208,-1.9878,
1901,71.8439,141.8359,-23.4330,-0.5557,-0.2716,604,0.6389,1.0000,0.185277,-1.4692,-3.0135,
1902,71.8675,141.4027,-23.7446,-0.4333,-0.3116,598,0.6788,1.0000,0.185277,-0.5609,-3.4227,
1903,71.8911,140.9477,-24.1438,-0.4550,-0.3992,574,0.6709,1.0000,0.185277,-0.1671,-4.3688,
1904,71.9149,140.5940,-24.5338,-0.3537,-0.3900,645,0.7227,1.0000,0.185277,0.3365,-4.2523,
1905,71.9386,140.2589,-24.9036,-0.3351,-0.3697,651,0.7338,1.0000,0.185277,0.3201,-4.0316,
1906,71.9624,139.9217,-25.3427,-0.3372,-0.4391,660,0.7622,1.0000,0.185277,0.7150,-4.7778,
1907,71.9858,139.8381,-25.7259,-0.0836,-0.3832,645,0.7525,1.0000,0.185277,1.7841,-4.1345,
1908,72.0096,139.7962,-26.0850,-0.0419,-0.3591,655,0.6633,1.0000,0.185277,1.8724,-3.8681,
1909,72.0334,139.5000,-26.3904,-0.2962,-0.3053,674,0.6385,1.0000,0.185277,0.1573,-3.3326,
1910,72.0569,139.0234,-26.6835,-0.4766,-0.2931,617,0.7034,1.0000,0.185277,-0.9075,-3.2314,
1911,72.0808,138.7069,-26.9362,-0.3165,-0.2527,613,0.7192,1.0000,0.185277,-0.2628,-2.7705,
1912,72.1048,138.5865,-27.1315,-0.1204,-0.1952,553,0.6806,1.0000,0.185277,0.4805,-2.1190,
1913,72.1285,138.3948,-27.3009,-0.1917,-0.1694,644,0.7494,1.0000,0.185277,-0.0634,-1.8539,
1914,72.1523,138.2917,-27.4989,-0.1030,-0.1980,595,0.6650,1.0000,0.185277,0.5920,-2.1457,
1915,72.1761,138.1379,-27.6736,-0.1538,-0.1748,618,0.6852,1.0000,0.185277,0.1767,-1.9051,
1916,72.1996,138.2405,-27.7048,0.1026,-0.0311,624,0.5617,1.0000,0.185277,0.7472,-0.3175,
1917,72.2271,138.6444,-27.6327,0.4039,0.0721,494,0.4150,1.0000,0.185277,1.8018,0.8434,low_inlier
1918,72.2510,138.8409,-27.6660,0.1964,-0.0333,635,0.5288,1.0000,0.185277,1.2770,-0.3254,
1919,72.2747,138.8920,-27.8035,0.0512,-0.1376,575,0.5075,1.0000,0.185277,1.0873,-1.4703,
1920,72.2983,138.9836,-27.8192,0.0915,-0.0156,677,0.7362,1.0000,0.185277,0.5955,-0.1525,
1921,72.3493,138.9794,-27.7434,-0.0042,0.0757,769,0.9563,1.0000,0.185277,-0.4667,0.8136,
1922,72.3725,138.9869,-27.6444,0.0075,0.0990,770,0.9387,1.0000,0.185277,-0.5384,1.0658,
1923,72.3956,139.1610,-27.5257,0.1740,0.1187,732,0.6088,1.0000,0.185277,0.2632,1.3053,
1924,72.4190,139.5678,-27.4033,0.4068,0.1224,763,0.7494,1.0000,0.185277,1.5234,1.3842,
1925,72.4424,139.7239,-27.2047,0.1561,0.1986,689,0.7538,1.0000,0.185277,-0.3039,2.1617,
1926,72.4658,139.6395,-27.1191,-0.0844,0.0856,765,0.9463,1.0000,0.185277,-0.9661,0.9062,
1927,72.4891,139.5652,-27.1238,-0.0743,-0.0047,765,0.9600,1.0000,0.185277,-0.3812,-0.0635,
1928,72.5124,139.4989,-27.1527,-0.0663,-0.0288,769,0.9650,1.0000,0.185277,-0.1959,-0.3212,
1929,72.5355,139.2463,-27.2908,-0.2526,-0.1381,749,0.8538,1.0000,0.185277,-0.5822,-1.5274,
1930,72.5589,138.8271,-27.4124,-0.4192,-0.1216,750,0.7459,1.0000,0.185277,-1.5964,-1.3774,
1931,72.5822,138.4631,-27.5403,-0.3640,-0.1279,759,0.9412,1.0000,0.185277,-1.2551,-1.4365,
1932,72.6053,138.6208,-27.6720,0.1577,-0.1317,756,0.8509,1.0000,0.185277,1.6395,-1.3895,
1933,72.6283,138.5922,-27.7438,-0.0286,-0.0718,769,0.8313,1.0000,0.185277,0.2629,-0.7770,
1934,72.6515,138.1987,-27.9196,-0.3935,-0.1758,766,0.9008,1.0000,0.185277,-1.1369,-1.9566,
1935,72.6748,138.1411,-27.9539,-0.0576,-0.0343,750,0.7200,1.0000,0.185277,-0.1164,-0.3785,
1936,72.6978,138.4627,-27.9671,0.3217,-0.0132,758,0.7812,1.0000,0.185277,1.8486,-0.0878,
1937,72.7213,138.3585,-28.0387,-0.1043,-0.0716,768,0.8271,1.0000,0.185277,-0.1551,-0.7868,
1938,72.7445,138.1208,-27.9991,-0.2377,0.0396,764,0.9550,1.0000,0.185277,-1.5407,0.3855,
1939,72.7674,138.1241,-27.9488,0.0034,0.0504,769,0.9613,1.0000,0.185277,-0.2765,0.5421,
1940,72.7906,138.3140,-27.9314,0.1899,0.0173,770,0.9613,1.0000,0.185277,0.9443,0.2181,
1941,72.8143,138.4469,-27.9153,0.1329,0.0161,775,0.9663,1.0000,0.185277,0.6373,0.1954,
1942,72.8374,138.4980,-27.9453,0.0511,-0.0300,773,0.9225,1.0000,0.185277,0.4572,-0.3137,
1943,72.8604,138.6422,-27.9243,0.1442,0.0210,767,0.9463,1.0000,0.185277,0.6708,0.2502,
1944,72.8835,138.8425,-28.0702,0.2003,-0.1460,762,0.8237,1.0000,0.185277,1.9579,-1.5355,
1945,72.9069,138.9237,-28.3137,0.0812,-0.2435,727,0.6943,1.0000,0.185277,1.8730,-2.6039,
1946,72.9309,138.7049,-28.6544,-0.2188,-0.3407,732,0.9090,1.0000,0.185277,0.7902,-3.6993,
1947,72.9546,138.5881,-29.0054,-0.1168,-0.3510,716,0.8731,1.0000,0.185277,1.4125,-3.7936,
1948,72.9780,138.5116,-29.3370,-0.0765,-0.3316,610,0.7611,1.0000,0.185277,1.5209,-3.5780,
1949,73.0015,138.3330,-29.7655,-0.1786,-0.4285,558,0.3223,1.0000,0.185277,1.5262,-4.6370,low_inlier
1950,73.0254,138.0595,-30.0283,-0.2735,-0.2628,598,0.5789,1.0000,0.185277,0.0332,-2.8718,
1951,73.0725,137.8644,-30.3142,-0.1951,-0.2858,780,0.9774,1.0000,0.185277,0.5999,-3.1058,
1952,73.0957,137.9917,-30.5885,0.1273,-0.2744,769,0.7800,1.0000,0.185277,2.3079,-2.9283,
1953,73.1189,138.0944,-30.7927,0.1026,-0.2042,728,0.8550,1.0000,0.185277,1.7608,-2.1777,
1954,73.1429,137.7980,-31.1619,-0.2963,-0.3692,772,0.9736,1.0000,0.185277,0.5307,-4.0193,
1955,73.1671,137.5590,-31.4033,-0.2390,-0.2414,739,0.4937,1.0000,0.185277,0.0975,-2.6356,low_inlier
1956,73.2004,137.5824,-31.5475,0.0234,-0.1442,672,0.7456,1.0000,0.185277,0.9734,-1.5468,
1957,73.2339,137.5149,-31.8146,-0.0675,-0.2670,611,0.6787,1.0000,0.185277,1.1924,-2.8824,
1958,73.2671,137.2157,-32.0267,-0.2992,-0.2121,645,0.6366,1.0000,0.185277,-0.4050,-2.3308,
1959,73.3007,136.8435,-32.2386,-0.3722,-0.2120,589,0.3538,1.0000,0.185277,-0.8083,-2.3415,low_inlier
1960,73.3338,136.6410,-32.4080,-0.2025,-0.1694,673,0.4600,1.0000,0.185277,-0.1232,-1.8549,low_inlier
1961,73.3671,136.7150,-32.4720,0.0740,-0.0640,657,0.4625,1.0000,0.185277,0.7825,-0.6755,low_inlier
1962,73.4003,136.6863,-32.5253,-0.0287,-0.0533,648,0.3262,1.0000,0.185277,0.1541,-0.5780,low_inlier
1963,73.4336,136.7208,-32.4697,0.0345,0.0557,692,0.3975,1.0000,0.185277,-0.1362,0.6041,low_inlier
1964,73.4671,137.2117,-32.2845,0.4909,0.1851,636,0.3429,1.0000,0.185277,1.6189,2.0729,low_inlier
1965,73.5005,137.5467,-31.9888,0.3350,0.2957,580,0.3726,1.0000,0.185277,0.1127,3.2357,low_inlier
1966,73.5336,137.8182,-31.7546,0.2716,0.2342,637,0.5832,1.0000,0.185277,0.1238,2.5634,
1967,73.5671,137.9653,-31.4726,0.1471,0.2820,595,0.6145,1.0000,0.185277,-0.8419,3.0567,
1968,73.6003,138.0981,-31.2027,0.1328,0.2699,626,0.5313,1.0000,0.185277,-0.8493,2.9237,
1969,73.6335,138.4670,-30.9826,0.3689,0.2202,641,0.5875,1.0000,0.185277,0.7421,2.4291,
1970,73.6673,138.7681,-30.8457,0.3011,0.1368,600,0.6188,1.0000,0.185277,0.8566,1.5216,
1971,73.7003,138.9257,-30.7066,0.1576,0.1392,648,0.7372,1.0000,0.185277,0.0529,1.5226,
1972,73.7335,0.0248,0.0637,0.0248,0.0637,665,0.7588,1.0000,0.185277,-0.2362,0.6888,
1973,73.7676,0.1196,0.0869,0.0948,0.0233,672,0.7750,1.0000,0.185277,0.3856,0.2659,
1974,73.8001,0.0774,0.0896,-0.0422,0.0026,693,0.7450,1.0000,0.185277,-0.2478,0.0214,
1975,73.8340,0.1313,0.0583,0.0539,-0.0313,673,0.8087,1.0000,0.185277,0.4804,-0.3276,
1976,73.8673,0.1906,0.0857,0.0593,0.0274,671,0.7137,1.0000,0.185277,0.1659,0.3049,
1977,73.9004,-0.0185,-0.1256,-0.2091,-0.2113,660,0.7762,1.0000,0.185277,0.0860,-2.3070,
1978,73.9332,-0.3701,-0.4098,-0.3516,-0.2842,684,0.7503,1.0000,0.185277,-0.2715,-3.1149,
1979,73.9671,-0.7708,-0.6779,-0.4007,-0.2680,605,0.3446,1.0000,0.185277,-0.6366,-2.9490,low_inlier
1980,74.0004,-1.4201,-0.8896,-0.6493,-0.2117,620,0.6090,1.0000,0.185277,-2.3358,-2.3851,
1981,74.0467,-1.8040,-1.0597,-0.3839,-0.1702,757,0.8899,1.0000,0.185277,-1.1172,-1.8940,
1982,74.0678,-1.9629,-1.0927,-0.1589,-0.0330,772,0.9650,1.0000,0.185277,-0.6817,-0.3814,
1983,74.0997,-1.9836,-1.0243,-0.0208,0.0684,774,0.9675,1.0000,0.185277,-0.5150,0.7318,
1984,74.1330,-1.9712,-0.8596,0.0124,0.1647,769,0.9636,1.0000,0.185277,-0.8965,1.7733,
1985,74.1665,-1.7630,-0.5805,0.2083,0.2790,752,0.9534,1.0000,0.185277,-0.4873,3.0350,
1986,74.1999,-1.2843,-0.2841,0.4787,0.2964,766,0.9079,1.0000,0.185277,0.8999,3.2674,
1987,74.2333,-0.8187,-0.0398,0.4655,0.2443,764,0.7202,1.0000,0.185277,1.1328,2.7047,
1988,74.2666,-0.3919,0.1890,0.4268,0.2289,756,0.8298,1.0000,0.185277,1.0101,2.5322,
1989,74.3001,-0.2492,0.2954,0.1427,0.1064,625,0.3513,1.0000,0.185277,0.1630,1.1677,low_inlier
1990,74.3331,-0.0041,0.2943,0.2451,-0.0011,726,0.7662,1.0000,0.185277,1.3561,0.0294,
1991,74.3663,0.2251,0.2863,0.2292,-0.0080,712,0.8788,1.0000,0.185277,1.3089,-0.0477,
1992,74.3999,0.2086,0.2015,-0.0166,-0.0847,728,0.8538,1.0000,0.185277,0.4052,-0.9140,
1993,74.4331,0.0867,0.0863,-0.1219,-0.1152,733,0.9100,1.0000,0.185277,0.0039,-1.2596,
1994,74.4664,-0.1392,-0.0857,-0.2259,-0.1720,733,0.7288,1.0000,0.185277,-0.2365,-1.8870,
1995,74.4997,-0.2843,-0.2590,-0.1452,-0.1733,738,0.8575,1.0000,0.185277,0.2158,-1.8880,
1996,74.5331,-0.5012,-0.3929,-0.2169,-0.1339,776,0.9525,1.0000,0.185277,-0.4105,-1.4758,
1997,74.5663,-0.7202,-0.4833,-0.2190,-0.0904,771,0.8250,1.0000,0.185277,-0.6765,-1.0087,
1998,74.5999,-0.8850,-0.5453,-0.1648,-0.0620,770,0.9500,1.0000,0.185277,-0.5443,-0.6942,
1999,74.6330,-0.8794,-0.5537,0.0056,-0.0084,777,0.9500,1.0000,0.185277,0.0799,-0.0892,
2000,74.6668,-0.8602,-0.4727,0.0192,0.0810,768,0.9624,1.0000,0.185277,-0.3686,0.8738,
2001,74.6997,-0.7847,-0.4474,0.0756,0.0254,771,0.9474,1.0000,0.185277,0.2678,0.2853,
2002,74.7333,-0.7512,-0.3542,0.0334,0.0932,764,0.9424,1.0000,0.185277,-0.3618,1.0076,
2003,74.7665,-0.6902,-0.2511,0.0611,0.1030,770,0.9562,1.0000,0.185277,-0.2671,1.1179,
2004,74.7996,-0.4419,-0.1989,0.2483,0.0523,773,0.9587,1.0000,0.185277,1.0610,0.6038,
2005,74.8334,-0.1357,-0.1921,0.3062,0.0068,706,0.7362,1.0000,0.185277,1.6463,0.1242,
2006,74.8663,0.3245,-0.1676,0.4602,0.0245,625,0.6863,1.0000,0.185277,2.3909,0.3402,
2007,74.8996,0.7181,-0.1068,0.3936,0.0609,762,0.7920,1.0000,0.185277,1.8110,0.7204,
2008,74.9330,0.9837,-0.0466,0.2656,0.0602,758,0.9125,1.0000,0.185277,1.1101,0.6919,
2009,74.9669,1.3586,-0.0312,0.3750,0.0154,729,0.8662,1.0000,0.185277,1.9743,0.2289,
2010,74.9994,1.9416,0.0523,0.5830,0.0835,593,0.6312,1.0000,0.185277,2.7213,0.9955,
2011,75.0453,2.3974,0.0512,0.4558,-0.0011,583,0.3705,1.0000,0.185277,2.5164,0.0643,low_inlier
2012,75.0667,2.6470,-0.1001,0.2496,-0.1512,730,0.6733,1.0000,0.185277,2.2605,-1.5841,
2013,75.0998,2.7071,-0.2634,0.0601,-0.1633,769,0.4512,1.0000,0.185277,1.2875,-1.7457,low_inlier
2014,75.1331,2.5626,-0.5083,-0.1445,-0.2449,761,0.4311,1.0000,0.185277,0.6388,-2.6576,low_inlier
2015,75.1661,2.6199,-0.7078,0.0573,-0.1995,671,0.5469,1.0000,0.185277,1.4841,-2.1357,
2016,75.1996,2.5727,-0.9285,-0.0472,-0.2207,555,0.4158,1.0000,0.185277,1.0324,-2.3805,low_inlier
2017,75.2329,2.2376,-1.2000,-0.3351,-0.2715,503,0.2447,1.0000,0.185277,-0.2551,-2.9755,low_inlier
2018,75.2660,1.8871,-1.5054,-0.3506,-0.3054,600,0.2805,1.0000,0.185277,-0.1418,-3.3423,low_inlier
2019,75.2994,1.6235,-1.7674,-0.2636,-0.2620,659,0.5213,1.0000,0.185277,0.0830,-2.8610,
2020,75.3328,1.1576,-2.0826,-0.4658,-0.3152,617,0.6295,1.0000,0.185277,-0.7191,-3.4672,
2021,75.3663,0.7494,-2.3383,-0.4082,-0.2556,620,0.6550,1.0000,0.185277,-0.7508,-2.8170,
2022,75.3997,0.6467,-2.5460,-0.1027,-0.2077,579,0.6070,1.0000,0.185277,0.6510,-2.2504,
2023,75.4328,0.5985,-2.7074,-0.0482,-0.1614,617,0.7025,1.0000,0.185277,0.6797,-1.7434,
2024,75.4663,0.6828,-2.7201,0.0843,-0.0127,693,0.3091,1.0000,0.185277,0.5383,-0.1222,low_inlier
2025,75.4993,0.7756,-2.7590,0.0928,-0.0389,664,0.5962,1.0000,0.185277,0.7391,-0.4026,
2026,75.5330,1.0077,-2.6007,0.2321,0.1582,667,0.4093,1.0000,0.185277,0.3516,1.7400,low_inlier
2027,75.5660,1.8468,-2.3207,0.8390,0.2801,565,0.2732,1.0000,0.185277,2.9798,3.1522,low_inlier
2028,75.5993,2.5086,-2.0394,0.6618,0.2813,543,0.3157,1.0000,0.185277,1.9971,3.1353,low_inlier
2029,75.6327,2.7213,-1.9174,0.2127,0.1220,663,0.4863,1.0000,0.185277,0.4567,1.3473,low_inlier
2030,75.6662,2.8539,-1.8532,0.1327,0.0642,691,0.6637,1.0000,0.185277,0.3543,0.7128,
2031,75.6993,2.8020,-1.7701,-0.0519,0.0830,688,0.7472,1.0000,0.185277,-0.7720,0.8841,
2032,75.7327,2.7067,-1.7234,-0.0953,0.0467,630,0.5175,1.0000,0.185277,-0.7983,0.4859,
2033,75.7662,2.6523,-1.7803,-0.0544,-0.0568,664,0.6538,1.0000,0.185277,0.0331,-0.6199,
2034,75.7992,2.6087,-1.8638,-0.0436,-0.0835,664,0.6725,1.0000,0.185277,0.2492,-0.9055,
2035,75.8333,2.2150,-1.9716,-0.3937,-0.1078,657,0.7250,1.0000,0.185277,-1.5369,-1.2248,
2036,75.8661,1.6990,-2.1464,-0.5160,-0.1748,616,0.5802,1.0000,0.185277,-1.8177,-1.9663,
2037,75.8993,1.3960,-2.2933,-0.3030,-0.1469,599,0.5952,1.0000,0.185277,-0.8080,-1.6303,
2038,75.9326,1.0542,-2.4825,-0.3418,-0.1892,616,0.5675,1.0000,0.185277,-0.7743,-2.0912,
2039,75.9661,0.8228,-2.6368,-0.2314,-0.1543,655,0.6266,1.0000,0.185277,-0.3701,-1.6982,
2040,75.9997,0.6986,-2.7512,-0.1242,-0.1144,686,0.7562,1.0000,0.185277,-0.0142,-1.2508,
2041,76.0455,0.6778,-2.8169,-0.0207,-0.0657,771,0.9662,1.0000,0.185277,0.2707,-0.7099,
2042,76.0664,0.5296,-2.8847,-0.1482,-0.0678,776,0.9387,1.0000,0.185277,-0.4190,-0.7540,
2043,76.0996,0.3975,-3.0623,-0.1321,-0.1776,772,0.9698,1.0000,0.185277,0.3124,-1.9312,
2044,76.1328,0.3370,-3.1980,-0.0605,-0.1357,774,0.9598,1.0000,0.185277,0.4618,-1.4694,
2045,76.1659,0.2280,-3.2335,-0.1091,-0.0355,774,0.9574,1.0000,0.185277,-0.3928,-0.3997,
2046,76.1991,0.0400,-3.1644,-0.1879,0.0690,768,0.9549,1.0000,0.185277,-1.4392,0.7106,
2047,76.2325,0.0901,-3.0249,0.0501,0.1395,772,0.9686,1.0000,0.185277,-0.5414,1.5085,
2048,76.2661,0.1827,-2.8923,0.0926,0.1326,772,0.9674,1.0000,0.185277,-0.2668,1.4411,
2049,76.2993,0.4347,-2.7619,0.2520,0.1304,772,0.9649,1.0000,0.185277,0.6240,1.4443,
2050,76.3323,0.3524,-2.5665,-0.0823,0.1955,764,0.9574,1.0000,0.185277,-1.5981,2.0878,
2051,76.3657,0.1891,-2.4559,-0.1633,0.1106,764,0.9574,1.0000,0.185277,-1.5470,1.1617,
2052,76.3991,0.1813,-2.3030,-0.0078,0.1529,765,0.9624,1.0000,0.185277,-0.9380,1.6421,
2053,76.4329,0.2812,-2.1487,0.0999,0.1543,767,0.9637,1.0000,0.185277,-0.3538,1.6761,
2054,76.4661,0.3251,-1.9621,0.0439,0.1866,767,0.9423,1.0000,0.185277,-0.8508,2.0132,
2055,76.4991,0.3709,-1.8010,0.0458,0.1611,747,0.8849,1.0000,0.185277,-0.6913,1.7394,
2056,76.5323,0.3608,-1.7646,-0.0101,0.0364,747,0.9113,1.0000,0.185277,-0.2690,0.3898,
2057,76.5661,0.4616,-1.7516,0.1009,0.0131,748,0.9350,1.0000,0.185277,0.4789,0.1574,
2058,76.5992,0.4911,-1.6484,0.0295,0.1031,738,0.8662,1.0000,0.185277,-0.4414,1.1135,
2059,76.6323,0.4258,-1.5446,-0.0653,0.1039,726,0.9050,1.0000,0.185277,-0.9682,1.1059,
2060,76.6659,0.4964,-1.3863,0.0706,0.1582,700,0.8271,1.0000,0.185277,-0.5381,1.7132,
2061,76.6991,0.8367,-1.1052,0.3403,0.2812,697,0.6233,1.0000,0.185277,0.2273,3.0800,
2062,76.7324,1.3144,-0.5958,0.4777,0.5094,603,0.3216,1.0000,0.185277,-0.3527,5.5567,low_inlier
2063,76.7662,2.0708,0.0962,0.7564,0.6920,625,0.2201,1.0000,0.185277,0.1123,7.5668,low_inlier
2064,76.7989,3.3403,1.0969,1.2695,1.0007,625,0.1159,1.0000,0.185277,1.1301,10.9719,low_inlier
2065,76.8325,4.7093,2.1910,1.3690,1.0941,585,0.1713,1.0000,0.185277,1.1307,11.9934,low_inlier
2066,76.8658,6.1952,3.4597,1.4859,1.2687,566,0.0840,1.0000,0.185277,0.7518,13.8904,low_inlier
2067,76.8990,7.9722,4.7876,1.7769,1.3279,568,0.0462,1.0000,0.185277,2.0077,14.5753,low_inlier
2068,76.9322,9.4999,6.0396,1.5277,1.2520,346,0.0757,1.0000,0.185277,1.0803,13.7169,low_inlier
2069,76.9657,10.8271,7.2358,1.3272,1.1962,367,0.0776,1.0000,0.185277,0.3027,13.0839,low_inlier
2070,76.9991,12.1260,8.4294,1.2989,1.1936,515,0.0486,1.0000,0.185277,0.1619,13.0507,low_inlier
2071,77.0463,13.8220,9.4994,1.6961,1.0701,635,0.0448,1.0000,0.185277,3.0725,11.7895,low_inlier
2072,77.0679,15.6266,10.5615,1.8045,1.0621,626,0.0764,1.0000,0.185277,3.7163,11.7224,low_inlier
2073,77.0988,17.7094,11.5821,2.0828,1.0206,362,0.0354,1.0000,0.185277,5.4918,11.3228,low_inlier
2074,77.1322,19.0496,12.5088,1.3402,0.9266,436,0.0726,1.0000,0.185277,1.9528,10.1877,low_inlier
2075,77.1656,20.3204,13.3849,1.2708,0.8762,693,0.1131,1.0000,0.185277,1.8665,9.6337,low_inlier
2076,77.1992,21.7442,14.3703,1.4238,0.9854,622,0.1364,1.0000,0.185277,2.0691,10.8332,low_inlier
2077,77.2320,23.2300,15.3892,1.4858,1.0189,555,0.0916,1.0000,0.185277,2.2144,11.2045,low_inlier
2078,77.2665,24.7425,16.4378,1.5125,1.0486,524,0.0744,1.0000,0.185277,2.1877,11.5278,low_inlier
2079,77.2998,25.6565,17.2144,0.9140,0.7766,332,0.1165,1.0000,0.185277,0.4847,8.5029,low_inlier
2080,77.3324,26.8485,17.9333,1.1920,0.7189,738,0.0832,1.0000,0.185277,2.3537,7.9292,low_inlier
2081,77.3659,27.8300,18.4478,0.9814,0.5145,654,0.0569,1.0000,0.185277,2.3908,5.6968,low_inlier
2082,77.3991,28.5012,18.7251,0.6712,0.2773,552,0.1344,1.0000,0.185277,2.0719,3.0945,low_inlier
2083,77.4326,29.2706,18.9638,0.7695,0.2387,717,0.1203,1.0000,0.185277,2.8391,2.6959,low_inlier
2084,77.4660,30.2842,19.1404,1.0135,0.1766,584,0.1832,1.0000,0.185277,4.5470,2.0687,low_inlier
2085,77.4991,31.6418,19.3135,1.3576,0.1730,601,0.2859,1.0000,0.185277,6.4625,2.0885,low_inlier
2086,77.5324,33.1644,19.5154,1.5226,0.2020,597,0.2144,1.0000,0.185277,7.2014,2.4272,low_inlier
2087,77.5656,34.8214,19.7119,1.6570,0.1965,680,0.2591,1.0000,0.185277,7.9735,2.3907,low_inlier
2088,77.5991,36.2193,19.8299,1.3979,0.1180,607,0.4628,1.0000,0.185277,7.0065,1.5036,low_inlier
2089,77.6323,36.9148,19.7918,0.6956,-0.0381,673,0.4868,1.0000,0.185277,4.0532,-0.2927,low_inlier
2090,77.6659,37.1626,19.6745,0.2478,-0.1173,708,0.6613,1.0000,0.185277,2.0516,-1.2197,
2091,77.6989,36.9387,19.4676,-0.2240,-0.2069,699,0.5482,1.0000,0.185277,-0.0218,-2.2616,
2092,77.7325,36.4874,19.1210,-0.4513,-0.3466,631,0.3695,1.0000,0.185277,-0.4550,-3.8023,low_inlier
2093,77.7670,35.7577,18.6975,-0.7296,-0.4235,594,0.2344,1.0000,0.185277,-1.5377,-4.6755,low_inlier
2094,77.7986,34.8277,18.1898,-0.9301,-0.5077,636,0.5165,1.0000,0.185277,-2.1479,-5.6151,
2095,77.8319,33.6749,17.7213,-1.1528,-0.4685,649,0.5705,1.0000,0.185277,-3.6043,-5.2304,
2096,77.8653,32.4386,16.9625,-1.2363,-0.7589,615,0.4023,1.0000,0.185277,-2.3633,-8.3664,low_inlier
2097,77.8985,30.6737,15.9525,-1.7649,-1.0100,535,0.2111,1.0000,0.185277,-3.8029,-11.1559,low_inlier
2098,77.9319,28.5589,14.6726,-2.1149,-1.2799,573,0.2126,1.0000,0.185277,-4.1498,-14.1158,low_inlier
2099,77.9652,26.2648,13.1271,-2.2940,-1.5455,641,0.2535,1.0000,0.185277,-3.5807,-17.0017,low_inlier
2100,77.9987,23.7917,11.3018,-2.4731,-1.8253,568,0.1883,1.0000,0.185277,-2.9279,-20.0402,low_inlier
2101,78.0464,21.2160,9.3046,-2.5758,-1.9972,576,0.2590,1.0000,0.185277,-2.4869,-21.9050,low_inlier
2102,78.0690,18.3558,7.2257,-2.8602,-2.0789,527,0.1720,1.0000,0.185277,-3.5748,-22.8311,low_inlier
2103,78.0979,15.2704,5.0638,-3.0854,-2.1620,603,0.2168,1.0000,0.185277,-4.3278,-23.7628,low_inlier
2104,78.1321,12.5623,2.9701,-2.7081,-2.0936,555,0.1438,1.0000,0.185277,-2.6509,-22.9643,low_inlier
2105,78.1650,10.3270,0.9319,-2.2353,-2.0382,485,0.0932,1.0000,0.185277,-0.3715,-22.2895,low_inlier
2106,78.1983,8.1602,-0.8784,-2.1667,-1.8103,560,0.1245,1.0000,0.185277,-1.3290,-19.8272,low_inlier
2107,78.2319,5.9361,-2.5665,-2.2241,-1.6881,265,0.0559,1.0000,0.185277,-2.3610,-18.5226,low_inlier
2108,78.2652,3.7702,-4.0137,-2.1659,-1.4472,555,0.1838,1.0000,0.185277,-3.4506,-15.9235,low_inlier
2109,78.2982,1.7492,-5.4193,-2.0210,-1.4056,630,0.2936,1.0000,0.185277,-2.8964,-15.4522,low_inlier
2110,78.3316,-0.1062,-6.7455,-1.8554,-1.3262,580,0.2642,1.0000,0.185277,-2.4498,-14.5704,low_inlier
2111,78.3649,-2.3551,-8.1810,-2.2489,-1.4355,449,0.1319,1.0000,0.185277,-3.9764,-15.8114,low_inlier
2112,78.3982,-4.5098,-9.6136,-2.1547,-1.4325,520,0.2510,1.0000,0.185277,-3.4750,-15.7639,low_inlier
2113,78.4316,-6.5537,-11.0383,-2.0439,-1.4247,552,0.3454,1.0000,0.185277,-2.9109,-15.6607,low_inlier
2114,78.4651,-8.8780,-12.6329,-2.3243,-1.5947,553,0.1982,1.0000,0.185277,-3.4597,-17.5353,low_inlier
2115,78.4982,-11.1320,-14.2135,-2.2540,-1.5805,491,0.3687,1.0000,0.185277,-3.1550,-17.3715,low_inlier
2116,78.5320,-13.2224,-15.8265,-2.0904,-1.6130,559,0.2872,1.0000,0.185277,-2.0640,-17.6937,low_inlier
2117,78.5651,-15.2790,-17.5027,-2.0566,-1.6762,478,0.3277,1.0000,0.185277,-1.5076,-18.3670,low_inlier
2118,78.5987,-17.6449,-19.1655,-2.3660,-1.6628,567,0.1392,1.0000,0.185277,-3.2903,-18.2745,low_inlier
2119,78.6319,-19.3890,-20.6462,-1.7440,-1.4808,514,0.1582,1.0000,0.185277,-0.9312,-16.2132,low_inlier
2120,78.6650,-19.6541,-21.5004,-0.2652,-0.8542,541,0.0609,1.0000,0.185277,3.5427,-9.2286,low_inlier
2121,78.6982,-18.5704,-21.8919,1.0837,-0.3914,291,0.0402,1.0000,0.185277,8.2599,-4.0262,low_inlier
2122,78.7316,-16.3894,-21.9451,2.1810,-0.0532,472,0.0363,1.0000,0.185277,12.3217,-0.2060,low_inlier
2123,78.7650,-13.6186,-21.6250,2.7708,0.3201,265,0.0175,1.0000,0.185277,13.3832,3.9069,low_inlier
2124,78.7982,-10.6950,-21.1862,2.9236,0.4388,351,0.0201,1.0000,0.185277,13.5291,5.2093,low_inlier
2125,78.8319,-6.7459,-20.6874,3.9491,0.4988,376,0.0340,1.0000,0.185277,18.8245,6.0266,low_inlier
2126,78.8652,-2.3313,-20.0350,4.4146,0.6524,385,0.0318,1.0000,0.185277,20.4885,7.7556,low_inlier
2127,78.8980,2.0185,-19.1018,4.3498,0.9332,277,0.0152,1.0000,0.185277,18.4872,10.7640,low_inlier
2128,78.9314,7.1646,-17.9246,5.1461,1.1772,447,0.0078,1.0000,0.185277,21.4426,13.5215,low_inlier
2129,78.9647,10.6900,-17.1682,3.5254,0.7564,724,0.0000,1.0000,0.185277,14.9826,8.7251,low_inlier
2130,78.9981,6.8430,-19.1065,-3.8471,-1.9384,278,0.0146,1.0000,0.185277,-9.8319,-21.4863,low_inlier
2131,79.0481,3.0351,-20.9412,-3.8079,-1.8346,559,0.0194,1.0000,0.185277,-10.2235,-20.3647,low_inlier
2132,79.0709,-0.7647,-22.5929,-3.7997,-1.6517,415,0.0206,1.0000,0.185277,-11.2498,-18.3969,low_inlier
2133,79.0981,-4.5079,-23.9236,-3.7433,-1.3307,518,0.0303,1.0000,0.185277,-12.8191,-14.9359,low_inlier
2134,79.1320,-7.9273,-25.0542,-3.4194,-1.1306,479,0.0176,1.0000,0.185277,-12.2077,-12.7297,low_inlier
2135,79.1649,-11.4708,-26.0754,-3.5435,-1.0212,295,0.0163,1.0000,0.185277,-13.5316,-11.5748,low_inlier
2136,79.1980,-14.3098,-26.6520,-2.8390,-0.5766,531,0.0329,1.0000,0.185277,-12.2563,-6.6764,low_inlier
2137,79.2311,-16.8629,-27.1149,-2.5531,-0.4629,343,0.0191,1.0000,0.185277,-11.3478,-5.4054,low_inlier
2138,79.2647,-19.9325,-27.4160,-3.0696,-0.3011,382,0.0258,1.0000,0.185277,-15.1396,-3.7532,low_inlier
2139,79.2979,-23.8158,-27.3918,-3.8832,0.0242,335,0.0220,1.0000,0.185277,-21.5250,-0.3922,low_inlier
2140,79.3314,-22.2885,-27.2358,1.5272,0.1560,331,0.0000,1.0000,0.185277,7.4962,1.9337,low_inlier
2141,79.3648,-19.8743,-26.7969,2.4142,0.4389,54,0.0000,1.0000,0.185277,10.7237,5.1242,low_inlier
2142,79.4054,-20.0332,-28.7242,-0.1589,-1.9273,137,0.0177,1.0000,0.185277,10.4128,-20.7479,low_inlier
2143,79.4315,-21.2668,-30.8875,-1.2336,-2.1633,253,0.0332,1.0000,0.185277,5.8766,-23.4659,low_inlier
2144,79.4646,-23.0335,-33.0893,-1.7667,-2.2018,248,0.0335,1.0000,0.185277,3.1668,-23.9689,low_inlier
2145,79.4979,-25.5147,-35.3144,-2.4812,-2.2251,230,0.0257,1.0000,0.185277,-0.6313,-24.3394,low_inlier
2146,79.5313,-20.9746,-34.7215,4.5400,0.5928,206,0.0619,1.0000,0.185277,21.5279,7.1365,low_inlier
2147,79.5647,-16.7608,-34.5105,4.2138,0.2110,256,0.0775,1.0000,0.185277,21.9679,2.9766,low_inlier
2148,79.5979,-13.2081,-34.7002,3.5527,-0.1897,254,0.0501,1.0000,0.185277,20.6741,-1.4421,low_inlier
2149,79.6312,-10.9890,-35.3982,2.2191,-0.6980,204,0.0631,1.0000,0.185277,16.3076,-7.1317,low_inlier
2150,79.6650,-9.8588,-36.5892,1.1303,-1.1910,200,0.0573,1.0000,0.185277,13.1993,-12.6152,low_inlier
2151,79.7038,-12.6707,-35.6898,-2.8119,0.8995,369,0.0687,1.0000,0.185277,-20.7520,9.1981,low_inlier
2152,79.7314,-16.5430,-35.7190,-3.8723,-0.0293,346,0.0739,1.0000,0.185277,-21.1516,-0.9653,low_inlier
2153,79.7654,-20.7886,-36.3687,-4.2456,-0.6497,468,0.0448,1.0000,0.185277,-19.5739,-7.6981,low_inlier
2154,79.7985,-17.7307,-35.6533,3.0578,0.7153,235,0.0269,1.0000,0.185277,12.6486,8.2048,low_inlier
2155,79.8311,-15.9224,-36.2214,1.8083,-0.5681,271,0.0546,1.0000,0.185277,13.2847,-5.8036,low_inlier
2156,79.8653,-17.3647,-37.7741,-1.4423,-1.5527,681,0.0000,1.0000,0.185277,1.1516,-16.9363,low_inlier
2157,79.8984,-23.6715,-38.6895,-6.3068,-0.9154,297,0.0055,1.0000,0.185277,-29.3678,-10.9012,low_inlier
2158,79.9318,-25.4625,-38.6243,-1.7910,0.0652,262,0.0377,1.0000,0.185277,-10.2442,0.4005,low_inlier
2159,79.9652,-28.2776,-38.6072,-2.8151,0.0170,252,0.1660,1.0000,0.185277,-15.6013,-0.2898,low_inlier
2160,79.9983,-31.3875,-38.5707,-3.1099,0.0365,317,0.0764,1.0000,0.185277,-17.3386,-0.1299,low_inlier
2161,80.0514,-34.2665,-38.0205,-2.8790,0.5502,466,0.0891,1.0000,0.185277,-19.0759,5.4318,low_inlier
2162,80.0801,-36.6634,-38.4822,-2.3969,-0.4617,548,0.0063,1.0000,0.185277,-10.4947,-5.3665,low_inlier
2163,80.1172,-33.5459,-38.2695,3.1174,0.2126,209,0.0039,1.0000,0.185277,15.9211,2.8097,low_inlier
2164,80.1445,-35.0213,-39.0486,-1.4754,-0.7791,311,0.0040,1.0000,0.185277,-3.5614,-8.6243,low_inlier
2165,80.1684,-36.1170,-40.4497,-1.0956,-1.4010,548,0.0039,1.0000,0.185277,2.1723,-15.2473,low_inlier
2166,80.2033,-35.5644,-41.4661,0.5525,-1.0164,550,0.0014,1.0000,0.185277,8.9954,-10.8351,low_inlier
2167,80.2315,-35.8886,-42.9525,-0.3242,-1.4863,487,0.0013,1.0000,0.185277,6.9200,-16.0345,low_inlier
2168,80.2715,-35.0166,-43.2966,0.8720,-0.3441,353,0.0039,1.0000,0.185277,6.8170,-3.5534,low_inlier
2169,80.3006,-23.8779,-43.0909,11.1388,0.2057,569,0.0000,1.0000,0.185277,60.1315,4.0833,low_inlier
2170,80.3319,-15.4273,-41.3560,8.4505,1.7349,108,0.0029,1.0000,0.185277,36.3726,20.0727,low_inlier
2171,80.3650,-1.3074,-39.0564,14.1199,2.2996,370,0.0000,1.0000,0.185277,64.2842,27.0959,low_inlier
2172,80.3983,13.4911,-34.5321,14.7986,4.5243,232,0.0075,1.0000,0.185277,54.9922,51.1286,low_inlier
2173,80.4313,25.1742,-31.0523,11.6831,3.4798,317,0.0000,1.0000,0.185277,43.9536,39.3761,low_inlier
2174,80.4644,34.8871,-30.4977,9.7129,0.5546,209,0.0000,1.0000,0.185277,50.2361,7.5952,low_inlier
2175,80.4978,39.4404,-33.1733,4.5533,-2.6756,306,0.0015,1.0000,0.185277,40.7429,-28.0010,low_inlier
2176,80.5312,40.3814,-35.6683,0.9410,-2.4950,437,0.0090,1.0000,0.185277,19.7943,-26.6670,low_inlier
2177,80.5643,40.4317,-36.8604,0.0503,-1.1921,329,0.0337,1.0000,0.185277,7.2588,-12.8080,low_inlier
2178,80.5977,41.5911,-34.8463,1.1594,2.0140,289,0.0014,1.0000,0.185277,-5.4113,21.8483,low_inlier
2179,80.6311,42.4149,-29.3995,0.8238,5.4469,200,0.0035,1.0000,0.185277,-27.3642,58.6999,low_inlier
2180,80.6640,42.0050,-27.8107,-0.4099,1.5888,379,0.0015,1.0000,0.185277,-11.5621,17.0126,low_inlier
2181,80.6977,37.3244,-28.3907,-4.6806,-0.5800,346,0.0337,1.0000,0.185277,-22.3768,-7.0228,low_inlier
2182,80.7313,32.7633,-27.3235,-4.5612,1.0673,440,0.0054,1.0000,0.185277,-31.3669,10.7080,low_inlier
2183,80.7642,33.2918,-25.8611,0.5286,1.4624,356,0.0136,1.0000,0.185277,-5.6541,15.8117,low_inlier
2184,80.7977,33.0930,-25.6111,-0.1989,0.2499,439,0.0052,1.0000,0.185277,-2.5588,2.6534,low_inlier
2185,80.8312,29.8989,-26.1047,-3.1940,-0.4935,519,0.0620,1.0000,0.185277,-14.6975,-5.8430,low_inlier
2186,80.8641,26.9701,-26.4174,-2.9288,-0.3127,481,0.1210,1.0000,0.185277,-14.2965,-3.8541,low_inlier
2187,80.8976,25.1571,-26.7202,-1.8130,-0.3028,491,0.1073,1.0000,0.185277,-8.2101,-3.5603,low_inlier
2188,80.9312,24.5717,-27.2048,-0.5854,-0.4846,567,0.3012,1.0000,0.185277,-0.3853,-5.3083,low_inlier
2189,80.9642,25.0019,-27.9133,0.4302,-0.7085,455,0.0191,1.0000,0.185277,6.5187,-7.5453,low_inlier
2190,80.9975,27.5510,-28.7851,2.5491,-0.8718,359,0.0231,1.0000,0.185277,19.1425,-8.9442,low_inlier
2191,81.0521,28.7909,-28.8630,1.2399,-0.0780,434,0.3700,1.0000,0.185277,7.2842,-0.6298,low_inlier
2192,81.0744,28.9664,-29.0071,0.1755,-0.1441,759,0.6312,1.0000,0.185277,1.8099,-1.5193,
2193,81.0981,28.6423,-29.2136,-0.3241,-0.2065,524,0.6562,1.0000,0.185277,-0.5753,-2.2746,
2194,81.1317,27.7992,-29.6526,-0.8431,-0.4391,519,0.2863,1.0000,0.185277,-2.0714,-4.8621,low_inlier
2195,81.1649,27.6018,-29.9301,-0.1974,-0.2775,553,0.4160,1.0000,0.185277,0.5380,-3.0163,low_inlier
2196,81.1979,27.0780,-30.2691,-0.5238,-0.3390,516,0.6188,1.0000,0.185277,-0.8988,-3.7330,
2197,81.2312,26.7714,-30.5985,-0.3066,-0.3294,591,0.6925,1.0000,0.185277,0.2407,-3.5926,
2198,81.2646,25.9079,-30.8963,-0.8635,-0.2978,595,0.7212,1.0000,0.185277,-3.0106,-3.3467,
2199,81.2977,25.1304,-31.1957,-0.7775,-0.2994,599,0.4100,1.0000,0.185277,-2.5280,-3.3492,low_inlier
2200,81.3310,25.4111,-31.3240,0.2807,-0.1283,574,0.5689,1.0000,0.185277,2.2969,-1.3321,
2201,81.3649,25.9102,-31.4036,0.4991,-0.0796,471,0.5887,1.0000,0.185277,3.2145,-0.7720,
2202,81.3977,27.5124,-32.1035,1.6022,-0.6999,408,0.0000,1.0000,0.185277,12.9221,-7.2559,low_inlier
2203,81.4306,25.9671,-33.4070,-1.5453,-1.3035,357,0.0175,1.0000,0.185277,-0.8754,-14.2738,low_inlier
2204,81.4639,23.1498,-35.1013,-2.8173,-1.6944,402,0.0188,1.0000,0.185277,-5.5904,-18.6900,low_inlier
2205,81.4972,24.9670,-34.8983,1.8172,0.2031,381,0.0125,1.0000,0.185277,8.8173,2.4885,low_inlier
2206,81.5309,24.9092,-34.5995,-0.0578,0.2988,178,0.0051,1.0000,0.185277,-2.0683,3.2028,low_inlier
2207,81.5642,26.9027,-34.1183,1.9935,0.4811,678,0.0038,1.0000,0.185277,8.1599,5.5076,low_inlier
2208,81.5977,33.0538,-32.2920,6.1510,1.8263,705,0.0039,1.0000,0.185277,23.1749,20.6692,low_inlier
2209,81.6308,40.5493,-28.9118,7.4955,3.3802,274,0.0027,1.0000,0.185277,21.4778,37.6010,low_inlier
2210,81.6735,33.6985,-27.2931,-6.8507,1.6187,444,0.0013,1.0000,0.185277,-47.2043,16.2524,low_inlier
2211,81.7096,24.4469,-27.3291,-9.2517,-0.0360,559,0.0000,1.0000,0.185277,-50.7340,-1.9418,low_inlier
2212,81.7351,12.7789,-30.9061,-11.6680,-3.5770,325,0.0000,1.0000,0.185277,-43.3012,-40.4185,low_inlier
2213,81.7641,11.5660,-31.4639,-1.2128,-0.5578,593,0.0030,1.0000,0.185277,-3.4118,-6.2008,low_inlier
2214,81.7978,-7.7193,-36.3322,-19.2853,-4.8683,535,0.0000,1.0000,0.185277,-77.6841,-55.5809,low_inlier
2215,81.8307,-30.6785,-39.8112,-22.9592,-3.4790,518,0.0032,1.0000,0.185277,-106.0511,-41.2617,low_inlier
2216,81.8645,-33.2955,-39.4240,-2.6170,0.3871,478,0.0043,1.0000,0.185277,-16.6778,3.7222,low_inlier
2217,81.9126,-32.8695,-38.8895,0.4260,0.5345,320,0.0014,1.0000,0.185277,-0.7846,5.8183,low_inlier
2218,81.9370,-33.3748,-38.9289,-0.5053,-0.0394,549,0.0053,1.0000,0.185277,-2.5521,-0.5084,low_inlier
2219,81.9692,-33.2944,-38.9042,0.0805,0.0247,392,0.0139,1.0000,0.185277,0.2983,0.2793,low_inlier
2220,81.9972,-33.9173,-38.3317,-0.6229,0.5725,288,0.0039,1.0000,0.185277,-6.7829,6.0501,low_inlier
2221,82.0503,-34.2528,-38.5094,-0.3355,-0.1777,324,0.0015,1.0000,0.185277,-0.8071,-1.9666,low_inlier
2222,82.0823,-34.4870,-38.3370,-0.2342,0.1724,239,0.0054,1.0000,0.185277,-2.2991,1.8141,low_inlier
2223,82.1070,-34.6202,-38.2771,-0.1332,0.0600,421,0.0098,1.0000,0.185277,-1.0847,0.6222,low_inlier
2224,82.1310,-34.4957,-38.2270,0.1245,0.0501,509,0.0122,1.0000,0.185277,0.3922,0.5593,low_inlier
2225,82.1640,-35.6277,-37.0282,-1.1320,1.1987,638,0.0027,1.0000,0.185277,-13.2539,12.6978,low_inlier
2226,82.1971,-36.5032,-35.8461,-0.8755,1.1821,651,0.0257,1.0000,0.185277,-11.7445,12.5622,low_inlier
2227,82.2338,-36.9925,-35.8447,-0.4893,0.0014,370,0.0327,1.0000,0.185277,-2.7025,-0.0670,low_inlier
2228,82.2637,-38.7739,-36.3317,-1.7814,-0.4870,440,0.0274,1.0000,0.185277,-6.9570,-5.5352,low_inlier
2229,82.2972,-38.4269,-36.2565,0.3470,0.0752,512,0.0090,1.0000,0.185277,1.4701,0.8671,low_inlier
2230,82.3304,-38.2770,-36.1141,0.1499,0.1424,509,0.0140,1.0000,0.185277,-0.0085,1.5564,low_inlier
2231,82.3638,-38.4309,-36.3475,-0.1540,-0.2334,418,0.0000,1.0000,0.185277,0.5191,-2.5352,low_inlier
2232,82.3969,-0.1571,0.0571,-0.1571,0.0571,500,0.0178,1.0000,0.185277,-1.1995,0.5880,low_inlier
2233,82.4303,-0.4524,-0.0725,-0.2953,-0.1296,492,0.0064,1.0000,0.185277,-0.8671,-1.4432,low_inlier
2234,82.4640,-2.1141,0.6422,-1.6617,0.7147,387,0.0038,1.0000,0.185277,-13.3362,7.4050,low_inlier
2235,82.4975,-2.6918,1.0717,-0.5777,0.4295,734,0.0887,1.0000,0.185277,-5.6963,4.5205,low_inlier
2236,82.5331,-2.2962,0.5134,0.3956,-0.5584,694,0.1850,1.0000,0.185277,5.4483,-5.9366,low_inlier
2237,82.5645,-0.7434,-0.2391,1.5528,-0.7525,509,0.2888,1.0000,0.185277,12.9576,-7.8289,low_inlier
2238,82.5975,1.6552,-0.4944,2.3986,-0.2554,549,0.2958,1.0000,0.185277,14.7033,-2.3423,low_inlier
2239,82.6324,3.7103,-0.3848,2.0551,0.1096,644,0.2522,1.0000,0.185277,10.6746,1.5238,low_inlier
2240,82.6640,5.5315,0.3750,1.8212,0.7599,691,0.4214,1.0000,0.185277,5.5785,8.4755,low_inlier
2241,82.6995,9.3238,1.6466,3.7923,1.2716,423,0.0668,1.0000,0.185277,13.4354,14.3083,low_inlier
2242,82.7307,9.4756,2.0059,0.1517,0.3593,281,0.0013,1.0000,0.185277,-1.2690,3.8889,low_inlier
2243,82.7650,9.3764,1.9224,-0.0991,-0.0836,655,0.0105,1.0000,0.185277,-0.0563,-0.9152,low_inlier
2244,82.7973,8.5975,2.0656,-0.7790,0.1432,512,0.0051,1.0000,0.185277,-5.1281,1.4086,low_inlier
2245,82.8305,8.4523,2.2361,-0.1452,0.1706,433,0.0039,1.0000,0.185277,-1.7985,1.8096,low_inlier
2246,82.8638,8.3009,2.5127,-0.1514,0.2766,698,0.0064,1.0000,0.185277,-2.4536,2.9479,low_inlier
2247,82.8971,10.8754,4.1160,2.5745,1.6033,325,0.0088,1.0000,0.185277,4.7866,17.6705,low_inlier
2248,82.9307,13.6009,5.2416,2.7255,1.1256,686,0.0439,1.0000,0.185277,8.4162,12.5595,low_inlier
2249,82.9642,16.0893,5.8509,2.4884,0.6093,734,0.0932,1.0000,0.185277,10.1342,6.9686,low_inlier
2250,82.9973,16.5452,6.0708,0.4559,0.2199,776,0.1875,1.0000,0.185277,1.2225,2.4406,low_inlier
2251,83.0635,15.8144,5.6897,-0.7308,-0.3810,715,0.6090,1.0000,0.185277,-1.7927,-4.2194,
2252,83.0859,15.1440,4.9370,-0.6704,-0.7527,771,0.3717,1.0000,0.185277,0.7166,-8.2050,low_inlier
2253,83.1075,14.3037,3.9451,-0.8403,-0.9920,726,0.1769,1.0000,0.185277,1.1826,-10.8060,low_inlier
2254,83.1318,12.7163,3.1263,-1.5874,-0.8188,710,0.2999,1.0000,0.185277,-3.9456,-9.0703,low_inlier
2255,83.1635,10.7046,2.1215,-2.0117,-1.0048,578,0.3434,1.0000,0.185277,-5.1930,-11.1409,low_inlier
2256,83.1972,9.3293,1.0721,-1.3753,-1.0494,601,0.3837,1.0000,0.185277,-1.4275,-11.5131,low_inlier
2257,83.2301,8.5475,0.1235,-0.7817,-0.9486,750,0.3714,1.0000,0.185277,1.2512,-10.3304,low_inlier
2258,83.2634,7.3723,-0.7871,-1.1752,-0.9106,689,0.1805,1.0000,0.185277,-1.1380,-9.9881,low_inlier
2259,83.2969,6.3242,-1.5975,-1.0481,-0.8104,652,0.1721,1.0000,0.185277,-1.0255,-8.8886,low_inlier
2260,83.3301,5.8366,-2.0910,-0.4877,-0.4935,713,0.5100,1.0000,0.185277,0.2048,-5.3875,
2261,83.3637,5.5190,-2.3018,-0.3176,-0.2108,789,0.5988,1.0000,0.185277,-0.5145,-2.3195,
2262,83.3963,5.4387,-2.2719,-0.0802,0.0298,789,0.9750,1.0000,0.185277,-0.6165,0.3074,
2263,83.4300,5.8386,-2.3162,0.3999,-0.0443,770,0.7913,1.0000,0.185277,2.4615,-0.4092,
2264,83.4634,6.4821,-2.3533,0.6435,-0.0371,682,0.8013,1.0000,0.185277,3.7609,-0.2909,
2265,83.4967,7.1838,-2.2394,0.7016,0.1140,667,0.7488,1.0000,0.185277,3.1961,1.3432,
2266,83.5302,7.5003,-2.0074,0.3166,0.2320,766,0.4750,1.0000,0.185277,0.3848,2.5470,low_inlier
2267,83.5662,7.7521,-1.9306,0.2518,0.0768,768,0.4425,1.0000,0.185277,0.9363,0.8685,low_inlier
2268,83.5971,8.6598,-1.7662,0.9077,0.1643,702,0.7050,1.0000,0.185277,4.0356,1.9194,
2269,83.6302,9.1865,-1.6053,0.5267,0.1609,716,0.7262,1.0000,0.185277,1.9579,1.8188,
2270,83.6633,9.2528,-1.5423,0.0663,0.0630,786,0.8712,1.0000,0.185277,-0.0039,0.6883,
2271,83.6973,9.8023,-1.4963,0.5496,0.0460,734,0.8300,1.0000,0.185277,2.7568,0.5869,
2272,83.7360,10.3799,-1.4067,0.5775,0.0896,727,0.5713,1.0000,0.185277,2.6555,1.0605,
2273,83.7683,10.4616,-1.2748,0.0818,0.1319,761,0.9250,1.0000,0.185277,-0.3222,1.4318,
2274,83.7966,10.3265,-1.2064,-0.1351,0.0684,792,0.9000,1.0000,0.185277,-1.1444,0.7124,
2275,83.8304,10.6886,-1.1702,0.3620,0.0362,746,0.8850,1.0000,0.185277,1.7816,0.4498,
2276,83.8636,11.0574,-1.0773,0.3689,0.0930,762,0.6550,1.0000,0.185277,1.4865,1.0617,
2277,83.8963,11.1760,-0.8926,0.1186,0.1846,785,0.8400,1.0000,0.185277,-0.4282,2.0050,
2278,83.9302,11.4491,-0.7382,0.2731,0.1544,789,0.9812,1.0000,0.185277,0.5991,1.7062,
2279,83.9636,12.1191,-0.5227,0.6700,0.2155,766,0.9087,1.0000,0.185277,2.4274,2.4291,
2280,83.9962,12.7055,-0.1309,0.5864,0.3918,757,0.6646,1.0000,0.185277,0.9343,4.3114,
2281,84.0477,13.2718,0.1652,0.5664,0.2960,790,0.8075,1.0000,0.185277,1.3849,3.2780,
2282,84.0693,14.2188,0.4665,0.9469,0.3013,777,0.7588,1.0000,0.185277,3.4498,3.3986,
2283,84.0965,14.6631,0.5026,0.4444,0.0362,789,0.7963,1.0000,0.185277,2.2351,0.4634,
2284,84.1302,15.1054,0.3985,0.4422,-0.1041,763,0.8975,1.0000,0.185277,3.0450,-1.0450,
2285,84.1634,15.2256,0.2504,0.1202,-0.1482,773,0.8950,1.0000,0.185277,1.5295,-1.5727,
2286,84.1970,14.5719,-0.1984,-0.6536,-0.4487,779,0.9024,1.0000,0.185277,-0.9713,-4.9342,
2287,84.2347,14.0218,-0.7048,-0.5501,-0.5065,736,0.8636,1.0000,0.185277,-0.0630,-5.5376,
2288,84.2631,13.6407,-1.1402,-0.3811,-0.4354,787,0.9875,1.0000,0.185277,0.4512,-4.7447,
2289,84.2970,13.2782,-1.5786,-0.3626,-0.4384,766,0.8050,1.0000,0.185277,0.5710,-4.7744,
2290,84.3300,13.4137,-1.8814,0.1356,-0.3028,782,0.7288,1.0000,0.185277,2.5199,-3.2327,
2291,84.3673,13.7194,-2.1999,0.3056,-0.3185,766,0.9025,1.0000,0.185277,3.5486,-3.3734,
2292,84.3964,14.1842,-2.5663,0.4648,-0.3664,753,0.8325,1.0000,0.185277,4.7054,-3.8610,
2293,84.4301,15.3578,-2.6833,1.1736,-0.1170,783,0.4881,1.0000,0.185277,7.1477,-1.0605,low_inlier
2294,84.4632,16.7970,-2.6249,1.4392,0.0584,730,0.4248,1.0000,0.185277,7.5833,0.8693,low_inlier
2295,84.4965,17.9544,-2.5765,1.1573,0.0484,784,0.4500,1.0000,0.185277,6.0893,0.7150,low_inlier
2296,84.5297,19.1254,-2.5273,1.1710,0.0493,784,0.4706,1.0000,0.185277,6.1597,0.7264,low_inlier
2297,84.5633,20.3675,-2.4923,1.2422,0.0349,788,0.4255,1.0000,0.185277,6.6355,0.5843,low_inlier
2298,84.5968,21.8574,-2.4698,1.4899,0.0225,667,0.5691,1.0000,0.185277,8.0723,0.4923,
2299,84.6301,23.2523,-2.4633,1.3949,0.0066,764,0.4504,1.0000,0.185277,7.6427,0.3049,low_inlier
2300,84.6633,24.2911,-2.4655,1.0388,-0.0022,771,0.7547,1.0000,0.185277,5.7330,0.1508,
2301,84.6968,25.3444,-2.4921,1.0533,-0.0267,774,0.7434,1.0000,0.185277,5.9560,-0.1096,
2302,84.7299,26.7341,-2.3363,1.3898,0.1559,776,0.4280,1.0000,0.185277,6.7399,1.9094,low_inlier
2303,84.7633,27.9462,-2.1953,1.2120,0.1409,750,0.4380,1.0000,0.185277,5.8488,1.7187,low_inlier
2304,84.7971,28.7140,-2.2100,0.7678,-0.0147,776,0.3475,1.0000,0.185277,4.3141,-0.0289,low_inlier
2305,84.8301,29.5683,-2.3518,0.8543,-0.1418,764,0.4037,1.0000,0.185277,5.5349,-1.3812,low_inlier
2306,84.8630,30.8072,-2.4485,1.2389,-0.0966,778,0.5539,1.0000,0.185277,7.3882,-0.8309,
2307,84.8964,32.1697,-2.5172,1.3625,-0.0687,776,0.4318,1.0000,0.185277,7.9050,-0.5099,low_inlier
2308,84.9300,33.5363,-2.6840,1.3666,-0.1668,766,0.4095,1.0000,0.185277,8.5022,-1.5640,low_inlier
2309,84.9636,35.0028,-2.7585,1.4666,-0.0744,777,0.3680,1.0000,0.185277,8.5115,-0.5536,low_inlier
2310,84.9999,36.7052,-2.7414,1.7024,0.0171,756,0.2979,1.0000,0.185277,9.2741,0.4697,low_inlier
2311,85.0521,38.2482,-2.7192,1.5431,0.0222,589,0.3371,1.0000,0.185277,8.3672,0.4974,low_inlier
2312,85.0762,39.6662,-2.7838,1.4179,-0.0646,604,0.3447,1.0000,0.185277,8.1863,-0.4563,low_inlier
2313,85.0993,40.9820,-2.8087,1.3158,-0.0249,611,0.5177,1.0000,0.185277,7.3915,-0.0468,
2314,85.1297,42.4121,-2.8180,1.4301,-0.0093,598,0.4632,1.0000,0.185277,7.9296,0.1405,low_inlier
2315,85.1629,43.8149,-2.8547,1.4028,-0.0367,577,0.4805,1.0000,0.185277,7.9396,-0.1589,low_inlier
2316,85.1961,45.1070,-2.8787,1.2921,-0.0239,675,0.3838,1.0000,0.185277,7.2550,-0.0401,low_inlier
2317,85.2293,46.3166,-2.8201,1.2096,0.0586,751,0.2726,1.0000,0.185277,6.3178,0.8332,low_inlier
2318,85.2628,47.7445,-2.7990,1.4278,0.0211,715,0.2740,1.0000,0.185277,7.7390,0.4668,low_inlier
2319,85.2962,49.2770,-2.7800,1.5325,0.0190,595,0.4262,1.0000,0.185277,8.3278,0.4616,low_inlier
2320,85.3296,50.5534,-2.7857,1.2764,-0.0057,586,0.5766,1.0000,0.185277,7.0620,0.1530,
2321,85.3631,51.7091,-2.6720,1.1556,0.1137,700,0.4518,1.0000,0.185277,5.6979,1.4164,low_inlier
2322,85.3962,52.8343,-2.6824,1.1252,-0.0103,645,0.4730,1.0000,0.185277,6.2567,0.0779,low_inlier
2323,85.4295,54.1499,-2.6294,1.3156,0.0530,600,0.5980,1.0000,0.185277,6.9340,0.7910,
2324,85.4628,55.5134,-2.5154,1.3635,0.1139,625,0.4503,1.0000,0.185277,6.8408,1.4539,low_inlier
2325,85.4960,56.7169,-2.4332,1.2035,0.0822,635,0.4386,1.0000,0.185277,6.1457,1.0860,low_inlier
2326,85.5294,57.9210,-2.3572,1.2041,0.0760,619,0.4711,1.0000,0.185277,6.1851,1.0199,low_inlier
2327,85.5627,59.1638,-2.2671,1.2428,0.0901,626,0.4516,1.0000,0.185277,6.3162,1.1771,low_inlier
2328,85.5960,60.4326,-2.2181,1.2688,0.0491,626,0.5283,1.0000,0.185277,6.6996,0.7408,
2329,85.6293,61.6548,-2.1599,1.2222,0.0582,618,0.5972,1.0000,0.185277,6.3896,0.8306,
2330,85.6626,63.1041,-1.9907,1.4493,0.1693,608,0.4612,1.0000,0.185277,6.9896,2.0632,low_inlier
2331,85.6963,64.5464,-1.9043,1.4422,0.0863,634,0.4722,1.0000,0.185277,7.4362,1.1706,low_inlier
2332,85.7299,65.6203,-1.8348,1.0739,0.0696,713,0.6366,1.0000,0.185277,5.5061,0.9282,
2333,85.7631,66.8451,-1.7081,1.2249,0.1267,654,0.6425,1.0000,0.185277,6.0027,1.5680,
2334,85.7969,67.8399,-1.6471,0.9948,0.0609,715,0.6429,1.0000,0.185277,5.1210,0.8221,
2335,85.8291,68.6940,-1.6635,0.8541,-0.0164,636,0.6692,1.0000,0.185277,4.7993,-0.0327,
2336,85.8624,69.5790,-1.5966,0.8850,0.0670,698,0.6450,1.0000,0.185277,4.4809,0.8686,
2337,85.8960,70.2169,-1.5144,0.6379,0.0821,761,0.4888,1.0000,0.185277,3.0318,0.9902,low_inlier
2338,85.9292,70.7431,-1.4720,0.5262,0.0424,652,0.3563,1.0000,0.185277,2.6493,0.5443,low_inlier
2339,85.9626,71.6210,-1.3659,0.8779,0.1061,615,0.4304,1.0000,0.185277,4.2127,1.2883,low_inlier
2340,85.9960,72.7361,-1.1499,1.1150,0.2160,588,0.2128,1.0000,0.185277,4.8748,2.5100,low_inlier
2341,86.0482,73.5808,-1.0633,0.8448,0.0866,705,0.3496,1.0000,0.185277,4.1446,1.0731,low_inlier
2342,86.0703,74.2265,-1.1069,0.6457,-0.0436,756,0.5325,1.0000,0.185277,3.8107,-0.3600,
2343,86.0962,75.0986,-1.1345,0.8721,-0.0276,692,0.5602,1.0000,0.185277,4.9640,-0.1505,
2344,86.1292,76.0128,-1.1815,0.9142,-0.0470,740,0.4491,1.0000,0.185277,5.3094,-0.3521,low_inlier
2345,86.1624,76.7711,-1.3481,0.7583,-0.1666,739,0.5564,1.0000,0.185277,5.1512,-1.6635,
2346,86.1959,77.3575,-1.5525,0.5865,-0.2044,725,0.7212,1.0000,0.185277,4.4265,-2.0989,
2347,86.2292,78.0183,-1.7019,0.6608,-0.1494,753,0.6587,1.0000,0.185277,4.5136,-1.4954,
2348,86.2624,79.1573,-1.7184,1.1390,-0.0165,721,0.5222,1.0000,0.185277,6.3682,0.0144,
2349,86.2957,80.2050,-1.7375,1.0478,-0.0191,723,0.5346,1.0000,0.185277,5.8815,-0.0294,
2350,86.3291,81.1078,-1.8563,0.9028,-0.1188,746,0.6810,1.0000,0.185277,5.6668,-1.1253,
2351,86.3623,82.0554,-1.9360,0.9476,-0.0797,754,0.7806,1.0000,0.185277,5.6845,-0.6975,
2352,86.3960,83.2861,-1.9294,1.2308,0.0065,727,0.5593,1.0000,0.185277,6.7390,0.2772,
2353,86.4290,84.4749,-1.9930,1.1888,-0.0636,750,0.4866,1.0000,0.185277,6.9187,-0.4842,low_inlier
2354,86.4621,85.5637,-1.9891,1.0888,0.0039,757,0.6961,1.0000,0.185277,5.9725,0.2249,
2355,86.4987,86.9628,-1.8324,1.3991,0.1567,701,0.5747,1.0000,0.185277,6.7863,1.9202,
2356,86.5289,88.2811,-1.6858,1.3184,0.1466,717,0.4899,1.0000,0.185277,6.4014,1.7972,low_inlier
2357,86.5625,89.6186,-1.6866,1.3375,-0.0007,672,0.6005,1.0000,0.185277,7.3693,0.2167,
2358,86.5959,90.9365,-1.6728,1.3179,0.0138,675,0.5878,1.0000,0.185277,7.1764,0.3695,
2359,86.6290,92.2625,-1.6361,1.3260,0.0367,656,0.5305,1.0000,0.185277,7.0869,0.6176,
2360,86.6621,93.7342,-1.5227,1.4716,0.1134,648,0.4726,1.0000,0.185277,7.4397,1.4661,low_inlier
2361,86.6954,95.1494,-1.4325,1.4152,0.0902,646,0.4248,1.0000,0.185277,7.2645,1.2079,low_inlier
2362,86.7291,96.2545,-1.3965,1.1051,0.0360,666,0.5044,1.0000,0.185277,5.8749,0.5724,
2363,86.7620,97.2963,-1.3656,1.0418,0.0309,700,0.5025,1.0000,0.185277,5.5555,0.5074,
2364,86.7969,98.4000,-1.3743,1.1038,-0.0087,639,0.5063,1.0000,0.185277,6.1287,0.0924,
2365,86.8288,99.3073,-1.4560,0.9072,-0.0817,677,0.5283,1.0000,0.185277,5.4745,-0.7263,
2366,86.8622,99.7960,-1.5770,0.4887,-0.1210,715,0.5957,1.0000,0.185277,3.3996,-1.2188,
2367,86.8959,99.9280,-1.7146,0.1321,-0.1376,746,0.8824,1.0000,0.185277,1.5329,-1.4570,
2368,86.9289,100.0087,-1.8622,0.0806,-0.1475,741,0.9249,1.0000,0.185277,1.3082,-1.5728,
2369,86.9624,99.9441,-1.9645,-0.0645,-0.1023,761,0.9299,1.0000,0.185277,0.2440,-1.1111,
2370,86.9954,99.8347,-2.0149,-0.1094,-0.0504,761,0.9038,1.0000,0.185277,-0.3075,-0.5602,
2371,87.0429,99.6860,-1.9638,-0.1486,0.0511,784,0.9600,1.0000,0.185277,-1.1176,0.5241,
2372,87.0651,99.5329,-1.8926,-0.1531,0.0712,779,0.9738,1.0000,0.185277,-1.2601,0.7400,
2373,87.0957,99.5702,-1.7134,0.0372,0.1792,771,0.9750,1.0000,0.185277,-0.8442,1.9324,
2374,87.1292,99.4763,-1.4987,-0.0939,0.2148,774,0.9400,1.0000,0.185277,-1.7750,2.2935,
2375,87.1622,99.2904,-1.3077,-0.1859,0.1910,776,0.9688,1.0000,0.185277,-2.1423,2.0222,
2376,87.1955,99.1436,-1.1068,-0.1468,0.2008,770,0.9675,1.0000,0.185277,-1.9844,2.1343,
2377,87.2291,98.9290,-0.8896,-0.2146,0.2172,750,0.9434,1.0000,0.185277,-2.4535,2.2992,
2378,87.2623,98.3918,-0.6959,-0.5372,0.1937,746,0.6982,1.0000,0.185277,-4.0927,1.9923,
2379,87.2960,97.9221,-0.5212,-0.4697,0.1747,726,0.8075,1.0000,0.185277,-3.6095,1.7994,
2380,87.3291,97.3935,-0.3179,-0.5286,0.2034,687,0.8213,1.0000,0.185277,-4.1018,2.0977,
2381,87.3621,96.4735,-0.1729,-0.9201,0.1450,668,0.7635,1.0000,0.185277,-5.9154,1.4040,
2382,87.3958,95.4267,-0.1117,-1.0468,0.0612,687,0.6713,1.0000,0.185277,-6.1226,0.4817,
2383,87.4288,94.1420,-0.1492,-1.2847,-0.0375,689,0.4578,1.0000,0.185277,-6.8546,-0.6190,low_inlier
2384,87.4623,92.8385,-0.1337,-1.3035,0.0156,708,0.3793,1.0000,0.185277,-7.2690,-0.0518,low_inlier
2385,87.4960,91.4287,-0.0937,-1.4097,0.0399,695,0.4429,1.0000,0.185277,-7.9968,0.1926,low_inlier
2386,87.5289,89.8612,-0.1488,-1.5675,-0.0550,750,0.3521,1.0000,0.185277,-8.3091,-0.8553,low_inlier
2387,87.5625,88.3472,-0.1131,-1.5140,0.0357,742,0.2839,1.0000,0.185277,-8.5458,0.1292,low_inlier
2388,87.5955,86.7566,-0.0689,-1.5906,0.0442,736,0.3598,1.0000,0.185277,-9.0177,0.2076,low_inlier
2389,87.6291,84.8739,-0.1372,-1.8827,-0.0683,763,0.3275,1.0000,0.185277,-9.9671,-1.0507,low_inlier
2390,87.6621,83.2819,-0.1872,-1.5920,-0.0500,711,0.5390,1.0000,0.185277,-8.4740,-0.8046,
2391,87.6957,81.7975,-0.3046,-1.4843,-0.1174,747,0.5288,1.0000,0.185277,-7.4859,-1.5117,
2392,87.7288,80.0407,-0.4246,-1.7569,-0.1200,737,0.4685,1.0000,0.185277,-8.9713,-1.5857,low_inlier
2393,87.7622,78.5762,-0.5056,-1.4645,-0.0810,746,0.5734,1.0000,0.185277,-7.5903,-1.1165,
2394,87.7963,77.0566,-0.6444,-1.5196,-0.1388,747,0.4854,1.0000,0.185277,-7.5550,-1.7475,low_inlier
2395,87.8292,75.2604,-0.7393,-1.7961,-0.0949,738,0.4190,1.0000,0.185277,-9.3345,-1.3226,low_inlier
2396,87.8624,73.4328,-0.8432,-1.8276,-0.1039,624,0.5517,1.0000,0.185277,-9.4557,-1.4238,
2397,87.8958,71.7875,-0.9118,-1.6453,-0.0686,750,0.5354,1.0000,0.185277,-8.6581,-1.0145,
2398,87.9291,70.5234,-0.7985,-1.2641,0.1133,758,0.4874,1.0000,0.185277,-7.6242,1.0055,low_inlier
2399,87.9622,69.3022,-0.6115,-1.2212,0.1871,747,0.5253,1.0000,0.185277,-7.8201,1.8059,
2400,87.9951,67.5203,-0.5139,-1.7819,0.0976,722,0.6229,1.0000,0.185277,-10.3835,0.7499,
2401,88.0482,65.6761,-0.4400,-1.8442,0.0739,597,0.6459,1.0000,0.185277,-10.5883,0.4850,
2402,88.0709,63.9237,-0.3662,-1.7524,0.0737,659,0.6333,1.0000,0.185277,-10.0814,0.4981,
2403,88.0953,62.1592,-0.3905,-1.7645,-0.0243,678,0.6187,1.0000,0.185277,-9.5742,-0.5572,
2404,88.1291,60.5778,-0.4756,-1.5814,-0.0851,669,0.7365,1.0000,0.185277,-8.2097,-1.1806,
2405,88.1616,59.3480,-0.5537,-1.2298,-0.0782,756,0.8811,1.0000,0.185277,-6.3143,-1.0469,
2406,88.1983,58.1418,-0.5985,-1.2062,-0.0448,748,0.6942,1.0000,0.185277,-6.3800,-0.6838,
2407,88.2289,56.9604,-0.6528,-1.1814,-0.0543,732,0.8223,1.0000,0.185277,-6.1878,-0.7821,
2408,88.2619,56.0426,-0.7442,-0.9178,-0.0914,749,0.9175,1.0000,0.185277,-4.5189,-1.1368,
2409,88.2951,55.3740,-0.7421,-0.6686,0.0020,764,0.9463,1.0000,0.185277,-3.6935,-0.0904,
2410,88.3295,54.9737,-0.7707,-0.4003,-0.0286,764,0.9537,1.0000,0.185277,-2.0367,-0.3747,
2411,88.3614,54.6567,-0.7096,-0.3170,0.0611,767,0.9600,1.0000,0.185277,-2.1035,0.6034,
2412,88.3953,54.2322,-0.6337,-0.4245,0.0759,765,0.9500,1.0000,0.185277,-2.7821,0.7448,
2413,88.4284,53.6248,-0.6771,-0.6074,-0.0434,762,0.9323,1.0000,0.185277,-3.0904,-0.5685,
2414,88.4621,53.1725,-0.7534,-0.4523,-0.0763,759,0.9163,1.0000,0.185277,-2.0441,-0.8962,
2415,88.4952,52.6661,-0.9104,-0.5063,-0.1570,759,0.9450,1.0000,0.185277,-1.8690,-1.7726,
2416,88.5283,52.0728,-1.1874,-0.5934,-0.2770,758,0.9337,1.0000,0.185277,-1.6449,-3.0780,
2417,88.5616,51.4348,-1.4349,-0.6379,-0.2475,763,0.9400,1.0000,0.185277,-2.0635,-2.7679,
2418,88.5950,50.7093,-1.7045,-0.7255,-0.2697,766,0.6262,1.0000,0.185277,-2.4157,-3.0211,
2419,88.6282,50.0591,-1.8960,-0.6502,-0.1914,740,0.6658,1.0000,0.185277,-2.4593,-2.1675,
2420,88.6615,49.4931,-2.0298,-0.5660,-0.1339,763,0.8838,1.0000,0.185277,-2.3328,-1.5342,
2421,88.6999,49.0264,-2.0616,-0.4667,-0.0318,764,0.7950,1.0000,0.185277,-2.3837,-0.4202,
2422,88.7387,48.5808,-2.0971,-0.4456,-0.0355,762,0.7425,1.0000,0.185277,-2.2455,-0.4567,
2423,88.7614,48.4276,-2.1292,-0.1533,-0.0321,774,0.9000,1.0000,0.185277,-0.6561,-0.3705,
2424,88.7957,48.3518,-2.0996,-0.0757,0.0295,772,0.9663,1.0000,0.185277,-0.5901,0.3048,
2425,88.8286,48.3429,-2.0764,-0.0089,0.0233,773,0.9663,1.0000,0.185277,-0.1854,0.2488,
2426,88.8619,48.4847,-2.0390,0.1418,0.0374,775,0.9675,1.0000,0.185277,0.5620,0.4257,
2427,88.8948,48.5830,-1.9659,0.0983,0.0731,775,0.9663,1.0000,0.185277,0.1134,0.8019,
2428,88.9280,48.6850,-1.9405,0.1020,0.0254,772,0.9650,1.0000,0.185277,0.4127,0.2906,
2429,88.9614,48.5366,-1.8933,-0.1484,0.0472,767,0.9587,1.0000,0.185277,-1.0940,0.4829,
2430,88.9948,48.2815,-1.9176,-0.2551,-0.0244,768,0.8838,1.0000,0.185277,-1.2617,-0.3050,
2431,89.0538,48.1877,-1.9946,-0.0938,-0.0770,784,0.9800,1.0000,0.185277,-0.0658,-0.8434,
2432,89.0766,48.2314,-2.1455,0.0438,-0.1509,781,0.9725,1.0000,0.185277,1.1248,-1.6151,
2433,89.0986,48.0892,-2.3874,-0.1422,-0.2419,781,0.9775,1.0000,0.185277,0.6337,-2.6248,
2434,89.1280,47.9732,-2.6175,-0.1160,-0.2300,774,0.9313,1.0000,0.185277,0.7082,-2.4925,
2435,89.1616,48.2278,-2.8003,0.2547,-0.1828,766,0.8450,1.0000,0.185277,2.4729,-1.9226,
2436,89.1949,48.9404,-2.8972,0.7125,-0.0970,756,0.7475,1.0000,0.185277,4.4917,-0.9230,
2437,89.2283,50.2143,-3.0150,1.2739,-0.1178,716,0.6982,1.0000,0.185277,7.7045,-1.0519,
2438,89.2615,51.8346,-3.1866,1.6203,-0.1716,726,0.6831,1.0000,0.185277,9.9270,-1.5724,
2439,89.2950,53.8935,-3.3083,2.0589,-0.1217,701,0.6098,1.0000,0.185277,12.0504,-0.9629,
2440,89.3281,56.3736,-3.2723,2.4801,0.0360,616,0.4167,1.0000,0.185277,13.4460,0.8040,low_inlier
2441,89.3617,58.4189,-3.3057,2.0453,-0.0334,621,0.3069,1.0000,0.185277,11.4579,-0.0152,low_inlier
2442,89.3947,60.0370,-3.3698,1.6181,-0.0641,757,0.3866,1.0000,0.185277,9.2856,-0.4174,low_inlier
2443,89.4280,61.6414,-3.4726,1.6044,-0.1028,753,0.6456,1.0000,0.185277,9.4370,-0.8358,
2444,89.4616,62.8743,-3.5442,1.2329,-0.0716,722,0.8169,1.0000,0.185277,7.2083,-0.5623,
2445,89.4950,63.5631,-3.6555,0.6888,-0.1113,774,0.9375,1.0000,0.185277,4.4447,-1.0808,
2446,89.5279,63.6913,-3.7410,0.1282,-0.0856,763,0.6000,1.0000,0.185277,1.2071,-0.8985,
2447,89.5616,62.8669,-3.8408,-0.8243,-0.0998,714,0.4798,1.0000,0.185277,-3.9549,-1.2113,low_inlier
2448,89.5948,61.3700,-3.9993,-1.4969,-0.1585,737,0.3859,1.0000,0.185277,-7.3148,-1.9556,low_inlier
2449,89.6281,59.7364,-4.1487,-1.6336,-0.1494,714,0.3682,1.0000,0.185277,-8.1206,-1.8808,low_inlier
2450,89.6616,57.4891,-4.3786,-2.2473,-0.2299,701,0.2957,1.0000,0.185277,-11.0284,-2.8491,low_inlier
2451,89.6947,54.8780,-4.6018,-2.6111,-0.2233,614,0.3461,1.0000,0.185277,-13.0705,-2.8391,low_inlier
2452,89.7280,52.0103,-4.9411,-2.8678,-0.3392,562,0.3523,1.0000,0.185277,-13.8047,-4.1292,low_inlier
2453,89.7616,49.1351,-5.3537,-2.8752,-0.4126,607,0.2982,1.0000,0.185277,-13.4160,-4.9191,low_inlier
2454,89.7958,46.4138,-5.7256,-2.7213,-0.3719,585,0.2383,1.0000,0.185277,-12.8071,-4.4555,low_inlier
2455,89.8279,44.2048,-6.0013,-2.2090,-0.2757,607,0.2670,1.0000,0.185277,-10.5491,-3.3356,low_inlier
2456,89.8615,42.0318,-6.5616,-2.1730,-0.5603,638,0.4302,1.0000,0.185277,-8.6842,-6.3896,low_inlier
2457,89.8945,40.2724,-7.2944,-1.7594,-0.7328,629,0.3706,1.0000,0.185277,-5.3965,-8.1743,low_inlier
2458,89.9279,39.5009,-7.9550,-0.7715,-0.6606,691,0.6896,1.0000,0.185277,-0.3793,-7.2322,
2459,89.9612,39.6878,-8.5939,0.1870,-0.6389,741,0.8101,1.0000,0.185277,4.7712,-6.8374,
2460,89.9947,40.6349,-9.0323,0.9471,-0.4384,672,0.6696,1.0000,0.185277,7.7829,-4.5543,
2461,90.0475,42.7223,-9.1630,2.0874,-0.1306,629,0.4650,1.0000,0.185277,12.2594,-1.0536,low_inlier
2462,90.0701,45.9774,-8.7381,3.2551,0.4248,577,0.4170,1.0000,0.185277,15.4365,5.1143,low_inlier
2463,90.0946,49.4488,-8.0243,3.4714,0.7138,705,0.1892,1.0000,0.185277,14.9348,8.2578,low_inlier
2464,90.1281,53.2562,-7.0567,3.8074,0.9677,703,0.2046,1.0000,0.185277,15.2983,11.0434,low_inlier
2465,90.1614,57.5710,-5.8869,4.3148,1.1698,423,0.1722,1.0000,0.185277,16.9084,13.3019,low_inlier
2466,90.2025,61.8075,-4.6672,4.2365,1.2197,496,0.1625,1.0000,0.185277,16.1855,13.8252,low_inlier
2467,90.2285,65.3447,-3.5425,3.5372,1.1247,564,0.1234,1.0000,0.185277,12.8909,12.6866,low_inlier
2468,90.2614,67.6953,-2.7786,2.3506,0.7639,576,0.1131,1.0000,0.185277,8.4698,8.6075,low_inlier
2469,90.2950,69.1584,-2.4097,1.4631,0.3689,592,0.1153,1.0000,0.185277,5.8960,4.2123,low_inlier
2470,90.3283,70.3350,-2.1238,1.1766,0.2858,713,0.1207,1.0000,0.185277,4.8051,3.2708,low_inlier
2471,90.3611,70.8255,-2.2759,0.4905,-0.1520,661,0.0789,1.0000,0.185277,3.5916,-1.5523,low_inlier
2472,90.3947,70.1724,-2.9948,-0.6532,-0.7189,544,0.0564,1.0000,0.185277,0.6139,-7.8393,low_inlier
2473,90.4281,68.7242,-3.8078,-1.4482,-0.8130,627,0.0816,1.0000,0.185277,-3.2132,-8.9838,low_inlier
2474,90.4608,67.2416,-4.3647,-1.4826,-0.5569,297,0.0377,1.0000,0.185277,-4.9027,-6.2362,low_inlier
2475,90.4946,65.2530,-5.3652,-1.9886,-1.0005,297,0.0304,1.0000,0.185277,-5.0906,-11.0910,low_inlier
2476,90.5277,62.6420,-6.0636,-2.6110,-0.6984,388,0.0214,1.0000,0.185277,-10.2875,-7.9474,low_inlier
2477,90.5610,59.1993,-6.7763,-3.4427,-0.7127,350,0.0092,1.0000,0.185277,-14.7829,-8.2414,low_inlier
2478,90.5947,54.6140,-7.8825,-4.5853,-1.1062,287,0.0105,1.0000,0.185277,-18.7707,-12.6636,low_inlier
2479,90.6275,51.8891,-8.3987,-2.7249,-0.5162,329,0.0039,1.0000,0.185277,-11.9816,-6.0076,low_inlier
2480,90.6608,51.8293,-8.2603,-0.0599,0.1384,449,0.0063,1.0000,0.185277,-1.1401,1.4776,low_inlier
2481,90.6940,51.6342,-8.1821,-0.1951,0.0782,457,0.0069,1.0000,0.185277,-1.5324,0.8081,low_inlier
2482,90.7278,50.5373,-8.4572,-1.0968,-0.2751,462,0.0000,1.0000,0.185277,-4.4288,-3.1417,low_inlier
2483,90.7614,49.9864,-8.8890,-0.5509,-0.4318,445,0.0040,1.0000,0.185277,-0.5046,-4.7351,low_inlier
2484,90.7960,48.8466,-9.1956,-1.1398,-0.3066,416,0.0041,1.0000,0.185277,-4.4808,-3.4876,low_inlier
2485,90.8281,47.5863,-9.8215,-1.2603,-0.6259,444,0.0090,1.0000,0.185277,-3.2743,-6.9410,low_inlier
2486,90.8621,49.0963,-10.2637,1.5100,-0.4423,424,0.0042,1.0000,0.185277,10.9051,-4.5012,low_inlier
2487,90.8945,53.3946,-9.8552,4.2983,0.4086,414,0.0030,1.0000,0.185277,21.2758,5.1149,low_inlier
2488,90.9275,57.7168,-9.3858,4.3222,0.4694,416,0.0061,1.0000,0.185277,21.0518,5.7726,low_inlier
2489,90.9617,59.9574,-9.3975,2.2406,-0.0117,359,0.0016,1.0000,0.185277,12.4067,0.2503,low_inlier
2490,91.0049,62.5126,-9.0868,2.5552,0.3107,382,0.0000,1.0000,0.185277,12.2505,3.7698,low_inlier
2491,91.0604,62.7517,-9.3775,0.2391,-0.2907,282,0.0026,1.0000,0.185277,3.0190,-3.0851,low_inlier
2492,91.0837,62.7547,-9.6853,0.0030,-0.3077,205,0.0130,1.0000,0.185277,1.8188,-3.3082,low_inlier
2493,91.1077,68.3214,-7.3256,5.5668,2.3597,580,0.0000,1.0000,0.185277,16.8341,26.3049,low_inlier
2494,91.1321,88.5222,-1.0412,20.2008,6.2844,209,0.0018,1.0000,0.185277,74.4313,70.9602,low_inlier
2495,91.1608,98.3097,1.3921,9.7875,2.4333,304,0.0047,1.0000,0.185277,39.6442,27.8064,low_inlier
2496,91.1942,102.3670,1.6608,4.0572,0.2686,467,0.0193,1.0000,0.185277,20.7682,3.5698,low_inlier
2497,91.2277,107.9745,3.2776,5.6075,1.6169,507,0.0200,1.0000,0.185277,21.4087,18.3259,low_inlier
2498,91.2610,113.0442,4.2231,5.0697,0.9455,564,0.0043,1.0000,0.185277,22.3789,11.0172,low_inlier
2499,91.2941,113.2154,2.0543,0.1712,-2.1688,529,0.0041,1.0000,0.185277,13.6447,-23.2888,low_inlier
2500,91.3275,112.9604,0.2852,-0.2550,-1.7692,525,0.0202,1.0000,0.185277,8.9572,-19.0637,low_inlier
2501,91.3609,115.7692,1.2241,2.8089,0.9389,458,0.0097,1.0000,0.185277,9.9683,10.5667,low_inlier
2502,91.3940,123.0605,2.0329,7.2913,0.8088,273,0.0014,1.0000,0.185277,35.4132,9.9209,low_inlier
2503,91.4274,132.5358,2.0341,9.4753,0.0012,301,0.0043,1.0000,0.185277,52.1694,1.6046,low_inlier
2504,91.4607,138.3962,2.2459,5.8604,0.2118,429,0.0027,1.0000,0.185277,31.0300,3.2624,low_inlier
2505,91.4943,142.7536,1.6381,4.3574,-0.6078,450,0.0000,1.0000,0.185277,27.5536,-5.8022,low_inlier
2506,91.5276,152.0319,0.2523,9.2783,-1.3858,321,0.0000,1.0000,0.185277,59.2080,-13.3406,low_inlier
2507,91.5606,156.4830,0.7510,4.4511,0.4987,584,0.0079,1.0000,0.185277,21.5894,6.1094,low_inlier
2508,91.5941,159.3515,0.5190,2.8685,-0.2320,227,0.0026,1.0000,0.185277,17.1545,-2.0122,low_inlier
2509,91.6278,164.1098,-0.3992,4.7583,-0.9181,435,0.0041,1.0000,0.185277,31.5792,-9.0717,low_inlier
2510,91.6606,168.1310,-1.3205,4.0212,-0.9214,513,0.0040,1.0000,0.185277,27.5389,-9.2303,low_inlier
2511,91.6943,171.9285,-1.9192,3.7975,-0.5987,154,0.0026,1.0000,0.185277,24.4175,-5.7983,low_inlier
2512,91.7273,176.1257,-2.3673,4.1971,-0.4481,33,0.0065,1.0000,0.185277,25.7361,-4.1124,low_inlier
2513,91.7616,182.4485,-1.3772,6.3229,0.9901,295,0.0027,1.0000,0.185277,29.0189,11.7070,low_inlier
2514,91.7953,186.6423,-0.2583,4.1938,1.1190,484,0.0052,1.0000,0.185277,16.5400,12.7351,low_inlier
2515,91.8271,186.9688,0.8791,0.3264,1.1373,537,0.0229,1.0000,0.185277,-4.8633,12.2826,low_inlier
2516,91.8610,187.7017,2.5444,0.7329,1.6653,476,0.0139,1.0000,0.185277,-5.7172,18.0276,low_inlier
2517,91.8935,190.1576,5.0068,2.4558,2.4624,583,0.0494,1.0000,0.185277,-0.8984,26.8871,low_inlier
2518,91.9271,189.7985,6.8847,-0.3591,1.8779,511,0.0746,1.0000,0.185277,-12.9760,20.1301,low_inlier
2519,91.9603,186.0459,6.9145,-3.7525,0.0298,327,0.0191,1.0000,0.185277,-20.8378,-0.3104,low_inlier
2520,91.9941,185.8101,7.4688,-0.2358,0.5542,393,0.0240,1.0000,0.185277,-4.5446,5.9192,low_inlier
2521,92.0601,184.9297,7.1741,-0.8805,-0.2946,433,0.1202,1.0000,0.185277,-3.1228,-3.3155,low_inlier
2522,92.0834,184.8871,7.2113,-0.0426,0.0371,636,0.0813,1.0000,0.185277,-0.4519,0.3919,low_inlier
2523,92.1066,187.3482,7.7216,2.4611,0.5104,517,0.3842,1.0000,0.185277,10.5635,5.9005,low_inlier
2524,92.1315,189.8584,8.2859,2.5102,0.5643,500,0.4528,1.0000,0.185277,10.5177,6.4891,low_inlier
2525,92.1607,191.7277,8.5194,1.8693,0.2335,545,0.6540,1.0000,0.185277,8.9258,2.8246,
2526,92.1942,191.7839,8.4869,0.0562,-0.0326,569,0.5975,1.0000,0.185277,0.5002,-0.3409,
2527,92.2276,192.1306,8.5304,0.3467,0.0435,514,0.6412,1.0000,0.185277,1.6538,0.5265,
2528,92.2611,192.3458,8.7571,0.2153,0.2267,534,0.6650,1.0000,0.185277,-0.1425,2.4740,
2529,92.2937,191.9796,8.5321,-0.3663,-0.2251,402,0.0965,1.0000,0.185277,-0.6987,-2.4812,low_inlier
2530,92.3273,190.7394,8.1480,-1.2402,-0.3840,441,0.1065,1.0000,0.185277,-4.5800,-4.3373,low_inlier
2531,92.3602,190.5040,8.0822,-0.2354,-0.0659,759,0.7425,1.0000,0.185277,-0.9106,-0.7477,
2532,92.3937,190.4618,8.0791,-0.0421,-0.0031,525,0.4525,1.0000,0.185277,-0.2140,-0.0401,low_inlier
2533,92.4269,192.2223,8.6396,1.7605,0.5605,249,0.0456,1.0000,0.185277,6.4117,6.3216,low_inlier
2534,92.4610,194.9861,8.7115,2.7638,0.0719,187,0.0900,1.0000,0.185277,14.7981,1.2374,low_inlier
2535,92.4936,197.4212,9.3217,2.4351,0.6103,569,0.2892,1.0000,0.185277,9.8349,6.9703,low_inlier
2536,92.5276,198.8220,9.8089,1.4007,0.4871,690,0.5038,1.0000,0.185277,4.8602,5.4728,
2537,92.5604,200.3441,9.8905,1.5221,0.0817,332,0.1108,1.0000,0.185277,7.9032,1.1338,low_inlier
2538,92.5931,202.6797,10.1482,2.3357,0.2577,763,0.0050,1.0000,0.185277,11.3523,3.1630,low_inlier
2539,92.6273,207.1698,10.4750,4.4901,0.3267,407,0.0434,1.0000,0.185277,22.8115,4.2673,low_inlier
2540,92.6609,213.2650,10.4689,6.0952,-0.0061,208,0.0082,1.0000,0.185277,33.5990,0.9590,low_inlier
2541,92.6937,215.9388,10.2201,2.6738,-0.2488,333,0.1084,1.0000,0.185277,16.1804,-2.2258,low_inlier
2542,92.7270,218.0194,10.0425,2.0807,-0.1776,665,0.0088,1.0000,0.185277,12.4973,-1.5594,low_inlier
2543,92.7602,219.8442,10.8362,1.8247,0.7937,462,0.0126,1.0000,0.185277,5.3993,8.8402,low_inlier
2544,92.7949,217.4871,8.8538,-2.3570,-1.9824,197,0.0105,1.0000,0.185277,-1.3685,-21.7101,low_inlier
2545,92.8269,212.9229,6.2727,-4.5642,-2.5811,384,0.0038,1.0000,0.185277,-10.0167,-28.5173,low_inlier
2546,92.8602,209.8602,4.3936,-3.0627,-1.8791,319,0.0064,1.0000,0.185277,-5.8597,-20.7170,low_inlier
2547,92.8935,209.0985,3.3353,-0.7618,-1.0583,463,0.0222,1.0000,0.185277,2.0037,-11.5066,low_inlier
2548,92.9269,206.4779,2.5098,-2.6206,-0.8255,384,0.0627,1.0000,0.185277,-9.5956,-9.3157,low_inlier
2549,92.9603,205.8022,1.7219,-0.6757,-0.7879,334,0.0593,1.0000,0.185277,0.8938,-8.5845,low_inlier
2550,92.9940,207.0903,1.0188,1.2881,-0.7031,373,0.0381,1.0000,0.185277,11.2107,-7.3428,low_inlier
2551,93.0414,208.3241,1.1624,1.2339,0.1436,552,0.0013,1.0000,0.185277,5.9531,1.7515,low_inlier
2552,93.0644,211.5666,1.3052,3.2425,0.1427,779,0.0403,1.0000,0.185277,17.0190,2.0796,low_inlier
2553,93.0941,212.4876,1.4333,0.9209,0.1282,659,0.4208,1.0000,0.185277,4.3204,1.5327,low_inlier
2554,93.1273,214.1817,1.3276,1.6941,-0.1057,521,0.1537,1.0000,0.185277,9.9479,-0.8517,low_inlier
2555,93.1603,215.5744,1.3520,1.3926,0.0243,441,0.3569,1.0000,0.185277,7.5262,0.4955,low_inlier
2556,93.1934,213.3416,1.5699,-2.2327,0.2179,376,0.0790,1.0000,0.185277,-13.5709,1.9676,low_inlier
2557,93.2295,207.2672,1.1160,-6.0744,-0.4539,576,0.0104,1.0000,0.185277,-30.7910,-5.9002,low_inlier
2558,93.2600,199.8428,0.1227,-7.4244,-0.9933,359,0.0188,1.0000,0.185277,-35.0653,-11.9269,low_inlier
2559,93.2935,201.0452,0.5670,1.2023,0.4443,379,0.4145,1.0000,0.185277,4.0186,4.9789,low_inlier
2560,93.3268,202.5384,0.3907,1.4933,-0.1763,379,0.1880,1.0000,0.185277,9.2555,-1.6448,low_inlier
2561,93.3599,205.3824,0.8382,2.8439,0.4475,283,0.2344,1.0000,0.185277,13.0393,5.2891,low_inlier
2562,93.3934,202.6388,0.7027,-2.7436,-0.1355,419,0.3051,1.0000,0.185277,-14.3138,-1.9180,low_inlier
2563,93.4270,200.1579,0.4070,-2.4809,-0.2957,442,0.5492,1.0000,0.185277,-11.9294,-3.5956,
2564,93.4606,198.1044,0.3506,-2.0535,-0.0565,462,0.3182,1.0000,0.185277,-10.9771,-0.9520,low_inlier
2565,93.4938,195.4382,-0.0679,-2.6663,-0.4184,714,0.0507,1.0000,0.185277,-12.2315,-4.9466,low_inlier
2566,93.5277,192.4590,-0.4195,-2.9792,-0.3517,448,0.3574,1.0000,0.185277,-14.3455,-4.2813,low_inlier
2567,93.5602,189.5532,-0.8742,-2.9058,-0.4547,452,0.2566,1.0000,0.185277,-13.3380,-5.3771,low_inlier
2568,93.5939,185.7365,-1.6871,-3.8167,-0.8129,197,0.0579,1.0000,0.185277,-16.2561,-9.3810,low_inlier
2569,93.6266,181.7403,-2.5673,-3.9962,-0.8801,754,0.0449,1.0000,0.185277,-16.8507,-10.1342,low_inlier
2570,93.6605,177.7932,-3.1079,-3.9471,-0.5407,334,0.1150,1.0000,0.185277,-18.5684,-6.4760,low_inlier
2571,93.6937,175.0958,-3.5434,-2.6974,-0.4355,460,0.1947,1.0000,0.185277,-12.3026,-5.1355,low_inlier
2572,93.7268,172.0344,-4.0957,-3.0614,-0.5523,483,0.2286,1.0000,0.185277,-13.6233,-6.4521,low_inlier
2573,93.7600,168.9732,-4.8218,-3.0612,-0.7261,445,0.1541,1.0000,0.185277,-12.6041,-8.3211,low_inlier
2574,93.7947,165.9480,-5.1402,-3.0252,-0.3184,455,0.1506,1.0000,0.185277,-14.7939,-3.9316,low_inlier
2575,93.8274,163.9142,-5.4143,-2.0338,-0.2741,464,0.2522,1.0000,0.185277,-9.5938,-3.2889,low_inlier
2576,93.8601,163.6610,-5.4824,-0.2532,-0.0681,602,0.3980,1.0000,0.185277,-0.9957,-0.7744,low_inlier
2577,93.8935,164.9441,-5.7271,1.2832,-0.2447,355,0.1170,1.0000,0.185277,8.4990,-2.4154,low_inlier
2578,93.9266,167.4405,-6.3556,2.4964,-0.6285,427,0.1056,1.0000,0.185277,17.4276,-6.3380,low_inlier
2579,93.9598,167.9773,-6.5178,0.5368,-0.1622,509,0.0799,1.0000,0.185277,3.9054,-1.6532,low_inlier
2580,93.9934,165.7380,-6.8315,-2.2392,-0.3137,398,0.1650,1.0000,0.185277,-10.4931,-3.7493,low_inlier
2581,94.0419,163.8877,-7.1474,-1.8503,-0.3159,758,0.3246,1.0000,0.185277,-8.3389,-3.7071,low_inlier
2582,94.0645,162.9206,-7.2895,-0.9671,-0.1421,440,0.5337,1.0000,0.185277,-4.4932,-1.6904,
2583,94.0933,162.6096,-7.3131,-0.3110,-0.0236,408,0.5338,1.0000,0.185277,-1.5743,-0.3063,
2584,94.1265,162.4308,-7.3446,-0.1788,-0.0315,419,0.5263,1.0000,0.185277,-0.8000,-0.3687,
2585,94.1601,162.3284,-7.3127,-0.1024,0.0319,381,0.4780,1.0000,0.185277,-0.7507,0.3262,low_inlier
2586,94.1933,161.2123,-7.5101,-1.1161,-0.1974,764,0.3819,1.0000,0.185277,-4.9900,-2.3094,low_inlier
2587,94.2262,160.6814,-7.6008,-0.5309,-0.0908,768,0.5800,1.0000,0.185277,-2.3918,-1.0650,
2588,94.2597,160.4986,-7.6566,-0.1828,-0.0558,775,0.9111,1.0000,0.185277,-0.6798,-0.6307,
2589,94.2932,160.3032,-7.7121,-0.1955,-0.0555,760,0.9183,1.0000,0.185277,-0.7513,-0.6295,
2590,94.3262,160.1389,-7.7458,-0.1643,-0.0337,417,0.5244,1.0000,0.185277,-0.7074,-0.3897,
2591,94.3594,160.1588,-7.7418,0.0199,0.0040,427,0.5382,1.0000,0.185277,0.0865,0.0460,
2592,94.3931,160.1353,-7.7544,-0.0235,-0.0125,768,0.9612,1.0000,0.185277,-0.0562,-0.1388,
2593,94.4261,160.2105,-7.7569,0.0752,-0.0025,769,0.9561,1.0000,0.185277,0.4287,-0.0141,
2594,94.4595,160.3044,-7.7608,0.0939,-0.0040,767,0.9599,1.0000,0.185277,0.5403,-0.0267,
2595,94.4930,160.2071,-7.7517,-0.0973,0.0092,763,0.9624,1.0000,0.185277,-0.5892,0.0820,
2596,94.5262,160.2153,-7.7305,0.0082,0.0211,773,0.9124,1.0000,0.185277,-0.0786,0.2287,
2597,94.5597,160.2884,-7.7448,0.0730,-0.0143,770,0.9637,1.0000,0.185277,0.4859,-0.1413,
2598,94.5929,160.3210,-7.7326,0.0326,0.0122,775,0.9700,1.0000,0.185277,0.1084,0.1363,
2599,94.6263,159.9592,-7.7453,-0.3618,-0.0127,722,0.8686,1.0000,0.185277,-1.9179,-0.1971,
2600,94.6599,159.6499,-7.7801,-0.3093,-0.0347,758,0.9186,1.0000,0.185277,-1.4996,-0.4256,
2601,94.6930,159.6194,-7.7791,-0.0305,0.0010,767,0.9574,1.0000,0.185277,-0.1740,0.0056,
2602,94.7265,159.6198,-7.7750,0.0004,0.0040,762,0.9499,1.0000,0.185277,-0.0214,0.0433,
2603,94.7600,159.5662,-7.7954,-0.0536,-0.0204,765,0.7077,1.0000,0.185277,-0.1760,-0.2282,
2604,94.7932,159.5467,-7.7944,-0.0195,0.0010,770,0.9424,1.0000,0.185277,-0.1133,0.0078,
2605,94.8263,159.6676,-7.8144,0.1210,-0.0200,760,0.9512,1.0000,0.185277,0.7831,-0.1945,
2606,94.8601,159.6517,-7.8519,-0.0160,-0.0375,772,0.6504,1.0000,0.185277,0.1317,-0.4059,
2607,94.8930,159.2729,-7.8710,-0.3788,-0.0192,775,0.6170,1.0000,0.185277,-1.9738,-0.2696,
2608,94.9261,159.0641,-7.9392,-0.2087,-0.0682,750,0.8358,1.0000,0.185277,-0.7502,-0.7679,
2609,94.9594,159.1245,-7.9422,0.0604,-0.0030,753,0.9373,1.0000,0.185277,0.3502,-0.0225,
2610,94.9929,158.9378,-7.9899,-0.1867,-0.0477,765,0.9574,1.0000,0.185277,-0.7491,-0.5437,
2611,95.0404,158.5644,-8.0557,-0.3734,-0.0658,781,0.5813,1.0000,0.185277,-1.6705,-0.7705,
2612,95.0638,158.5573,-8.0960,-0.0071,-0.0403,780,0.5162,1.0000,0.185277,0.1967,-0.4344,
2613,95.0933,158.3999,-8.1398,-0.1574,-0.0438,693,0.6625,1.0000,0.185277,-0.6104,-0.4969,
2614,95.1264,158.2715,-8.1991,-0.1284,-0.0593,785,0.7662,1.0000,0.185277,-0.3594,-0.6593,
2615,95.1599,158.2321,-8.2162,-0.0395,-0.0171,786,0.9613,1.0000,0.185277,-0.1169,-0.1908,
2616,95.1933,158.2050,-8.1863,-0.0270,0.0299,777,0.8263,1.0000,0.185277,-0.3240,0.3170,
2617,95.2264,158.1789,-8.2387,-0.0261,-0.0524,687,0.5350,1.0000,0.185277,0.1632,-0.5680,
2618,95.2597,158.1435,-8.2113,-0.0354,0.0275,780,0.5138,1.0000,0.185277,-0.3559,0.2895,
2619,95.2930,158.0728,-8.2026,-0.0707,0.0086,707,0.7013,1.0000,0.185277,-0.4399,0.0809,
2620,95.3263,158.0559,-8.1593,-0.0169,0.0433,706,0.7925,1.0000,0.185277,-0.3467,0.4627,
2621,95.3643,157.9401,-8.1396,-0.1159,0.0198,687,0.8337,1.0000,0.185277,-0.7537,0.1929,
2622,95.3940,157.7412,-8.1614,-0.1989,-0.0219,774,0.9087,1.0000,0.185277,-0.9671,-0.2685,
2623,95.4260,157.7604,-8.1546,0.0192,0.0068,745,0.7987,1.0000,0.185277,0.0656,0.0768,
2624,95.4593,157.7943,-8.1899,0.0339,-0.0353,463,0.5332,1.0000,0.185277,0.3937,-0.3742,
2625,95.4925,157.5987,-8.1945,-0.1956,-0.0046,765,0.9575,1.0000,0.185277,-1.0504,-0.0823,
2626,95.5258,157.1072,-8.2614,-0.4914,-0.0669,766,0.9062,1.0000,0.185277,-2.3144,-0.8014,
2627,95.5590,156.6751,-8.3458,-0.4322,-0.0844,733,0.9187,1.0000,0.185277,-1.8857,-0.9798,
2628,95.5928,156.3027,-8.3841,-0.3723,-0.0384,769,0.9637,1.0000,0.185277,-1.8257,-0.4749,
2629,95.6261,156.2414,-8.3812,-0.0613,0.0029,455,0.5837,1.0000,0.185277,-0.3549,0.0213,
2630,95.6591,156.2490,-8.3741,0.0076,0.0071,453,0.5675,1.0000,0.185277,0.0004,0.0775,
2631,95.6923,156.2373,-8.3739,-0.0117,0.0002,462,0.5775,1.0000,0.185277,-0.0658,0.0006,
2632,95.7251,156.2485,-8.3678,0.0111,0.0061,456,0.5763,1.0000,0.185277,0.0257,0.0674,
2633,95.7590,156.2309,-8.3672,-0.0175,0.0006,782,0.9775,1.0000,0.185277,-0.1000,0.0034,
2634,95.7938,156.2189,-8.3665,-0.0121,0.0007,780,0.9762,1.0000,0.185277,-0.0703,0.0053,
2635,95.8258,156.2293,-8.3667,0.0104,-0.0002,783,0.9800,1.0000,0.185277,0.0589,-0.0007,
2636,95.8590,156.2253,-8.3649,-0.0040,0.0018,799,0.9988,1.0000,0.185277,-0.0326,0.0186,
2637,95.8923,156.2442,-8.3472,0.0189,0.0177,774,0.9675,1.0000,0.185277,0.0000,0.1939,
2638,95.9257,156.2253,-8.3464,-0.0189,0.0008,774,0.9637,1.0000,0.185277,-0.1087,0.0052,
2639,95.9590,156.2365,-8.3306,0.0113,0.0158,773,0.9675,1.0000,0.185277,-0.0308,0.1722,
2640,95.9922,156.2621,-8.3406,0.0256,-0.0101,772,0.9650,1.0000,0.185277,0.1998,-0.1039,
2641,96.0411,156.2526,-8.3405,-0.0094,0.0001,770,0.9625,1.0000,0.185277,-0.0526,-0.0006,
2642,96.0641,156.2430,-8.3411,-0.0097,-0.0006,781,0.9762,1.0000,0.185277,-0.0498,-0.0079,
2643,96.0922,156.2823,-8.3370,0.0393,0.0041,773,0.9663,1.0000,0.185277,0.1924,0.0511,
2644,96.1258,156.2530,-8.3441,-0.0293,-0.0071,770,0.9625,1.0000,0.185277,-0.1197,-0.0815,
2645,96.1589,156.2753,-8.3375,0.0223,0.0066,773,0.9663,1.0000,0.185277,0.0840,0.0752,
2646,96.1924,156.2827,-8.3455,0.0073,-0.0081,769,0.9613,1.0000,0.185277,0.0877,-0.0856,
2647,96.2258,156.2833,-8.3457,0.0007,-0.0001,790,0.9875,1.0000,0.185277,0.0045,-0.0015,
2648,96.2591,156.2887,-8.3453,0.0053,0.0004,784,0.9800,1.0000,0.185277,0.0273,0.0047,
2649,96.2927,156.2853,-8.3515,-0.0033,-0.0062,760,0.9500,1.0000,0.185277,0.0181,-0.0673,
2650,96.3254,156.2944,-8.3445,0.0091,0.0071,765,0.9563,1.0000,0.185277,0.0085,0.0774,
2651,96.3589,156.2753,-8.3513,-0.0191,-0.0068,765,0.9563,1.0000,0.185277,-0.0656,-0.0762,
2652,96.3922,156.1816,-8.3729,-0.0937,-0.0216,767,0.9600,1.0000,0.185277,-0.3894,-0.2480,
2653,96.4256,155.9287,-8.3853,-0.2528,-0.0124,765,0.9563,1.0000,0.185277,-1.3197,-0.1757,
2654,96.4588,155.5868,-8.4249,-0.3419,-0.0397,766,0.8250,1.0000,0.185277,-1.6504,-0.4839,
2655,96.4922,155.6952,-8.4391,0.1084,-0.0141,757,0.6921,1.0000,0.185277,0.6796,-0.1337,
2656,96.5262,155.6395,-8.4577,-0.0557,-0.0187,763,0.9474,1.0000,0.185277,-0.1974,-0.2102,
2657,96.5594,155.5946,-8.4299,-0.0449,0.0279,526,0.6575,1.0000,0.185277,-0.4105,0.2920,
2658,96.5923,155.6127,-8.4310,0.0181,-0.0011,639,0.9575,1.0000,0.185277,0.1057,-0.0086,
2659,96.6262,155.6278,-8.4283,0.0151,0.0027,777,0.9712,1.0000,0.185277,0.0677,0.0311,
2660,96.6590,155.6308,-8.4058,0.0030,0.0225,765,0.9563,1.0000,0.185277,-0.1149,0.2423,
2661,96.6923,155.6411,-8.4015,0.0103,0.0043,767,0.9637,1.0000,0.185277,0.0314,0.0479,
2662,96.7254,155.6176,-8.4065,-0.0235,-0.0050,764,0.9550,1.0000,0.185277,-0.1004,-0.0575,
2663,96.7594,155.6364,-8.4024,0.0189,0.0041,773,0.9663,1.0000,0.185277,0.0799,0.0472,
2664,96.7932,155.6431,-8.4056,0.0067,-0.0032,767,0.9587,1.0000,0.185277,0.0558,-0.0337,
2665,96.8253,155.6362,-8.4016,-0.0069,0.0040,772,0.9650,1.0000,0.185277,-0.0616,0.0422,
2666,96.8588,155.6336,-8.4025,-0.0026,-0.0009,799,0.9988,1.0000,0.185277,-0.0090,-0.0105,
2667,96.8921,155.6409,-8.4031,0.0073,-0.0005,771,0.9637,1.0000,0.185277,0.0431,-0.0045,
2668,96.9257,155.6480,-8.4015,0.0071,0.0015,772,0.9650,1.0000,0.185277,0.0302,0.0177,
2669,96.9588,155.6438,-8.4076,-0.0042,-0.0060,768,0.9600,1.0000,0.185277,0.0123,-0.0655,
2670,96.9920,155.6678,-8.4084,0.0240,-0.0009,769,0.9613,1.0000,0.185277,0.1375,-0.0055,
2671,97.0441,155.6664,-8.4113,-0.0014,-0.0028,781,0.9762,1.0000,0.185277,0.0087,-0.0307,
2672,97.0665,155.6626,-8.4096,-0.0038,0.0017,787,0.9838,1.0000,0.185277,-0.0308,0.0179,
2673,97.0989,155.6639,-8.4081,0.0012,0.0015,777,0.9712,1.0000,0.185277,-0.0018,0.0161,
2674,97.1261,155.6655,-8.4097,0.0017,-0.0017,775,0.9688,1.0000,0.185277,0.0189,-0.0175,
2675,97.1587,155.6683,-8.4060,0.0028,0.0038,768,0.9600,1.0000,0.185277,-0.0068,0.0409,
2676,97.1920,155.6613,-8.4092,-0.0070,-0.0032,775,0.9688,1.0000,0.185277,-0.0197,-0.0358,
2677,97.2330,155.6714,-8.4092,0.0101,0.0001,782,0.9775,1.0000,0.185277,0.0553,0.0023,
2678,97.2588,155.6711,-8.4099,-0.0003,-0.0008,800,1.0000,1.0000,0.185277,0.0029,-0.0086,
2679,97.2920,155.6735,-8.4112,0.0024,-0.0012,780,0.9750,1.0000,0.185277,0.0207,-0.0130,
2680,97.3251,155.6812,-8.4099,0.0076,0.0013,780,0.9750,1.0000,0.185277,0.0346,0.0150,
2681,97.3588,155.6733,-8.4121,-0.0079,-0.0022,774,0.9675,1.0000,0.185277,-0.0306,-0.0248,
2682,97.3918,155.6701,-8.4091,-0.0031,0.0030,774,0.9675,1.0000,0.185277,-0.0350,0.0319,
2683,97.4250,155.6647,-8.4089,-0.0054,0.0002,778,0.9725,1.0000,0.185277,-0.0312,0.0014,
2684,97.4584,155.6641,-8.4091,-0.0006,-0.0003,800,1.0000,1.0000,0.185277,-0.0018,-0.0028,
2685,97.4921,155.6637,-8.4082,-0.0004,0.0009,781,0.9762,1.0000,0.185277,-0.0071,0.0094,
2686,97.5308,155.6660,-8.4094,0.0022,-0.0012,774,0.9675,1.0000,0.185277,0.0193,-0.0125,
2687,97.5665,155.6720,-8.4078,0.0061,0.0016,779,0.9738,1.0000,0.185277,0.0238,0.0186,
2688,97.5918,155.6647,-8.4093,-0.0074,-0.0015,780,0.9750,1.0000,0.185277,-0.0318,-0.0172,
2689,97.6252,155.6578,-8.4067,-0.0069,0.0026,771,0.9637,1.0000,0.185277,-0.0528,0.0265,
2690,97.6587,155.6523,-8.4070,-0.0055,-0.0002,790,0.9875,1.0000,0.185277,-0.0292,-0.0034,
2691,97.6919,155.6464,-8.4060,-0.0059,0.0010,794,0.9925,1.0000,0.185277,-0.0379,0.0094,
2692,97.7253,155.6438,-8.4039,-0.0026,0.0021,774,0.9675,1.0000,0.185277,-0.0267,0.0222,
2693,97.7585,155.6446,-8.4047,0.0008,-0.0009,789,0.9862,1.0000,0.185277,0.0093,-0.0092,
2694,97.7927,155.6430,-8.4026,-0.0016,0.0021,777,0.9712,1.0000,0.185277,-0.0214,0.0226,
2695,97.8250,155.6394,-8.4033,-0.0035,-0.0007,797,0.9962,1.0000,0.185277,-0.0156,-0.0078,
2696,97.8586,155.6417,-8.4032,0.0023,0.0001,800,1.0000,1.0000,0.185277,0.0122,0.0012,
2697,97.8917,155.6469,-8.4039,0.0052,-0.0007,781,0.9775,1.0000,0.185277,0.0331,-0.0070,
2698,97.9250,155.6434,-8.4046,-0.0035,-0.0006,795,0.9950,1.0000,0.185277,-0.0156,-0.0075,
2699,97.9584,155.6502,-8.4043,0.0068,0.0003,783,0.9788,1.0000,0.185277,0.0355,0.0044,
2700,97.9919,155.6515,-8.4051,0.0013,-0.0008,796,0.9950,1.0000,0.185277,0.0117,-0.0081,
2701,98.0394,155.6543,-8.4052,0.0029,-0.0001,800,1.0000,1.0000,0.185277,0.0166,-0.0011,
2702,98.0623,155.6541,-8.4056,-0.0002,-0.0003,800,1.0000,1.0000,0.185277,0.0009,-0.0037,
2703,98.0920,155.6548,-8.4054,0.0007,0.0002,800,1.0000,1.0000,0.185277,0.0027,0.0021,
2704,98.1247,155.6765,-8.3988,0.0217,0.0066,774,0.9675,1.0000,0.185277,0.0810,0.0742,
2705,98.1583,155.6594,-8.3964,-0.0172,0.0024,766,0.9575,1.0000,0.185277,-0.1083,0.0225,
2706,98.1916,155.6966,-8.3948,0.0372,0.0016,770,0.9625,1.0000,0.185277,0.1956,0.0238,
2707,98.2249,155.7105,-8.4011,0.0139,-0.0063,766,0.9575,1.0000,0.185277,0.1134,-0.0655,
2708,98.2583,155.6645,-8.4049,-0.0460,-0.0038,775,0.9688,1.0000,0.185277,-0.2308,-0.0486,
2709,98.2914,155.6992,-8.4025,0.0347,0.0024,773,0.9663,1.0000,0.185277,0.1769,0.0314,
2710,98.3248,155.6993,-8.4091,0.0001,-0.0066,768,0.9600,1.0000,0.185277,0.0392,-0.0705,
2711,98.3582,155.6818,-8.4003,-0.0175,0.0088,765,0.9563,1.0000,0.185277,-0.1481,0.0915,
2712,98.3916,155.6904,-8.4018,0.0086,-0.0015,765,0.9563,1.0000,0.185277,0.0560,-0.0146,
2713,98.4248,155.7082,-8.4016,0.0178,0.0002,768,0.9600,1.0000,0.185277,0.0966,0.0056,
2714,98.4579,155.6906,-8.3983,-0.0175,0.0032,765,0.9563,1.0000,0.185277,-0.1155,0.0317,
2715,98.4915,155.6772,-8.4030,-0.0135,-0.0047,766,0.9575,1.0000,0.185277,-0.0466,-0.0528,
2716,98.5251,155.7017,-8.3996,0.0245,0.0035,771,0.9637,1.0000,0.185277,0.1146,0.0414,
2717,98.5580,155.6800,-8.4040,-0.0216,-0.0044,768,0.9600,1.0000,0.185277,-0.0933,-0.0511,
2718,98.5914,155.6839,-8.4022,0.0039,0.0017,768,0.9600,1.0000,0.185277,0.0111,0.0194,
2719,98.6248,155.6944,-8.4037,0.0105,-0.0014,780,0.9750,1.0000,0.185277,0.0662,-0.0135,
2720,98.6579,155.6774,-8.4035,-0.0170,0.0002,774,0.9675,1.0000,0.185277,-0.0948,-0.0008,
2721,98.6913,155.6788,-8.3991,0.0013,0.0043,765,0.9563,1.0000,0.185277,-0.0181,0.0469,
2722,98.7250,155.6789,-8.4043,0.0001,-0.0052,770,0.9625,1.0000,0.185277,0.0310,-0.0559,
2723,98.7579,155.6824,-8.3989,0.0036,0.0054,768,0.9600,1.0000,0.185277,-0.0120,0.0586,
2724,98.7924,155.6753,-8.4009,-0.0071,-0.0020,774,0.9675,1.0000,0.185277,-0.0277,-0.0224,
2725,98.8249,155.6881,-8.4008,0.0128,0.0001,775,0.9688,1.0000,0.185277,0.0700,0.0031,
2726,98.8581,155.6888,-8.4002,0.0008,0.0007,793,0.9912,1.0000,0.185277,0.0002,0.0073,
2727,98.8948,155.6811,-8.4023,-0.0077,-0.0021,785,0.9812,1.0000,0.185277,-0.0303,-0.0240,
2728,98.9246,155.7001,-8.3996,0.0190,0.0026,758,0.9475,1.0000,0.185277,0.0892,0.0317,
2729,98.9580,155.6978,-8.4039,-0.0023,-0.0043,770,0.9625,1.0000,0.185277,0.0120,-0.0462,
2730,98.9912,155.6982,-8.4002,0.0004,0.0037,764,0.9550,1.0000,0.185277,-0.0191,0.0394,
2731,99.0397,155.6931,-8.4015,-0.0051,-0.0013,774,0.9675,1.0000,0.185277,-0.0203,-0.0150,
2732,99.0626,155.6879,-8.4023,-0.0052,-0.0008,791,0.9888,1.0000,0.185277,-0.0242,-0.0095,
2733,99.0913,155.6893,-8.4005,0.0014,0.0018,772,0.9650,1.0000,0.185277,-0.0030,0.0198,
2734,99.1245,155.6839,-8.4033,-0.0054,-0.0028,773,0.9663,1.0000,0.185277,-0.0133,-0.0309,
2735,99.1579,155.6933,-8.4004,0.0094,0.0030,769,0.9613,1.0000,0.185277,0.0344,0.0334,
2736,99.1915,155.6790,-8.4031,-0.0143,-0.0027,772,0.9650,1.0000,0.185277,-0.0628,-0.0317,
2737,99.2246,155.6836,-8.4020,0.0047,0.0010,783,0.9788,1.0000,0.185277,0.0197,0.0120,
2738,99.2579,155.6856,-8.4028,0.0020,-0.0008,799,0.9988,1.0000,0.185277,0.0154,-0.0078,
2739,99.2911,155.6824,-8.4042,-0.0032,-0.0014,781,0.9762,1.0000,0.185277,-0.0093,-0.0158,
2740,99.3245,155.6882,-8.4021,0.0058,0.0021,777,0.9712,1.0000,0.185277,0.0193,0.0238,
2741,99.3579,155.6795,-8.4048,-0.0087,-0.0027,783,0.9788,1.0000,0.185277,-0.0321,-0.0302,
2742,99.3911,155.6785,-8.4020,-0.0010,0.0028,769,0.9613,1.0000,0.185277,-0.0219,0.0296,
2743,99.4245,155.6812,-8.4035,0.0027,-0.0015,774,0.9675,1.0000,0.185277,0.0233,-0.0154,
2744,99.4579,155.6752,-8.4015,-0.0060,0.0020,767,0.9587,1.0000,0.185277,-0.0444,0.0203,
2745,99.4914,155.6737,-8.3993,-0.0015,0.0022,773,0.9663,1.0000,0.185277,-0.0212,0.0233,
2746,99.5246,155.6694,-8.4004,-0.0043,-0.0011,772,0.9650,1.0000,0.185277,-0.0175,-0.0124,
2747,99.5579,155.6773,-8.3984,0.0080,0.0020,770,0.9625,1.0000,0.185277,0.0321,0.0228,
2748,99.5912,155.6784,-8.3996,0.0010,-0.0012,771,0.9637,1.0000,0.185277,0.0129,-0.0130,
2749,99.6245,155.6808,-8.3977,0.0024,0.0020,790,0.9875,1.0000,0.185277,0.0018,0.0214,
2750,99.6579,155.6831,-8.3972,0.0023,0.0004,796,0.9950,1.0000,0.185277,0.0102,0.0050,
2751,99.6912,155.6826,-8.3975,-0.0005,-0.0002,798,0.9975,1.0000,0.185277,-0.0014,-0.0025,
2752,99.7246,155.6810,-8.3956,-0.0016,0.0019,773,0.9663,1.0000,0.185277,-0.0198,0.0199,
2753,99.7577,155.6738,-8.3983,-0.0072,-0.0027,776,0.9700,1.0000,0.185277,-0.0239,-0.0305,
2754,99.7913,155.6818,-8.3977,0.0080,0.0007,773,0.9663,1.0000,0.185277,0.0403,0.0084,
2755,99.8244,155.6838,-8.3984,0.0020,-0.0007,797,0.9962,1.0000,0.185277,0.0154,-0.0076,
2756,99.8578,155.6781,-8.3970,-0.0057,0.0014,779,0.9738,1.0000,0.185277,-0.0396,0.0144,
2757,99.8913,155.6764,-8.3968,-0.0017,0.0002,797,0.9962,1.0000,0.185277,-0.0102,0.0014,
2758,99.9244,155.6682,-8.3981,-0.0083,-0.0013,785,0.9812,1.0000,0.185277,-0.0379,-0.0155,
2759,99.9577,155.6658,-8.3963,-0.0024,0.0019,775,0.9688,1.0000,0.185277,-0.0239,0.0195,
2760,99.9910,155.6638,-8.3976,-0.0020,-0.0013,800,1.0000,1.0000,0.185277,-0.0030,-0.0147,
2761,100.0510,155.6607,-8.3967,-0.0032,0.0009,793,0.9912,1.0000,0.185277,-0.0227,0.0091,
2762,100.0737,155.6712,-8.3977,0.0105,-0.0010,785,0.9812,1.0000,0.185277,0.0635,-0.0085,
2763,100.0967,155.6687,-8.3974,-0.0025,0.0003,800,1.0000,1.0000,0.185277,-0.0152,0.0024,
2764,100.1244,155.6691,-8.3954,0.0004,0.0020,789,0.9862,1.0000,0.185277,-0.0095,0.0218,
2765,100.1578,155.6674,-8.3958,-0.0017,-0.0005,788,0.9850,1.0000,0.185277,-0.0068,-0.0052,
2766,100.1911,155.6660,-8.3951,-0.0014,0.0007,787,0.9838,1.0000,0.185277,-0.0117,0.0072,
2767,100.2242,155.6637,-8.3962,-0.0023,-0.0010,800,1.0000,1.0000,0.185277,-0.0068,-0.0113,
2768,100.2579,155.6642,-8.3965,0.0005,-0.0004,800,1.0000,1.0000,0.185277,0.0049,-0.0038,
2769,100.2909,155.6656,-8.3960,0.0014,0.0005,800,1.0000,1.0000,0.185277,0.0045,0.0061,
2770,100.3242,155.6675,-8.3973,0.0019,-0.0013,792,0.9900,1.0000,0.185277,0.0182,-0.0136,
2771,100.3576,155.6774,-8.3970,0.0099,0.0002,773,0.9663,1.0000,0.185277,0.0533,0.0040,
2772,100.3909,155.6825,-8.3983,0.0051,-0.0012,772,0.9650,1.0000,0.185277,0.0353,-0.0125,
2773,100.4240,155.6900,-8.3980,0.0075,0.0003,785,0.9812,1.0000,0.185277,0.0392,0.0046,
2774,100.4580,155.6888,-8.3980,-0.0011,-0.0000,799,0.9988,1.0000,0.185277,-0.0060,-0.0007,
2775,100.4909,155.6850,-8.3982,-0.0038,-0.0002,799,0.9988,1.0000,0.185277,-0.0200,-0.0026,
