frame,t_s,ref_X_mm,ref_Y_mm,est_X_mm,est_Y_mm,err_X_mm,err_Y_mm,err_norm_mm,est_oracle_X_mm,est_oracle_Y_mm,err_oracle_mm,tracked_points,inlier_ratio,roi_visible,ref_corners,ref_rms_px,mm_per_px,xcheck_mm,flags
0,0.0000,-0.0553,0.0735,0.0217,0.0019,0.0770,-0.0716,0.1051,0.0217,0.0019,0.1051,0,0.0000,0.6101,165,0.4894,0.193644,0.0839,
1,0.0168,-0.0583,0.0746,0.0217,0.0019,0.0800,-0.0727,0.1081,0.0217,0.0019,0.1081,1998,1.0000,0.6101,165,0.4892,0.193646,0.2089,
2,0.0337,-0.0439,0.0620,0.0217,0.0019,0.0656,-0.0601,0.0890,0.0216,0.0019,0.0889,1997,1.0000,0.6101,165,0.4878,0.193634,0.1911,
3,0.0505,0.0937,0.0212,0.0216,0.0019,-0.0721,-0.0193,0.0746,0.0216,0.0020,0.0746,1998,1.0000,0.6100,167,0.5098,0.193606,0.0574,
4,0.0673,0.0788,-0.0046,0.0217,0.0019,-0.0571,0.0065,0.0575,0.0216,0.0020,0.0576,2000,1.0000,0.6093,167,0.5112,0.193505,0.0250,
5,0.0842,0.0252,-0.0252,0.0205,0.0016,-0.0047,0.0268,0.0272,0.0205,0.0017,0.0273,1999,0.9995,0.6093,163,0.4820,0.193427,0.0644,
6,0.1010,0.1999,-0.0395,0.0205,0.0016,-0.1794,0.0411,0.1840,0.0204,0.0017,0.1842,1998,1.0000,0.6092,170,0.5486,0.193513,0.0395,
7,0.1178,-0.0744,-0.0004,0.0205,0.0016,0.0949,0.0020,0.0949,0.0205,0.0017,0.0949,2000,1.0000,0.6099,163,0.4804,0.193474,0.4000,
8,0.1347,0.0793,-0.0304,0.0203,0.0015,-0.0590,0.0319,0.0671,0.0203,0.0015,0.0671,2000,1.0000,0.6096,166,0.5079,0.193462,0.1560,
9,0.1515,-0.0613,0.0156,0.0202,0.0014,0.0815,-0.0142,0.0827,0.0201,0.0014,0.0826,1999,1.0000,0.6100,162,0.4652,0.193521,0.2430,
10,0.1684,0.0238,0.0267,0.0175,0.0014,-0.0063,-0.0253,0.0261,0.0174,0.0014,0.0261,1999,1.0000,0.6097,166,0.4948,0.193560,0.0477,
11,0.1852,0.2481,-0.0287,0.0175,0.0014,-0.2306,0.0301,0.2326,0.0174,0.0014,0.2327,2000,1.0000,0.6087,170,0.5518,0.193414,0.2960,
12,0.2020,-0.0064,0.0263,0.0175,0.0014,0.0239,-0.0249,0.0345,0.0174,0.0014,0.0344,1999,1.0000,0.6100,165,0.4799,0.193565,0.0356,
13,0.2189,-0.0073,0.0265,0.0175,0.0014,0.0248,-0.0251,0.0353,0.0174,0.0014,0.0352,2000,1.0000,0.6100,165,0.4796,0.193566,0.0345,
14,0.2357,0.0706,-0.0044,0.0175,0.0015,-0.0531,0.0059,0.0534,0.0175,0.0015,0.0534,2000,1.0000,0.6093,167,0.5061,0.193495,0.1374,
15,0.2525,0.0770,-0.0060,0.0175,0.0010,-0.0595,0.0070,0.0599,0.0174,0.0011,0.0600,2000,1.0000,0.6093,167,0.5052,0.193504,0.1139,
16,0.2694,-0.0429,0.0134,0.0171,0.0010,0.0600,-0.0124,0.0613,0.0171,0.0010,0.0613,1999,1.0000,0.6099,163,0.4575,0.193507,0.0716,
17,0.2862,-0.0854,0.0005,0.0171,0.0010,0.1025,0.0005,0.1025,0.0171,0.0010,0.1025,2000,1.0000,0.6099,162,0.4554,0.193484,0.1305,
18,0.3030,0.0943,0.0229,0.0171,0.0010,-0.0772,-0.0219,0.0802,0.0171,0.0010,0.0802,2000,1.0000,0.6094,168,0.5127,0.193584,0.0502,
19,0.3199,0.1268,-0.0073,0.0165,0.0008,-0.1103,0.0081,0.1106,0.0165,0.0008,0.1106,2000,1.0000,0.6087,173,0.5874,0.193621,0.0353,
20,0.3367,0.0465,0.0766,0.0143,0.0004,-0.0322,-0.0762,0.0827,0.0143,0.0004,0.0827,2000,1.0000,0.6092,171,0.5688,0.193756,0.1289,
21,0.3535,0.0251,-0.0776,0.0143,0.0005,-0.0108,0.0781,0.0788,0.0143,0.0005,0.0788,2000,1.0000,0.6087,164,0.5213,0.193369,0.1114,
22,0.3704,0.0575,0.0240,0.0143,0.0006,-0.0432,-0.0234,0.0491,0.0143,0.0006,0.0491,2000,1.0000,0.6097,166,0.4864,0.193576,0.1488,
23,0.3872,-0.0509,0.0122,0.0143,0.0006,0.0652,-0.0116,0.0662,0.0142,0.0006,0.0661,1999,1.0000,0.6099,163,0.4465,0.193493,0.0287,
24,0.4041,0.0611,0.0233,0.0138,0.0005,-0.0473,-0.0228,0.0525,0.0138,0.0005,0.0525,1999,1.0000,0.6094,166,0.4819,0.193490,0.0858,
25,0.4209,0.2771,-0.0673,0.0136,0.0004,-0.2635,0.0677,0.2721,0.0135,0.0004,0.2722,2000,1.0000,0.6087,173,0.6023,0.193562,0.1882,
26,0.4377,-0.1487,0.0295,0.0135,0.0005,0.1622,-0.0290,0.1648,0.0134,0.0005,0.1647,2000,1.0000,0.6103,162,0.4444,0.193559,0.1939,
27,0.4546,0.0106,0.0592,0.0135,0.0005,0.0029,-0.0587,0.0588,0.0134,0.0005,0.0588,2000,1.0000,0.6100,166,0.4800,0.193660,0.0159,
28,0.4714,-0.0975,0.0291,0.0135,0.0005,0.1110,-0.0286,0.1146,0.0134,0.0006,0.1145,1999,1.0000,0.6107,164,0.4619,0.193615,0.0385,
29,0.4882,0.0946,0.0177,0.0132,0.0007,-0.0814,-0.0170,0.0832,0.0132,0.0007,0.0832,1998,1.0000,0.6091,170,0.5394,0.193620,0.1562,
30,0.5051,-0.1497,-0.0045,0.0090,0.0002,0.1587,0.0047,0.1588,0.0090,0.0002,0.1588,1994,1.0000,0.6100,159,0.4007,0.193428,0.1776,
31,0.5219,-0.1502,-0.0044,0.0090,0.0001,0.1592,0.0045,0.1593,0.0089,0.0001,0.1592,2000,1.0000,0.6100,159,0.4009,0.193428,0.1813,
32,0.5387,-0.0701,0.0401,0.0089,0.0001,0.0790,-0.0400,0.0885,0.0089,0.0001,0.0885,2000,1.0000,0.6104,163,0.4059,0.193581,0.1006,
33,0.5556,-0.1170,0.0199,0.0088,0.0001,0.1258,-0.0198,0.1273,0.0087,0.0001,0.1272,2000,1.0000,0.6103,163,0.4157,0.193530,0.1626,
34,0.5724,0.2473,-0.0695,0.0088,0.0001,-0.2385,0.0696,0.2484,0.0087,0.0001,0.2485,2000,1.0000,0.6091,171,0.5409,0.193541,0.2585,
35,0.5892,0.1061,0.0304,0.0084,0.0001,-0.0977,-0.0303,0.1023,0.0084,0.0001,0.1023,2000,1.0000,0.6092,170,0.5136,0.193629,0.1896,
36,0.6061,0.1487,0.0218,0.0083,0.0001,-0.1404,-0.0217,0.1421,0.0083,0.0001,0.1421,2000,1.0000,0.6086,175,0.6300,0.193703,0.1130,
37,0.6229,-0.0685,0.0436,0.0082,0.0002,0.0767,-0.0434,0.0881,0.0082,0.0002,0.0881,2000,1.0000,0.6103,163,0.4062,0.193584,0.1124,
38,0.6398,-0.0127,0.0136,0.0081,0.0002,0.0208,-0.0134,0.0247,0.0080,0.0002,0.0247,2000,1.0000,0.6098,166,0.4490,0.193538,0.0724,
39,0.6566,0.1799,-0.0190,0.0080,0.0001,-0.1719,0.0191,0.1730,0.0080,0.0001,0.1730,2000,1.0000,0.6100,168,0.4837,0.193533,0.1520,
40,0.6734,0.0535,0.0265,0.0079,0.0001,-0.0456,-0.0264,0.0527,0.0079,0.0001,0.0527,2000,1.0000,0.6097,168,0.4718,0.193595,0.0170,
41,0.6903,0.0107,0.0302,0.0080,0.0000,-0.0027,-0.0302,0.0303,0.0079,0.0000,0.0303,1999,1.0000,0.6102,166,0.4486,0.193611,0.0932,
42,0.7071,-0.0261,0.0223,0.0079,-0.0001,0.0340,-0.0224,0.0407,0.0078,-0.0001,0.0406,2000,1.0000,0.6100,164,0.4189,0.193545,0.0678,
43,0.7239,0.0100,0.0462,0.0078,-0.0001,-0.0022,-0.0463,0.0464,0.0078,-0.0001,0.0464,2000,1.0000,0.6102,166,0.4476,0.193654,0.0183,
44,0.7408,0.0532,0.0259,0.0078,-0.0002,-0.0454,-0.0261,0.0524,0.0078,-0.0002,0.0524,2000,1.0000,0.6097,168,0.4706,0.193598,0.0244,
45,0.7576,-0.0595,-0.0006,0.0072,-0.0003,0.0667,0.0003,0.0667,0.0072,-0.0003,0.0667,2000,1.0000,0.6098,164,0.4314,0.193509,0.0453,
46,0.7744,0.1735,-0.0172,0.0072,-0.0003,-0.1663,0.0169,0.1672,0.0072,-0.0003,0.1672,2000,1.0000,0.6100,166,0.4598,0.193480,0.0930,
47,0.7913,0.2867,-0.0992,0.0073,-0.0004,-0.2794,0.0988,0.2964,0.0072,-0.0004,0.2964,2000,1.0000,0.6089,171,0.5558,0.193502,0.3305,
48,0.8081,0.0498,0.0254,0.0071,-0.0003,-0.0427,-0.0257,0.0498,0.0071,-0.0003,0.0498,2000,1.0000,0.6097,168,0.4729,0.193599,0.0291,
49,0.8249,0.0165,0.0397,0.0070,-0.0003,-0.0095,-0.0400,0.0411,0.0070,-0.0003,0.0411,2000,1.0000,0.6100,166,0.4490,0.193615,0.1375,
50,0.8418,0.0849,-0.0157,0.0069,-0.0003,-0.0780,0.0154,0.0795,0.0069,-0.0003,0.0795,1999,1.0000,0.6086,174,0.6114,0.193687,0.0478,
51,0.8586,-0.0212,-0.0308,0.0068,-0.0004,0.0280,0.0304,0.0413,0.0068,-0.0004,0.0413,2000,1.0000,0.6094,165,0.4665,0.193485,0.1783,
52,0.8755,0.0890,0.0106,0.0068,-0.0005,-0.0822,-0.0111,0.0829,0.0067,-0.0005,0.0830,2000,1.0000,0.6087,174,0.6084,0.193725,0.1153,
53,0.8923,0.1542,-0.0286,0.0064,-0.0005,-0.1478,0.0281,0.1504,0.0063,-0.0004,0.1506,2000,1.0000,0.6093,170,0.5193,0.193605,0.1801,
54,0.9091,-0.1261,0.0137,0.0063,-0.0004,0.1324,-0.0141,0.1331,0.0063,-0.0004,0.1331,2000,1.0000,0.6102,163,0.4218,0.193525,0.2360,
55,0.9260,-0.0012,0.0335,0.0063,-0.0003,0.0075,-0.0338,0.0346,0.0063,-0.0003,0.0346,1999,1.0000,0.6101,163,0.4153,0.193499,0.1560,
56,0.9428,0.0240,0.0393,0.0063,-0.0003,-0.0177,-0.0396,0.0434,0.0063,-0.0003,0.0434,2000,1.0000,0.6100,166,0.4482,0.193605,0.1006,
57,0.9596,0.0442,0.0205,0.0051,0.0004,-0.0391,-0.0201,0.0440,0.0051,0.0004,0.0440,1998,1.0000,0.6090,172,0.5742,0.193736,0.0866,
58,0.9765,0.0693,-0.0220,0.0051,0.0004,-0.0642,0.0224,0.0680,0.0051,0.0004,0.0680,2000,1.0000,0.6086,175,0.6395,0.193721,0.0770,
59,0.9933,0.1574,-0.0065,0.0051,0.0003,-0.1523,0.0068,0.1525,0.0051,0.0003,0.1525,2000,1.0000,0.6087,172,0.5752,0.193657,0.2273,
60,1.0101,0.2521,-0.1515,0.0012,-0.0005,-0.2509,0.1510,0.2928,0.0012,-0.0005,0.2928,1998,0.9995,0.6085,178,0.6781,0.193568,0.2984,
61,1.0270,0.0702,-0.0034,0.0012,-0.0005,-0.0690,0.0029,0.0691,0.0012,-0.0005,0.0691,2000,1.0000,0.6095,170,0.5042,0.193611,0.1329,
62,1.0438,-0.2331,0.0170,0.0012,-0.0004,0.2343,-0.0174,0.2349,0.0012,-0.0004,0.2349,2000,1.0000,0.6112,160,0.4375,0.193504,0.1549,
63,1.0606,0.1462,-0.0728,0.0012,-0.0007,-0.1450,0.0721,0.1619,0.0012,-0.0007,0.1619,2000,1.0000,0.6084,174,0.6161,0.193577,0.1933,
64,1.0775,0.1463,-0.0729,0.0012,-0.0007,-0.1451,0.0722,0.1621,0.0013,-0.0007,0.1620,2000,1.0000,0.6084,174,0.6162,0.193577,0.1935,
65,1.0943,0.1653,-0.0766,0.0010,-0.0006,-0.1643,0.0760,0.1810,0.0011,-0.0006,0.1809,2000,1.0000,0.6091,171,0.5424,0.193582,0.2751,
66,1.1112,-0.0307,-0.0577,0.0011,-0.0006,0.0318,0.0571,0.0654,0.0011,-0.0006,0.0654,2000,1.0000,0.6096,165,0.4613,0.193511,0.0866,
67,1.1280,-0.0156,0.0322,0.0011,-0.0006,0.0167,-0.0328,0.0368,0.0011,-0.0006,0.0368,2000,1.0000,0.6102,167,0.4622,0.193655,0.0479,
68,1.1448,-0.0552,-0.0004,0.0011,-0.0006,0.0563,-0.0002,0.0563,0.0011,-0.0006,0.0563,2000,1.0000,0.6101,163,0.4074,0.193556,0.1109,
69,1.1617,-0.0739,-0.0053,0.0011,-0.0006,0.0750,0.0047,0.0751,0.0011,-0.0006,0.0751,2000,1.0000,0.6101,164,0.4280,0.193541,0.2418,
70,1.1785,-0.0511,0.0037,0.0009,-0.0008,0.0520,-0.0045,0.0522,0.0009,-0.0008,0.0522,2000,1.0000,0.6101,164,0.4214,0.193570,0.0596,
71,1.1953,-0.0306,0.0054,0.0009,-0.0008,0.0315,-0.0062,0.0321,0.0010,-0.0008,0.0322,2000,1.0000,0.6101,164,0.4211,0.193579,0.0399,
72,1.2122,-0.0654,0.0113,0.0009,-0.0009,0.0663,-0.0122,0.0674,0.0009,-0.0009,0.0674,2000,1.0000,0.6103,164,0.4210,0.193580,0.0509,
73,1.2290,-0.0648,0.0115,0.0010,-0.0009,0.0658,-0.0124,0.0670,0.0010,-0.0009,0.0670,2000,1.0000,0.6103,164,0.4213,0.193580,0.0534,
74,1.2458,0.0334,0.0080,0.0011,-0.0009,-0.0323,-0.0089,0.0335,0.0011,-0.0009,0.0335,2000,1.0000,0.6098,169,0.4862,0.193616,0.0309,
75,1.2627,-0.2204,-0.0081,0.0009,-0.0009,0.2213,0.0072,0.2214,0.0010,-0.0009,0.2215,1999,0.9995,0.6106,159,0.3871,0.193537,0.1863,
76,1.2795,0.1689,-0.0879,0.0009,-0.0009,-0.1680,0.0870,0.1892,0.0009,-0.0009,0.1892,2000,1.0000,0.6082,176,0.6599,0.193590,0.2486,
77,1.2963,-0.0607,0.0116,0.0010,-0.0007,0.0617,-0.0123,0.0629,0.0010,-0.0007,0.0629,2000,1.0000,0.6102,163,0.4066,0.193577,0.0358,
78,1.3132,-0.0693,-0.0082,0.0010,-0.0007,0.0703,0.0075,0.0707,0.0010,-0.0007,0.0707,2000,1.0000,0.6106,163,0.4067,0.193589,0.0399,
79,1.3300,-0.0622,0.0009,0.0010,-0.0006,0.0632,-0.0015,0.0632,0.0010,-0.0006,0.0632,2000,1.0000,0.6104,163,0.4123,0.193535,0.2556,
80,1.3468,0.3241,-0.1646,0.0010,-0.0005,-0.3231,0.1641,0.3624,0.0010,-0.0005,0.3624,2000,1.0000,0.6087,172,0.6049,0.193518,0.2528,
81,1.3637,0.1777,-0.0592,0.0010,-0.0004,-0.1767,0.0588,0.1862,0.0010,-0.0004,0.1862,2000,1.0000,0.6094,170,0.5182,0.193581,0.1911,
82,1.3805,0.0857,-0.0194,0.0010,-0.0004,-0.0847,0.0190,0.0868,0.0010,-0.0004,0.0868,2000,1.0000,0.6090,172,0.5556,0.193662,0.1565,
83,1.3974,0.0855,-0.0194,0.0009,-0.0004,-0.0846,0.0190,0.0867,0.0009,-0.0004,0.0867,2000,1.0000,0.6090,172,0.5559,0.193662,0.1245,
84,1.4142,0.0853,-0.0193,0.0009,-0.0005,-0.0844,0.0188,0.0865,0.0009,-0.0005,0.0865,2000,1.0000,0.6090,172,0.5560,0.193662,0.0723,
85,1.4310,-0.0079,0.0339,0.0008,-0.0006,0.0087,-0.0345,0.0356,0.0008,-0.0005,0.0355,2000,1.0000,0.6105,164,0.4322,0.193635,0.0737,
86,1.4479,0.0389,0.0106,0.0008,-0.0006,-0.0381,-0.0112,0.0397,0.0008,-0.0006,0.0397,2000,1.0000,0.6097,169,0.4891,0.193635,0.1058,
87,1.4647,-0.0671,0.0113,0.0006,-0.0004,0.0677,-0.0117,0.0687,0.0006,-0.0004,0.0687,2000,1.0000,0.6103,164,0.4234,0.193581,0.0454,
88,1.4815,-0.1500,-0.0184,0.0006,-0.0004,0.1506,0.0180,0.1517,0.0006,-0.0004,0.1517,2000,1.0000,0.6103,162,0.4217,0.193505,0.0432,
89,1.4984,0.0824,-0.0059,0.0005,-0.0004,-0.0819,0.0055,0.0821,0.0005,-0.0004,0.0821,2000,1.0000,0.6098,169,0.4926,0.193619,0.1937,
90,1.5152,-0.0500,0.0010,-0.0007,-0.0008,0.0493,-0.0018,0.0493,-0.0007,-0.0008,0.0493,1998,1.0000,0.6101,164,0.4212,0.193546,0.0404,
91,1.5320,0.1083,-0.0135,-0.0007,-0.0009,-0.1090,0.0126,0.1097,-0.0007,-0.0009,0.1097,2000,1.0000,0.6087,176,0.6220,0.193692,0.1283,
92,1.5489,0.1082,-0.0136,-0.0007,-0.0009,-0.1089,0.0127,0.1096,-0.0007,-0.0009,0.1096,2000,1.0000,0.6087,176,0.6220,0.193692,0.1278,
93,1.5657,0.0662,-0.0591,-0.0008,-0.0008,-0.0670,0.0583,0.0888,-0.0007,-0.0008,0.0887,2000,1.0000,0.6089,166,0.5027,0.193465,0.0484,
94,1.5825,0.0105,-0.0113,-0.0008,-0.0008,-0.0113,0.0105,0.0154,-0.0008,-0.0008,0.0154,2000,1.0000,0.6103,164,0.4230,0.193549,0.0796,
95,1.5994,0.0503,0.0096,-0.0009,-0.0008,-0.0512,-0.0104,0.0522,-0.0009,-0.0008,0.0522,2000,1.0000,0.6097,169,0.4873,0.193613,0.1628,
96,1.6162,0.1343,-0.0434,-0.0008,-0.0008,-0.1351,0.0426,0.1417,-0.0008,-0.0008,0.1417,1998,1.0000,0.6090,171,0.5330,0.193527,0.2426,
97,1.6331,0.0973,0.0064,-0.0008,-0.0007,-0.0981,-0.0071,0.0984,-0.0008,-0.0007,0.0984,1999,1.0000,0.6089,176,0.6289,0.193716,0.0603,
98,1.6499,0.0790,-0.0055,-0.0008,-0.0007,-0.0798,0.0048,0.0799,-0.0008,-0.0007,0.0799,2000,1.0000,0.6100,168,0.4751,0.193602,0.0975,
99,1.6667,0.0287,0.0154,-0.0009,-0.0007,-0.0296,-0.0161,0.0337,-0.0009,-0.0007,0.0337,1999,1.0000,0.6100,168,0.4729,0.193616,0.0652,
100,1.6836,0.0384,0.0092,-0.0009,-0.0007,-0.0393,-0.0099,0.0405,-0.0009,-0.0007,0.0405,2000,1.0000,0.6098,168,0.4726,0.193607,0.0498,
101,1.7004,0.0055,0.0302,-0.0009,-0.0007,-0.0064,-0.0309,0.0316,-0.0009,-0.0007,0.0316,2000,1.0000,0.6101,167,0.4606,0.193642,0.0891,
102,1.7172,0.0035,0.0305,-0.0009,-0.0008,-0.0044,-0.0313,0.0316,-0.0009,-0.0008,0.0316,2000,1.0000,0.6101,167,0.4607,0.193644,0.1733,
103,1.7341,0.0709,-0.0165,-0.0008,-0.0008,-0.0717,0.0157,0.0734,-0.0008,-0.0008,0.0734,2000,1.0000,0.6095,170,0.5135,0.193649,0.0926,
104,1.7509,-0.0463,-0.0002,-0.0009,-0.0007,0.0454,-0.0005,0.0454,-0.0008,-0.0007,0.0455,2000,1.0000,0.6101,164,0.4208,0.193538,0.0793,
105,1.7677,-0.0362,0.0149,-0.0009,-0.0007,0.0353,-0.0156,0.0386,-0.0009,-0.0007,0.0386,2000,1.0000,0.6102,164,0.4176,0.193576,0.0329,
106,1.7846,-0.0369,0.0148,-0.0009,-0.0008,0.0360,-0.0156,0.0392,-0.0009,-0.0008,0.0392,2000,1.0000,0.6102,164,0.4177,0.193577,0.0321,
107,1.8014,-0.0947,-0.0005,-0.0009,-0.0007,0.0938,-0.0002,0.0938,-0.0009,-0.0007,0.0938,2000,1.0000,0.6103,162,0.3973,0.193527,0.0283,
108,1.8182,0.0141,0.0060,-0.0008,-0.0007,-0.0149,-0.0067,0.0163,-0.0008,-0.0007,0.0163,2000,1.0000,0.6100,165,0.4343,0.193554,0.1167,
109,1.8351,0.0506,0.0095,-0.0009,-0.0008,-0.0515,-0.0103,0.0525,-0.0008,-0.0008,0.0524,2000,1.0000,0.6097,169,0.4871,0.193613,0.1016,
110,1.8519,0.1358,-0.0378,-0.0009,-0.0008,-0.1367,0.0370,0.1416,-0.0009,-0.0008,0.1416,2000,1.0000,0.6090,172,0.5529,0.193624,0.1757,
111,1.8688,0.1348,-0.0376,-0.0009,-0.0008,-0.1357,0.0368,0.1406,-0.0009,-0.0008,0.1406,2000,1.0000,0.6090,172,0.5521,0.193624,0.0295,
112,1.8856,-0.0349,0.0465,-0.0009,-0.0008,0.0340,-0.0473,0.0583,-0.0009,-0.0008,0.0583,2000,1.0000,0.6104,166,0.4523,0.193663,0.0702,
113,1.9024,0.0940,-0.0207,-0.0009,-0.0009,-0.0949,0.0198,0.0969,-0.0008,-0.0009,0.0968,2000,1.0000,0.6091,172,0.5452,0.193634,0.1714,
114,1.9193,0.0978,0.0246,-0.0008,-0.0010,-0.0986,-0.0256,0.1019,-0.0008,-0.0010,0.1019,2000,1.0000,0.6095,169,0.5038,0.193634,0.1483,
115,1.9361,0.0562,0.0018,-0.0008,-0.0009,-0.0570,-0.0027,0.0571,-0.0008,-0.0009,0.0571,2000,1.0000,0.6096,169,0.4872,0.193610,0.1593,
116,1.9529,0.0559,0.0018,-0.0008,-0.0009,-0.0567,-0.0027,0.0568,-0.0008,-0.0009,0.0568,2000,1.0000,0.6096,169,0.4871,0.193610,0.1590,
117,1.9698,-0.1235,-0.0346,-0.0008,-0.0009,0.1227,0.0337,0.1272,-0.0008,-0.0009,0.1272,2000,1.0000,0.6099,163,0.4450,0.193488,0.0924,
118,1.9866,0.1137,0.0054,-0.0010,-0.0009,-0.1147,-0.0063,0.1149,-0.0010,-0.0009,0.1149,2000,1.0000,0.6089,172,0.5679,0.193674,0.1772,
119,2.0034,0.0226,0.0153,-0.0010,-0.0009,-0.0236,-0.0162,0.0286,-0.0010,-0.0009,0.0286,2000,1.0000,0.6100,168,0.4709,0.193623,0.0851,
120,2.0203,-0.2449,0.0042,-0.0021,-0.0025,0.2428,-0.0067,0.2429,-0.0021,-0.0025,0.2429,2000,1.0000,0.6114,163,0.4244,0.193724,0.1900,
121,2.0371,-0.1168,0.0233,-0.0022,-0.0025,0.1146,-0.0258,0.1175,-0.0021,-0.0025,0.1176,1999,1.0000,0.6104,163,0.4095,0.193591,0.0030,
122,2.0539,-0.0955,-0.0124,-0.0022,-0.0025,0.0933,0.0099,0.0938,-0.0022,-0.0025,0.0938,2000,1.0000,0.6099,164,0.4362,0.193537,0.0644,
123,2.0708,-0.0681,-0.0075,-0.0023,-0.0025,0.0658,0.0050,0.0660,-0.0023,-0.0025,0.0660,2000,1.0000,0.6099,163,0.4144,0.193544,0.0597,
124,2.0876,0.0197,-0.0046,-0.0023,-0.0025,-0.0220,0.0021,0.0221,-0.0023,-0.0025,0.0221,2000,1.0000,0.6095,168,0.4916,0.193618,0.0754,
125,2.1045,-0.0765,-0.0182,-0.0024,-0.0026,0.0741,0.0156,0.0757,-0.0023,-0.0026,0.0758,2000,1.0000,0.6098,164,0.4377,0.193542,0.0952,
126,2.1213,-0.0707,0.0029,-0.0024,-0.0026,0.0683,-0.0055,0.0685,-0.0024,-0.0026,0.0685,2000,1.0000,0.6101,164,0.4258,0.193570,0.0744,
127,2.1381,-0.0704,0.0024,-0.0024,-0.0025,0.0680,-0.0049,0.0682,-0.0024,-0.0025,0.0682,2000,1.0000,0.6101,163,0.4103,0.193569,0.0553,
128,2.1550,-0.0705,0.0024,-0.0024,-0.0025,0.0681,-0.0049,0.0683,-0.0024,-0.0025,0.0683,2000,1.0000,0.6101,163,0.4103,0.193569,0.0240,
129,2.1718,-0.0709,0.0026,-0.0024,-0.0025,0.0685,-0.0051,0.0687,-0.0024,-0.0025,0.0687,2000,1.0000,0.6101,163,0.4103,0.193569,0.0243,
130,2.1886,-0.0611,-0.0191,-0.0024,-0.0026,0.0587,0.0165,0.0610,-0.0024,-0.0026,0.0610,2000,1.0000,0.6098,164,0.4330,0.193526,0.0506,
131,2.2055,0.0504,-0.0175,-0.0024,-0.0025,-0.0528,0.0150,0.0549,-0.0024,-0.0025,0.0549,2000,1.0000,0.6088,173,0.5881,0.193688,0.1203,
132,2.2223,0.2368,-0.0761,-0.0024,-0.0025,-0.2392,0.0736,0.2503,-0.0024,-0.0025,0.2503,2000,1.0000,0.6087,173,0.6131,0.193624,0.3155,
133,2.2391,-0.0139,0.0285,-0.0024,-0.0025,0.0115,-0.0310,0.0331,-0.0024,-0.0025,0.0331,2000,1.0000,0.6101,167,0.4792,0.193709,0.0967,
134,2.2560,-0.0133,0.0284,-0.0024,-0.0024,0.0109,-0.0308,0.0327,-0.0024,-0.0024,0.0327,2000,1.0000,0.6101,167,0.4792,0.193709,0.0533,
135,2.2728,-0.0308,0.0304,-0.0024,-0.0022,0.0284,-0.0326,0.0432,-0.0024,-0.0022,0.0432,2000,1.0000,0.6102,166,0.4577,0.193629,0.0476,
136,2.2896,-0.0310,0.0303,-0.0024,-0.0022,0.0286,-0.0325,0.0433,-0.0024,-0.0022,0.0433,2000,1.0000,0.6102,166,0.4572,0.193629,0.0125,
137,2.3065,-0.0468,0.0194,-0.0024,-0.0022,0.0444,-0.0216,0.0494,-0.0024,-0.0022,0.0494,2000,1.0000,0.6101,164,0.4231,0.193592,0.1343,
138,2.3233,-0.0469,0.0193,-0.0024,-0.0022,0.0445,-0.0215,0.0494,-0.0024,-0.0022,0.0494,2000,1.0000,0.6101,164,0.4231,0.193592,0.1344,
139,2.3401,0.0998,-0.0731,-0.0024,-0.0023,-0.1022,0.0708,0.1243,-0.0024,-0.0023,0.1243,2000,1.0000,0.6084,175,0.6334,0.193587,0.3085,
140,2.3570,0.0075,0.0103,-0.0024,-0.0023,-0.0099,-0.0126,0.0160,-0.0024,-0.0023,0.0160,1999,1.0000,0.6101,167,0.4708,0.193618,0.1202,
141,2.3738,0.0073,0.0102,-0.0024,-0.0022,-0.0097,-0.0124,0.0157,-0.0024,-0.0022,0.0157,2000,1.0000,0.6101,167,0.4706,0.193618,0.1202,
142,2.3907,0.0046,0.0196,-0.0024,-0.0021,-0.0070,-0.0217,0.0228,-0.0024,-0.0021,0.0228,2000,1.0000,0.6102,167,0.4753,0.193673,0.1163,
143,2.4075,0.0045,0.0196,-0.0024,-0.0021,-0.0069,-0.0217,0.0228,-0.0024,-0.0021,0.0228,2000,1.0000,0.6102,167,0.4752,0.193673,0.1160,
144,2.4243,0.0052,0.0193,-0.0025,-0.0022,-0.0077,-0.0215,0.0228,-0.0024,-0.0022,0.0228,2000,1.0000,0.6102,167,0.4752,0.193673,0.0224,
145,2.4412,0.0051,0.0194,-0.0025,-0.0021,-0.0076,-0.0215,0.0228,-0.0025,-0.0021,0.0228,2000,1.0000,0.6102,167,0.4750,0.193673,0.0221,
146,2.4580,0.0056,0.0192,-0.0025,-0.0023,-0.0081,-0.0215,0.0230,-0.0025,-0.0023,0.0230,2000,1.0000,0.6102,167,0.4750,0.193672,0.0227,
147,2.4748,0.0056,0.0191,-0.0025,-0.0022,-0.0081,-0.0213,0.0228,-0.0024,-0.0022,0.0228,2000,1.0000,0.6102,167,0.4748,0.193672,0.0310,
148,2.4917,0.0060,0.0190,-0.0024,-0.0023,-0.0084,-0.0213,0.0229,-0.0024,-0.0023,0.0229,2000,1.0000,0.6102,167,0.4748,0.193672,0.1174,
149,2.5085,0.0117,0.0195,-0.0023,-0.0023,-0.0140,-0.0218,0.0259,-0.0023,-0.0023,0.0259,2000,1.0000,0.6098,167,0.4705,0.193628,0.0458,
150,2.5253,-0.1683,-0.0116,-0.0035,-0.0014,0.1648,0.0102,0.1651,-0.0035,-0.0014,0.1651,2000,1.0000,0.6103,161,0.4121,0.193498,0.2025,
151,2.5422,-0.1680,-0.0117,-0.0035,-0.0014,0.1645,0.0103,0.1648,-0.0035,-0.0014,0.1648,2000,1.0000,0.6103,162,0.4273,0.193497,0.1388,
152,2.5590,-0.0470,0.0459,-0.0035,-0.0013,0.0435,-0.0472,0.0642,-0.0035,-0.0013,0.0642,1999,1.0000,0.6103,164,0.4271,0.193624,0.0510,
153,2.5758,-0.0084,0.0572,-0.0036,-0.0016,0.0048,-0.0588,0.0590,-0.0036,-0.0016,0.0590,1999,1.0000,0.6102,167,0.4716,0.193652,0.0789,
154,2.5927,0.1518,-0.0702,-0.0036,-0.0016,-0.1554,0.0686,0.1699,-0.0036,-0.0016,0.1699,2000,1.0000,0.6083,176,0.6410,0.193562,0.2571,
155,2.6095,-0.0935,0.0250,-0.0036,-0.0016,0.0899,-0.0266,0.0938,-0.0036,-0.0016,0.0938,1999,1.0000,0.6103,163,0.4074,0.193583,0.0401,
156,2.6264,0.0730,-0.0230,-0.0035,-0.0017,-0.0765,0.0213,0.0794,-0.0035,-0.0017,0.0794,2000,1.0000,0.6095,170,0.5080,0.193597,0.1348,
157,2.6432,0.0733,-0.0229,-0.0036,-0.0017,-0.0769,0.0212,0.0798,-0.0036,-0.0017,0.0798,2000,1.0000,0.6095,170,0.5087,0.193596,0.0717,
158,2.6600,0.0733,-0.0229,-0.0036,-0.0018,-0.0769,0.0211,0.0797,-0.0036,-0.0018,0.0797,2000,1.0000,0.6095,170,0.5087,0.193596,0.1481,
159,2.6769,0.0828,-0.0261,-0.0035,-0.0017,-0.0863,0.0244,0.0897,-0.0035,-0.0017,0.0897,2000,1.0000,0.6095,170,0.5079,0.193586,0.1582,
160,2.6937,0.0382,0.0008,-0.0035,-0.0018,-0.0417,-0.0026,0.0418,-0.0035,-0.0018,0.0418,2000,1.0000,0.6096,169,0.4930,0.193597,0.1066,
161,2.7105,0.0430,0.0011,-0.0034,-0.0018,-0.0464,-0.0029,0.0465,-0.0034,-0.0018,0.0465,2000,1.0000,0.6102,167,0.4768,0.193639,0.0670,
162,2.7274,0.0309,0.0023,-0.0035,-0.0017,-0.0344,-0.0040,0.0346,-0.0035,-0.0017,0.0346,2000,1.0000,0.6097,169,0.4936,0.193609,0.0761,
163,2.7442,0.0311,0.0023,-0.0035,-0.0017,-0.0346,-0.0040,0.0348,-0.0035,-0.0017,0.0348,1999,1.0000,0.6097,169,0.4938,0.193609,0.0759,
164,2.7610,0.0308,0.0023,-0.0035,-0.0017,-0.0343,-0.0040,0.0345,-0.0035,-0.0017,0.0345,2000,1.0000,0.6097,169,0.4938,0.193609,0.0761,
165,2.7779,0.0367,0.0014,-0.0036,-0.0016,-0.0403,-0.0030,0.0404,-0.0036,-0.0016,0.0404,2000,1.0000,0.6096,169,0.4939,0.193599,0.0088,
166,2.7947,0.0367,0.0016,-0.0036,-0.0016,-0.0403,-0.0032,0.0404,-0.0035,-0.0016,0.0403,2000,1.0000,0.6096,169,0.4938,0.193599,0.0089,
167,2.8115,0.0365,0.0016,-0.0036,-0.0016,-0.0401,-0.0032,0.0402,-0.0035,-0.0016,0.0401,2000,1.0000,0.6096,169,0.4938,0.193599,0.0160,
168,2.8284,0.0403,0.0024,-0.0036,-0.0016,-0.0439,-0.0040,0.0441,-0.0036,-0.0016,0.0441,2000,1.0000,0.6102,167,0.4775,0.193641,0.0137,
169,2.8452,0.0406,0.0025,-0.0036,-0.0016,-0.0442,-0.0041,0.0444,-0.0036,-0.0016,0.0444,2000,1.0000,0.6102,167,0.4775,0.193641,0.0133,
170,2.8621,-0.1076,-0.0018,-0.0036,-0.0016,0.1040,0.0002,0.1040,-0.0036,-0.0016,0.1040,2000,1.0000,0.6105,163,0.4104,0.193582,0.0510,
171,2.8789,0.0449,-0.0168,-0.0040,-0.0013,-0.0489,0.0155,0.0513,-0.0040,-0.0013,0.0513,2000,1.0000,0.6088,174,0.6050,0.193714,0.1076,
172,2.8957,0.0446,-0.0167,-0.0040,-0.0013,-0.0486,0.0154,0.0510,-0.0040,-0.0013,0.0510,1999,1.0000,0.6088,174,0.6050,0.193714,0.1074,
173,2.9126,0.0416,-0.0149,-0.0039,-0.0012,-0.0455,0.0137,0.0475,-0.0039,-0.0012,0.0475,2000,1.0000,0.6088,175,0.6156,0.193719,0.1043,
174,2.9294,0.0416,-0.0151,-0.0040,-0.0012,-0.0456,0.0139,0.0477,-0.0040,-0.0012,0.0477,1999,1.0000,0.6088,175,0.6155,0.193719,0.1044,
175,2.9462,0.0451,-0.0168,-0.0040,-0.0012,-0.0491,0.0156,0.0515,-0.0040,-0.0012,0.0515,2000,1.0000,0.6088,174,0.6044,0.193714,0.1278,
176,2.9631,0.0451,-0.0170,-0.0040,-0.0012,-0.0491,0.0158,0.0516,-0.0039,-0.0012,0.0515,2000,1.0000,0.6088,174,0.6043,0.193714,0.1276,
177,2.9799,-0.1327,0.0205,-0.0041,-0.0012,0.1286,-0.0217,0.1304,-0.0041,-0.0012,0.1304,2000,1.0000,0.6103,163,0.4118,0.193563,0.1252,
178,2.9967,0.0058,0.0187,-0.0040,-0.0012,-0.0098,-0.0199,0.0222,-0.0040,-0.0012,0.0222,2000,1.0000,0.6099,168,0.4799,0.193629,0.0296,
179,3.0136,0.0269,-0.0048,-0.0041,-0.0012,-0.0310,0.0036,0.0312,-0.0041,-0.0012,0.0312,2000,1.0000,0.6093,171,0.5341,0.193657,0.0373,
180,3.0304,0.0119,0.0239,-0.0046,-0.0016,-0.0165,-0.0255,0.0304,-0.0046,-0.0016,0.0304,1996,1.0000,0.6099,168,0.4788,0.193597,0.0305,
181,3.0472,0.0119,0.0239,-0.0045,-0.0016,-0.0164,-0.0255,0.0303,-0.0045,-0.0016,0.0303,2000,1.0000,0.6099,168,0.4788,0.193597,0.0605,
182,3.0641,0.0120,0.0236,-0.0045,-0.0016,-0.0165,-0.0252,0.0301,-0.0045,-0.0016,0.0301,2000,1.0000,0.6099,168,0.4791,0.193596,0.0248,
183,3.0809,-0.0134,0.0353,-0.0045,-0.0016,0.0089,-0.0369,0.0380,-0.0045,-0.0016,0.0380,2000,1.0000,0.6102,167,0.4697,0.193617,0.1095,
184,3.0978,0.0213,0.0164,-0.0046,-0.0016,-0.0259,-0.0180,0.0315,-0.0046,-0.0016,0.0315,2000,1.0000,0.6098,169,0.4914,0.193609,0.0542,
185,3.1146,-0.1130,0.0391,-0.0046,-0.0016,0.1084,-0.0407,0.1158,-0.0046,-0.0016,0.1158,2000,1.0000,0.6105,163,0.4127,0.193609,0.0602,
186,3.1314,-0.1131,0.0391,-0.0046,-0.0016,0.1085,-0.0407,0.1159,-0.0046,-0.0016,0.1159,2000,1.0000,0.6105,163,0.4127,0.193609,0.1424,
187,3.1483,-0.1130,0.0389,-0.0045,-0.0016,0.1085,-0.0405,0.1158,-0.0045,-0.0016,0.1158,2000,1.0000,0.6105,163,0.4126,0.193609,0.1422,
188,3.1651,-0.0431,-0.0026,-0.0046,-0.0016,0.0385,0.0010,0.0385,-0.0046,-0.0016,0.0385,2000,1.0000,0.6099,165,0.4415,0.193526,0.0441,
189,3.1819,0.2701,-0.0983,-0.0047,-0.0017,-0.2748,0.0966,0.2913,-0.0046,-0.0017,0.2912,2000,1.0000,0.6087,174,0.6429,0.193636,0.3654,
190,3.1988,0.2699,-0.0948,-0.0046,-0.0016,-0.2745,0.0932,0.2899,-0.0046,-0.0016,0.2899,2000,1.0000,0.6087,174,0.6396,0.193629,0.3253,
191,3.2156,-0.1438,0.0219,-0.0046,-0.0016,0.1392,-0.0235,0.1412,-0.0046,-0.0016,0.1412,1999,1.0000,0.6104,163,0.4159,0.193557,0.0876,
192,3.2324,-0.0607,0.0067,-0.0047,-0.0016,0.0560,-0.0083,0.0566,-0.0046,-0.0016,0.0567,2000,1.0000,0.6100,164,0.4254,0.193535,0.0685,
193,3.2493,0.0412,0.0152,-0.0047,-0.0016,-0.0459,-0.0168,0.0489,-0.0047,-0.0016,0.0489,2000,1.0000,0.6097,169,0.4911,0.193602,0.0352,
194,3.2661,0.0413,0.0152,-0.0047,-0.0017,-0.0460,-0.0169,0.0490,-0.0047,-0.0017,0.0490,2000,1.0000,0.6097,169,0.4910,0.193602,0.0352,
195,3.2829,0.0287,0.0139,-0.0047,-0.0016,-0.0334,-0.0155,0.0368,-0.0047,-0.0016,0.0368,2000,1.0000,0.6098,168,0.4779,0.193597,0.0229,
196,3.2998,0.0287,0.0139,-0.0047,-0.0017,-0.0334,-0.0156,0.0369,-0.0047,-0.0017,0.0369,1999,1.0000,0.6098,168,0.4780,0.193597,0.0164,
197,3.3166,0.0408,0.0151,-0.0046,-0.0017,-0.0454,-0.0168,0.0484,-0.0046,-0.0017,0.0484,1999,1.0000,0.6097,169,0.4912,0.193602,0.0270,
198,3.3335,0.0389,0.0146,-0.0047,-0.0017,-0.0436,-0.0163,0.0465,-0.0047,-0.0017,0.0465,2000,1.0000,0.6097,169,0.4909,0.193604,0.0254,
199,3.3503,0.0414,0.0149,-0.0047,-0.0016,-0.0461,-0.0165,0.0490,-0.0046,-0.0016,0.0489,2000,1.0000,0.6097,169,0.4910,0.193601,0.0824,
200,3.3671,0.0426,0.0145,-0.0046,-0.0016,-0.0472,-0.0161,0.0499,-0.0046,-0.0016,0.0499,2000,1.0000,0.6097,169,0.4914,0.193600,0.0747,
201,3.3840,0.0427,0.0146,-0.0046,-0.0016,-0.0473,-0.0162,0.0500,-0.0046,-0.0016,0.0500,2000,1.0000,0.6097,169,0.4914,0.193600,0.0747,
202,3.4008,0.0428,0.0145,-0.0047,-0.0015,-0.0475,-0.0160,0.0501,-0.0046,-0.0015,0.0500,2000,1.0000,0.6097,169,0.4914,0.193600,0.1132,
203,3.4176,0.0426,0.0145,-0.0046,-0.0015,-0.0472,-0.0160,0.0498,-0.0046,-0.0015,0.0498,2000,1.0000,0.6097,169,0.4910,0.193600,0.1130,
204,3.4345,-0.0257,0.0341,-0.0046,-0.0015,0.0211,-0.0356,0.0414,-0.0046,-0.0015,0.0414,2000,1.0000,0.6103,167,0.4684,0.193634,0.0517,
205,3.4513,-0.0617,0.0360,-0.0045,-0.0015,0.0572,-0.0375,0.0684,-0.0045,-0.0015,0.0684,2000,1.0000,0.6104,164,0.4273,0.193619,0.0293,
206,3.4681,0.0593,-0.0044,-0.0045,-0.0015,-0.0638,0.0029,0.0639,-0.0045,-0.0015,0.0639,2000,1.0000,0.6098,169,0.4914,0.193585,0.1299,
207,3.4850,-0.0266,0.0347,-0.0045,-0.0015,0.0221,-0.0362,0.0424,-0.0045,-0.0015,0.0424,2000,1.0000,0.6103,167,0.4688,0.193635,0.0511,
208,3.5018,0.0594,-0.0043,-0.0045,-0.0014,-0.0639,0.0029,0.0640,-0.0045,-0.0015,0.0640,2000,1.0000,0.6098,169,0.4914,0.193585,0.1300,
209,3.5186,0.0801,-0.0322,-0.0045,-0.0015,-0.0846,0.0307,0.0900,-0.0045,-0.0015,0.0900,2000,1.0000,0.6086,173,0.5967,0.193650,0.1007,
210,3.5355,0.0677,-0.0230,-0.0023,-0.0008,-0.0700,0.0222,0.0734,-0.0023,-0.0008,0.0734,2000,1.0000,0.6088,174,0.5968,0.193676,0.2060,
211,3.5523,0.0299,0.0303,-0.0023,-0.0008,-0.0322,-0.0311,0.0448,-0.0023,-0.0008,0.0448,2000,1.0000,0.6097,169,0.5230,0.193739,0.0162,
212,3.5691,0.0299,0.0302,-0.0023,-0.0008,-0.0322,-0.0310,0.0447,-0.0023,-0.0008,0.0447,2000,1.0000,0.6097,169,0.5230,0.193739,0.1242,
213,3.5860,-0.0282,0.0293,-0.0023,-0.0009,0.0259,-0.0302,0.0398,-0.0023,-0.0009,0.0398,1999,1.0000,0.6102,167,0.4701,0.193650,0.0595,
214,3.6028,-0.0280,0.0294,-0.0023,-0.0008,0.0257,-0.0302,0.0397,-0.0023,-0.0008,0.0397,2000,1.0000,0.6102,167,0.4700,0.193650,0.0152,
215,3.6197,0.1009,0.0352,-0.0024,-0.0008,-0.1033,-0.0360,0.1094,-0.0024,-0.0008,0.1094,2000,1.0000,0.6092,169,0.5000,0.193536,0.2415,
216,3.6365,0.0339,0.0019,-0.0024,-0.0008,-0.0363,-0.0027,0.0364,-0.0024,-0.0008,0.0364,2000,1.0000,0.6098,169,0.4939,0.193600,0.1741,
217,3.6533,-0.0608,-0.0001,-0.0025,-0.0008,0.0583,-0.0007,0.0583,-0.0025,-0.0008,0.0583,1999,1.0000,0.6101,163,0.4168,0.193568,0.0804,
218,3.6702,-0.1312,-0.0090,-0.0024,-0.0008,0.1288,0.0082,0.1291,-0.0024,-0.0008,0.1291,2000,1.0000,0.6103,163,0.4263,0.193527,0.0249,
219,3.6870,-0.1310,-0.0091,-0.0024,-0.0008,0.1286,0.0083,0.1289,-0.0024,-0.0008,0.1289,2000,1.0000,0.6103,163,0.4262,0.193527,0.0594,
220,3.7038,0.0460,-0.0065,-0.0024,-0.0008,-0.0484,0.0057,0.0487,-0.0024,-0.0008,0.0487,2000,1.0000,0.6097,169,0.4943,0.193592,0.1650,
221,3.7207,-0.0629,0.0073,-0.0024,-0.0007,0.0605,-0.0080,0.0610,-0.0024,-0.0007,0.0610,2000,1.0000,0.6103,163,0.4120,0.193560,0.0614,
222,3.7375,-0.0628,0.0072,-0.0025,-0.0007,0.0603,-0.0079,0.0608,-0.0025,-0.0007,0.0608,2000,1.0000,0.6103,163,0.4120,0.193560,0.0616,
223,3.7543,-0.0630,0.0073,-0.0025,-0.0007,0.0605,-0.0080,0.0610,-0.0025,-0.0007,0.0610,2000,1.0000,0.6103,163,0.4119,0.193560,0.0539,
224,3.7712,-0.0629,0.0072,-0.0025,-0.0007,0.0604,-0.0079,0.0609,-0.0025,-0.0007,0.0609,2000,1.0000,0.6103,163,0.4119,0.193560,0.0538,
225,3.7880,0.0029,0.0182,-0.0025,-0.0008,-0.0054,-0.0190,0.0198,-0.0025,-0.0008,0.0198,2000,1.0000,0.6101,167,0.4687,0.193612,0.1424,
226,3.8048,0.0029,0.0182,-0.0025,-0.0007,-0.0054,-0.0189,0.0197,-0.0025,-0.0007,0.0197,2000,1.0000,0.6101,167,0.4686,0.193612,0.1423,
227,3.8217,0.0025,0.0182,-0.0025,-0.0007,-0.0050,-0.0189,0.0196,-0.0025,-0.0007,0.0196,2000,1.0000,0.6101,167,0.4687,0.193613,0.1413,
228,3.8385,-0.0652,0.0084,-0.0026,-0.0005,0.0626,-0.0089,0.0632,-0.0026,-0.0005,0.0632,2000,1.0000,0.6103,163,0.4118,0.193563,0.0738,
229,3.8554,-0.0656,0.0083,-0.0026,-0.0005,0.0630,-0.0088,0.0636,-0.0026,-0.0005,0.0636,2000,1.0000,0.6103,163,0.4114,0.193563,0.0648,
230,3.8722,0.0579,-0.0210,-0.0026,-0.0006,-0.0605,0.0204,0.0638,-0.0026,-0.0006,0.0638,2000,1.0000,0.6087,175,0.6264,0.193716,0.1468,
231,3.8890,0.0588,-0.0228,-0.0027,-0.0006,-0.0615,0.0222,0.0654,-0.0027,-0.0006,0.0654,2000,1.0000,0.6088,174,0.6092,0.193703,0.1066,
232,3.9059,0.2927,-0.1390,-0.0026,-0.0006,-0.2953,0.1384,0.3261,-0.0026,-0.0006,0.3261,2000,1.0000,0.6091,172,0.5851,0.193512,0.3648,
233,3.9227,0.2928,-0.1389,-0.0026,-0.0006,-0.2954,0.1383,0.3262,-0.0026,-0.0006,0.3262,2000,1.0000,0.6091,172,0.5852,0.193512,0.4227,
234,3.9395,-0.0648,0.0039,-0.0027,-0.0006,0.0621,-0.0045,0.0623,-0.0027,-0.0007,0.0623,2000,1.0000,0.6103,163,0.4119,0.193554,0.0908,
235,3.9564,0.1266,-0.0286,-0.0027,-0.0006,-0.1293,0.0280,0.1323,-0.0027,-0.0006,0.1323,1999,1.0000,0.6097,169,0.5098,0.193626,0.2234,
236,3.9732,0.1267,-0.0288,-0.0027,-0.0006,-0.1294,0.0282,0.1324,-0.0027,-0.0007,0.1324,1999,1.0000,0.6097,169,0.5099,0.193626,0.2236,
237,3.9900,0.0575,-0.0224,-0.0026,-0.0006,-0.0601,0.0218,0.0639,-0.0026,-0.0007,0.0639,2000,1.0000,0.6088,174,0.6096,0.193704,0.1658,
238,4.0069,0.0555,-0.0229,-0.0026,-0.0006,-0.0581,0.0223,0.0622,-0.0026,-0.0006,0.0622,2000,1.0000,0.6088,174,0.6085,0.193704,0.0872,
239,4.0237,0.0554,-0.0229,-0.0026,-0.0006,-0.0580,0.0223,0.0621,-0.0026,-0.0006,0.0621,2000,1.0000,0.6088,174,0.6084,0.193703,0.1647,
240,4.0405,0.0690,-0.0147,-0.0013,-0.0003,-0.0703,0.0144,0.0718,-0.0013,-0.0003,0.0718,1997,1.0000,0.6092,170,0.5139,0.193594,0.1020,
241,4.0574,0.0262,0.0083,-0.0013,-0.0004,-0.0275,-0.0087,0.0288,-0.0013,-0.0004,0.0288,2000,1.0000,0.6098,168,0.4800,0.193597,0.0536,
242,4.0742,0.0263,0.0084,-0.0013,-0.0004,-0.0276,-0.0088,0.0290,-0.0013,-0.0004,0.0290,2000,1.0000,0.6098,168,0.4800,0.193597,0.0549,
243,4.0911,0.0589,-0.0272,-0.0014,-0.0004,-0.0603,0.0268,0.0660,-0.0014,-0.0004,0.0660,2000,1.0000,0.6097,170,0.5143,0.193633,0.0915,
244,4.1079,0.0149,0.0163,-0.0014,-0.0004,-0.0163,-0.0167,0.0233,-0.0014,-0.0004,0.0233,2000,1.0000,0.6099,168,0.4795,0.193607,0.0300,
245,4.1247,0.0148,0.0163,-0.0014,-0.0003,-0.0162,-0.0166,0.0232,-0.0014,-0.0003,0.0232,2000,1.0000,0.6099,168,0.4790,0.193607,0.0298,
246,4.1416,0.0064,0.0302,-0.0014,-0.0004,-0.0078,-0.0306,0.0316,-0.0014,-0.0004,0.0316,2000,1.0000,0.6098,169,0.5072,0.193669,0.0305,
247,4.1584,-0.0067,0.0316,-0.0014,-0.0004,0.0053,-0.0320,0.0324,-0.0014,-0.0004,0.0324,2000,1.0000,0.6103,167,0.4745,0.193655,0.0176,
248,4.1752,-0.0067,0.0316,-0.0014,-0.0004,0.0053,-0.0320,0.0324,-0.0014,-0.0004,0.0324,2000,1.0000,0.6103,167,0.4745,0.193655,0.0176,
249,4.1921,-0.1761,-0.0332,-0.0014,-0.0003,0.1747,0.0329,0.1778,-0.0014,-0.0003,0.1778,2000,1.0000,0.6102,161,0.4285,0.193453,0.1685,
250,4.2089,0.0088,0.0175,-0.0014,-0.0002,-0.0102,-0.0177,0.0204,-0.0014,-0.0002,0.0204,2000,1.0000,0.6099,168,0.4787,0.193616,0.0238,
251,4.2257,0.0090,0.0177,-0.0014,-0.0002,-0.0104,-0.0179,0.0207,-0.0014,-0.0002,0.0207,2000,1.0000,0.6099,168,0.4788,0.193616,0.1561,
252,4.2426,-0.0411,-0.0073,-0.0014,-0.0002,0.0397,0.0071,0.0403,-0.0014,-0.0002,0.0403,2000,1.0000,0.6098,165,0.4407,0.193548,0.1353,
253,4.2594,-0.1829,-0.0286,-0.0014,-0.0002,0.1815,0.0284,0.1837,-0.0014,-0.0002,0.1837,1999,1.0000,0.6102,160,0.4154,0.193431,0.1420,
254,4.2762,-0.1827,-0.0288,-0.0014,-0.0002,0.1813,0.0286,0.1835,-0.0014,-0.0002,0.1835,2000,1.0000,0.6102,160,0.4153,0.193431,0.1422,
255,4.2931,0.0398,0.0077,-0.0015,-0.0002,-0.0413,-0.0079,0.0420,-0.0015,-0.0002,0.0420,2000,1.0000,0.6099,168,0.4802,0.193596,0.0794,
256,4.3099,0.0397,0.0078,-0.0014,-0.0001,-0.0411,-0.0079,0.0419,-0.0014,-0.0001,0.0419,2000,1.0000,0.6099,168,0.4802,0.193596,0.0793,
257,4.3268,0.0402,0.0077,-0.0014,-0.0002,-0.0416,-0.0079,0.0423,-0.0014,-0.0002,0.0423,2000,1.0000,0.6099,168,0.4805,0.193596,0.0798,
258,4.3436,-0.0728,0.0138,-0.0015,-0.0001,0.0713,-0.0139,0.0726,-0.0015,-0.0001,0.0726,2000,1.0000,0.6102,163,0.4084,0.193556,0.0547,
259,4.3604,-0.0728,0.0138,-0.0014,-0.0001,0.0714,-0.0139,0.0727,-0.0014,-0.0001,0.0727,2000,1.0000,0.6102,163,0.4083,0.193556,0.0546,
260,4.3773,-0.0008,0.0287,-0.0015,-0.0001,-0.0007,-0.0288,0.0288,-0.0015,-0.0001,0.0288,2000,1.0000,0.6102,167,0.4724,0.193660,0.0931,
261,4.3941,-0.1505,0.0333,-0.0015,-0.0000,0.1490,-0.0333,0.1527,-0.0015,-0.0000,0.1527,2000,1.0000,0.6107,164,0.4271,0.193675,0.0560,
262,4.4109,-0.1509,0.0335,-0.0015,-0.0000,0.1494,-0.0335,0.1531,-0.0015,-0.0000,0.1531,2000,1.0000,0.6107,164,0.4272,0.193676,0.0633,
263,4.4278,0.0513,-0.0023,-0.0015,-0.0000,-0.0528,0.0023,0.0529,-0.0015,-0.0000,0.0529,2000,1.0000,0.6099,168,0.4811,0.193592,0.1609,
264,4.4446,0.0513,-0.0025,-0.0014,-0.0000,-0.0527,0.0025,0.0528,-0.0014,-0.0000,0.0528,2000,1.0000,0.6099,168,0.4811,0.193592,0.0815,
265,4.4614,-0.1512,0.0333,-0.0015,-0.0000,0.1497,-0.0333,0.1534,-0.0015,-0.0000,0.1534,2000,1.0000,0.6107,164,0.4269,0.193676,0.2810,
266,4.4783,-0.1514,0.0333,-0.0015,-0.0000,0.1499,-0.0333,0.1536,-0.0015,-0.0000,0.1536,2000,1.0000,0.6107,164,0.4270,0.193676,0.2811,
267,4.4951,-0.1643,-0.0027,-0.0015,-0.0001,0.1628,0.0026,0.1628,-0.0015,-0.0001,0.1628,2000,1.0000,0.6103,162,0.4108,0.193516,0.1437,
268,4.5119,-0.1643,-0.0027,-0.0015,-0.0000,0.1628,0.0027,0.1628,-0.0015,-0.0000,0.1628,2000,1.0000,0.6103,162,0.4108,0.193516,0.1436,
269,4.5288,-0.1644,-0.0026,-0.0015,0.0000,0.1629,0.0026,0.1629,-0.0015,0.0000,0.1629,2000,1.0000,0.6103,162,0.4109,0.193516,0.2898,
270,4.5456,-0.0663,0.0055,-0.0030,0.0004,0.0633,-0.0051,0.0635,-0.0030,0.0004,0.0635,1999,0.9995,0.6101,164,0.4309,0.193542,0.0569,
271,4.5625,-0.0811,0.0139,-0.0030,0.0004,0.0781,-0.0135,0.0793,-0.0030,0.0004,0.0793,2000,1.0000,0.6102,163,0.4152,0.193552,0.2381,
272,4.5793,-0.0811,0.0139,-0.0030,0.0004,0.0781,-0.0135,0.0793,-0.0030,0.0004,0.0793,2000,1.0000,0.6102,163,0.4153,0.193552,0.2138,
273,4.5961,-0.0811,0.0139,-0.0030,0.0004,0.0781,-0.0135,0.0793,-0.0030,0.0004,0.0793,2000,1.0000,0.6102,163,0.4153,0.193552,0.2139,
274,4.6130,-0.0812,0.0139,-0.0030,0.0004,0.0782,-0.0135,0.0794,-0.0030,0.0004,0.0794,2000,1.0000,0.6102,163,0.4152,0.193552,0.2630,
275,4.6298,0.0334,0.0171,-0.0029,0.0004,-0.0363,-0.0167,0.0400,-0.0029,0.0004,0.0400,2000,1.0000,0.6097,169,0.4938,0.193611,0.0336,
276,4.6466,0.0333,0.0172,-0.0029,0.0004,-0.0362,-0.0168,0.0399,-0.0029,0.0004,0.0399,2000,1.0000,0.6097,169,0.4938,0.193611,0.2701,
277,4.6635,0.0331,0.0173,-0.0028,0.0004,-0.0359,-0.0169,0.0397,-0.0028,0.0003,0.0397,2000,1.0000,0.6097,169,0.4938,0.193611,0.2704,
278,4.6803,0.0333,0.0174,-0.0029,0.0005,-0.0362,-0.0169,0.0400,-0.0029,0.0005,0.0400,2000,1.0000,0.6097,169,0.4937,0.193611,0.0722,
279,4.6971,0.0332,0.0174,-0.0028,0.0005,-0.0360,-0.0169,0.0398,-0.0028,0.0005,0.0398,2000,1.0000,0.6097,169,0.4938,0.193611,0.0726,
280,4.7140,-0.0826,0.0144,-0.0029,0.0004,0.0797,-0.0140,0.0809,-0.0029,0.0004,0.0809,2000,1.0000,0.6102,163,0.4149,0.193553,0.0436,
281,4.7308,-0.0826,0.0144,-0.0029,0.0004,0.0797,-0.0140,0.0809,-0.0029,0.0004,0.0809,2000,1.0000,0.6102,163,0.4149,0.193553,0.0923,
282,4.7476,-0.0826,0.0143,-0.0029,0.0004,0.0797,-0.0139,0.0809,-0.0029,0.0004,0.0809,2000,1.0000,0.6102,163,0.4149,0.193553,0.0436,
283,4.7645,-0.0830,0.0143,-0.0029,0.0004,0.0801,-0.0139,0.0813,-0.0029,0.0004,0.0813,2000,1.0000,0.6102,163,0.4150,0.193554,0.0440,
284,4.7813,-0.0832,0.0144,-0.0029,0.0004,0.0803,-0.0140,0.0815,-0.0029,0.0004,0.0815,2000,1.0000,0.6102,163,0.4149,0.193554,0.0443,
285,4.7981,-0.0826,0.0143,-0.0029,0.0004,0.0797,-0.0139,0.0809,-0.0030,0.0004,0.0808,1999,1.0000,0.6102,163,0.4151,0.193553,0.0369,
286,4.8150,-0.0824,0.0143,-0.0030,0.0003,0.0794,-0.0140,0.0806,-0.0030,0.0003,0.0806,2000,1.0000,0.6102,163,0.4151,0.193553,0.0370,
287,4.8318,-0.0826,0.0144,-0.0030,0.0003,0.0796,-0.0141,0.0808,-0.0030,0.0003,0.0808,2000,1.0000,0.6102,163,0.4151,0.193553,0.0823,
288,4.8487,-0.0821,0.0142,-0.0031,0.0003,0.0790,-0.0139,0.0802,-0.0031,0.0003,0.0802,2000,1.0000,0.6102,163,0.4151,0.193552,0.0819,
289,4.8655,-0.0824,0.0141,-0.0030,0.0003,0.0794,-0.0138,0.0806,-0.0030,0.0003,0.0806,2000,1.0000,0.6102,163,0.4151,0.193553,0.0822,
290,4.8823,-0.0787,0.0174,-0.0030,0.0003,0.0757,-0.0171,0.0776,-0.0030,0.0003,0.0776,2000,1.0000,0.6102,163,0.4149,0.193566,0.0307,
291,4.8992,0.0544,0.0078,-0.0030,0.0003,-0.0574,-0.0075,0.0579,-0.0030,0.0003,0.0579,2000,1.0000,0.6098,168,0.4818,0.193603,0.1037,
292,4.9160,0.0590,-0.0033,-0.0030,0.0003,-0.0620,0.0036,0.0621,-0.0030,0.0002,0.0621,1999,1.0000,0.6093,170,0.5148,0.193600,0.1091,
293,4.9328,0.0589,-0.0033,-0.0029,0.0003,-0.0618,0.0036,0.0619,-0.0029,0.0002,0.0619,2000,1.0000,0.6093,170,0.5150,0.193600,0.1090,
294,4.9497,-0.0703,0.0113,-0.0031,0.0003,0.0672,-0.0110,0.0681,-0.0031,0.0003,0.0681,2000,1.0000,0.6101,165,0.4455,0.193564,0.0214,
295,4.9665,-0.0700,0.0108,-0.0030,0.0003,0.0670,-0.0105,0.0678,-0.0030,0.0003,0.0678,2000,1.0000,0.6101,165,0.4456,0.193564,0.0209,
296,4.9833,0.0041,0.0180,-0.0030,0.0003,-0.0071,-0.0177,0.0191,-0.0030,0.0003,0.0191,2000,1.0000,0.6100,167,0.4676,0.193592,0.0539,
297,5.0002,0.0039,0.0181,-0.0030,0.0003,-0.0069,-0.0178,0.0191,-0.0030,0.0003,0.0191,2000,1.0000,0.6100,167,0.4677,0.193592,0.0540,
298,5.0170,0.0045,0.0177,-0.0030,0.0003,-0.0075,-0.0174,0.0189,-0.0030,0.0003,0.0189,2000,1.0000,0.6100,167,0.4677,0.193592,0.0545,
299,5.0338,0.0041,0.0179,-0.0031,0.0003,-0.0072,-0.0176,0.0190,-0.0031,0.0003,0.0190,1999,1.0000,0.6100,167,0.4676,0.193592,0.0542,
300,5.0507,-0.0800,0.0073,-0.0027,0.0020,0.0773,-0.0053,0.0775,-0.0027,0.0020,0.0775,1999,1.0000,0.6101,164,0.4254,0.193556,0.0069,
301,5.0675,-0.0804,0.0072,-0.0027,0.0020,0.0777,-0.0052,0.0779,-0.0027,0.0020,0.0779,2000,1.0000,0.6101,164,0.4254,0.193557,0.0073,
302,5.0844,-0.0803,0.0070,-0.0027,0.0020,0.0776,-0.0050,0.0778,-0.0027,0.0020,0.0778,2000,1.0000,0.6101,164,0.4254,0.193557,0.0797,
303,5.1012,-0.0271,0.0395,-0.0028,0.0020,0.0243,-0.0375,0.0447,-0.0028,0.0020,0.0447,2000,1.0000,0.6102,167,0.4661,0.193642,0.0373,
304,5.1180,-0.1092,0.0200,-0.0028,0.0020,0.1064,-0.0180,0.1079,-0.0028,0.0020,0.1079,2000,1.0000,0.6108,163,0.4161,0.193585,0.0788,
305,5.1349,-0.0787,0.0169,-0.0028,0.0020,0.0759,-0.0149,0.0773,-0.0028,0.0019,0.0774,2000,1.0000,0.6103,163,0.4081,0.193567,0.0488,
306,5.1517,-0.0789,0.0169,-0.0028,0.0019,0.0761,-0.0150,0.0776,-0.0028,0.0019,0.0776,2000,1.0000,0.6103,163,0.4081,0.193567,0.0489,
307,5.1685,-0.0790,0.0171,-0.0028,0.0020,0.0762,-0.0151,0.0777,-0.0028,0.0020,0.0777,2000,1.0000,0.6103,163,0.4082,0.193567,0.0563,
308,5.1854,-0.0791,0.0171,-0.0028,0.0020,0.0763,-0.0151,0.0778,-0.0028,0.0020,0.0778,2000,1.0000,0.6103,163,0.4083,0.193567,0.0562,
309,5.2022,-0.0791,0.0171,-0.0028,0.0020,0.0763,-0.0151,0.0778,-0.0028,0.0020,0.0778,2000,1.0000,0.6103,163,0.4083,0.193568,0.0563,
310,5.2190,0.0057,0.0324,-0.0027,0.0020,-0.0084,-0.0304,0.0315,-0.0027,0.0020,0.0315,2000,1.0000,0.6103,167,0.4715,0.193667,0.1151,
311,5.2359,0.0054,0.0325,-0.0026,0.0021,-0.0080,-0.0304,0.0314,-0.0026,0.0021,0.0314,2000,1.0000,0.6103,167,0.4716,0.193668,0.1042,
312,5.2527,0.0048,0.0327,-0.0027,0.0021,-0.0075,-0.0306,0.0315,-0.0027,0.0021,0.0315,2000,1.0000,0.6103,167,0.4716,0.193669,0.0352,
313,5.2695,0.0046,0.0326,-0.0026,0.0021,-0.0072,-0.0305,0.0313,-0.0026,0.0021,0.0313,2000,1.0000,0.6103,167,0.4716,0.193669,0.0472,
314,5.2864,0.1061,-0.0330,-0.0027,0.0021,-0.1088,0.0351,0.1143,-0.0027,0.0021,0.1143,2000,1.0000,0.6096,167,0.4737,0.193499,0.1652,
315,5.3032,0.0409,0.0032,-0.0026,0.0020,-0.0435,-0.0012,0.0435,-0.0026,0.0020,0.0435,2000,1.0000,0.6099,168,0.4781,0.193597,0.0941,
316,5.3201,0.0409,0.0031,-0.0026,0.0020,-0.0435,-0.0011,0.0435,-0.0026,0.0020,0.0435,2000,1.0000,0.6099,168,0.4781,0.193598,0.0941,
317,5.3369,0.0409,0.0031,-0.0027,0.0020,-0.0436,-0.0011,0.0436,-0.0027,0.0020,0.0436,2000,1.0000,0.6099,168,0.4783,0.193598,0.1435,
318,5.3537,0.0409,0.0031,-0.0026,0.0020,-0.0435,-0.0011,0.0435,-0.0026,0.0020,0.0435,2000,1.0000,0.6099,168,0.4782,0.193598,0.0939,
319,5.3706,0.0409,0.0032,-0.0026,0.0021,-0.0435,-0.0011,0.0435,-0.0026,0.0021,0.0435,2000,1.0000,0.6099,168,0.4781,0.193597,0.1434,
320,5.3874,-0.0869,0.0190,-0.0026,0.0021,0.0843,-0.0169,0.0860,-0.0026,0.0021,0.0860,2000,1.0000,0.6103,163,0.4085,0.193572,0.0695,
321,5.4042,-0.0870,0.0189,-0.0025,0.0021,0.0845,-0.0168,0.0862,-0.0025,0.0021,0.0862,2000,1.0000,0.6103,163,0.4085,0.193572,0.0695,
322,5.4211,-0.0870,0.0189,-0.0025,0.0021,0.0845,-0.0168,0.0862,-0.0025,0.0021,0.0862,2000,1.0000,0.6103,163,0.4084,0.193572,0.0696,
323,5.4379,-0.0870,0.0189,-0.0025,0.0021,0.0845,-0.0168,0.0862,-0.0025,0.0021,0.0862,2000,1.0000,0.6103,163,0.4083,0.193572,0.0696,
324,5.4547,-0.0871,0.0188,-0.0025,0.0021,0.0846,-0.0167,0.0862,-0.0025,0.0021,0.0862,2000,1.0000,0.6103,163,0.4082,0.193572,0.0699,
325,5.4716,-0.0871,0.0190,-0.0025,0.0020,0.0846,-0.0170,0.0863,-0.0025,0.0020,0.0863,2000,1.0000,0.6103,163,0.4085,0.193573,0.0266,
326,5.4884,0.0870,-0.0156,-0.0025,0.0021,-0.0895,0.0177,0.0912,-0.0025,0.0021,0.0912,2000,1.0000,0.6085,167,0.5051,0.193416,0.1345,
327,5.5052,0.0843,-0.0544,-0.0025,0.0021,-0.0868,0.0565,0.1036,-0.0025,0.0021,0.1036,2000,1.0000,0.6094,168,0.5003,0.193523,0.1423,
328,5.5221,0.0844,-0.0544,-0.0025,0.0021,-0.0869,0.0565,0.1037,-0.0025,0.0021,0.1037,2000,1.0000,0.6094,168,0.5003,0.193523,0.1426,
329,5.5389,-0.1022,0.0221,-0.0025,0.0020,0.0997,-0.0201,0.1017,-0.0025,0.0019,0.1017,2000,1.0000,0.6104,163,0.4090,0.193572,0.0624,
330,5.5558,-0.0244,-0.0052,-0.0008,0.0009,0.0236,0.0061,0.0244,-0.0008,0.0009,0.0244,1998,0.9995,0.6097,164,0.4330,0.193454,0.0958,
331,5.5726,-0.0248,-0.0052,-0.0008,0.0009,0.0240,0.0061,0.0248,-0.0008,0.0009,0.0248,2000,1.0000,0.6097,164,0.4331,0.193454,0.0460,
332,5.5894,0.0064,0.0126,-0.0008,0.0009,-0.0072,-0.0117,0.0137,-0.0008,0.0009,0.0137,2000,1.0000,0.6100,167,0.4726,0.193606,0.0240,
333,5.6063,-0.2394,0.0327,-0.0008,0.0008,0.2386,-0.0319,0.2407,-0.0008,0.0008,0.2407,2000,1.0000,0.6106,162,0.4141,0.193611,0.2227,
334,5.6231,-0.2390,0.0325,-0.0008,0.0009,0.2382,-0.0316,0.2403,-0.0008,0.0009,0.2403,2000,1.0000,0.6106,162,0.4140,0.193610,0.2223,
335,5.6399,0.1182,-0.0230,-0.0008,0.0007,-0.1190,0.0237,0.1213,-0.0008,0.0007,0.1213,2000,1.0000,0.6083,166,0.5079,0.193359,0.1732,
336,5.6568,0.1180,-0.0230,-0.0008,0.0007,-0.1188,0.0237,0.1211,-0.0008,0.0007,0.1211,2000,1.0000,0.6083,166,0.5079,0.193360,0.1730,
337,5.6736,0.1183,-0.0230,-0.0008,0.0006,-0.1191,0.0236,0.1214,-0.0008,0.0006,0.1214,2000,1.0000,0.6083,166,0.5079,0.193359,0.1731,
338,5.6904,0.1184,-0.0230,-0.0008,0.0006,-0.1192,0.0236,0.1215,-0.0008,0.0006,0.1215,2000,1.0000,0.6083,166,0.5079,0.193359,0.1733,
339,5.7073,-0.1777,-0.0155,-0.0008,0.0006,0.1769,0.0161,0.1776,-0.0008,0.0006,0.1776,2000,1.0000,0.6103,162,0.4299,0.193474,0.1421,
340,5.7241,0.0403,0.0028,-0.0008,0.0006,-0.0411,-0.0022,0.0412,-0.0008,0.0006,0.0412,2000,1.0000,0.6093,171,0.5422,0.193655,0.1807,
341,5.7409,0.0402,0.0028,-0.0008,0.0007,-0.0410,-0.0021,0.0411,-0.0008,0.0007,0.0411,2000,1.0000,0.6093,171,0.5423,0.193655,0.0910,
342,5.7578,-0.1616,-0.0149,-0.0008,0.0005,0.1608,0.0154,0.1615,-0.0008,0.0005,0.1615,2000,1.0000,0.6102,162,0.4192,0.193510,0.1370,
343,5.7746,-0.1385,-0.0260,-0.0008,0.0005,0.1377,0.0265,0.1402,-0.0008,0.0005,0.1402,2000,1.0000,0.6100,163,0.4356,0.193497,0.0836,
344,5.7914,-0.1384,-0.0261,-0.0008,0.0005,0.1376,0.0266,0.1401,-0.0008,0.0005,0.1401,2000,1.0000,0.6100,163,0.4354,0.193497,0.0856,
345,5.8083,0.2848,-0.1445,-0.0008,0.0006,-0.2856,0.1451,0.3203,-0.0008,0.0006,0.3203,2000,1.0000,0.6089,174,0.6409,0.193570,0.3547,
346,5.8251,0.0475,-0.0105,-0.0008,0.0005,-0.0483,0.0110,0.0495,-0.0008,0.0005,0.0495,1997,1.0000,0.6098,169,0.5081,0.193663,0.0405,
347,5.8420,-0.1216,-0.0202,-0.0008,0.0005,0.1208,0.0207,0.1226,-0.0008,0.0005,0.1226,2000,1.0000,0.6100,163,0.4292,0.193513,0.1391,
348,5.8588,-0.1216,-0.0201,-0.0008,0.0005,0.1208,0.0206,0.1225,-0.0008,0.0005,0.1225,2000,1.0000,0.6100,163,0.4291,0.193513,0.1387,
349,5.8756,0.0478,-0.0104,-0.0009,0.0005,-0.0487,0.0109,0.0499,-0.0009,0.0005,0.0499,1999,1.0000,0.6098,169,0.5080,0.193663,0.1825,
350,5.8925,-0.0455,-0.0232,-0.0009,0.0005,0.0446,0.0237,0.0505,-0.0009,0.0005,0.0505,2000,1.0000,0.6097,165,0.4497,0.193512,0.1176,
351,5.9093,-0.0456,-0.0230,-0.0009,0.0005,0.0447,0.0235,0.0505,-0.0009,0.0005,0.0505,1999,1.0000,0.6097,165,0.4498,0.193512,0.3832,
352,5.9261,0.0154,0.0098,-0.0009,0.0006,-0.0163,-0.0092,0.0187,-0.0009,0.0006,0.0187,2000,1.0000,0.6098,168,0.4819,0.193603,0.1328,
353,5.9430,0.0151,0.0100,-0.0008,0.0006,-0.0159,-0.0094,0.0185,-0.0008,0.0006,0.0185,1999,1.0000,0.6098,168,0.4819,0.193603,0.0650,
354,5.9598,-0.0459,-0.0230,-0.0009,0.0007,0.0450,0.0237,0.0509,-0.0009,0.0007,0.0509,2000,1.0000,0.6097,165,0.4496,0.193512,0.1050,
355,5.9766,-0.0828,0.0116,-0.0008,0.0007,0.0820,-0.0109,0.0827,-0.0008,0.0007,0.0827,2000,1.0000,0.6103,163,0.4089,0.193558,0.1396,
356,5.9935,-0.0829,0.0116,-0.0009,0.0007,0.0820,-0.0109,0.0827,-0.0009,0.0007,0.0827,2000,1.0000,0.6103,163,0.4089,0.193559,0.1396,
357,6.0103,0.0638,-0.0089,-0.0008,0.0006,-0.0646,0.0095,0.0653,-0.0008,0.0006,0.0653,2000,1.0000,0.6099,168,0.4881,0.193620,0.1152,
358,6.0271,0.0638,-0.0090,-0.0009,0.0006,-0.0647,0.0096,0.0654,-0.0009,0.0006,0.0654,1998,1.0000,0.6099,168,0.4880,0.193620,0.1605,
359,6.0440,0.0638,-0.0090,-0.0008,0.0007,-0.0646,0.0097,0.0653,-0.0008,0.0007,0.0653,2000,1.0000,0.6099,168,0.4879,0.193620,0.1154,
360,6.0608,0.0223,0.0179,-0.0023,0.0005,-0.0246,-0.0174,0.0301,-0.0023,0.0005,0.0301,1999,1.0000,0.6099,169,0.4907,0.193629,0.0796,
361,6.0777,-0.2021,0.0148,-0.0023,0.0005,0.1998,-0.0143,0.2003,-0.0023,0.0005,0.2003,2000,1.0000,0.6109,163,0.4240,0.193635,0.1886,
362,6.0945,-0.1197,0.0209,-0.0023,0.0005,0.1174,-0.0204,0.1192,-0.0023,0.0005,0.1192,2000,1.0000,0.6105,163,0.4168,0.193584,0.1390,
363,6.1113,0.0184,0.0101,-0.0023,0.0005,-0.0207,-0.0096,0.0228,-0.0023,0.0005,0.0228,1999,1.0000,0.6089,176,0.6503,0.193802,0.0529,
364,6.1282,0.0005,0.0164,-0.0023,0.0005,-0.0028,-0.0159,0.0161,-0.0023,0.0005,0.0161,2000,1.0000,0.6101,168,0.4777,0.193611,0.0377,
365,6.1450,0.0005,0.0167,-0.0024,0.0006,-0.0029,-0.0161,0.0164,-0.0024,0.0006,0.0164,2000,1.0000,0.6101,168,0.4776,0.193611,0.0378,
366,6.1618,0.0005,0.0167,-0.0024,0.0006,-0.0029,-0.0161,0.0164,-0.0024,0.0006,0.0164,2000,1.0000,0.6101,168,0.4776,0.193611,0.0379,
367,6.1787,0.0006,0.0166,-0.0027,0.0008,-0.0033,-0.0158,0.0161,-0.0027,0.0008,0.0161,2000,1.0000,0.6101,168,0.4776,0.193611,0.0927,
368,6.1955,0.0006,0.0165,-0.0027,0.0008,-0.0033,-0.0157,0.0160,-0.0027,0.0008,0.0160,2000,1.0000,0.6101,168,0.4778,0.193611,0.0634,
369,6.2123,-0.0045,0.0169,-0.0027,0.0008,0.0018,-0.0161,0.0162,-0.0027,0.0008,0.0162,2000,1.0000,0.6101,168,0.4775,0.193617,0.1358,
370,6.2292,-0.0047,0.0170,-0.0027,0.0008,0.0020,-0.0162,0.0163,-0.0027,0.0008,0.0163,2000,1.0000,0.6101,168,0.4774,0.193618,0.1351,
371,6.2460,0.0480,-0.0007,-0.0027,0.0007,-0.0507,0.0014,0.0507,-0.0027,0.0007,0.0507,2000,1.0000,0.6096,169,0.4901,0.193577,0.1760,
372,6.2628,0.0482,-0.0007,-0.0028,0.0007,-0.0510,0.0014,0.0510,-0.0028,0.0007,0.0510,2000,1.0000,0.6096,169,0.4901,0.193577,0.1580,
373,6.2797,0.0484,-0.0008,-0.0028,0.0007,-0.0512,0.0015,0.0512,-0.0028,0.0007,0.0512,2000,1.0000,0.6096,169,0.4900,0.193577,0.1273,
374,6.2965,0.0482,-0.0008,-0.0027,0.0008,-0.0509,0.0016,0.0509,-0.0027,0.0008,0.0509,2000,1.0000,0.6096,169,0.4900,0.193577,0.1272,
375,6.3134,-0.1878,0.0027,-0.0027,0.0008,0.1851,-0.0019,0.1851,-0.0027,0.0008,0.1851,2000,1.0000,0.6104,162,0.4241,0.193535,0.1961,
376,6.3302,-0.1879,0.0028,-0.0027,0.0009,0.1852,-0.0019,0.1852,-0.0027,0.0009,0.1852,2000,1.0000,0.6104,162,0.4241,0.193536,0.1962,
377,6.3470,-0.1878,0.0028,-0.0028,0.0009,0.1850,-0.0019,0.1850,-0.0028,0.0009,0.1850,2000,1.0000,0.6104,162,0.4242,0.193535,0.1964,
378,6.3639,-0.1359,0.0493,-0.0028,0.0009,0.1331,-0.0484,0.1416,-0.0028,0.0009,0.1416,2000,1.0000,0.6106,164,0.4342,0.193637,0.1460,
379,6.3807,-0.1625,0.0227,-0.0027,0.0009,0.1598,-0.0218,0.1613,-0.0027,0.0009,0.1613,2000,1.0000,0.6110,164,0.4357,0.193661,0.1701,
380,6.3975,0.2217,-0.0845,-0.0027,0.0010,-0.2244,0.0855,0.2401,-0.0027,0.0010,0.2401,2000,1.0000,0.6096,169,0.5121,0.193511,0.2395,
381,6.4144,0.2216,-0.0845,-0.0027,0.0010,-0.2243,0.0855,0.2400,-0.0027,0.0010,0.2400,2000,1.0000,0.6096,169,0.5121,0.193511,0.2394,
382,6.4312,0.2217,-0.0845,-0.0028,0.0009,-0.2245,0.0854,0.2402,-0.0028,0.0009,0.2402,2000,1.0000,0.6096,169,0.5123,0.193511,0.2396,
383,6.4480,0.2220,-0.0846,-0.0028,0.0009,-0.2248,0.0855,0.2405,-0.0028,0.0009,0.2405,2000,1.0000,0.6096,169,0.5127,0.193511,0.2398,
384,6.4649,0.0750,-0.0225,-0.0028,0.0010,-0.0778,0.0235,0.0813,-0.0028,0.0010,0.0813,2000,1.0000,0.6096,169,0.4947,0.193564,0.0813,
385,6.4817,0.0750,-0.0225,-0.0028,0.0010,-0.0778,0.0235,0.0813,-0.0028,0.0010,0.0813,2000,1.0000,0.6096,169,0.4946,0.193564,0.2275,
386,6.4985,0.0750,-0.0225,-0.0027,0.0010,-0.0777,0.0235,0.0812,-0.0027,0.0010,0.0812,2000,1.0000,0.6096,169,0.4947,0.193564,0.2276,
387,6.5154,0.0753,-0.0225,-0.0027,0.0011,-0.0780,0.0236,0.0815,-0.0027,0.0011,0.0815,2000,1.0000,0.6096,169,0.4946,0.193564,0.2094,
388,6.5322,0.0749,-0.0223,-0.0027,0.0011,-0.0776,0.0234,0.0811,-0.0027,0.0011,0.0811,2000,1.0000,0.6096,169,0.4945,0.193564,0.1194,
389,6.5491,0.0750,-0.0224,-0.0028,0.0011,-0.0778,0.0235,0.0813,-0.0028,0.0011,0.0813,2000,1.0000,0.6096,169,0.4945,0.193564,0.1091,
390,6.5659,-0.1161,-0.0170,-0.0023,0.0009,0.1138,0.0179,0.1152,-0.0023,0.0009,0.1152,2000,1.0000,0.6101,163,0.4323,0.193488,0.0710,
391,6.5827,-0.1287,-0.0160,-0.0023,0.0009,0.1264,0.0169,0.1275,-0.0023,0.0009,0.1275,2000,1.0000,0.6101,164,0.4488,0.193500,0.1036,
392,6.5996,-0.1358,-0.0082,-0.0023,0.0010,0.1335,0.0092,0.1338,-0.0023,0.0010,0.1338,2000,1.0000,0.6102,163,0.4321,0.193501,0.1551,
393,6.6164,-0.0850,0.0236,-0.0023,0.0010,0.0827,-0.0226,0.0857,-0.0023,0.0010,0.0857,2000,1.0000,0.6103,163,0.4160,0.193569,0.0992,
394,6.6332,-0.0845,0.0235,-0.0023,0.0010,0.0822,-0.0225,0.0852,-0.0023,0.0010,0.0852,1999,1.0000,0.6103,163,0.4159,0.193568,0.0987,
395,6.6501,-0.1363,-0.0080,-0.0022,0.0010,0.1341,0.0090,0.1344,-0.0022,0.0010,0.1344,2000,1.0000,0.6102,163,0.4321,0.193501,0.0855,
396,6.6669,-0.1362,-0.0080,-0.0021,0.0009,0.1341,0.0089,0.1344,-0.0021,0.0009,0.1344,2000,1.0000,0.6102,163,0.4321,0.193501,0.0855,
397,6.6837,0.0805,0.0003,-0.0021,0.0010,-0.0826,0.0007,0.0826,-0.0021,0.0010,0.0826,2000,1.0000,0.6086,175,0.6335,0.193719,0.1658,
398,6.7006,0.0804,0.0002,-0.0021,0.0010,-0.0825,0.0008,0.0825,-0.0021,0.0010,0.0825,2000,1.0000,0.6086,175,0.6335,0.193719,0.1575,
399,6.7174,-0.0121,0.0098,-0.0021,0.0007,0.0100,-0.0091,0.0135,-0.0021,0.0007,0.0135,2000,1.0000,0.6099,166,0.4585,0.193567,0.0499,
400,6.7342,-0.0949,0.0280,-0.0020,0.0008,0.0929,-0.0272,0.0968,-0.0020,0.0008,0.0968,2000,1.0000,0.6105,163,0.4180,0.193578,0.0599,
401,6.7511,-0.0949,0.0280,-0.0020,0.0008,0.0929,-0.0272,0.0968,-0.0020,0.0008,0.0968,2000,1.0000,0.6105,163,0.4179,0.193578,0.0599,
402,6.7679,-0.0949,0.0280,-0.0020,0.0008,0.0929,-0.0272,0.0968,-0.0020,0.0008,0.0968,2000,1.0000,0.6105,163,0.4180,0.193578,0.0599,
403,6.7848,0.0312,0.0122,-0.0021,0.0008,-0.0333,-0.0114,0.0352,-0.0021,0.0008,0.0352,2000,1.0000,0.6097,169,0.4962,0.193620,0.0847,
404,6.8016,0.0304,0.0129,-0.0020,0.0008,-0.0324,-0.0121,0.0346,-0.0020,0.0008,0.0346,2000,1.0000,0.6097,169,0.4959,0.193621,0.0842,
405,6.8184,0.1018,-0.0638,-0.0020,0.0008,-0.1038,0.0646,0.1223,-0.0020,0.0008,0.1223,2000,1.0000,0.6082,174,0.6491,0.193632,0.1583,
406,6.8353,0.1024,-0.0638,-0.0020,0.0008,-0.1044,0.0646,0.1228,-0.0020,0.0008,0.1228,2000,1.0000,0.6082,174,0.6491,0.193632,0.1676,
407,6.8521,0.1024,-0.0637,-0.0020,0.0008,-0.1044,0.0645,0.1227,-0.0020,0.0008,0.1227,1999,1.0000,0.6082,174,0.6491,0.193632,0.1678,
408,6.8689,0.1017,-0.0636,-0.0020,0.0008,-0.1037,0.0644,0.1221,-0.0020,0.0008,0.1221,2000,1.0000,0.6082,174,0.6490,0.193632,0.1672,
409,6.8858,0.1021,-0.0639,-0.0020,0.0008,-0.1041,0.0647,0.1226,-0.0020,0.0008,0.1226,2000,1.0000,0.6082,174,0.6491,0.193632,0.1677,
410,6.9026,0.0547,-0.0156,-0.0021,0.0008,-0.0568,0.0164,0.0591,-0.0021,0.0008,0.0591,2000,1.0000,0.6088,174,0.5944,0.193683,0.0819,
411,6.9194,0.0266,0.0185,-0.0021,0.0008,-0.0287,-0.0177,0.0337,-0.0021,0.0008,0.0337,2000,1.0000,0.6102,168,0.4858,0.193627,0.0899,
412,6.9363,-0.0348,0.0119,-0.0021,0.0008,0.0327,-0.0111,0.0345,-0.0021,0.0008,0.0345,2000,1.0000,0.6099,164,0.4315,0.193499,0.0776,
413,6.9531,-0.0586,0.0006,-0.0023,0.0008,0.0563,0.0002,0.0563,-0.0023,0.0008,0.0563,2000,1.0000,0.6100,163,0.4155,0.193529,0.0781,
414,6.9699,-0.1013,0.0188,-0.0023,0.0008,0.0990,-0.0180,0.1006,-0.0023,0.0008,0.1006,2000,1.0000,0.6104,163,0.4149,0.193567,0.3152,
415,6.9868,-0.1009,0.0187,-0.0023,0.0008,0.0986,-0.0179,0.1002,-0.0023,0.0008,0.1002,2000,1.0000,0.6104,163,0.4153,0.193567,0.3142,
416,7.0036,-0.1115,0.0171,-0.0022,0.0008,0.1093,-0.0163,0.1105,-0.0022,0.0008,0.1105,2000,1.0000,0.6103,163,0.4166,0.193561,0.3234,
417,7.0204,-0.1008,0.0187,-0.0022,0.0008,0.0986,-0.0179,0.1002,-0.0022,0.0008,0.1002,2000,1.0000,0.6104,163,0.4151,0.193567,0.3140,
418,7.0373,-0.0274,0.0203,-0.0022,0.0007,0.0252,-0.0196,0.0319,-0.0022,0.0007,0.0319,2000,1.0000,0.6104,167,0.4735,0.193626,0.2505,
419,7.0541,-0.1099,0.0152,-0.0022,0.0008,0.1077,-0.0144,0.1087,-0.0022,0.0008,0.1087,2000,1.0000,0.6104,163,0.4165,0.193556,0.0564,
420,7.0710,0.0286,-0.0233,-0.0016,0.0010,-0.0302,0.0243,0.0388,-0.0016,0.0010,0.0388,1999,1.0000,0.6085,177,0.6773,0.193773,0.2574,
421,7.0878,0.0035,0.0373,-0.0016,0.0010,-0.0051,-0.0363,0.0367,-0.0016,0.0010,0.0367,2000,1.0000,0.6098,169,0.4950,0.193653,0.2701,
422,7.1046,-0.0566,-0.0019,-0.0016,0.0010,0.0550,0.0029,0.0551,-0.0016,0.0010,0.0551,2000,1.0000,0.6099,165,0.4439,0.193543,0.3122,
423,7.1215,0.0364,0.0115,-0.0017,0.0010,-0.0381,-0.0105,0.0395,-0.0017,0.0010,0.0395,2000,1.0000,0.6098,169,0.4975,0.193650,0.2289,
424,7.1383,0.2146,-0.0312,-0.0017,0.0010,-0.2163,0.0322,0.2187,-0.0017,0.0010,0.2187,2000,1.0000,0.6082,173,0.6075,0.193596,0.0617,
425,7.1551,-0.1415,0.0122,-0.0017,0.0010,0.1398,-0.0112,0.1402,-0.0017,0.0010,0.1402,2000,1.0000,0.6103,163,0.4184,0.193544,0.1427,
426,7.1720,-0.1416,0.0123,-0.0017,0.0010,0.1399,-0.0113,0.1404,-0.0017,0.0010,0.1404,2000,1.0000,0.6103,163,0.4185,0.193544,0.1424,
427,7.1888,-0.1415,0.0124,-0.0017,0.0010,0.1398,-0.0114,0.1403,-0.0017,0.0010,0.1403,2000,1.0000,0.6103,163,0.4186,0.193543,0.1350,
428,7.2056,-0.0239,0.0291,-0.0017,0.0011,0.0222,-0.0280,0.0357,-0.0017,0.0011,0.0357,2000,1.0000,0.6100,168,0.4790,0.193621,0.0162,
429,7.2225,-0.0242,0.0290,-0.0017,0.0011,0.0225,-0.0279,0.0358,-0.0017,0.0011,0.0358,2000,1.0000,0.6100,168,0.4788,0.193622,0.0166,
430,7.2393,0.0204,0.0156,-0.0017,0.0012,-0.0221,-0.0144,0.0264,-0.0017,0.0012,0.0264,2000,1.0000,0.6100,169,0.4971,0.193671,0.1753,
431,7.2561,-0.0739,-0.0404,-0.0017,0.0012,0.0722,0.0416,0.0833,-0.0017,0.0012,0.0833,2000,1.0000,0.6090,161,0.4521,0.193392,0.2579,
432,7.2730,-0.0739,-0.0404,-0.0017,0.0012,0.0722,0.0416,0.0833,-0.0017,0.0012,0.0833,2000,1.0000,0.6090,161,0.4521,0.193393,0.0638,
433,7.2898,-0.1577,0.0244,-0.0016,0.0011,0.1561,-0.0233,0.1578,-0.0016,0.0011,0.1578,2000,1.0000,0.6104,163,0.4159,0.193573,0.1699,
434,7.3067,-0.0344,0.0294,-0.0016,0.0012,0.0328,-0.0282,0.0433,-0.0016,0.0012,0.0433,2000,1.0000,0.6101,168,0.4802,0.193611,0.1049,
435,7.3235,-0.0759,0.0519,-0.0017,0.0012,0.0742,-0.0507,0.0899,-0.0017,0.0012,0.0899,2000,1.0000,0.6102,168,0.4825,0.193683,0.1381,
436,7.3403,0.0280,0.0045,-0.0016,0.0012,-0.0296,-0.0033,0.0298,-0.0016,0.0012,0.0298,2000,1.0000,0.6098,169,0.4919,0.193609,0.0918,
437,7.3572,0.0280,0.0045,-0.0016,0.0012,-0.0296,-0.0033,0.0298,-0.0016,0.0012,0.0298,2000,1.0000,0.6098,169,0.4919,0.193609,0.0918,
438,7.3740,0.0280,0.0044,-0.0016,0.0012,-0.0296,-0.0032,0.0298,-0.0016,0.0012,0.0298,2000,1.0000,0.6098,169,0.4919,0.193609,0.0918,
439,7.3908,0.0278,0.0044,-0.0016,0.0013,-0.0294,-0.0031,0.0296,-0.0016,0.0013,0.0296,2000,1.0000,0.6098,169,0.4918,0.193610,0.0023,
440,7.4077,0.0510,-0.0164,-0.0015,0.0013,-0.0525,0.0177,0.0554,-0.0015,0.0013,0.0554,2000,1.0000,0.6086,175,0.6267,0.193707,0.0847,
441,7.4245,-0.0423,-0.0099,-0.0014,0.0013,0.0409,0.0112,0.0424,-0.0014,0.0013,0.0424,2000,1.0000,0.6097,165,0.4474,0.193542,0.0510,
442,7.4413,-0.0452,-0.0100,-0.0014,0.0013,0.0438,0.0113,0.0452,-0.0014,0.0013,0.0452,2000,1.0000,0.6097,165,0.4471,0.193544,0.0522,
443,7.4582,-0.0058,0.0200,-0.0012,0.0012,0.0046,-0.0188,0.0194,-0.0012,0.0012,0.0194,1999,1.0000,0.6098,168,0.4795,0.193621,0.0792,
444,7.4750,-0.0037,0.0193,-0.0012,0.0012,0.0025,-0.0181,0.0183,-0.0012,0.0012,0.0183,2000,1.0000,0.6098,168,0.4808,0.193616,0.0791,
445,7.4918,0.0342,-0.0293,-0.0011,0.0012,-0.0353,0.0305,0.0467,-0.0011,0.0012,0.0467,1998,1.0000,0.6086,175,0.6381,0.193703,0.0525,
446,7.5087,-0.1404,-0.0103,-0.0011,0.0012,0.1393,0.0115,0.1398,-0.0011,0.0012,0.1398,1999,1.0000,0.6101,163,0.4372,0.193481,0.1517,
447,7.5255,0.0062,0.0127,-0.0008,0.0013,-0.0070,-0.0114,0.0134,-0.0008,0.0013,0.0134,1998,1.0000,0.6098,168,0.4779,0.193604,0.1132,
448,7.5424,0.0007,0.0171,-0.0007,0.0014,-0.0014,-0.0157,0.0158,-0.0007,0.0014,0.0158,2000,1.0000,0.6098,168,0.4764,0.193630,0.1849,
449,7.5592,0.2188,-0.0937,-0.0004,0.0014,-0.2192,0.0951,0.2389,-0.0004,0.0014,0.2389,1999,1.0000,0.6095,170,0.5436,0.193557,0.2522,
450,7.5760,-0.0435,0.0294,0.0182,0.0041,0.0617,-0.0253,0.0667,0.0181,0.0041,0.0666,1997,0.9985,0.6106,166,0.4759,0.193708,0.0662,
451,7.5929,-0.0267,0.0665,0.0181,0.0042,0.0448,-0.0623,0.0767,0.0181,0.0042,0.0767,2000,1.0000,0.6103,167,0.4930,0.193714,0.0488,
452,7.6097,-0.1231,0.0068,0.0182,0.0041,0.1413,-0.0027,0.1413,0.0182,0.0041,0.1413,2000,1.0000,0.6105,162,0.4244,0.193562,0.2022,
453,7.6265,0.1253,-0.0325,0.0182,0.0041,-0.1071,0.0366,0.1132,0.0182,0.0041,0.1132,2000,1.0000,0.6095,169,0.5123,0.193600,0.2170,
454,7.6434,-0.0538,0.0064,0.0183,0.0042,0.0721,-0.0022,0.0721,0.0182,0.0042,0.0720,2000,1.0000,0.6102,165,0.4501,0.193598,0.3301,
455,7.6602,0.2922,-0.1054,0.0182,0.0041,-0.2740,0.1095,0.2951,0.0182,0.0041,0.2951,2000,1.0000,0.6089,173,0.6050,0.193586,0.2875,
456,7.6770,-0.2133,-0.0249,0.0045,0.0036,0.2178,0.0285,0.2197,0.0045,0.0036,0.2197,1998,1.0000,0.6102,162,0.4489,0.193486,0.3210,
457,7.6939,-0.0883,-0.0277,-0.0478,0.0032,0.0405,0.0309,0.0509,-0.0477,0.0032,0.0510,2000,1.0000,0.6092,173,0.5730,0.193693,0.2054,
458,7.7107,-0.1278,-0.0674,-0.1094,0.0022,0.0184,0.0696,0.0720,-0.1090,0.0021,0.0720,1998,0.9990,0.6099,168,0.5514,0.193615,0.0889,
459,7.7275,-0.3196,0.0143,-0.1560,0.0019,0.1636,-0.0124,0.1641,-0.1556,0.0018,0.1645,1998,0.9995,0.6107,164,0.4489,0.193619,0.0574,
460,7.7444,-0.2436,0.0194,-0.1568,0.0018,0.0868,-0.0176,0.0886,-0.1563,0.0017,0.0891,1998,0.9995,0.6103,168,0.4933,0.193691,0.0944,
461,7.7612,-0.1176,0.0151,-0.1087,0.0023,0.0089,-0.0128,0.0156,-0.1083,0.0022,0.0159,1999,0.9990,0.6101,168,0.5040,0.193673,0.0898,
462,7.7781,0.1001,-0.0403,-0.0245,0.0026,-0.1246,0.0429,0.1318,-0.0244,0.0026,0.1317,1999,1.0000,0.6096,172,0.5599,0.193640,0.1172,
463,7.7949,-0.0046,-0.0195,0.0724,0.0042,0.0770,0.0237,0.0806,0.0727,0.0042,0.0809,1996,1.0000,0.6104,162,0.4328,0.193559,0.2507,
464,7.8117,0.0494,0.0025,0.1692,0.0057,0.1198,0.0032,0.1198,0.1697,0.0058,0.1203,1997,0.9985,0.6105,163,0.4455,0.193602,0.2305,
465,7.8286,0.1609,0.0247,0.2195,0.0062,0.0586,-0.0185,0.0615,0.2200,0.0063,0.0619,1997,0.9995,0.6104,164,0.4356,0.193655,0.0939,
466,7.8454,0.1087,0.0087,0.2199,0.0062,0.1112,-0.0025,0.1112,0.2205,0.0063,0.1118,1999,1.0000,0.6101,165,0.4640,0.193645,0.1262,
467,7.8622,-0.1470,-0.0199,0.1729,0.0061,0.3199,0.0260,0.3210,0.1733,0.0062,0.3214,1997,0.9985,0.6109,159,0.4492,0.193555,0.1716,
468,7.8791,0.1109,-0.0458,0.0776,0.0045,-0.0333,0.0503,0.0603,0.0785,0.0045,0.0598,2000,1.0000,0.6091,171,0.5797,0.193692,0.1631,
469,7.8959,-0.3760,-0.0228,-0.0607,0.0025,0.3153,0.0253,0.3163,-0.0600,0.0025,0.3170,1998,1.0000,0.6105,161,0.4509,0.193590,0.1329,
470,7.9127,-0.2021,0.0004,-0.2503,0.0008,-0.0482,0.0004,0.0482,-0.2485,0.0007,0.0464,2000,1.0000,0.6085,172,0.6769,0.193768,0.1740,
471,7.9296,-0.6316,-0.0529,-0.3924,-0.0023,0.2392,0.0506,0.2445,-0.3909,-0.0025,0.2459,1998,1.0000,0.6107,162,0.4582,0.193506,0.1319,
472,7.9464,-0.3851,-0.1421,-0.4894,-0.0029,-0.1043,0.1392,0.1739,-0.4873,-0.0032,0.1724,1999,0.9995,0.6082,167,0.6929,0.193601,0.1542,
473,7.9632,-0.7253,-0.0517,-0.5308,-0.0037,0.1945,0.0480,0.2003,-0.5287,-0.0040,0.2023,1999,0.9995,0.6107,160,0.4381,0.193494,0.0940,
474,7.9801,-0.4444,-0.0827,-0.5302,-0.0038,-0.0858,0.0789,0.1166,-0.5281,-0.0041,0.1148,1998,1.0000,0.6100,167,0.5422,0.193587,0.0995,
475,7.9969,-0.4512,-0.0305,-0.4404,-0.0037,0.0108,0.0268,0.0289,-0.4384,-0.0040,0.0294,1998,0.9990,0.6105,163,0.4644,0.193609,0.0847,
476,8.0137,-0.3180,-0.0397,-0.3387,-0.0035,-0.0207,0.0362,0.0417,-0.3370,-0.0038,0.0406,1998,0.9990,0.6099,167,0.5185,0.193616,0.0271,
477,8.0306,-0.4337,-0.0623,-0.2530,-0.0021,0.1807,0.0602,0.1905,-0.2511,-0.0023,0.1922,1996,0.9980,0.6117,162,0.4623,0.193725,0.1616,
478,8.0474,-0.1643,-0.0184,-0.1707,0.0000,-0.0064,0.0184,0.0195,-0.1689,-0.0001,0.0189,1998,0.9995,0.6104,163,0.4594,0.193630,0.0577,
479,8.0643,-0.0089,-0.0448,-0.0789,0.0008,-0.0700,0.0456,0.0835,-0.0773,0.0007,0.0822,1998,0.9995,0.6097,168,0.5237,0.193622,0.1200,
480,8.0811,0.0643,0.0152,0.0023,0.0054,-0.0620,-0.0098,0.0628,0.0039,0.0053,0.0612,1971,0.9915,0.6102,167,0.4821,0.193636,0.0070,
481,8.0979,0.1863,-0.0210,0.0591,0.0057,-0.1272,0.0267,0.1300,0.0604,0.0057,0.1287,2000,1.0000,0.6091,173,0.5650,0.193721,0.0908,
482,8.1148,0.1505,-0.0189,0.1240,0.0073,-0.0265,0.0262,0.0373,0.1252,0.0073,0.0364,2000,1.0000,0.6101,165,0.4665,0.193593,0.0817,
483,8.1316,0.2163,-0.0201,0.1324,0.0070,-0.0839,0.0271,0.0882,0.1336,0.0070,0.0870,1999,1.0000,0.6098,166,0.4730,0.193509,0.0790,
484,8.1484,0.1409,0.0127,0.1310,0.0070,-0.0099,-0.0057,0.0114,0.1323,0.0070,0.0103,1998,1.0000,0.6102,168,0.5318,0.193647,0.0331,
485,8.1653,0.0022,0.0079,0.0778,0.0067,0.0756,-0.0012,0.0756,0.0791,0.0067,0.0769,1999,0.9995,0.6103,167,0.4862,0.193679,0.1170,
486,8.1821,-0.0529,-0.0375,-0.0178,0.0050,0.0351,0.0425,0.0551,-0.0160,0.0050,0.0563,2000,1.0000,0.6089,171,0.5701,0.193673,0.1259,
487,8.1989,-0.1288,-0.0839,-0.1144,0.0040,0.0144,0.0879,0.0891,-0.1122,0.0038,0.0893,2000,1.0000,0.6098,170,0.5212,0.193562,0.1807,
488,8.2158,-0.3302,-0.0597,-0.2015,0.0037,0.1287,0.0634,0.1435,-0.1992,0.0035,0.1454,2000,1.0000,0.6101,164,0.4616,0.193545,0.0750,
489,8.2326,-0.2009,0.0318,-0.2011,0.0036,-0.0002,-0.0282,0.0282,-0.1988,0.0034,0.0285,1998,1.0000,0.6096,167,0.5146,0.193625,0.1092,
490,8.2494,-0.2042,-0.0140,-0.1691,0.0046,0.0351,0.0186,0.0397,-0.1667,0.0044,0.0418,1994,0.9970,0.6104,164,0.4542,0.193632,0.0692,
491,8.2663,0.0413,-0.0394,-0.0905,0.0045,-0.1318,0.0439,0.1389,-0.0885,0.0044,0.1370,1999,1.0000,0.6088,170,0.5997,0.193756,0.1008,
492,8.2831,-0.1064,-0.0444,-0.0421,0.0050,0.0643,0.0494,0.0811,-0.0401,0.0048,0.0826,2000,1.0000,0.6099,162,0.4742,0.193544,0.1169,
493,8.3000,-0.0628,0.0179,-0.0436,0.0050,0.0192,-0.0129,0.0231,-0.0416,0.0048,0.0249,2000,1.0000,0.6103,168,0.4898,0.193678,0.0450,
494,8.3168,-0.1960,0.0146,-0.0947,0.0049,0.1013,-0.0097,0.1018,-0.0926,0.0048,0.1039,2000,1.0000,0.6104,168,0.5046,0.193674,0.0536,
495,8.3336,-0.2102,-0.0360,-0.1614,0.0054,0.0488,0.0414,0.0640,-0.1590,0.0052,0.0657,1994,0.9975,0.6089,173,0.6146,0.193712,0.1227,
496,8.3505,-0.3795,0.0181,-0.2070,0.0055,0.1725,-0.0126,0.1730,-0.2046,0.0053,0.1754,1999,0.9995,0.6108,163,0.4562,0.193653,0.0334,
497,8.3673,-0.4372,0.0151,-0.2077,0.0054,0.2295,-0.0097,0.2297,-0.2053,0.0053,0.2321,2000,1.0000,0.6110,163,0.4524,0.193656,0.0868,
498,8.3841,-0.4563,-0.0103,-0.2079,0.0055,0.2484,0.0158,0.2489,-0.2055,0.0053,0.2513,1997,1.0000,0.6106,162,0.4373,0.193555,0.0090,
499,8.4010,-0.2231,-0.0194,-0.2077,0.0054,0.0154,0.0248,0.0292,-0.2053,0.0052,0.0304,1996,1.0000,0.6094,168,0.4964,0.193565,0.0321,
500,8.4178,-0.1642,-0.0148,-0.1752,0.0060,-0.0110,0.0208,0.0235,-0.1729,0.0058,0.0224,1998,1.0000,0.6098,168,0.5097,0.193604,0.1298,
501,8.4346,-0.0610,-0.0328,-0.1256,0.0069,-0.0646,0.0397,0.0758,-0.1234,0.0067,0.0739,2000,1.0000,0.6091,172,0.5788,0.193716,0.0767,
502,8.4515,0.0583,-0.0372,-0.0750,0.0072,-0.1333,0.0444,0.1405,-0.0731,0.0071,0.1387,2000,1.0000,0.6087,177,0.6418,0.193739,0.0705,
503,8.4683,0.0621,-0.0271,-0.0266,0.0078,-0.0887,0.0349,0.0953,-0.0249,0.0077,0.0937,1999,0.9995,0.6096,170,0.5229,0.193679,0.0672,
504,8.4851,-0.0171,-0.0267,0.0152,0.0081,0.0323,0.0348,0.0475,0.0169,0.0080,0.0486,1999,1.0000,0.6099,163,0.4385,0.193581,0.0832,
505,8.5020,0.0470,-0.0436,0.0158,0.0082,-0.0312,0.0518,0.0605,0.0175,0.0082,0.0596,2000,1.0000,0.6088,174,0.6232,0.193755,0.1797,
506,8.5188,-0.0767,0.0152,0.0058,0.0083,0.0825,-0.0069,0.0828,0.0075,0.0082,0.0845,2000,1.0000,0.6100,169,0.5092,0.193722,0.0368,
507,8.5357,-0.2356,-0.0270,-0.0001,0.0081,0.2355,0.0351,0.2381,0.0016,0.0080,0.2398,2000,1.0000,0.6103,162,0.4372,0.193560,0.1479,
508,8.5525,-0.2695,0.0207,-0.0003,0.0081,0.2692,-0.0126,0.2695,0.0014,0.0080,0.2712,1998,0.9995,0.6107,162,0.4330,0.193637,0.1950,
509,8.5693,-0.1187,-0.0240,0.0061,0.0081,0.1248,0.0321,0.1289,0.0079,0.0080,0.1306,1997,0.9995,0.6099,164,0.4487,0.193638,0.0463,
510,8.5862,0.0529,-0.0075,0.0408,0.0133,-0.0121,0.0208,0.0241,0.0424,0.0133,0.0233,1991,0.9970,0.6098,168,0.4877,0.193646,0.1370,
511,8.6030,0.1767,-0.0570,0.0419,0.0133,-0.1348,0.0703,0.1520,0.0436,0.0133,0.1505,2000,1.0000,0.6093,170,0.5370,0.193626,0.1822,
512,8.6198,-0.0095,0.0052,0.0824,0.0135,0.0919,0.0083,0.0923,0.0841,0.0134,0.0940,2000,1.0000,0.6104,167,0.4771,0.193778,0.3979,
513,8.6367,0.1985,-0.0489,0.0935,0.0165,-0.1050,0.0654,0.1237,0.0951,0.0165,0.1223,1998,1.0000,0.6101,167,0.4926,0.193630,0.1331,
514,8.6535,0.0926,-0.0177,0.0933,0.0166,0.0007,0.0343,0.0343,0.0949,0.0165,0.0343,2000,1.0000,0.6096,169,0.5101,0.193603,0.0634,
515,8.6703,0.0627,-0.0045,0.0836,0.0164,0.0209,0.0209,0.0296,0.0852,0.0163,0.0306,1997,1.0000,0.6093,171,0.5500,0.193681,0.0419,
516,8.6872,-0.1582,-0.0222,0.0333,0.0156,0.1915,0.0378,0.1952,0.0349,0.0156,0.1968,2000,1.0000,0.6101,163,0.4337,0.193517,0.1003,
517,8.7040,-0.2428,-0.0471,-0.0532,0.0142,0.1896,0.0613,0.1993,-0.0515,0.0141,0.2009,2000,1.0000,0.6100,164,0.4514,0.193544,0.0400,
518,8.7208,-0.2516,-0.0280,-0.1974,0.0134,0.0542,0.0414,0.0682,-0.1950,0.0133,0.0701,2000,1.0000,0.6086,176,0.6670,0.193816,0.1041,
519,8.7377,-0.3540,-0.0277,-0.3322,0.0102,0.0218,0.0379,0.0437,-0.3295,0.0099,0.0449,1998,1.0000,0.6099,165,0.4627,0.193532,0.0219,
520,8.7545,-0.4224,0.0351,-0.4254,0.0075,-0.0030,-0.0276,0.0278,-0.4224,0.0073,0.0278,2000,1.0000,0.6097,167,0.5276,0.193670,0.2293,
521,8.7714,-0.4700,-0.0467,-0.4654,0.0067,0.0046,0.0534,0.0536,-0.4623,0.0064,0.0537,2000,1.0000,0.6103,165,0.4662,0.193600,0.0966,
522,8.7882,-0.2900,-0.0989,-0.4654,0.0067,-0.1754,0.1056,0.2047,-0.4623,0.0064,0.2019,1996,1.0000,0.6099,166,0.5055,0.193506,0.2849,
523,8.8050,-0.5298,-0.0445,-0.4651,0.0067,0.0647,0.0512,0.0825,-0.4620,0.0065,0.0848,1998,1.0000,0.6101,162,0.4278,0.193568,0.0221,
524,8.8219,-0.4669,-0.0564,-0.3728,0.0073,0.0941,0.0637,0.1136,-0.3697,0.0071,0.1161,1999,0.9995,0.6099,161,0.4309,0.193452,0.0960,
525,8.8387,0.3133,-0.0378,-0.1920,0.0088,-0.5053,0.0466,0.5074,-0.1910,0.0087,0.5064,1998,1.0000,0.6061,175,0.7073,0.193324,0.5378,
526,8.8555,-0.1299,-0.0227,-0.0952,0.0103,0.0347,0.0330,0.0479,-0.0941,0.0102,0.0486,2000,0.9995,0.6100,162,0.4457,0.193521,0.3134,
527,8.8724,0.4725,-0.0795,0.0136,0.0157,-0.4589,0.0952,0.4687,0.0138,0.0156,0.4685,1998,1.0000,0.6074,175,0.6823,0.193520,0.3485,
528,8.8892,0.2290,0.0153,0.1082,0.0166,-0.1208,0.0013,0.1208,0.1081,0.0166,0.1209,1999,0.9995,0.6097,167,0.4944,0.193641,0.1364,
529,8.9060,0.1474,0.0212,0.1227,0.0171,-0.0247,-0.0041,0.0250,0.1226,0.0171,0.0251,1997,0.9990,0.6096,166,0.4934,0.193649,0.0708,
530,8.9229,0.1025,0.0367,0.1149,0.0174,0.0124,-0.0193,0.0229,0.1148,0.0175,0.0228,1996,0.9985,0.6098,167,0.4980,0.193685,0.0774,
531,8.9397,0.1076,0.0123,0.1118,0.0174,0.0042,0.0051,0.0066,0.1117,0.0174,0.0065,1996,0.9995,0.6094,167,0.4856,0.193627,0.1122,
532,8.9565,0.0414,0.0237,0.1120,0.0174,0.0706,-0.0063,0.0709,0.1119,0.0174,0.0708,1992,0.9995,0.6105,163,0.4504,0.193623,0.0262,
533,8.9734,0.0688,0.0258,0.1205,0.0176,0.0517,-0.0082,0.0523,0.1204,0.0176,0.0522,1998,1.0000,0.6099,165,0.4532,0.193671,0.0176,
534,8.9902,0.0603,0.0170,0.1229,0.0175,0.0626,0.0005,0.0626,0.1228,0.0175,0.0625,1995,0.9995,0.6100,165,0.4466,0.193649,0.0213,
535,9.0071,0.0612,-0.0111,0.1232,0.0175,0.0620,0.0286,0.0683,0.1231,0.0175,0.0682,1999,1.0000,0.6092,162,0.4506,0.193496,0.0342,
536,9.0239,-0.0494,0.0037,0.1113,0.0177,0.1607,0.0140,0.1613,0.1112,0.0177,0.1612,2000,1.0000,0.6098,164,0.4452,0.193623,0.1710,
537,9.0407,0.0200,0.0298,0.0707,0.0179,0.0507,-0.0119,0.0521,0.0706,0.0179,0.0520,1999,0.9995,0.6098,167,0.4876,0.193679,0.0516,
538,9.0576,-0.0829,0.0138,0.0311,0.0177,0.1140,0.0039,0.1141,0.0311,0.0177,0.1141,1998,1.0000,0.6099,165,0.4696,0.193684,0.0665,
539,9.0744,-0.1784,-0.0074,0.0310,0.0178,0.2094,0.0252,0.2109,0.0310,0.0178,0.2109,2000,1.0000,0.6101,163,0.4436,0.193615,0.1494,
540,9.0912,0.1006,0.0018,0.0512,0.0206,-0.0494,0.0188,0.0529,0.0511,0.0206,0.0529,1980,0.9955,0.6100,169,0.4834,0.193735,0.0667,
541,9.1081,-0.0314,0.0021,0.0517,0.0206,0.0831,0.0185,0.0851,0.0517,0.0206,0.0851,1998,1.0000,0.6102,163,0.4165,0.193637,0.0718,
542,9.1249,-0.0249,0.0067,0.0524,0.0206,0.0773,0.0139,0.0785,0.0524,0.0206,0.0785,1999,1.0000,0.6101,165,0.4391,0.193707,0.0762,
543,9.1417,-0.1201,0.0257,0.0175,0.0208,0.1376,-0.0049,0.1377,0.0175,0.0208,0.1377,1997,0.9990,0.6105,164,0.4262,0.193720,0.1788,
544,9.1586,-0.1855,-0.0031,-0.0156,0.0208,0.1699,0.0239,0.1716,-0.0156,0.0207,0.1716,1999,1.0000,0.6102,163,0.4132,0.193669,0.2240,
545,9.1754,-0.1678,0.0352,-0.0466,0.0210,0.1212,-0.0142,0.1220,-0.0466,0.0210,0.1220,2000,1.0000,0.6104,163,0.4150,0.193709,0.3199,
546,9.1922,-0.2026,0.0037,-0.0920,0.0210,0.1106,0.0173,0.1119,-0.0921,0.0209,0.1118,2000,1.0000,0.6101,164,0.4225,0.193663,0.1009,
547,9.2091,-0.1086,-0.0107,-0.1890,0.0206,-0.0804,0.0313,0.0863,-0.1886,0.0205,0.0859,1999,1.0000,0.6088,174,0.5786,0.193761,0.0941,
548,9.2259,-0.3939,-0.0339,-0.2834,0.0206,0.1105,0.0545,0.1232,-0.2829,0.0204,0.1236,1998,0.9995,0.6099,164,0.4501,0.193609,0.1274,
549,9.2427,-0.4009,-0.0159,-0.2913,0.0206,0.1096,0.0365,0.1155,-0.2908,0.0204,0.1159,1997,1.0000,0.6099,165,0.4558,0.193661,0.0886,
550,9.2596,-0.4025,-0.0146,-0.2909,0.0205,0.1116,0.0351,0.1170,-0.2905,0.0203,0.1173,2000,1.0000,0.6103,162,0.4603,0.193604,0.1509,
551,9.2764,-0.2702,-0.0168,-0.1988,0.0207,0.0714,0.0375,0.0806,-0.1984,0.0205,0.0809,1998,0.9995,0.6100,162,0.4361,0.193695,0.0593,
552,9.2933,-0.0215,0.0487,-0.1379,0.0211,-0.1164,-0.0276,0.1196,-0.1376,0.0210,0.1194,1999,0.9995,0.6097,168,0.5011,0.193806,0.0686,
553,9.3101,-0.1692,0.0198,-0.0943,0.0212,0.0749,0.0014,0.0749,-0.0940,0.0210,0.0752,2000,1.0000,0.6103,163,0.4341,0.193732,0.2021,
554,9.3269,0.1133,-0.1095,-0.0948,0.0212,-0.2081,0.1307,0.2457,-0.0945,0.0210,0.2454,1602,0.9960,0.6088,173,0.6132,0.193744,0.3006,
555,9.3438,-0.4207,-0.0416,-0.2900,0.0181,0.1307,0.0597,0.1437,-0.2896,0.0179,0.1440,1999,1.0000,0.6101,163,0.4484,0.193632,0.0955,
556,9.3606,-0.6723,-0.0268,-0.4859,0.0171,0.1864,0.0439,0.1915,-0.4855,0.0168,0.1918,1996,1.0000,0.6107,162,0.4450,0.193704,0.1105,
557,9.3774,-0.6314,-0.0484,-0.5710,0.0157,0.0604,0.0641,0.0881,-0.5703,0.0154,0.0883,1997,1.0000,0.6098,166,0.5130,0.193746,0.0887,
558,9.3943,-0.7917,-0.0216,-0.6229,0.0153,0.1688,0.0369,0.1728,-0.6220,0.0149,0.1736,1999,1.0000,0.6095,165,0.6157,0.193961,0.1814,
559,9.4111,-0.9237,-0.0420,-0.6680,0.0144,0.2557,0.0564,0.2618,-0.6671,0.0141,0.2627,2000,1.0000,0.6105,162,0.4319,0.193645,0.1526,
560,9.4279,-1.0273,-0.0636,-0.6842,0.0140,0.3431,0.0776,0.3518,-0.6833,0.0137,0.3526,1995,0.9995,0.6108,159,0.4258,0.193593,0.2117,
561,9.4448,-0.9115,-0.0240,-0.7018,0.0138,0.2097,0.0378,0.2131,-0.7009,0.0135,0.2139,1998,1.0000,0.6105,162,0.4112,0.193691,0.1011,
562,9.4616,-0.9451,-0.0325,-0.7444,0.0138,0.2007,0.0463,0.2060,-0.7435,0.0134,0.2068,2000,1.0000,0.6105,162,0.4100,0.193677,0.0199,
563,9.4784,-0.8556,-0.0999,-0.7956,0.0128,0.0600,0.1127,0.1277,-0.7946,0.0124,0.1278,1999,1.0000,0.6102,162,0.4497,0.193636,0.0733,
564,9.4953,-1.1604,-0.0547,-0.8934,0.0112,0.2670,0.0659,0.2750,-0.8923,0.0108,0.2760,2000,1.0000,0.6105,161,0.4283,0.193642,0.0830,
565,9.5121,-1.2749,-0.0845,-0.9589,0.0017,0.3160,0.0862,0.3275,-0.9579,0.0013,0.3284,1997,0.9985,0.6106,161,0.4244,0.193646,0.2541,
566,9.5290,-1.2321,-0.0897,-0.9941,0.0016,0.2380,0.0913,0.2549,-0.9931,0.0011,0.2557,1999,0.9995,0.6105,161,0.4329,0.193666,0.2724,
567,9.5458,-1.1609,-0.0598,-0.9473,0.0013,0.2136,0.0611,0.2222,-0.9463,0.0009,0.2230,1998,0.9990,0.6106,162,0.4278,0.193683,0.1007,
568,9.5626,-1.1430,-0.0627,-0.8502,0.0055,0.2928,0.0682,0.3006,-0.8490,0.0051,0.3017,1993,0.9975,0.6106,161,0.4221,0.193692,0.2035,
569,9.5795,-1.0455,-0.0693,-0.8307,0.0062,0.2148,0.0755,0.2277,-0.8295,0.0058,0.2287,1985,0.9990,0.6106,162,0.4183,0.193702,0.2032,
570,9.5963,-1.0193,-0.0024,-0.7986,0.0048,0.2207,0.0072,0.2208,-0.7974,0.0044,0.2220,1972,0.9895,0.6107,162,0.4102,0.193789,0.2403,
571,9.6131,-0.8694,-0.0500,-0.7618,0.0050,0.1076,0.0550,0.1208,-0.7607,0.0046,0.1216,1999,1.0000,0.6105,162,0.4106,0.193732,0.0572,
572,9.6300,-0.8859,-0.0572,-0.7383,0.0052,0.1476,0.0624,0.1602,-0.7372,0.0048,0.1611,2000,1.0000,0.6106,162,0.4166,0.193718,0.1288,
573,9.6468,-0.7703,-0.0509,-0.6912,0.0051,0.0791,0.0560,0.0969,-0.6902,0.0047,0.0975,2000,1.0000,0.6100,167,0.5144,0.193870,0.1201,
574,9.6636,-0.7019,-0.0629,-0.6444,0.0050,0.0575,0.0679,0.0890,-0.6435,0.0046,0.0893,2000,1.0000,0.6101,164,0.4660,0.193804,0.1864,
575,9.6805,-0.5936,-0.0856,-0.5489,0.0055,0.0447,0.0911,0.1015,-0.5482,0.0051,0.1014,1998,1.0000,0.6103,163,0.4375,0.193736,0.0797,
576,9.6973,-0.5501,-0.0547,-0.4532,0.0062,0.0969,0.0609,0.1144,-0.4527,0.0059,0.1147,1997,0.9995,0.6102,163,0.4410,0.193775,0.2229,
577,9.7141,-0.4323,-0.1010,-0.3504,0.0072,0.0819,0.1082,0.1357,-0.3500,0.0070,0.1358,1999,0.9995,0.6097,164,0.4679,0.193571,0.0297,
578,9.7310,-0.1571,-0.1081,-0.2463,0.0099,-0.0892,0.1180,0.1479,-0.2465,0.0097,0.1479,2000,1.0000,0.6088,170,0.5570,0.193686,0.3197,
579,9.7478,-0.2272,-0.0854,-0.1540,0.0104,0.0732,0.0958,0.1206,-0.1544,0.0103,0.1202,1999,0.9995,0.6098,163,0.4361,0.193649,0.1313,
580,9.7647,-0.2639,-0.0455,-0.1489,0.0107,0.1150,0.0562,0.1280,-0.1492,0.0106,0.1277,1998,1.0000,0.6102,163,0.4345,0.193719,0.0466,
581,9.7815,-0.0859,-0.0923,-0.1372,0.0107,-0.0513,0.1030,0.1151,-0.1376,0.0106,0.1152,1998,0.9990,0.6087,172,0.5803,0.193807,0.0684,
582,9.7983,-0.1078,-0.0892,-0.1370,0.0108,-0.0292,0.1000,0.1042,-0.1373,0.0107,0.1042,1998,1.0000,0.6087,172,0.5811,0.193849,0.1112,
583,9.8152,-0.2882,-0.1342,-0.1372,0.0109,0.1510,0.1451,0.2094,-0.1376,0.0108,0.2091,1994,0.9995,0.6091,161,0.4826,0.193566,0.0945,
584,9.8320,-0.3797,-0.0478,-0.1446,0.0105,0.2351,0.0583,0.2422,-0.1450,0.0104,0.2418,1999,1.0000,0.6103,163,0.4340,0.193749,0.2828,
585,9.8488,-0.1658,-0.0395,-0.1467,0.0104,0.0191,0.0499,0.0534,-0.1471,0.0103,0.0532,2000,1.0000,0.6098,167,0.4828,0.193797,0.0999,
586,9.8657,-0.3084,-0.0474,-0.1499,0.0104,0.1585,0.0578,0.1687,-0.1503,0.0103,0.1683,1994,1.0000,0.6101,163,0.4110,0.193691,0.0932,
587,9.8825,-0.3935,-0.0673,-0.1499,0.0104,0.2436,0.0777,0.2557,-0.1503,0.0103,0.2553,1998,1.0000,0.6101,161,0.4185,0.193635,0.1257,
588,9.8993,-0.3858,-0.0574,-0.1498,0.0104,0.2360,0.0678,0.2455,-0.1502,0.0103,0.2451,1999,1.0000,0.6102,164,0.4455,0.193715,0.3033,
589,9.9162,-0.1131,-0.0251,-0.1498,0.0104,-0.0367,0.0355,0.0511,-0.1502,0.0103,0.0513,1999,1.0000,0.6091,170,0.5529,0.193824,0.1119,
590,9.9330,-0.4344,-0.0091,-0.1671,0.0104,0.2673,0.0195,0.2680,-0.1675,0.0103,0.2676,1999,1.0000,0.6105,163,0.4161,0.193811,0.0728,
591,9.9498,-0.4569,-0.0328,-0.2132,0.0099,0.2437,0.0427,0.2474,-0.2136,0.0098,0.2470,1999,1.0000,0.6104,163,0.4298,0.193806,0.1103,
592,9.9667,-0.1936,-0.0310,-0.2551,0.0099,-0.0615,0.0409,0.0739,-0.2552,0.0098,0.0739,2000,1.0000,0.6087,173,0.5989,0.193754,0.1932,
593,9.9835,-0.3485,-0.0466,-0.2575,0.0098,0.0910,0.0564,0.1071,-0.2577,0.0097,0.1068,1998,1.0000,0.6100,167,0.4999,0.193783,0.3622,
594,10.0004,-0.3100,-0.0388,-0.2589,0.0095,0.0511,0.0483,0.0703,-0.2590,0.0094,0.0702,2000,1.0000,0.6098,168,0.5047,0.193781,0.0857,
595,10.0172,-0.5345,-0.0319,-0.2596,0.0094,0.2749,0.0413,0.2780,-0.2598,0.0093,0.2778,1997,1.0000,0.6105,163,0.4218,0.193772,0.1493,
596,10.0340,-0.4017,-0.0652,-0.3089,0.0090,0.0928,0.0742,0.1188,-0.3089,0.0088,0.1187,2000,1.0000,0.6096,166,0.5049,0.193728,0.0860,
597,10.0509,-0.5498,-0.0552,-0.3554,0.0077,0.1944,0.0629,0.2043,-0.3553,0.0076,0.2044,2000,1.0000,0.6103,163,0.4145,0.193764,0.1086,
598,10.0677,-0.5799,-0.0933,-0.3596,0.0070,0.2203,0.1003,0.2421,-0.3595,0.0068,0.2421,2000,1.0000,0.6101,162,0.4404,0.193626,0.0675,
599,10.0845,-0.4293,-0.0346,-0.3159,0.0072,0.1134,0.0418,0.1209,-0.3158,0.0070,0.1209,2000,1.0000,0.6102,164,0.4447,0.193774,0.0325,
600,10.1014,-0.2298,-0.0344,-0.2360,0.0094,-0.0062,0.0438,0.0442,-0.2362,0.0092,0.0441,1991,0.9975,0.6099,168,0.4852,0.193803,0.0664,
601,10.1182,-0.2592,-0.0516,-0.1567,0.0097,0.1025,0.0613,0.1194,-0.1569,0.0096,0.1192,2000,1.0000,0.6110,165,0.4654,0.193955,0.0776,
602,10.1350,-0.1819,-0.0158,-0.0694,0.0104,0.1125,0.0262,0.1155,-0.0696,0.0103,0.1153,2000,1.0000,0.6103,164,0.4371,0.193813,0.0792,
603,10.1519,-0.1205,-0.0343,-0.0267,0.0106,0.0938,0.0449,0.1040,-0.0270,0.0106,0.1037,1999,1.0000,0.6103,164,0.4514,0.193814,0.1054,
604,10.1687,0.0933,-0.0799,0.0193,0.0107,-0.0740,0.0906,0.1170,0.0186,0.0107,0.1174,2000,1.0000,0.6090,175,0.6564,0.193967,0.0605,
605,10.1855,-0.0165,-0.0346,0.0656,0.0110,0.0821,0.0456,0.0939,0.0649,0.0111,0.0934,1999,0.9995,0.6098,169,0.5153,0.193860,0.0417,
606,10.2024,-0.1008,-0.0398,0.1133,0.0116,0.2141,0.0514,0.2202,0.1125,0.0116,0.2194,2000,1.0000,0.6102,164,0.4545,0.193745,0.1832,
607,10.2192,0.0113,-0.0218,0.1539,0.0117,0.1426,0.0335,0.1465,0.1531,0.0118,0.1457,2000,1.0000,0.6100,165,0.4605,0.193771,0.1019,
608,10.2361,-0.0230,-0.0065,0.1559,0.0119,0.1789,0.0184,0.1798,0.1552,0.0120,0.1792,2000,1.0000,0.6100,166,0.4685,0.193778,0.0594,
609,10.2529,0.2475,-0.0512,0.1469,0.0117,-0.1006,0.0629,0.1186,0.1462,0.0118,0.1193,2000,1.0000,0.6086,174,0.6709,0.193900,0.3000,
610,10.2697,-0.2643,-0.0154,0.1017,0.0113,0.3660,0.0267,0.3670,0.1010,0.0113,0.3663,2000,1.0000,0.6103,163,0.4511,0.193787,0.2207,
611,10.2866,-0.3190,-0.0455,0.0519,0.0067,0.3709,0.0522,0.3746,0.0512,0.0067,0.3739,1998,1.0000,0.6101,163,0.4722,0.193748,0.3446,
612,10.3034,-0.2929,-0.0284,0.0066,0.0053,0.2995,0.0337,0.3014,0.0059,0.0053,0.3007,2000,1.0000,0.6103,165,0.4856,0.193815,0.0625,
613,10.3202,-0.1897,-0.0318,0.0063,0.0052,0.1960,0.0370,0.1995,0.0056,0.0052,0.1988,1997,1.0000,0.6100,168,0.5155,0.193855,0.0817,
614,10.3371,-0.1291,-0.0464,0.0141,0.0043,0.1432,0.0507,0.1519,0.0134,0.0043,0.1513,2000,1.0000,0.6099,167,0.5006,0.193818,0.0185,
615,10.3539,-0.0389,-0.0479,0.0528,0.0006,0.0917,0.0485,0.1037,0.0520,0.0006,0.1030,2000,1.0000,0.6096,169,0.5129,0.193809,0.0320,
616,10.3707,-0.0203,-0.0619,0.0958,-0.0012,0.1161,0.0607,0.1310,0.0948,-0.0010,0.1302,2000,1.0000,0.6101,169,0.5117,0.193819,0.0878,
617,10.3876,-0.1916,-0.1339,0.0973,-0.0021,0.2889,0.1318,0.3175,0.0963,-0.0020,0.3167,2000,1.0000,0.6099,163,0.5103,0.193667,0.1256,
618,10.4044,-0.0207,-0.1185,0.0966,-0.0022,0.1173,0.1163,0.1652,0.0956,-0.0021,0.1645,1998,1.0000,0.6093,172,0.5870,0.193906,0.0828,
619,10.4212,-0.0705,-0.1050,0.0937,-0.0046,0.1642,0.1004,0.1925,0.0927,-0.0045,0.1917,1999,0.9995,0.6101,167,0.4967,0.193816,0.1047,
620,10.4381,-0.2921,-0.1134,0.1264,-0.0130,0.4185,0.1004,0.4304,0.1255,-0.0129,0.4295,2000,1.0000,0.6118,164,0.4802,0.193943,0.2069,
621,10.4549,-0.1323,-0.0822,0.1667,-0.0143,0.2990,0.0679,0.3066,0.1658,-0.0141,0.3058,2000,1.0000,0.6108,165,0.4734,0.193873,0.0198,
622,10.4717,-0.0601,-0.0690,0.1999,-0.0162,0.2600,0.0528,0.2653,0.1989,-0.0159,0.2644,2000,1.0000,0.6106,166,0.4761,0.193890,0.0278,
623,10.4886,-0.0125,-0.0854,0.1999,-0.0175,0.2124,0.0679,0.2230,0.1989,-0.0172,0.2221,1998,0.9995,0.6105,168,0.5193,0.193878,0.0586,
624,10.5054,-0.1080,-0.2632,0.1044,-0.1574,0.2124,0.1058,0.2373,0.1040,-0.1571,0.2371,1988,0.9950,0.6112,166,0.5411,0.193818,0.1903,
625,10.5223,-0.4972,-0.8144,-0.0823,-0.6420,0.4149,0.1724,0.4493,-0.0808,-0.6415,0.4509,1986,0.9965,0.6130,163,0.4759,0.193771,0.1972,
626,10.5391,-0.3886,-1.0342,-0.2760,-0.9899,0.1126,0.0443,0.1210,-0.2726,-0.9887,0.1246,1991,0.9985,0.6138,169,0.6050,0.193863,0.1581,
627,10.5559,-0.7464,-1.1142,-0.3764,-1.0405,0.3700,0.0737,0.3773,-0.3727,-1.0395,0.3811,1997,0.9985,0.6154,162,0.4642,0.193825,0.0603,
628,10.5728,-0.9324,-1.2460,-0.4688,-1.1872,0.4636,0.0588,0.4673,-0.4648,-1.1865,0.4714,1998,0.9990,0.6164,162,0.4389,0.193940,0.1922,
629,10.5896,-0.8339,-1.4568,-0.5432,-1.3824,0.2907,0.0744,0.3001,-0.5387,-1.3816,0.3046,1989,0.9985,0.6171,167,0.5041,0.193954,0.2359,
630,10.6064,-0.8771,-1.5525,-0.5863,-1.5312,0.2908,0.0213,0.2916,-0.5812,-1.5303,0.2967,1970,0.9890,0.6173,166,0.4608,0.193858,0.0591,
631,10.6233,-1.0454,-1.6858,-0.6331,-1.6283,0.4123,0.0575,0.4163,-0.6277,-1.6275,0.4217,2000,1.0000,0.6176,162,0.4424,0.193770,0.0865,
632,10.6401,-1.1096,-1.7468,-0.6346,-1.7251,0.4750,0.0217,0.4755,-0.6288,-1.7242,0.4813,2000,1.0000,0.6184,163,0.4389,0.193860,0.3270,
633,10.6569,-1.0306,-1.8853,-0.6361,-1.8229,0.3945,0.0624,0.3994,-0.6299,-1.8221,0.4057,2000,1.0000,0.6190,163,0.4583,0.193745,0.0596,
634,10.6738,-0.9738,-1.9348,-0.6401,-1.9207,0.3337,0.0141,0.3340,-0.6335,-1.9196,0.3406,2000,1.0000,0.6187,167,0.5146,0.193922,0.0860,
635,10.6906,-0.8243,-2.1884,-0.6497,-2.0652,0.1746,0.1232,0.2137,-0.6424,-2.0635,0.2207,2000,1.0000,0.6175,164,0.6429,0.193833,0.2234,
636,10.7074,-1.0044,-2.2831,-0.6977,-2.2590,0.3067,0.0241,0.3076,-0.6895,-2.2569,0.3160,1999,0.9995,0.6197,167,0.5287,0.193853,0.0444,
637,10.7243,-1.2394,-2.4492,-0.7453,-2.4540,0.4941,-0.0048,0.4941,-0.7361,-2.4520,0.5033,1997,0.9985,0.6214,162,0.4207,0.193815,0.1466,
638,10.7411,-1.2269,-2.5804,-0.7926,-2.6006,0.4343,-0.0202,0.4348,-0.7828,-2.5988,0.4445,1999,1.0000,0.6218,162,0.4434,0.193800,0.1211,
639,10.7580,-1.2331,-2.7049,-0.7912,-2.7407,0.4419,-0.0358,0.4433,-0.7807,-2.7388,0.4537,1998,0.9990,0.6227,162,0.4371,0.193794,0.1410,
640,10.7748,-1.0507,-2.8315,-0.7886,-2.8863,0.2621,-0.0548,0.2678,-0.7775,-2.8840,0.2782,1998,0.9990,0.6227,166,0.5022,0.193856,0.0915,
641,10.7916,-1.2992,-2.9851,-0.8200,-3.0335,0.4792,-0.0484,0.4816,-0.8081,-3.0314,0.4933,1999,0.9995,0.6237,162,0.4432,0.193775,0.2180,
642,10.8085,-1.4320,-3.1091,-0.8680,-3.1746,0.5640,-0.0655,0.5678,-0.8553,-3.1729,0.5802,2000,1.0000,0.6246,160,0.4386,0.193817,0.2100,
643,10.8253,-1.3970,-3.2770,-0.9583,-3.3324,0.4387,-0.0554,0.4422,-0.9447,-3.3310,0.4555,1997,0.9990,0.6255,162,0.4574,0.193903,0.1184,
644,10.8421,-1.5473,-3.4628,-1.0091,-3.5058,0.5382,-0.0430,0.5399,-0.9945,-3.5048,0.5544,1997,0.9995,0.6261,162,0.4524,0.193788,0.3151,
645,10.8590,-1.4915,-3.5885,-1.0088,-3.6435,0.4827,-0.0550,0.4858,-0.9933,-3.6425,0.5011,1998,0.9990,0.6265,162,0.4589,0.193711,0.1486,
646,10.8758,-1.3848,-3.6517,-0.9828,-3.7407,0.4020,-0.0890,0.4117,-0.9666,-3.7395,0.4273,1991,0.9990,0.6267,161,0.4308,0.193645,0.1323,
647,10.8926,-1.5067,-3.7913,-0.9656,-3.8382,0.5411,-0.0469,0.5431,-0.9487,-3.8369,0.5599,2000,1.0000,0.6277,161,0.4401,0.193741,0.1321,
648,10.9095,-1.4624,-3.9027,-0.9608,-3.9645,0.5016,-0.0618,0.5054,-0.9430,-3.9632,0.5229,1997,0.9990,0.6281,162,0.4331,0.193808,0.1713,
649,10.9263,-1.4108,-3.9940,-0.9529,-4.0776,0.4579,-0.0836,0.4655,-0.9344,-4.0762,0.4834,1999,0.9995,0.6285,162,0.4304,0.193853,0.0625,
650,10.9431,-1.3968,-4.1729,-0.9130,-4.1834,0.4838,-0.0105,0.4839,-0.8937,-4.1816,0.5032,1999,0.9995,0.6289,161,0.4376,0.193693,0.0687,
651,10.9600,-1.3424,-4.2026,-0.8629,-4.2817,0.4795,-0.0791,0.4860,-0.8429,-4.2795,0.5054,1998,0.9995,0.6294,162,0.4378,0.193793,0.0843,
652,10.9768,-1.2274,-4.2449,-0.8116,-4.3750,0.4158,-0.1301,0.4357,-0.7911,-4.3722,0.4545,2000,1.0000,0.6295,166,0.5379,0.193962,0.0877,
653,10.9937,-1.2492,-4.3524,-0.7594,-4.4683,0.4898,-0.1159,0.5033,-0.7381,-4.4651,0.5234,1997,0.9995,0.6300,162,0.4461,0.193737,0.1162,
654,11.0105,-1.2807,-4.4100,-0.7104,-4.5605,0.5703,-0.1505,0.5898,-0.6883,-4.5570,0.6104,1999,0.9995,0.6305,162,0.4506,0.193768,0.1294,
655,11.0273,-1.1520,-4.4749,-0.6946,-4.6555,0.4574,-0.1806,0.4918,-0.6718,-4.6518,0.5117,2000,1.0000,0.6307,162,0.4465,0.193771,0.0636,
656,11.0442,-1.2082,-4.5700,-0.6912,-4.7538,0.5170,-0.1838,0.5487,-0.6675,-4.7501,0.5699,1999,1.0000,0.6313,162,0.4452,0.193780,0.0290,
657,11.0610,-1.2031,-4.6995,-0.6896,-4.8589,0.5135,-0.1594,0.5377,-0.6650,-4.8552,0.5602,1999,0.9995,0.6319,162,0.4493,0.193788,0.3110,
658,11.0778,-1.1275,-4.7668,-0.6443,-4.9641,0.4832,-0.1973,0.5219,-0.6188,-4.9598,0.5441,1998,1.0000,0.6319,164,0.4741,0.193803,0.0936,
659,11.0947,-1.1191,-4.8897,-0.5986,-5.0876,0.5205,-0.1979,0.5569,-0.5719,-5.0829,0.5803,1991,0.9990,0.6325,162,0.4504,0.193752,0.3672,
660,11.1115,-1.0236,-5.0157,-0.5647,-5.2257,0.4589,-0.2100,0.5047,-0.5368,-5.2204,0.5281,1978,0.9930,0.6331,165,0.4460,0.193806,0.1105,
661,11.1283,-1.1239,-5.1307,-0.5556,-5.3730,0.5683,-0.2423,0.6178,-0.5262,-5.3677,0.6430,2000,1.0000,0.6339,162,0.4323,0.193731,0.1519,
662,11.1452,-1.1570,-5.2999,-0.5560,-5.5573,0.6010,-0.2574,0.6538,-0.5247,-5.5519,0.6807,2000,1.0000,0.6350,164,0.4498,0.193897,0.0482,
663,11.1620,-1.0815,-5.4278,-0.6037,-5.7582,0.4778,-0.3304,0.5809,-0.5703,-5.7529,0.6058,1999,0.9995,0.6349,166,0.4984,0.193866,0.3022,
664,11.1788,-1.2387,-5.7081,-0.6544,-5.9442,0.5843,-0.2361,0.6302,-0.6190,-5.9393,0.6614,1999,0.9995,0.6368,165,0.4723,0.193904,0.0584,
665,11.1957,-1.3260,-5.8493,-0.7013,-6.1084,0.6247,-0.2591,0.6763,-0.6640,-6.1039,0.7093,2000,1.0000,0.6368,162,0.4275,0.193736,0.1027,
666,11.2125,-1.2574,-6.0179,-0.7013,-6.3019,0.5561,-0.2840,0.6244,-0.6619,-6.2973,0.6578,2000,1.0000,0.6379,162,0.4022,0.193797,0.0726,
667,11.2294,-1.1986,-6.2046,-0.6561,-6.4952,0.5425,-0.2906,0.6154,-0.6146,-6.4896,0.6498,1997,1.0000,0.6387,165,0.4631,0.193865,0.1169,
668,11.2462,-1.2426,-6.3890,-0.6101,-6.6890,0.6325,-0.3000,0.7000,-0.5665,-6.6828,0.7372,1999,1.0000,0.6397,162,0.4014,0.193806,0.0438,
669,11.2630,-1.1087,-6.5551,-0.6015,-6.8802,0.5072,-0.3251,0.6024,-0.5556,-6.8735,0.6382,2000,1.0000,0.6400,166,0.4787,0.193813,0.0849,
670,11.2799,-1.0394,-6.7696,-0.5873,-7.0730,0.4521,-0.3034,0.5445,-0.5392,-7.0655,0.5812,2000,1.0000,0.6408,167,0.5053,0.193818,0.1185,
671,11.2967,-1.2179,-6.9897,-0.5462,-7.3194,0.6717,-0.3297,0.7483,-0.4950,-7.3113,0.7912,2000,1.0000,0.6424,162,0.4202,0.193777,0.0289,
672,11.3135,-1.1451,-7.2633,-0.5310,-7.6085,0.6141,-0.3452,0.7045,-0.4760,-7.6000,0.7490,2000,1.0000,0.6435,161,0.4192,0.193731,0.1650,
673,11.3304,-1.0784,-7.5202,-0.5787,-7.8837,0.4997,-0.3635,0.6179,-0.5201,-7.8754,0.6617,1997,0.9995,0.6445,162,0.4185,0.193668,0.1719,
674,11.3472,-0.9841,-7.7666,-0.6278,-8.1269,0.3563,-0.3603,0.5067,-0.5657,-8.1184,0.5466,1999,0.9995,0.6449,167,0.5136,0.193714,0.4250,
675,11.3640,-1.2150,-7.9984,-0.6295,-8.4184,0.5855,-0.4200,0.7206,-0.5635,-8.4092,0.7702,1998,0.9990,0.6466,165,0.4705,0.193821,0.1631,
676,11.3809,-1.1417,-8.3895,-0.5813,-8.7891,0.5604,-0.3996,0.6883,-0.5106,-8.7782,0.7412,1999,0.9995,0.6481,167,0.5195,0.193906,0.0592,
677,11.3977,-1.2923,-8.8685,-0.5319,-9.2381,0.7604,-0.3696,0.8455,-0.4546,-9.2264,0.9110,1999,0.9995,0.6511,162,0.4455,0.193830,0.1404,
678,11.4145,-1.1676,-9.3209,-0.4834,-9.7366,0.6842,-0.4157,0.8006,-0.3989,-9.7237,0.8678,1999,0.9995,0.6526,162,0.4478,0.193817,0.0883,
679,11.4314,-1.1826,-9.8663,-0.4371,-10.2620,0.7455,-0.3957,0.8440,-0.3446,-10.2480,0.9208,1999,0.9995,0.6548,161,0.4473,0.193753,0.1914,
680,11.4482,-1.1366,-10.3409,-0.4242,-10.7755,0.7124,-0.4346,0.8345,-0.3239,-10.7609,0.9148,1994,0.9990,0.6573,165,0.4977,0.193857,0.0533,
681,11.4650,-1.0205,-10.8448,-0.4222,-11.2978,0.5983,-0.4530,0.7504,-0.3145,-11.2818,0.8303,1995,0.9975,0.6596,172,0.5693,0.194007,0.0392,
682,11.4819,-0.9725,-11.4291,-0.4570,-11.8784,0.5155,-0.4493,0.6838,-0.3406,-11.8609,0.7653,1997,0.9995,0.6615,175,0.5660,0.193896,0.1194,
683,11.4987,-1.1677,-12.0292,-0.5053,-12.5018,0.6624,-0.4726,0.8137,-0.3787,-12.4841,0.9107,1998,0.9990,0.6642,170,0.4955,0.193791,0.0349,
684,11.5156,-1.1507,-12.5801,-0.5498,-13.0842,0.6009,-0.5041,0.7843,-0.4137,-13.0655,0.8825,1996,0.9985,0.6666,176,0.5700,0.193975,0.0293,
685,11.5324,-1.3419,-13.0857,-0.5640,-13.6228,0.7779,-0.5371,0.9453,-0.4191,-13.6042,1.0585,1992,0.9965,0.6700,170,0.5177,0.193877,0.1561,
686,11.5492,-1.2754,-13.7087,-0.5670,-14.1999,0.7084,-0.4912,0.8620,-0.4124,-14.1805,0.9835,1995,0.9980,0.6722,177,0.5925,0.193958,0.4610,
687,11.5661,-1.3269,-14.2571,-0.5699,-14.7910,0.7570,-0.5339,0.9263,-0.4049,-14.7711,1.0556,1998,0.9990,0.6743,171,0.5223,0.193847,0.1091,
688,11.5829,-1.2202,-14.8141,-0.5827,-15.4140,0.6375,-0.5999,0.8754,-0.4072,-15.3925,0.9978,1998,0.9995,0.6764,177,0.5735,0.193950,0.4092,
689,11.5997,-1.0705,-15.5047,-0.6280,-16.0411,0.4425,-0.5364,0.6954,-0.4414,-16.0171,0.8114,1995,0.9980,0.6784,178,0.6163,0.193891,0.2295,
690,11.6166,-1.3495,-16.1219,-0.6665,-16.6509,0.6830,-0.5290,0.8639,-0.4689,-16.6270,1.0152,1970,0.9875,0.6824,170,0.4749,0.193729,0.0919,
691,11.6334,-1.2849,-16.7277,-0.6637,-17.2790,0.6212,-0.5513,0.8306,-0.4545,-17.2544,0.9833,1999,0.9995,0.6853,171,0.4960,0.193735,0.0518,
692,11.6502,-1.1430,-17.3102,-0.6164,-17.9106,0.5266,-0.6004,0.7986,-0.3959,-17.8835,0.9417,1999,1.0000,0.6874,176,0.5309,0.193849,0.2449,
693,11.6671,-1.1202,-17.9863,-0.5671,-18.5438,0.5531,-0.5575,0.7853,-0.3353,-18.5142,0.9459,2000,1.0000,0.6905,175,0.5206,0.193861,0.0385,
694,11.6839,-1.2463,-18.6045,-0.5653,-19.1664,0.6810,-0.5619,0.8829,-0.3215,-19.1361,1.0667,2000,1.0000,0.6935,170,0.4732,0.193812,0.1183,
695,11.7007,-1.3006,-19.1182,-0.6079,-19.7014,0.6927,-0.5832,0.9055,-0.3537,-19.6716,1.0968,1999,0.9995,0.6955,167,0.4651,0.193742,0.0792,
696,11.7176,-1.3408,-19.5784,-0.6542,-20.2214,0.6866,-0.6430,0.9407,-0.3901,-20.1919,1.1315,1998,0.9990,0.6979,173,0.5221,0.193970,0.0579,
697,11.7344,-1.1755,-20.1086,-0.6542,-20.7634,0.5213,-0.6548,0.8370,-0.3800,-20.7322,1.0108,1998,1.0000,0.6997,178,0.5722,0.194020,0.1660,
698,11.7513,-1.2789,-20.6772,-0.6542,-21.3053,0.6247,-0.6281,0.8859,-0.3693,-21.2735,1.0876,1995,0.9990,0.7027,171,0.4698,0.193838,0.1022,
699,11.7681,-1.3150,-21.2105,-0.6533,-21.8761,0.6617,-0.6656,0.9385,-0.3571,-21.8439,1.1484,1995,0.9995,0.7052,175,0.4955,0.193901,0.1036,
700,11.7849,-1.0296,-21.6590,-0.6966,-22.4004,0.3330,-0.7414,0.8128,-0.3901,-22.3672,0.9542,1998,0.9995,0.7062,184,0.5878,0.193842,0.2632,
701,11.8018,-1.5176,-22.2797,-0.7442,-22.8896,0.7734,-0.6099,0.9849,-0.4279,-22.8577,1.2335,1998,0.9990,0.7112,178,0.5554,0.194055,0.3293,
702,11.8186,-1.4661,-22.7588,-0.7941,-23.4154,0.6720,-0.6566,0.9395,-0.4668,-23.3843,1.1789,1999,0.9995,0.7117,175,0.5098,0.193799,0.4529,
703,11.8354,-1.4846,-23.2659,-0.8425,-23.9329,0.6421,-0.6670,0.9258,-0.5046,-23.9027,1.1687,1991,0.9975,0.7144,176,0.5134,0.193834,0.0997,
704,11.8523,-1.4396,-23.8153,-0.8603,-24.4587,0.5793,-0.6434,0.8658,-0.5113,-24.4286,1.1126,1999,0.9995,0.7162,171,0.4843,0.193687,0.0315,
705,11.8691,-1.4282,-24.2943,-0.8600,-25.0288,0.5682,-0.7345,0.9286,-0.4993,-24.9981,1.1654,1988,0.9995,0.7190,178,0.4916,0.193921,0.0520,
706,11.8859,-1.4889,-24.9264,-0.8604,-25.6096,0.6285,-0.6832,0.9283,-0.4870,-25.5786,1.1955,1992,0.9995,0.7210,171,0.4685,0.193747,0.3904,
707,11.9028,-1.1224,-25.5606,-0.8987,-26.2110,0.2237,-0.6504,0.6878,-0.5125,-26.1776,0.8676,1997,0.9985,0.7227,187,0.6124,0.193880,0.2441,
708,11.9196,-1.3586,-26.0779,-0.9391,-26.8348,0.4195,-0.7569,0.8654,-0.5398,-26.8005,1.0921,1997,0.9990,0.7262,187,0.5842,0.193989,0.0833,
709,11.9364,-1.4153,-26.7269,-0.9390,-27.5096,0.4763,-0.7827,0.9162,-0.5252,-27.4744,1.1623,1999,0.9995,0.7292,178,0.5077,0.193838,0.0920,
710,11.9533,-1.4844,-27.4355,-0.9391,-28.2212,0.5453,-0.7857,0.9564,-0.5098,-28.1854,1.2297,1999,0.9995,0.7326,178,0.5391,0.193897,0.1048,
711,11.9701,-1.5504,-28.1915,-0.9455,-28.9028,0.6049,-0.7113,0.9337,-0.5007,-28.8672,1.2484,1999,1.0000,0.7357,172,0.5027,0.193782,0.2335,
712,11.9870,-1.4133,-28.8347,-0.9926,-29.6289,0.4207,-0.7942,0.8987,-0.5318,-29.5924,1.1624,1998,0.9990,0.7382,186,0.6243,0.194099,0.0301,
713,12.0038,-1.2881,-29.7139,-1.0040,-30.4515,0.2841,-0.7376,0.7904,-0.5257,-30.4118,1.0336,1991,0.9960,0.7417,182,0.6216,0.193979,0.1536,
714,12.0206,-1.4648,-30.5093,-0.9917,-31.3725,0.4731,-0.8632,0.9843,-0.4926,-31.3310,1.2729,1985,0.9960,0.7456,181,0.5845,0.194021,0.6958,
715,12.0375,-1.2130,-31.5406,-0.9469,-32.3414,0.2661,-0.8008,0.8439,-0.4263,-32.2958,1.0905,1991,0.9995,0.7494,183,0.6007,0.193926,0.2180,
716,12.0543,-1.1305,-32.5900,-0.8544,-33.4071,0.2761,-0.8171,0.8625,-0.3108,-33.3564,1.1222,1976,0.9905,0.7545,182,0.5986,0.193905,0.2425,
717,12.0711,-0.9316,-33.7360,-0.8092,-34.5055,0.1224,-0.7695,0.7792,-0.2411,-34.4479,0.9918,1992,0.9980,0.7582,191,0.7038,0.193982,0.3260,
718,12.0880,-1.3056,-34.7135,-0.8457,-35.5692,0.4599,-0.8557,0.9715,-0.2532,-35.5111,1.3205,1990,0.9955,0.7642,180,0.6160,0.194006,0.3817,
719,12.1048,-1.3690,-35.7968,-0.8959,-36.6357,0.4731,-0.8389,0.9631,-0.2786,-36.5780,1.3414,1988,0.9950,0.7689,178,0.6174,0.193962,0.5045,
720,12.1216,-1.2160,-36.7329,-0.9684,-37.6527,0.2476,-0.9198,0.9525,-0.3272,-37.5935,1.2372,1928,0.9670,0.7724,196,0.6629,0.194082,0.2132,
721,12.1385,-1.2226,-37.7351,-1.0161,-38.6457,0.2065,-0.9106,0.9337,-0.3526,-38.5843,1.2157,1997,1.0000,0.7772,192,0.6330,0.194111,0.2017,
722,12.1553,-1.3688,-38.6166,-1.0641,-39.5591,0.3047,-0.9425,0.9905,-0.3799,-39.4972,1.3242,2000,1.0000,0.7812,180,0.5663,0.193974,0.3844,
723,12.1721,-1.2047,-39.5284,-1.1353,-40.3885,0.0694,-0.8601,0.8629,-0.4323,-40.3244,1.1092,1990,0.9970,0.7847,189,0.6409,0.194071,0.2168,
724,12.1890,-1.5858,-40.3554,-1.2073,-41.2154,0.3785,-0.8600,0.9396,-0.4844,-41.1521,1.3593,1983,0.9965,0.7888,179,0.5352,0.193957,0.1785,
725,12.2058,-1.5010,-41.1660,-1.2976,-42.0394,0.2034,-0.8734,0.8968,-0.5559,-41.9758,1.2446,1998,0.9995,0.7927,189,0.6276,0.194134,0.5729,
726,12.2227,-1.4706,-42.0085,-1.3904,-42.8605,0.0802,-0.8520,0.8558,-0.6305,-42.7952,1.1509,1999,0.9995,0.7957,188,0.6227,0.194156,0.3588,
727,12.2395,-1.3995,-42.7653,-1.4126,-43.6813,-0.0131,-0.9160,0.9161,-0.6333,-43.6142,1.1435,1987,0.9975,0.7982,174,0.5824,0.193540,0.2698,
728,12.2563,-1.5722,-43.6543,-1.3825,-44.6009,0.1897,-0.9466,0.9654,-0.5820,-44.5313,1.3227,1981,0.9945,0.8031,180,0.5380,0.193908,0.1852,
729,12.2732,-1.6008,-44.5912,-1.3295,-45.5235,0.2713,-0.9323,0.9710,-0.5075,-45.4512,1.3910,1990,0.9960,0.8074,180,0.5425,0.194074,1.1813,
730,12.2900,-1.4854,-45.5619,-1.2807,-46.4462,0.2047,-0.8843,0.9077,-0.4364,-46.3714,1.3250,1994,0.9970,0.8112,176,0.5647,0.193916,0.1751,
731,12.3068,-1.3685,-46.4077,-1.2325,-47.3641,0.1360,-0.9564,0.9660,-0.3665,-47.2872,1.3332,1998,1.0000,0.8156,179,0.5602,0.193932,0.4757,
732,12.3237,-1.3350,-47.3558,-1.2320,-48.3324,0.1030,-0.9766,0.9820,-0.3435,-48.2523,1.3367,1987,0.9980,0.8192,192,0.6484,0.194279,0.6770,
733,12.3405,-1.4238,-48.4163,-1.2768,-49.3925,0.1470,-0.9762,0.9872,-0.3633,-49.3099,1.3868,1989,0.9945,0.8239,194,0.6569,0.194347,0.7472,
734,12.3573,-1.1874,-49.5634,-1.3245,-50.4680,-0.1371,-0.9046,0.9149,-0.3858,-50.3802,1.1444,1992,0.9970,0.8280,188,0.6610,0.194157,4.2715,
735,12.3742,-1.4196,-50.5745,-1.4160,-51.5783,0.0036,-1.0038,1.0038,-0.4504,-51.4881,1.3319,1996,0.9980,0.8329,189,0.6757,0.194250,,
736,12.3910,-1.5571,-51.7630,-1.4958,-52.7023,0.0613,-0.9393,0.9413,-0.5027,-52.6120,1.3537,1987,0.9950,0.8386,173,0.5834,0.194069,,
737,12.4078,-1.7823,-52.9456,-1.5741,-53.8270,0.2082,-0.8814,0.9057,-0.5526,-53.7386,1.4632,1987,0.9960,0.8444,168,0.5894,0.194007,,
738,12.4247,-1.5112,-53.9860,-1.5814,-54.9901,-0.0702,-1.0041,1.0066,-0.5317,-54.8959,1.3369,1990,0.9955,0.8470,190,0.7188,0.194309,,
739,12.4415,-1.4662,-55.2380,-1.5806,-56.1874,-0.1144,-0.9494,0.9563,-0.5019,-56.0883,1.2856,1993,0.9985,0.8531,188,0.7029,0.194200,,
740,12.4584,-1.3353,-56.4823,-1.5787,-57.3880,-0.2434,-0.9057,0.9378,-0.4711,-57.2821,1.1775,1984,0.9935,0.8581,188,0.7389,0.194152,,
741,12.4752,-1.2729,-57.6543,-1.5388,-58.6588,-0.2659,-1.0045,1.0391,-0.3986,-58.5464,1.2491,1981,0.9915,0.8630,185,0.7123,0.193982,,
742,12.4920,-1.1196,-59.1261,-1.5371,-59.9768,-0.4175,-0.8507,0.9476,-0.3645,-59.8543,1.0490,1989,0.9965,0.8680,183,0.7740,0.194160,,
743,12.5089,-1.4631,-60.2860,-1.5387,-61.2465,-0.0756,-0.9605,0.9635,-0.3361,-61.1205,1.4023,1981,0.9940,0.8764,181,0.7560,0.194425,,
744,12.5257,-1.4790,-61.7021,-1.5440,-62.5207,-0.0650,-0.8186,0.8212,-0.3082,-62.3932,1.3596,1976,0.9925,0.8818,164,0.6520,0.193975,,
745,12.5425,-1.2365,-62.9309,-1.5467,-63.8977,-0.3102,-0.9668,1.0153,-0.2784,-63.7621,1.2684,1967,0.9920,0.8865,174,0.7894,0.194221,,
746,12.5594,-0.8362,-64.3724,-1.5623,-65.2446,-0.7261,-0.8722,1.1349,-0.2633,-65.0951,0.9222,1973,0.9975,0.8866,161,0.7889,0.193982,,
747,12.5762,-1.6177,-65.5252,-1.5853,-66.4918,0.0324,-0.9666,0.9671,-0.2540,-66.3407,1.5889,1957,0.9939,0.8963,169,0.7244,0.194227,,
748,12.5930,-1.2515,-66.8111,-1.6297,-67.8076,-0.3782,-0.9965,1.0659,-0.2647,-67.6508,1.2957,1986,0.9935,0.8963,177,0.7562,0.194190,,
749,12.6099,-1.5488,-68.2738,-1.6832,-69.2383,-0.1344,-0.9645,0.9738,-0.2815,-69.0805,1.5023,1954,0.9890,0.9025,174,0.6993,0.194308,,
750,12.6267,-1.4844,-69.5821,-1.7606,-70.6962,-0.2762,-1.1141,1.1478,-0.3221,-70.5356,1.5034,1868,0.9288,0.9042,180,0.7076,0.194259,,
751,12.6435,-0.5829,-71.3425,-1.8558,-72.1530,-1.2729,-0.8105,1.5090,-0.3786,-71.9762,0.6658,1965,0.9954,0.8968,169,0.8042,0.193702,,
752,12.6604,-1.6775,-72.6753,-1.9499,-73.6082,-0.2724,-0.9329,0.9719,-0.4361,-73.4317,1.4537,1965,0.9940,0.9093,169,0.6726,0.194349,,
753,12.6772,-1.4556,-73.9342,-2.0187,-75.0756,-0.5631,-1.1414,1.2727,-0.4675,-74.8935,1.3772,1962,0.9935,0.9056,177,0.7179,0.194278,,
754,12.6940,-1.7652,-75.6419,-2.0686,-76.6166,-0.3034,-0.9747,1.0208,-0.4776,-76.4337,1.5116,1973,0.9895,0.9095,174,0.6835,0.194287,,
755,12.7109,-1.5042,-77.2155,-2.1177,-78.2562,-0.6135,-1.0407,1.2081,-0.4871,-78.0665,1.3262,1975,0.9920,0.9058,166,0.7954,0.194152,,
756,12.7277,-1.5878,-78.8316,-2.1673,-79.8964,-0.5795,-1.0648,1.2123,-0.4939,-79.7020,1.3979,1978,0.9965,0.9070,174,0.7255,0.194190,,
757,12.7446,-1.5138,-80.3615,-2.2189,-81.5324,-0.7051,-1.1709,1.3668,-0.5033,-81.3312,1.4005,1977,0.9935,0.9056,172,0.7789,0.194020,,
758,12.7614,-1.7244,-82.0910,-2.3123,-83.1557,-0.5879,-1.0647,1.2162,-0.5565,-82.9516,1.4507,1940,0.9889,0.9071,166,0.7929,0.194378,,
759,12.7782,-1.5984,-83.5895,-2.3671,-84.7591,-0.7687,-1.1696,1.3996,-0.5687,-84.5495,1.4078,1955,0.9924,0.9064,168,0.7816,0.193892,,
760,12.7951,-1.7765,-85.1247,-2.4153,-86.3737,-0.6388,-1.2490,1.4029,-0.5740,-86.1518,1.5814,1961,0.9929,0.9018,166,0.8165,0.194613,,
761,12.8119,-1.7688,-86.9155,-2.4641,-87.9986,-0.6953,-1.0831,1.2871,-0.5797,-87.7726,1.4658,1955,0.9909,0.9038,162,0.7521,0.193947,,
762,12.8287,-1.9734,-88.3672,-2.5112,-89.5004,-0.5378,-1.1332,1.2543,-0.5904,-89.2730,1.6532,1973,0.9930,0.9007,160,0.7314,0.194360,,
763,12.8456,-2.0174,-89.7553,-2.5617,-90.9357,-0.5443,-1.1804,1.2998,-0.6053,-90.7081,1.7035,1970,0.9940,0.8983,165,0.7393,0.194344,,
764,12.8624,-1.7857,-91.0899,-2.6084,-92.3412,-0.8227,-1.2513,1.4975,-0.6161,-92.1080,1.5506,1963,0.9869,0.8934,173,0.7865,0.194273,,
765,12.8792,-1.8929,-92.6368,-2.6680,-93.7733,-0.7751,-1.1365,1.3756,-0.6381,-93.5392,1.5456,1961,0.9890,0.8915,158,0.6905,0.194147,,
766,12.8961,-1.8015,-93.8799,-2.7534,-95.2596,-0.9519,-1.3797,1.6762,-0.6872,-95.0188,1.5933,1966,0.9945,0.8832,170,0.8013,0.194220,,
767,12.9129,-1.5503,-95.4440,-2.8386,-96.7727,-1.2883,-1.3287,1.8507,-0.7352,-96.5265,1.3551,1972,0.9900,0.8764,151,0.7337,0.193843,,
768,12.9297,-1.8690,-97.1998,-2.8877,-98.3398,-1.0187,-1.1400,1.5288,-0.7422,-98.0905,1.4363,1970,0.9905,0.8711,158,0.7304,0.194022,,
769,12.9466,-1.8858,-98.4285,-2.8903,-100.0077,-1.0045,-1.5792,1.8716,-0.7055,-99.7465,1.7692,1981,0.9935,0.8629,165,0.8740,0.194209,,
770,12.9634,-1.6481,-100.5328,-2.8511,-101.7448,-1.2030,-1.2120,1.7077,-0.6201,-101.4739,1.3937,1950,0.9854,0.8557,156,0.8171,0.193998,,
771,12.9803,-1.7722,-102.1869,-2.8038,-103.4923,-1.0316,-1.3054,1.6638,-0.5265,-103.2144,1.6148,1973,0.9905,0.8496,157,0.8121,0.194056,,
772,12.9971,-1.9057,-103.8510,-2.7545,-105.2501,-0.8488,-1.3991,1.6364,-0.4325,-104.9647,1.8468,1978,0.9930,0.8423,156,0.8118,0.194250,,
773,13.0139,-1.5612,-105.8831,-2.7028,-107.0225,-1.1416,-1.1394,1.6129,-0.3324,-106.7311,1.4930,1978,0.9925,0.8336,148,0.7619,0.194086,,
774,13.0308,-1.5603,-107.4685,-2.6665,-108.7668,-1.1062,-1.2983,1.7057,-0.2503,-108.4665,1.6468,1956,0.9895,0.8267,155,0.8204,0.194035,,
775,13.0476,-0.7285,-109.2824,-2.6408,-110.5455,-1.9123,-1.2631,2.2918,-0.1795,-110.2266,1.0922,1957,0.9835,0.8132,145,0.8586,0.193720,,
776,13.0644,-1.8355,-111.4565,-2.6393,-112.4810,-0.8038,-1.0245,1.3022,-0.1255,-112.1596,1.8489,1893,0.9899,0.8114,136,0.9027,0.194262,,
777,13.0813,-0.6697,-112.7942,-2.6678,-114.5401,-1.9981,-1.7459,2.6534,-0.1060,-114.2021,1.5166,1956,0.9844,0.7978,127,0.8583,0.193620,,
778,13.0981,-1.4928,-114.9080,-2.7172,-116.6288,-1.2244,-1.7208,2.1119,-0.1050,-116.2769,1.9493,1961,0.9859,0.7910,142,0.9322,0.194385,,
779,13.1149,-1.5941,-117.9166,-2.7712,-118.7128,-1.1771,-0.7962,1.4211,-0.1026,-118.3613,1.5564,1932,0.9772,0.7812,119,0.8466,0.194397,,
780,13.1318,-1.4854,-119.4693,-2.8342,-120.7031,-1.3488,-1.2338,1.8280,-0.1198,-120.3475,1.6236,1850,0.9009,0.7714,138,0.7922,0.194361,,
781,13.1486,-1.4288,-121.3027,-2.9171,-122.5406,-1.4883,-1.2379,1.9358,-0.1540,-122.1690,1.5413,1956,0.9859,0.7628,149,0.8732,0.194804,,
782,13.1654,-1.1439,-123.1345,-3.0363,-124.2177,-1.8924,-1.0832,2.1805,-0.2310,-123.8324,1.1491,1926,0.9809,0.7528,149,0.8943,0.194343,,
783,13.1823,-1.8186,-124.2641,-3.1724,-125.8881,-1.3538,-1.6240,2.1143,-0.3299,-125.5014,1.9358,1946,0.9779,0.7512,160,0.8642,0.194647,,
784,13.1991,-1.5540,-126.0739,-3.3129,-127.4714,-1.7589,-1.3975,2.2465,-0.4328,-127.0783,1.5053,1934,0.9768,0.7419,157,0.8410,0.194728,,
785,13.2160,-1.5862,-127.2236,-3.4674,-128.7988,-1.8812,-1.5752,2.4536,-0.5552,-128.4028,1.5664,1945,0.9703,0.7376,171,0.8348,0.194402,,
786,13.2328,-2.2365,-128.7326,-3.6549,-129.9601,-1.4184,-1.2275,1.8758,-0.7149,-129.5706,1.7371,1961,0.9803,0.7353,165,0.7661,0.194691,,
787,13.2496,-2.1900,-129.6094,-3.7997,-131.0210,-1.6097,-1.4116,2.1410,-0.8339,-130.6342,1.6998,1951,0.9773,0.7303,172,0.7432,0.194636,,
788,13.2665,-2.0343,-130.6174,-3.8972,-132.0820,-1.8629,-1.4646,2.3697,-0.9058,-131.6918,1.5582,1965,0.9890,0.7231,157,0.7270,0.194794,,
789,13.2833,-1.9343,-131.7403,-3.9977,-133.0331,-2.0634,-1.2928,2.4349,-0.9840,-132.6402,1.3088,1968,0.9849,0.7176,150,0.7024,0.194523,,
790,13.3001,-1.9792,-132.2996,-4.1122,-133.9079,-2.1330,-1.6083,2.6714,-1.0779,-133.5145,1.5127,1975,0.9854,0.7153,171,0.8447,0.194456,,
791,13.3170,-2.3017,-133.5929,-4.2071,-134.7881,-1.9054,-1.1952,2.2492,-1.1498,-134.3949,1.4036,1953,0.9854,0.7140,139,0.5765,0.195139,,
792,13.3338,-2.1523,-134.5370,-4.2554,-135.7651,-2.1031,-1.2281,2.4354,-1.1756,-135.3678,1.2823,1966,0.9890,0.7061,139,0.6893,0.194888,,
793,13.3506,-2.7663,-135.7036,-4.2566,-136.7657,-1.4903,-1.0621,1.8300,-1.1519,-136.3729,1.7476,1967,0.9905,0.7059,154,0.6987,0.194888,,
794,13.3675,-2.6047,-136.7431,-4.2555,-137.8652,-1.6508,-1.1221,1.9961,-1.1228,-137.4763,1.6534,1976,0.9940,0.7015,155,0.7083,0.194782,,
795,13.3843,-2.1386,-137.7810,-4.2480,-139.0215,-2.1094,-1.2405,2.4471,-1.0842,-138.6267,1.3517,1954,0.9849,0.6945,142,0.6138,0.195272,,
796,13.4011,-2.4984,-139.0904,-4.2408,-140.1799,-1.7424,-1.0895,2.0550,-1.0462,-139.7886,1.6113,1980,0.9935,0.6926,145,0.7009,0.194723,,
797,13.4180,-1.9598,-140.0269,-4.2177,-141.3300,-2.2579,-1.3031,2.6069,-0.9968,-140.9361,1.3244,1967,0.9930,0.6821,166,0.7973,0.194514,,
798,13.4348,-1.7946,-141.0370,-4.1982,-142.4455,-2.4036,-1.4085,2.7859,-0.9491,-142.0470,1.3172,1966,0.9930,0.6788,161,0.7391,0.194666,,
799,13.4517,-2.1796,-142.1950,-4.1969,-143.5308,-2.0173,-1.3358,2.4195,-0.9201,-143.1310,1.5692,1972,0.9930,0.6757,150,0.6434,0.195084,,
800,13.4685,-2.3645,-143.4130,-4.2426,-144.6328,-1.8781,-1.2198,2.2395,-0.9373,-144.2370,1.6480,1948,0.9824,0.6728,153,0.7201,0.194953,,
801,13.4853,-2.3561,-144.4668,-4.3358,-145.6992,-1.9797,-1.2324,2.3320,-1.0034,-145.3077,1.5928,1960,0.9929,0.6672,159,0.7266,0.195001,,
802,13.5022,-1.5504,-145.4993,-4.4298,-146.7690,-2.8794,-1.2697,3.1469,-1.0740,-146.3707,0.9931,1961,0.9939,0.6533,137,0.7242,0.194292,,
803,13.5190,-2.3253,-146.5263,-4.5291,-147.8366,-2.2038,-1.3103,2.5639,-1.1463,-147.4394,1.4912,1958,0.9869,0.6565,150,0.6071,0.195074,,
804,13.5358,-2.3592,-147.6164,-4.6345,-148.9027,-2.2753,-1.2863,2.6137,-1.2247,-148.5064,1.4419,1973,0.9910,0.6513,151,0.6300,0.195038,,
805,13.5527,-2.5798,-148.6982,-4.7312,-150.0163,-2.1514,-1.3181,2.5231,-1.2933,-149.6219,1.5838,1969,0.9895,0.6472,155,0.6626,0.194995,,
806,13.5695,-2.7947,-149.9899,-4.8259,-151.2337,-2.0312,-1.2438,2.3818,-1.3566,-150.8423,1.6717,1958,0.9869,0.6428,152,0.6486,0.195143,,
807,13.5863,-2.5764,-150.9679,-4.8600,-152.4432,-2.2836,-1.4753,2.7187,-1.3639,-152.0514,1.6261,1958,0.9879,0.6340,159,0.7901,0.194655,,
808,13.6032,-2.5994,-152.5816,-4.8595,-153.7966,-2.2601,-1.2150,2.5660,-1.3289,-153.4022,1.5125,1931,0.9874,0.6302,138,0.5992,0.195079,,
809,13.6200,-2.2405,-153.9969,-4.8141,-155.2948,-2.5736,-1.2979,2.8824,-1.2466,-154.8929,1.3382,1953,0.9804,0.6218,144,0.6719,0.194827,,
810,13.6368,-2.2069,-155.6509,-4.7492,-156.8496,-2.5423,-1.1987,2.8107,-1.1400,-156.4390,1.3264,1889,0.9357,0.6163,137,0.5940,0.195045,,
811,13.6537,-2.2302,-157.1331,-4.7035,-158.4408,-2.4733,-1.3077,2.7977,-1.0521,-158.0239,1.4770,1978,0.9935,0.6094,143,0.6758,0.194939,,
812,13.6705,-1.8044,-158.8230,-4.7099,-160.0818,-2.9055,-1.2588,3.1665,-1.0191,-159.6548,1.1439,1964,0.9880,0.5978,145,0.7896,0.194351,,
813,13.6874,-2.3351,-160.5649,-4.7560,-161.7851,-2.4209,-1.2202,2.7110,-1.0260,-161.3582,1.5307,1966,0.9894,0.5930,142,0.7474,0.194766,,
814,13.7042,-2.8093,-162.5485,-4.8061,-163.6086,-1.9968,-1.0601,2.2608,-1.0286,-163.1851,1.8911,1950,0.9844,0.5885,135,0.7090,0.195383,,
815,13.7210,-1.9931,-164.3274,-4.8461,-165.5336,-2.8530,-1.2062,3.0975,-1.0146,-165.0988,1.2460,1948,0.9880,0.5785,126,0.6517,0.195111,,
816,13.7379,-2.8587,-166.4274,-4.8527,-167.4657,-1.9940,-1.0383,2.2481,-0.9759,-167.0363,1.9788,1949,0.9884,0.5700,135,0.7833,0.195027,,
817,13.7547,-1.8603,-167.7676,-4.8516,-169.4014,-2.9913,-1.6338,3.4084,-0.9352,-168.9663,1.5142,1929,0.9919,0.5585,132,0.8551,0.194083,,
818,13.7715,-1.7744,-169.9369,-4.8856,-171.2840,-3.1112,-1.3471,3.3903,-0.9176,-170.8352,1.2414,1961,0.9894,0.5528,127,0.7260,0.194937,,
819,13.7884,-2.2257,-171.7667,-4.9578,-173.0277,-2.7321,-1.2610,3.0091,-0.9435,-172.5746,1.5155,1937,0.9783,0.5462,125,0.6919,0.195225,,
820,13.8052,-1.8565,-173.3331,-5.0546,-174.6372,-3.1981,-1.3041,3.4538,-1.0000,-174.1788,1.2037,1936,0.9743,0.5369,129,0.6892,0.194678,,
821,13.8220,-2.3783,-174.8397,-5.1960,-176.0336,-2.8177,-1.1939,3.0602,-1.1057,-175.5766,1.4706,1956,0.9849,0.5330,128,0.6205,0.195128,,
822,13.8389,-1.8438,-176.1198,-5.3363,-177.2909,-3.4925,-1.1711,3.6836,-1.2185,-176.8315,0.9474,1941,0.9729,0.5209,128,0.7362,0.194009,,
823,13.8557,-2.4967,-177.2603,-5.4570,-178.3904,-2.9603,-1.1301,3.1687,-1.3110,-177.9332,1.3633,1938,0.9820,0.5225,131,0.5555,0.194996,,
824,13.8725,-3.0918,-178.4370,-5.5911,-179.3763,-2.4993,-0.9393,2.6700,-1.4213,-178.9266,1.7408,1964,0.9835,0.5190,136,0.6404,0.195154,,
825,13.8894,-3.3956,-179.3152,-5.7120,-180.2750,-2.3164,-0.9598,2.5074,-1.5212,-179.8330,1.9446,1926,0.9834,0.5153,135,0.6439,0.195364,,
826,13.9062,-2.9016,-180.1032,-5.8092,-181.1490,-2.9076,-1.0458,3.0900,-1.5975,-180.7103,1.4385,1952,0.9909,0.5094,135,0.6483,0.194786,,
827,13.9230,-2.9870,-181.0655,-5.9058,-182.0901,-2.9188,-1.0246,3.0934,-1.6695,-181.6534,1.4427,1971,0.9894,0.5068,128,0.5633,0.195196,,
828,13.9399,-2.8842,-182.0348,-5.9685,-183.0805,-3.0843,-1.0457,3.2567,-1.7055,-182.6438,1.3267,1945,0.9828,0.5029,124,0.5669,0.195100,,
829,13.9567,-2.7072,-182.8419,-5.9857,-183.9946,-3.2785,-1.1527,3.4752,-1.6993,-183.5559,1.2352,1955,0.9800,0.4973,124,0.5322,0.194847,,
830,13.9736,-3.2094,-183.8776,-5.9851,-184.8066,-2.7757,-0.9290,2.9270,-1.6783,-184.3695,1.6082,1968,0.9885,0.4946,127,0.5499,0.195086,,
831,13.9904,-2.8011,-184.6241,-5.9844,-185.5806,-3.1833,-0.9565,3.3239,-1.6567,-185.1421,1.2562,1973,0.9980,0.4916,123,0.5302,0.195149,,
832,14.0072,-2.7770,-185.3308,-5.9847,-186.3211,-3.2077,-0.9903,3.3571,-1.6374,-185.8817,1.2658,1979,0.9955,0.4880,123,0.5108,0.195030,,
833,14.0241,-2.9932,-185.8768,-6.0269,-187.0345,-3.0337,-1.1577,3.2471,-1.6629,-186.5975,1.5130,1988,0.9980,0.4842,128,0.6164,0.194778,,
834,14.0409,-2.8209,-186.7868,-6.0728,-187.7578,-3.2519,-0.9710,3.3938,-1.6897,-187.3213,1.2511,1985,0.9935,0.4816,124,0.5049,0.195048,,
835,14.0577,-2.8787,-187.4317,-6.1422,-188.4357,-3.2635,-1.0040,3.4144,-1.7412,-188.0007,1.2719,1975,0.9940,0.4790,124,0.4972,0.195063,,
836,14.0746,-3.0832,-188.1768,-6.2087,-189.1089,-3.1255,-0.9321,3.2615,-1.7900,-188.6759,1.3862,1960,0.9920,0.4764,124,0.4983,0.195186,,
837,14.0914,-2.9202,-188.7369,-6.2552,-189.7845,-3.3350,-1.0476,3.4957,-1.8204,-189.3522,1.2602,1971,0.9925,0.4703,128,0.5949,0.194718,,
838,14.1082,-3.1241,-189.4450,-6.3005,-190.4418,-3.1764,-0.9968,3.3291,-1.8490,-190.0113,1.3952,1983,0.9950,0.4695,128,0.5482,0.195038,,
839,14.1251,-2.9678,-190.0926,-6.3444,-191.0799,-3.3766,-0.9873,3.5180,-1.8758,-190.6499,1.2260,1973,0.9915,0.4674,124,0.4872,0.195051,,
840,14.1419,-3.2037,-190.7007,-6.3776,-191.7366,-3.1739,-1.0359,3.3387,-1.8927,-191.3091,1.4453,1934,0.9694,0.4644,129,0.5853,0.194870,,
841,14.1587,-2.9497,-191.4525,-6.4191,-192.4120,-3.4694,-0.9595,3.5996,-1.9161,-191.9844,1.1624,1984,0.9960,0.4608,123,0.4914,0.195084,,
842,14.1756,-2.8487,-192.1001,-6.4230,-193.0915,-3.5743,-0.9914,3.7092,-1.9022,-192.6615,1.1005,1986,0.9950,0.4567,121,0.5401,0.195123,,
843,14.1924,-3.0424,-192.8923,-6.4261,-193.8236,-3.3837,-0.9313,3.5095,-1.8859,-193.3929,1.2602,1990,0.9985,0.4548,117,0.4762,0.195096,,
844,14.2093,-2.8739,-193.5561,-6.4377,-194.5645,-3.5638,-1.0084,3.7037,-1.8799,-194.1327,1.1491,1979,0.9945,0.4482,122,0.6023,0.194607,,
845,14.2261,-2.8743,-194.2986,-6.4378,-195.3376,-3.5635,-1.0390,3.7119,-1.8611,-194.9047,1.1806,1989,0.9980,0.4464,121,0.5517,0.194719,,
846,14.2429,-2.9273,-195.0988,-6.4410,-196.1215,-3.5137,-1.0227,3.6595,-1.8446,-195.6876,1.2324,1972,0.9950,0.4433,121,0.5673,0.194908,,
847,14.2598,-2.7673,-195.9059,-6.4908,-196.9437,-3.7235,-1.0378,3.8654,-1.8746,-196.5090,1.0773,1980,0.9925,0.4376,122,0.6335,0.194550,,
848,14.2766,-3.0674,-196.7470,-6.5397,-197.7528,-3.4723,-1.0058,3.6150,-1.9030,-197.3191,1.2974,1993,0.9980,0.4367,121,0.5574,0.195001,,
849,14.2934,-2.9794,-197.5155,-6.5533,-198.5282,-3.5739,-1.0127,3.7146,-1.8964,-198.0938,1.2277,1968,0.9950,0.4344,116,0.4604,0.195030,,
850,14.3103,-3.1742,-198.3773,-6.5586,-199.2630,-3.3844,-0.8857,3.4984,-1.8825,-198.8291,1.3684,1982,0.9955,0.4314,117,0.4840,0.195134,,
851,14.3271,-3.0477,-198.9868,-6.5589,-199.8866,-3.5112,-0.8998,3.6247,-1.8664,-199.4523,1.2697,1981,0.9945,0.4283,116,0.4577,0.195096,,
852,14.3439,-2.8548,-199.5507,-6.5591,-200.4661,-3.7043,-0.9154,3.8157,-1.8506,-200.0300,1.1127,1975,0.9965,0.4259,114,0.4793,0.195295,,
853,14.3608,-2.9216,-200.0370,-6.6062,-200.9479,-3.6846,-0.9109,3.7955,-1.8845,-200.5125,1.1409,1988,0.9970,0.4240,116,0.4954,0.195161,,
854,14.3776,-3.0285,-200.5001,-6.6289,-201.3754,-3.6004,-0.8753,3.7053,-1.8960,-200.9408,1.2152,1992,0.9985,0.4221,117,0.4524,0.195016,,
855,14.3944,-3.2084,-200.9355,-6.6299,-201.7657,-3.4215,-0.8302,3.5208,-1.8871,-201.3319,1.3795,1978,0.9985,0.4199,122,0.5563,0.195005,,
856,14.4113,-3.0357,-201.3496,-6.6302,-202.1487,-3.5945,-0.7991,3.6823,-1.8761,-201.7146,1.2157,1973,0.9960,0.4214,111,0.4870,0.195434,,
857,14.4281,-3.1096,-201.4950,-6.6738,-202.4368,-3.5642,-0.9418,3.6865,-1.9124,-202.0043,1.3010,1986,0.9950,0.4173,120,0.5593,0.195019,,
858,14.4450,-2.9142,-201.6667,-6.6732,-202.6294,-3.7590,-0.9627,3.8803,-1.9066,-202.1967,1.1385,1967,0.9945,0.4162,118,0.5309,0.194998,,
859,14.4618,-2.7994,-201.8026,-6.6324,-202.7241,-3.8330,-0.9215,3.9422,-1.8631,-202.2899,1.0555,1995,0.9975,0.4178,114,0.4997,0.195239,,
860,14.4786,-2.8181,-201.8609,-6.6108,-202.7670,-3.7927,-0.9061,3.8994,-1.8402,-202.3321,1.0855,1988,0.9985,0.4176,113,0.4992,0.195264,,
861,14.4955,-2.9973,-201.9064,-6.5656,-202.7791,-3.5683,-0.8727,3.6735,-1.7945,-202.3427,1.2795,1990,0.9985,0.4172,116,0.5251,0.195050,,
862,14.5123,-2.8198,-201.8498,-6.5183,-202.7808,-3.6985,-0.9310,3.8139,-1.7471,-202.3429,1.1806,1997,0.9985,0.4163,115,0.4991,0.195019,,
863,14.5291,-2.6987,-201.8519,-6.5005,-202.7802,-3.8018,-0.9283,3.9135,-1.7294,-202.3418,1.0861,1994,0.9985,0.4168,114,0.4635,0.195137,,
864,14.5460,-2.9450,-201.8583,-6.5006,-202.7702,-3.5556,-0.9119,3.6707,-1.7297,-202.3317,1.3042,1985,0.9960,0.4169,115,0.4708,0.195040,,
865,14.5628,-2.7172,-201.7602,-6.5434,-202.7316,-3.8262,-0.9714,3.9476,-1.7736,-202.2945,1.0844,1995,0.9980,0.4168,113,0.4478,0.195065,,
866,14.5796,-2.9379,-201.7709,-6.6112,-202.6889,-3.6733,-0.9180,3.7863,-1.8426,-202.2540,1.1971,1998,0.9990,0.4166,115,0.4687,0.195019,,
867,14.5965,-3.5991,-202.0533,-6.6833,-202.6615,-3.0842,-0.6082,3.1436,-1.9162,-202.2290,1.6920,1991,0.9990,0.4183,115,0.5128,0.195385,,
868,14.6133,-3.3781,-201.7178,-6.7418,-202.6445,-3.3637,-0.9267,3.4890,-1.9755,-202.2138,1.4877,1988,0.9985,0.4185,114,0.4706,0.195361,,
869,14.6301,-3.1991,-201.7526,-6.7439,-202.6439,-3.5448,-0.8913,3.6551,-1.9776,-202.2134,1.3055,1985,0.9985,0.4175,115,0.4805,0.195070,,
870,14.6470,-3.0846,-201.6724,-6.7083,-202.6263,-3.6237,-0.9539,3.7471,-1.9425,-202.1946,1.2558,1978,0.9930,0.4165,119,0.5263,0.194993,,
871,14.6638,-3.0460,-201.6713,-6.6119,-202.6211,-3.5659,-0.9498,3.6902,-1.8460,-202.1863,1.3058,1997,0.9995,0.4182,116,0.4708,0.195094,,
872,14.6807,-2.8426,-201.6312,-6.4693,-202.5894,-3.6267,-0.9582,3.7511,-1.7041,-202.1499,1.2511,1998,0.9995,0.4181,117,0.4766,0.195141,,
873,14.6975,-2.7021,-201.6294,-6.3306,-202.5443,-3.6285,-0.9149,3.7421,-1.5665,-202.1003,1.2294,1999,1.0000,0.4194,114,0.4690,0.195250,,
874,14.7143,-2.7859,-201.5594,-6.2621,-202.5096,-3.4762,-0.9502,3.6037,-1.4987,-202.0634,1.3824,1996,0.9995,0.4190,117,0.4928,0.195098,,
875,14.7312,-2.7569,-201.5573,-6.2324,-202.4725,-3.4755,-0.9152,3.5940,-1.4700,-202.0252,1.3693,2000,1.0000,0.4190,117,0.5022,0.195097,,
876,14.7480,-2.6347,-201.5053,-6.2309,-202.4306,-3.5962,-0.9253,3.7133,-1.4697,-201.9834,1.2593,1998,0.9995,0.4185,116,0.4732,0.195088,,
877,14.7648,-2.8688,-201.4751,-6.2350,-202.3396,-3.3662,-0.8645,3.4754,-1.4764,-201.8922,1.4535,1999,0.9995,0.4189,121,0.5675,0.195162,,
878,14.7817,-2.4862,-201.2531,-6.2781,-202.2421,-3.7919,-0.9890,3.9188,-1.5220,-201.7964,1.1067,2000,1.0000,0.4164,120,0.5772,0.194820,,
879,14.7985,-2.6553,-201.2015,-6.3275,-202.1671,-3.6722,-0.9656,3.7970,-1.5735,-201.7231,1.2010,1999,1.0000,0.4189,119,0.5132,0.195046,,
880,14.8153,-2.6107,-201.2076,-6.3702,-202.1419,-3.7595,-0.9343,3.8739,-1.6169,-201.6994,1.1088,1999,0.9995,0.4202,116,0.4657,0.195197,,
881,14.8322,-2.9257,-201.1906,-6.3940,-202.1288,-3.4683,-0.9382,3.5930,-1.6412,-201.6870,1.3771,1998,0.9995,0.4202,118,0.4813,0.195103,,
882,14.8490,-2.8017,-201.0616,-6.4265,-202.1019,-3.6248,-1.0403,3.7711,-1.6745,-201.6612,1.2768,2000,1.0000,0.4187,120,0.5303,0.194815,,
883,14.8658,-2.7238,-201.1216,-6.4667,-202.0741,-3.7429,-0.9525,3.8622,-1.7155,-201.6348,1.1314,2000,1.0000,0.4209,116,0.4617,0.195207,,
884,14.8827,-3.0425,-201.2096,-6.4957,-202.0685,-3.4532,-0.8589,3.5584,-1.7448,-201.6302,1.3642,1998,0.9990,0.4218,117,0.4984,0.195109,,
885,14.8995,-2.8985,-201.0956,-6.5359,-202.0447,-3.6374,-0.9491,3.7592,-1.7857,-201.6077,1.2250,1997,0.9990,0.4205,116,0.4266,0.195104,,
886,14.9163,-2.8739,-201.0426,-6.5751,-202.0119,-3.7012,-0.9693,3.8260,-1.8259,-201.5763,1.1761,1999,1.0000,0.4194,120,0.5189,0.194929,,
887,14.9332,-2.9775,-201.0474,-6.6140,-201.9770,-3.6365,-0.9296,3.7534,-1.8658,-201.5427,1.2170,2000,1.0000,0.4212,118,0.4802,0.195124,,
888,14.9500,-2.9436,-201.0186,-6.6161,-201.9638,-3.6725,-0.9452,3.7922,-1.8684,-201.5296,1.1905,2000,1.0000,0.4210,116,0.4478,0.195154,,
889,14.9669,-2.9541,-200.9399,-6.6176,-201.9502,-3.6635,-1.0103,3.8003,-1.8703,-201.5160,1.2274,1990,1.0000,0.4203,120,0.5110,0.195051,,
890,14.9837,-3.0989,-200.9639,-6.6221,-201.9246,-3.5232,-0.9607,3.6518,-1.8754,-201.4906,1.3321,1995,0.9995,0.4175,121,0.6487,0.194718,,
891,15.0005,-2.9831,-200.9110,-6.6224,-201.9024,-3.6393,-0.9914,3.7719,-1.8764,-201.4684,1.2391,1999,1.0000,0.4217,118,0.4973,0.195051,,
892,15.0174,-3.4612,-201.1061,-6.6230,-201.8752,-3.1618,-0.7691,3.2540,-1.8777,-201.4411,1.6185,1998,0.9995,0.4213,117,0.5063,0.195231,,
893,15.0342,-2.9393,-200.9023,-6.6242,-201.8481,-3.6849,-0.9458,3.8043,-1.8797,-201.4141,1.1767,1998,1.0000,0.4223,116,0.4716,0.195153,,
894,15.0510,-3.0346,-200.8351,-6.6248,-201.8179,-3.5902,-0.9828,3.7223,-1.8812,-201.3839,1.2773,1999,1.0000,0.4217,118,0.4792,0.195087,,
895,15.0679,-2.9679,-200.8189,-6.6246,-201.7817,-3.6567,-0.9628,3.7813,-1.8821,-201.3477,1.2077,2000,1.0000,0.4229,116,0.4572,0.195224,,
896,15.0847,-2.9735,-200.7171,-6.6239,-201.7419,-3.6504,-1.0248,3.7915,-1.8825,-201.3080,1.2407,1996,0.9990,0.4216,118,0.4861,0.195184,,
897,15.1015,-2.6194,-200.7052,-6.6030,-201.6977,-3.9836,-0.9925,4.1054,-1.8630,-201.2633,0.9400,1990,0.9970,0.4223,116,0.4694,0.195254,,
898,15.1184,-2.8935,-200.6798,-6.5910,-201.6575,-3.6975,-0.9777,3.8246,-1.8522,-201.2228,1.1744,1999,1.0000,0.4226,116,0.4476,0.195217,,
899,15.1352,-2.9611,-200.6841,-6.5731,-201.6062,-3.6120,-0.9221,3.7278,-1.8357,-201.1709,1.2262,1998,0.9995,0.4235,117,0.4750,0.195250,,
900,15.1520,-3.0419,-200.5988,-6.5030,-201.5388,-3.4611,-0.9400,3.5865,-1.7673,-201.1012,1.3700,1988,0.9975,0.4227,119,0.4900,0.195139,,
901,15.1689,-2.8249,-200.4746,-6.4310,-201.4882,-3.6061,-1.0136,3.7458,-1.6966,-201.0483,1.2658,2000,1.0000,0.4229,118,0.4735,0.195099,,
902,15.1857,-2.6972,-200.5154,-6.3681,-201.4383,-3.6709,-0.9229,3.7851,-1.6351,-200.9964,1.1659,1999,1.0000,0.4244,116,0.4290,0.195361,,
903,15.2026,-2.6961,-200.4421,-6.3141,-201.3520,-3.6180,-0.9099,3.7307,-1.5835,-200.9085,1.2064,1999,1.0000,0.4239,117,0.4578,0.195214,,
904,15.2194,-2.6212,-200.3714,-6.2221,-201.2583,-3.6009,-0.8869,3.7085,-1.4941,-200.8118,1.2101,2000,1.0000,0.4240,117,0.4560,0.195294,,
905,15.2362,-2.3863,-200.2399,-6.1455,-201.1626,-3.7592,-0.9227,3.8708,-1.4204,-200.7141,1.0760,1998,1.0000,0.4235,116,0.4763,0.195252,,
906,15.2531,-2.5069,-200.1669,-6.0910,-201.0598,-3.5841,-0.8929,3.6936,-1.3686,-200.6096,1.2214,1999,0.9995,0.4251,117,0.4802,0.195255,,
907,15.2699,-2.2305,-200.0172,-6.0913,-200.9133,-3.8608,-0.8961,3.9634,-1.3732,-200.4638,0.9667,1999,0.9995,0.4259,115,0.4615,0.195303,,
908,15.2867,-2.5614,-199.8676,-6.1505,-200.7671,-3.5891,-0.8995,3.7001,-1.4365,-200.3196,1.2123,1997,0.9990,0.4267,116,0.4704,0.195147,,
909,15.3036,-2.7439,-199.7075,-6.1054,-200.5480,-3.3615,-0.8405,3.4650,-1.3971,-200.0991,1.4026,1994,0.9975,0.4274,118,0.4906,0.195206,,
910,15.3204,-2.6662,-199.5303,-6.0570,-200.3308,-3.3908,-0.8005,3.4840,-1.3544,-199.8804,1.3577,1997,0.9990,0.4298,115,0.4610,0.195246,,
911,15.3372,-2.4373,-199.2580,-5.9100,-200.0802,-3.4727,-0.8222,3.5687,-1.2140,-199.6255,1.2773,1987,0.9995,0.4302,117,0.4587,0.195261,,
912,15.3541,-2.3250,-199.0223,-5.7239,-199.7826,-3.3989,-0.7603,3.4829,-1.0356,-199.3221,1.3238,1998,1.0000,0.4318,116,0.4797,0.195329,,
913,15.3709,-2.1847,-198.6125,-5.5850,-199.4000,-3.4003,-0.7875,3.4903,-0.9065,-198.9355,1.3184,1999,0.9995,0.4329,117,0.4820,0.195279,,
914,15.3877,-2.0200,-198.1756,-5.4900,-198.9667,-3.4700,-0.7911,3.5590,-0.8230,-198.5001,1.2402,1989,0.9965,0.4348,116,0.4886,0.195362,,
915,15.4046,-2.3845,-197.8170,-5.3935,-198.4812,-3.0090,-0.6642,3.0814,-0.7380,-198.0105,1.6578,1988,0.9955,0.4371,117,0.4675,0.195466,,
916,15.4214,-2.4227,-197.3375,-5.2519,-197.9945,-2.8292,-0.6570,2.9045,-0.6069,-197.5178,1.8247,1998,1.0000,0.4394,118,0.4871,0.195557,,
917,15.4383,-1.9447,-196.6972,-5.0421,-197.5069,-3.0974,-0.8097,3.2015,-0.4083,-197.0234,1.5706,1995,0.9985,0.4416,118,0.4906,0.195434,,
918,15.4551,-1.6713,-196.2294,-4.7958,-197.0541,-3.1245,-0.8247,3.2315,-0.1721,-196.5629,1.5358,1990,0.9965,0.4427,120,0.5263,0.195404,,
919,15.4719,-1.3735,-195.8825,-4.5592,-196.6684,-3.1857,-0.7859,3.2812,0.0556,-196.1702,1.4578,1984,0.9970,0.4453,117,0.4941,0.195518,,
920,15.4888,-1.2250,-195.5072,-4.3742,-196.2989,-3.1492,-0.7917,3.2472,0.2321,-195.7951,1.4853,1995,0.9995,0.4469,118,0.4911,0.195488,,
921,15.5056,-1.0967,-195.1310,-4.3262,-195.9172,-3.2295,-0.7862,3.3238,0.2712,-195.4120,1.3965,1995,0.9975,0.4481,119,0.4952,0.195409,,
922,15.5224,-1.1541,-194.7176,-4.3262,-195.5260,-3.1721,-0.8084,3.2735,0.2620,-195.0204,1.4481,2000,1.0000,0.4500,120,0.4988,0.195378,,
923,15.5393,-1.1066,-194.2926,-4.3663,-195.0873,-3.2597,-0.7947,3.3552,0.2115,-194.5829,1.3497,1975,0.9980,0.4525,117,0.4733,0.195500,,
924,15.5561,-0.9804,-193.7876,-4.4034,-194.6021,-3.4230,-0.8145,3.5186,0.1631,-194.0997,1.1853,1995,0.9975,0.4537,119,0.5242,0.195484,,
925,15.5729,-1.6040,-193.3481,-4.4050,-194.0213,-2.8010,-0.6732,2.8808,0.1489,-193.5167,1.7610,1987,0.9950,0.4578,118,0.5167,0.195602,,
926,15.5898,-1.5085,-192.4924,-4.4062,-193.2921,-2.8977,-0.7997,3.0060,0.1326,-192.7843,1.6669,1995,0.9980,0.4601,123,0.6089,0.195306,,
927,15.6066,-1.6417,-191.7536,-4.4521,-192.3351,-2.8104,-0.5815,2.8699,0.0666,-191.8235,1.7097,1968,0.9810,0.4643,124,0.6253,0.195416,,
928,15.6234,-1.6916,-190.6235,-4.5446,-191.0792,-2.8530,-0.4557,2.8892,-0.0514,-190.5635,1.6413,1946,0.9775,0.4687,125,0.7068,0.195401,,
929,15.6403,-1.6876,-188.8512,-4.6437,-189.4958,-2.9561,-0.6446,3.0256,-0.1855,-188.9752,1.5072,1974,0.9700,0.4780,118,0.7736,0.195450,,
930,15.6571,-1.8040,-187.1389,-4.7604,-187.7497,-2.9564,-0.6108,3.0188,-0.3408,-187.2243,1.4657,1885,0.9040,0.4855,119,0.6150,0.195409,,
931,15.6740,-1.8664,-185.3975,-4.8972,-186.1044,-3.0308,-0.7069,3.1121,-0.5113,-185.5766,1.3669,1991,0.9960,0.4916,124,0.6480,0.195205,,
932,15.6908,-2.8502,-184.2824,-4.9946,-184.4063,-2.1444,-0.1239,2.1480,-0.6413,-183.8616,2.2486,1981,0.9855,0.4990,115,0.7504,0.195543,,
933,15.7076,-3.0278,-182.4688,-5.0445,-182.5365,-2.0167,-0.0677,2.0178,-0.7188,-181.9639,2.3636,1969,0.9850,0.5051,110,0.7808,0.195106,,
934,15.7245,-2.9646,-180.4170,-5.0452,-180.6183,-2.0806,-0.2013,2.0903,-0.7526,-180.0224,2.2469,1934,0.9840,0.5157,126,0.7889,0.195412,,
935,15.7413,-3.1835,-178.4232,-4.9613,-178.6595,-1.7778,-0.2363,1.7934,-0.7042,-178.0374,2.5091,1954,0.9695,0.5262,120,0.8093,0.195890,,
936,15.7581,-1.5411,-175.1554,-4.8650,-176.5890,-3.3239,-1.4336,3.6199,-0.6450,-175.9631,1.2064,1964,0.9685,0.5344,106,0.8435,0.194590,,
937,15.7750,-2.5450,-173.6020,-4.7669,-174.3122,-2.2219,-0.7102,2.3326,-0.5886,-173.6653,1.9574,1971,0.9745,0.5463,107,0.8245,0.195572,,
938,15.7918,-2.5492,-171.3319,-4.6262,-172.0613,-2.0770,-0.7294,2.2014,-0.4788,-171.3869,2.0711,1957,0.9800,0.5536,116,0.8485,0.195093,,
939,15.8086,-2.5410,-169.4035,-4.4837,-169.9686,-1.9427,-0.5651,2.0232,-0.3715,-169.2702,2.1736,1948,0.9735,0.5649,118,0.8458,0.195632,,
940,15.8255,-0.5150,-166.1243,-4.3478,-167.8750,-3.8328,-1.7507,4.2137,-0.2734,-167.1836,1.0865,1960,0.9740,0.5710,108,0.8526,0.194140,,
941,15.8423,-1.5351,-164.3428,-4.2506,-165.5953,-2.7155,-1.2525,2.9904,-0.2014,-164.8881,1.4409,1942,0.9515,0.5794,111,0.8463,0.194422,,
942,15.8591,-0.7031,-161.0209,-4.1554,-163.1827,-3.4523,-2.1618,4.0733,-0.1303,-162.4701,1.5583,1938,0.9575,0.5907,82,0.8818,0.193595,,
943,15.8760,-2.8382,-159.5317,-4.0855,-160.4043,-1.2473,-0.8726,1.5222,-0.0887,-159.6255,2.7511,1735,0.8495,0.6094,66,0.8373,0.195285,,
944,15.8928,-1.0436,-158.9749,-4.0887,-157.4920,-3.0451,1.4829,3.3870,-0.1239,-156.6907,2.4624,1926,0.9545,0.6009,45,0.8136,0.193993,,
945,15.9097,-0.7572,-154.3112,-4.1094,-154.5611,-3.3522,-0.2499,3.3615,-0.1887,-153.7615,0.7908,1915,0.9205,0.6216,57,0.9336,0.194177,,
946,15.9265,-0.9905,-151.9289,-4.1180,-151.6694,-3.1275,0.2595,3.1382,-0.2675,-150.8734,1.2794,1965,0.9535,0.6404,61,0.8756,0.195399,,
947,15.9433,-1.1749,-148.9781,-4.1172,-148.8403,-2.9423,0.1378,2.9455,-0.3139,-148.0485,1.2671,1885,0.9370,0.6475,55,0.8392,0.194829,,
948,15.9602,-5.0061,-145.9804,-4.0248,-146.1414,0.9813,-0.1610,0.9944,-0.2319,-145.2701,4.8267,1851,0.9005,0.6679,57,0.9603,0.196732,,
949,15.9770,-1.7838,-142.8537,-3.8828,-143.5942,-2.0990,-0.7405,2.2258,-0.1070,-142.6987,1.6839,1896,0.9360,0.6719,71,0.9901,0.194352,,
950,15.9938,-1.8250,-139.8062,-3.7449,-141.0468,-1.9199,-1.2406,2.2858,-0.0023,-140.1183,1.8492,1923,0.9580,0.6918,73,0.8881,0.194790,,
951,16.0107,-1.6178,-137.0237,-3.5992,-138.5945,-1.9814,-1.5708,2.5285,0.0996,-137.6513,1.8285,1965,0.9585,0.7050,82,0.8629,0.194817,,
952,16.0275,-1.6902,-134.5178,-3.4084,-136.2638,-1.7182,-1.7460,2.4496,0.2709,-135.2975,2.1104,1851,0.9555,0.7114,104,0.8935,0.194801,,
953,16.0443,-0.9629,-132.0546,-3.2088,-133.8244,-2.2459,-1.7698,2.8594,0.4487,-132.8408,1.6158,1957,0.9590,0.7203,91,0.8769,0.194369,,
954,16.0612,-1.4762,-130.3879,-3.0178,-131.2227,-1.5416,-0.8348,1.7531,0.6199,-130.2081,2.1038,1921,0.9485,0.7291,93,0.9432,0.194887,,
955,16.0780,-1.5230,-127.5872,-2.8635,-128.6055,-1.3405,-1.0183,1.6834,0.7449,-127.5525,2.2682,1893,0.9260,0.7457,102,0.8673,0.195112,,
956,16.0948,-2.3668,-125.2546,-2.7644,-126.0246,-0.3976,-0.7700,0.8666,0.8146,-124.9225,3.1987,1900,0.9140,0.7594,98,0.8680,0.195689,,
957,16.1117,-0.3237,-121.2188,-2.7142,-123.4765,-2.3905,-2.2577,3.2881,0.8446,-122.3711,1.6410,1908,0.9505,0.7654,107,0.8811,0.194191,,
958,16.1285,-0.0669,-118.7712,-2.7121,-120.9508,-2.6452,-2.1796,3.4275,0.8292,-119.8433,1.3973,1937,0.9705,0.7751,114,0.9637,0.193981,,
959,16.1453,-2.8185,-117.4482,-2.7126,-118.2351,0.1059,-0.7869,0.7940,0.7546,-117.0888,3.5911,1952,0.9300,0.8008,55,0.8472,0.197160,,
960,16.1622,-1.8511,-113.7379,-2.6974,-115.3119,-0.8463,-1.5740,1.7871,0.7217,-114.1312,2.6027,1800,0.7435,0.8108,80,0.8683,0.194965,,
961,16.1790,-1.3518,-111.2433,-2.7001,-112.6048,-1.3483,-1.3615,1.9161,0.6814,-111.4100,2.0400,1964,0.9890,0.8157,86,0.8988,0.194735,,
962,16.1959,-1.6376,-108.3286,-2.7357,-110.1146,-1.0981,-1.7860,2.0966,0.6137,-108.8953,2.3215,1953,0.9595,0.8302,105,0.8431,0.195028,,
963,16.2127,-0.6987,-105.3023,-2.7737,-107.6124,-2.0750,-2.3101,3.1052,0.5301,-106.3916,1.6421,1918,0.9725,0.8421,108,0.8932,0.194327,,
964,16.2295,-1.6842,-103.5432,-2.7715,-105.0455,-1.0873,-1.5023,1.8545,0.4943,-103.8086,2.1946,1958,0.9670,0.8508,91,0.9749,0.194937,,
965,16.2464,-0.5204,-100.3372,-2.7173,-102.4775,-2.1969,-2.1403,3.0671,0.5209,-101.2408,1.3787,1897,0.9445,0.8588,116,0.9232,0.194115,,
966,16.2632,-1.4229,-98.6718,-2.6450,-99.9348,-1.2221,-1.2630,1.7575,0.5564,-98.6775,1.9793,1933,0.9555,0.8718,99,0.9092,0.194865,,
967,16.2800,-1.0744,-95.7914,-2.5526,-97.4402,-1.4782,-1.6488,2.2144,0.6130,-96.1684,1.7290,1964,0.9775,0.8834,106,0.9617,0.194633,,
968,16.2969,-0.6685,-93.6090,-2.4603,-95.0187,-1.7918,-1.4097,2.2799,0.6642,-93.7355,1.3387,1950,0.9705,0.8929,104,0.8762,0.194171,,
969,16.3137,-1.4500,-90.7157,-2.3630,-92.6056,-0.9130,-1.8899,2.0989,0.7335,-91.3045,2.2615,1944,0.9555,0.9059,114,0.9399,0.194959,,
970,16.3305,-0.9165,-88.4299,-2.2021,-90.1009,-1.2856,-1.6710,2.1083,0.8670,-88.7874,1.8190,1934,0.9690,0.9085,99,0.9084,0.194643,,
971,16.3474,-1.6325,-86.6534,-2.0512,-87.5636,-0.4187,-0.9102,1.0019,0.9831,-86.2103,2.6529,1893,0.9688,0.9187,109,0.8486,0.195232,,
972,16.3642,0.5366,-83.4673,-1.9452,-85.1222,-2.4818,-1.6549,2.9830,1.0488,-83.7728,0.5964,1857,0.9449,0.9058,114,0.9467,0.193543,,
973,16.3810,-1.1986,-81.7616,-1.8785,-82.5835,-0.6799,-0.8219,1.0667,1.0842,-81.2004,2.3508,1804,0.9303,0.9222,77,0.8437,0.195080,,
974,16.3979,-1.7172,-79.1173,-1.8388,-79.9616,-0.1216,-0.8443,0.8530,1.0888,-78.5369,2.8654,1904,0.9425,0.9256,103,0.8079,0.195379,,
975,16.4147,-1.6368,-76.4899,-1.8382,-77.4411,-0.2014,-0.9512,0.9723,1.0536,-75.9814,2.7380,1881,0.9016,0.9237,105,0.8753,0.195348,,
976,16.4316,-0.7039,-73.2158,-1.8375,-74.9244,-1.1336,-1.7086,2.0505,1.0192,-73.4519,1.7392,1869,0.9345,0.9138,92,0.8979,0.194670,,
977,16.4484,0.1616,-70.8792,-1.8375,-72.3292,-1.9991,-1.4500,2.4696,0.9841,-70.8562,0.8228,1850,0.9333,0.9062,94,0.8627,0.193891,,
978,16.4652,-0.8158,-68.4453,-1.8426,-69.5617,-1.0268,-1.1164,1.5168,0.9554,-68.0683,1.8109,1902,0.9040,0.9096,68,0.8620,0.194773,,
979,16.4821,0.2546,-65.4105,-1.8783,-66.6745,-2.1329,-1.2640,2.4793,0.8843,-65.1758,0.6720,1799,0.9010,0.8958,74,0.9029,0.193673,,
980,16.4989,-1.5910,-62.4609,-1.9336,-63.9228,-0.3426,-1.4619,1.5015,0.7999,-62.3906,2.3919,1896,0.9386,0.8915,86,0.9001,0.195117,,
981,16.5157,-1.3713,-60.1400,-1.9894,-61.3644,-0.6181,-1.2244,1.3716,0.7136,-59.8051,2.1116,1871,0.9189,0.8795,93,0.9158,0.194794,,
982,16.5326,-1.4327,-57.4895,-1.9914,-58.8607,-0.5587,-1.3712,1.4807,0.6777,-57.2753,2.1212,1924,0.9442,0.8670,109,0.9116,0.194861,,
983,16.5494,-1.5505,-55.8074,-1.9630,-56.4277,-0.4125,-0.6203,0.7449,0.6737,-54.8166,2.4349,1899,0.9470,0.8605,117,0.9034,0.194763,,
984,16.5662,-1.9283,-52.9851,-1.8900,-54.0293,0.0383,-1.0442,1.0449,0.7138,-52.3846,2.7095,1882,0.9585,0.8488,131,0.8419,0.194965,,
985,16.5831,-1.1855,-50.0467,-1.7709,-51.7289,-0.5854,-1.6822,1.7811,0.7970,-50.0659,1.9826,1876,0.9311,0.8313,150,0.8770,0.194491,,
986,16.5999,-1.7336,-47.7247,-1.6260,-49.4414,0.1076,-1.7167,1.7201,0.9122,-47.7476,2.6459,1905,0.9574,0.8249,147,0.8552,0.194968,1.1941,
987,16.6167,-0.8548,-45.3754,-1.4853,-47.1768,-0.6305,-1.8014,1.9086,1.0223,-45.4668,1.8793,1906,0.9713,0.8113,155,0.8311,0.194480,0.5433,
988,16.6336,-0.6942,-43.1341,-1.3465,-44.9495,-0.6523,-1.8154,1.9290,1.1359,-43.2235,1.8323,1869,0.9502,0.8030,152,0.8711,0.194674,0.6669,
989,16.6504,-1.2495,-40.9588,-1.2149,-42.7337,0.0346,-1.7749,1.7752,1.2362,-40.9810,2.4858,1845,0.9441,0.7941,157,0.8421,0.194942,0.8728,
990,16.6673,-0.6376,-38.9257,-1.1130,-40.5327,-0.4754,-1.6070,1.6758,1.3061,-38.7637,1.9504,1759,0.7553,0.7830,182,0.7354,0.194586,0.2598,
991,16.6841,-0.8207,-36.8467,-1.0181,-38.4503,-0.1974,-1.6036,1.6157,1.3705,-36.6610,2.1991,1937,0.9908,0.7747,170,0.6798,0.194464,0.1459,
992,16.7009,-0.6227,-34.9172,-0.9244,-36.3671,-0.3017,-1.4499,1.4810,1.4319,-34.5598,2.0855,1942,0.9837,0.7653,169,0.6992,0.194317,0.2497,
993,16.7178,-0.8513,-32.7338,-0.8824,-34.2631,-0.0311,-1.5293,1.5296,1.4418,-32.4323,2.3128,1939,0.9853,0.7578,172,0.7030,0.194572,0.4401,
994,16.7346,-0.5703,-30.4935,-0.8837,-32.1360,-0.3134,-1.6425,1.6721,1.4070,-30.2929,1.9874,1873,0.9776,0.7446,174,0.8072,0.194633,0.7033,
995,16.7514,-0.7976,-28.3670,-0.9234,-30.0127,-0.1258,-1.6457,1.6505,1.3369,-28.1518,2.1453,1909,0.9707,0.7382,167,0.6579,0.194570,0.5202,
996,16.7683,-0.5162,-26.1248,-0.9759,-27.9060,-0.4597,-1.7812,1.8396,1.2519,-26.0364,1.7703,1955,0.9804,0.7250,181,0.8200,0.194326,0.4430,
997,16.7851,-0.9613,-24.1969,-1.0294,-25.8892,-0.0681,-1.6923,1.6937,1.1686,-24.0053,2.1385,1942,0.9758,0.7191,167,0.7384,0.194521,0.3724,
998,16.8019,-0.2625,-22.5112,-1.0331,-23.9780,-0.7706,-1.4668,1.6569,1.1369,-22.0914,1.4610,1917,0.9797,0.7086,175,0.7807,0.193951,0.6560,
999,16.8188,-0.8749,-20.4982,-1.0307,-22.0926,-0.1558,-1.5944,1.6020,1.1128,-20.1946,2.0108,1932,0.9722,0.7025,169,0.7116,0.194433,0.4806,
1000,16.8356,-0.5728,-18.6671,-0.9849,-20.1978,-0.4121,-1.5307,1.5852,1.1251,-18.2905,1.7392,1942,0.9803,0.6909,164,0.8235,0.193922,0.5305,
1001,16.8524,-0.9288,-16.7532,-0.9379,-18.2923,-0.0091,-1.5391,1.5391,1.1438,-16.3696,2.1078,1951,0.9824,0.6864,160,0.6689,0.194305,0.1515,
1002,16.8693,-1.2685,-14.8642,-0.8947,-16.3604,0.3738,-1.4962,1.5422,1.1599,-14.4172,2.4692,1942,0.9878,0.6801,156,0.6661,0.194603,0.6776,
1003,16.8861,-0.9136,-12.7469,-0.8528,-14.4546,0.0608,-1.7077,1.7088,1.1771,-12.4990,2.1053,1943,0.9834,0.6698,161,0.6821,0.194587,0.0488,
1004,16.9030,-1.1224,-10.6824,-0.8041,-12.5250,0.3183,-1.8426,1.8699,1.1980,-10.5512,2.3241,1926,0.9782,0.6610,158,0.7158,0.194479,0.3657,
1005,16.9198,-0.0087,-9.2588,-0.7385,-10.4073,-0.7298,-1.1485,1.3608,1.2273,-8.4278,1.4894,1913,0.9590,0.6496,142,0.7284,0.193227,0.9181,
1006,16.9366,-1.0276,-6.4129,-0.6913,-8.1814,0.3363,-1.7685,1.8002,1.2401,-6.1824,2.2794,1921,0.9701,0.6412,144,0.6728,0.194172,0.2990,
1007,16.9535,-0.6560,-4.4297,-0.6409,-5.9372,0.0151,-1.5075,1.5076,1.2584,-3.9266,1.9794,1882,0.9515,0.6321,148,0.7046,0.194054,0.1847,
1008,16.9703,-0.9296,-1.9261,-0.6424,-3.5131,0.2872,-1.5870,1.6128,1.2176,-1.4779,2.1935,1833,0.9350,0.6222,84,0.7634,0.193860,0.1777,
1009,16.9871,0.2001,1.0452,-0.6521,-0.9256,-0.8522,-1.9708,2.1472,1.1488,1.1103,0.9509,1895,0.9494,0.5979,87,0.8765,0.192190,1.1417,
1010,17.0040,-0.4519,3.3610,-0.6996,1.7402,-0.2477,-1.6208,1.6396,1.0515,3.7844,1.5619,1928,0.9766,0.5931,92,0.8855,0.193162,0.6677,
1011,17.0208,-1.1610,5.9706,-0.7418,4.2127,0.4192,-1.7579,1.8072,0.9782,6.2712,2.1602,1872,0.9209,0.5885,113,0.7971,0.194338,0.2669,
1012,17.0376,-1.1080,7.8208,-0.7279,6.4542,0.3801,-1.3666,1.4185,0.9644,8.5202,2.1872,1866,0.9477,0.5799,116,0.8125,0.194198,0.0472,
1013,17.0545,-0.5130,9.7918,-0.6675,8.3891,-0.1545,-1.4027,1.4112,0.9984,10.4541,1.6501,1845,0.9172,0.5676,118,0.7548,0.193458,0.6098,
1014,17.0713,-1.5954,11.6238,-0.5530,10.0339,1.0424,-1.5899,1.9012,1.0874,12.1154,2.7275,1933,0.9468,0.5630,128,0.7613,0.194018,0.5590,
1015,17.0881,-0.7383,13.1041,-0.3713,11.5768,0.3670,-1.5273,1.5708,1.2547,13.6647,2.0703,1924,0.9750,0.5583,127,0.7934,0.194241,0.2866,
1016,17.1050,-0.8154,14.3338,-0.1777,12.9866,0.6377,-1.3472,1.4905,1.4302,15.0802,2.3664,1885,0.9426,0.5503,127,0.7202,0.194003,0.0483,
1017,17.1218,-1.2088,15.6824,0.0132,14.3340,1.2220,-1.3484,1.8197,1.6006,16.4401,2.9098,1946,0.9752,0.5441,125,0.7358,0.193818,0.6656,
1018,17.1386,-0.7424,17.4190,0.1630,15.7868,0.9054,-1.6322,1.8665,1.7307,17.9035,2.5201,1930,0.9749,0.5377,125,0.6591,0.194003,0.4358,
1019,17.1555,-0.0998,18.6678,0.2592,17.4227,0.3590,-1.2451,1.2958,1.8083,19.5427,2.0991,1875,0.9601,0.5327,126,0.7369,0.193873,0.2929,
1020,17.1723,-0.2165,20.3997,0.3255,19.0461,0.5420,-1.3536,1.4581,1.8518,21.1711,2.2075,1711,0.7643,0.5234,127,0.6677,0.193810,0.2600,
1021,17.1892,-0.2659,22.0022,0.3689,20.5041,0.6348,-1.4981,1.6270,1.8699,22.6352,2.2276,1955,0.9774,0.5144,129,0.7022,0.193400,0.2074,
1022,17.2060,0.3697,22.7478,0.3924,21.7620,0.0227,-0.9858,0.9861,1.8743,23.8899,1.8890,1935,0.9727,0.5097,128,0.7011,0.193243,0.8735,
1023,17.2228,-0.3779,24.2863,0.4131,22.9536,0.7910,-1.3327,1.5498,1.8763,25.0858,2.3918,1926,0.9733,0.5059,131,0.6395,0.193697,0.1820,
1024,17.2397,0.1751,25.3877,0.4211,24.1174,0.2460,-1.2703,1.2939,1.8655,26.2476,1.8965,1940,0.9833,0.4981,133,0.6909,0.193268,0.4884,
1025,17.2565,0.2235,26.3062,0.4305,25.2578,0.2070,-1.0484,1.0686,1.8577,27.3856,1.9585,1946,0.9909,0.4949,135,0.6980,0.193406,0.6314,
1026,17.2733,-0.3408,27.5897,0.4481,26.3322,0.7889,-1.2575,1.4845,1.8577,28.4624,2.3654,1945,0.9779,0.4909,133,0.6354,0.193715,0.1034,
1027,17.2902,-0.6677,28.7444,0.4464,27.3846,1.1141,-1.3598,1.7579,1.8374,29.5202,2.6225,1941,0.9768,0.4863,134,0.6172,0.193693,0.3309,
1028,17.3070,-0.5525,29.6711,0.4448,28.3652,0.9973,-1.3059,1.6432,1.8191,30.5041,2.5136,1936,0.9814,0.4818,128,0.6233,0.193672,0.1897,
1029,17.3238,-0.3442,30.4667,0.4691,29.2668,0.8133,-1.1999,1.4496,1.8285,31.4075,2.3676,1933,0.9729,0.4779,127,0.6028,0.193609,0.1360,
1030,17.3407,-0.5326,31.3790,0.5351,30.1254,1.0677,-1.2536,1.6467,1.8808,32.2697,2.5725,1943,0.9865,0.4750,126,0.5647,0.193864,0.2579,
1031,17.3575,-0.0233,31.9773,0.6231,30.9314,0.6464,-1.0459,1.2295,1.9559,33.0758,2.2636,1949,0.9760,0.4705,127,0.5870,0.193670,0.2547,
1032,17.3743,-0.0162,32.7102,0.6728,31.6561,0.6890,-1.0541,1.2593,1.9935,33.8006,2.2865,1977,0.9895,0.4674,129,0.6306,0.193688,0.1716,
1033,17.3912,-0.3937,33.5272,0.7186,32.3275,1.1123,-1.1997,1.6360,2.0290,34.4742,2.6012,1929,0.9658,0.4659,123,0.5409,0.193981,0.1593,
1034,17.4080,0.0677,33.8623,0.7560,32.7980,0.6883,-1.0643,1.2675,2.0591,34.9441,2.2663,1945,0.9685,0.4624,130,0.5696,0.193935,0.2697,
1035,17.4249,-0.1402,34.1944,0.7976,33.1711,0.9378,-1.0233,1.3880,2.0946,35.3179,2.5013,1956,0.9835,0.4616,128,0.5293,0.193902,0.0563,
1036,17.4417,0.0480,34.4667,0.8925,33.4103,0.8445,-1.0564,1.3525,2.1856,35.5584,2.4002,1991,0.9940,0.4602,128,0.4840,0.193902,0.0629,
1037,17.4585,0.2561,34.5744,1.0065,33.5534,0.7504,-1.0210,1.2671,2.2968,35.7030,2.3320,1985,0.9965,0.4593,128,0.4859,0.193877,0.0461,
1038,17.4754,0.1115,34.6901,1.1046,33.6326,0.9931,-1.0575,1.4507,2.3939,35.7837,2.5309,1991,0.9965,0.4605,128,0.4869,0.194195,0.0410,
1039,17.4922,0.5257,34.5983,1.1653,33.6262,0.6396,-0.9721,1.1636,2.4544,35.7783,2.2610,1997,0.9990,0.4597,128,0.4988,0.193858,0.4454,
1040,17.5090,0.2599,34.6046,1.1258,33.5875,0.8659,-1.0171,1.3358,2.4156,35.7390,2.4360,1987,0.9955,0.4601,128,0.4489,0.194048,0.0971,
1041,17.5259,0.2341,34.5451,0.9848,33.5401,0.7507,-1.0050,1.2544,2.2761,35.6894,2.3408,1989,0.9945,0.4596,128,0.4733,0.194053,0.2072,
1042,17.5427,-0.2534,34.5709,0.7992,33.5049,1.0526,-1.0660,1.4981,2.0910,35.6511,2.5813,1987,0.9995,0.4608,126,0.4364,0.194061,0.0676,
1043,17.5595,-0.6302,34.5901,0.6154,33.4611,1.2456,-1.1290,1.6811,1.9072,35.6043,2.7326,1985,0.9955,0.4621,125,0.4430,0.194358,0.2975,
1044,17.5764,-0.3373,34.4533,0.4728,33.4139,0.8101,-1.0394,1.3178,1.7660,35.5547,2.3742,1977,0.9895,0.4599,126,0.4613,0.193875,0.1397,
1045,17.5932,-0.6845,34.4662,0.3277,33.3698,1.0122,-1.0964,1.4922,1.6218,35.5082,2.5308,1989,0.9945,0.4606,125,0.4264,0.193964,0.1188,
1046,17.6100,-0.9483,34.4667,0.1791,33.3204,1.1274,-1.1463,1.6078,1.4740,35.4563,2.6166,1991,0.9955,0.4616,125,0.4222,0.194057,0.1358,
1047,17.6269,-0.7380,34.3401,0.0108,33.2334,0.7488,-1.1067,1.3362,1.3082,35.3667,2.2893,1979,0.9950,0.4618,127,0.5958,0.194311,0.2810,
1048,17.6437,-1.3573,34.3229,-0.1330,33.1358,1.2243,-1.1871,1.7053,1.1659,35.2665,2.6939,1990,0.9965,0.4628,124,0.4013,0.194149,0.2301,
1049,17.6606,-1.4020,34.1929,-0.2133,33.0429,1.1887,-1.1500,1.6539,1.0871,35.1721,2.6748,1986,0.9965,0.4628,125,0.4125,0.194067,0.1572,
1050,17.6774,-1.3170,34.0912,-0.1850,32.9457,1.1320,-1.1455,1.6105,1.1173,35.0755,2.6258,1916,0.9610,0.4632,126,0.3597,0.194021,0.1174,
1051,17.6942,-1.2335,34.0400,-0.0889,32.8476,1.1446,-1.1924,1.6529,1.2152,34.9792,2.6226,2000,1.0000,0.4633,126,0.3665,0.194040,0.1325,
1052,17.7111,-1.1472,33.9240,0.0079,32.7494,1.1551,-1.1746,1.6474,1.3139,34.8829,2.6413,2000,1.0000,0.4640,126,0.3955,0.194108,0.0862,
1053,17.7279,-1.1471,33.8338,0.0634,32.6454,1.2105,-1.1884,1.6964,1.3716,34.7800,2.6906,1995,0.9985,0.4646,126,0.3840,0.194114,0.0976,
1054,17.7447,-1.0478,33.6943,0.0856,32.5309,1.1334,-1.1634,1.6242,1.3960,34.6661,2.6299,1997,0.9985,0.4657,126,0.3942,0.194201,0.0609,
1055,17.7616,-1.0393,33.6159,0.1300,32.4104,1.1693,-1.2055,1.6794,1.4428,34.5466,2.6509,1999,1.0000,0.4657,126,0.3837,0.194074,0.0710,
1056,17.7784,-0.9123,33.4191,0.2055,32.2635,1.1178,-1.1556,1.6078,1.5211,34.4015,2.6242,1999,0.9995,0.4668,126,0.4071,0.194168,0.0768,
1057,17.7952,-0.6876,33.2093,0.2685,32.0661,0.9561,-1.1432,1.4903,1.5879,34.2061,2.4843,1997,0.9995,0.4669,127,0.4535,0.194122,0.2567,
1058,17.8121,-1.0407,33.0465,0.2988,31.8252,1.3395,-1.2213,1.8127,1.6234,33.9660,2.8183,2000,1.0000,0.4689,126,0.3937,0.194250,0.0507,
1059,17.8289,-0.9906,32.7550,0.2669,31.5342,1.2575,-1.2208,1.7526,1.5980,33.6746,2.7471,1997,0.9985,0.4697,126,0.3992,0.194232,0.0532,
1060,17.8457,-1.2109,32.3909,0.1605,31.1486,1.3714,-1.2423,1.8504,1.5004,33.2872,2.8556,1991,0.9960,0.4715,126,0.4288,0.194292,0.1520,
1061,17.8626,-1.4585,31.9967,-0.0323,30.7368,1.4262,-1.2599,1.9030,1.3170,32.8713,2.9100,1999,0.9995,0.4734,126,0.4085,0.194297,0.1675,
1062,17.8794,-1.6190,31.4202,-0.2239,30.1907,1.3951,-1.2295,1.8596,1.1385,32.3213,2.9010,1996,0.9980,0.4753,126,0.4064,0.194119,0.0163,
1063,17.8963,-1.7206,30.6996,-0.3303,29.5009,1.3903,-1.1987,1.8357,1.0485,31.6302,2.9213,1991,0.9975,0.4785,126,0.4037,0.194191,0.0357,
1064,17.9131,-1.6812,29.9376,-0.3367,28.7288,1.3445,-1.2088,1.8080,1.0605,30.8594,2.8925,1994,0.9970,0.4819,126,0.4265,0.194218,0.1775,
1065,17.9299,-1.6611,29.3377,-0.2438,28.0015,1.4173,-1.3362,1.9479,1.1707,30.1341,2.9417,1991,0.9945,0.4854,126,0.4186,0.194388,0.2153,
1066,17.9468,-1.6356,28.5556,-0.2338,27.1968,1.4018,-1.3588,1.9523,1.1993,29.3302,2.9388,1984,0.9920,0.4895,128,0.4836,0.194633,0.3672,
1067,17.9636,-1.6072,27.8399,-0.1854,26.4697,1.4218,-1.3702,1.9746,1.2663,28.6040,2.9734,1982,0.9860,0.4935,130,0.5581,0.194660,0.0542,
1068,17.9804,-1.7504,27.0785,-0.2804,25.7007,1.4700,-1.3778,2.0148,1.1917,27.8320,3.0371,1992,0.9965,0.4951,132,0.5268,0.194350,0.2588,
1069,17.9973,-1.4788,26.1528,-0.4265,24.8779,1.0523,-1.2749,1.6531,1.0677,27.0079,2.6862,1985,0.9925,0.4977,136,0.5910,0.194120,0.2234,
1070,18.0141,-1.8820,25.3822,-0.5269,24.0169,1.3551,-1.3653,1.9236,0.9889,26.1452,2.9706,1982,0.9930,0.5032,132,0.4982,0.194592,0.0508,
1071,18.0309,-1.9173,24.3396,-0.5740,22.9995,1.3433,-1.3401,1.8975,0.9689,25.1278,2.9919,1963,0.9780,0.5070,132,0.5736,0.194434,0.0965,
1072,18.0478,-1.3881,22.9742,-0.5788,21.7713,0.8093,-1.2029,1.4498,0.9982,23.9061,2.5618,1961,0.9800,0.5105,132,0.6885,0.193913,0.4596,
1073,18.0646,-1.1706,21.5425,-0.5755,20.2838,0.5951,-1.2587,1.3923,1.0403,22.4313,2.3829,1961,0.9750,0.5167,125,0.6538,0.194057,0.6368,
1074,18.0814,-2.2059,20.1535,-0.5732,18.6118,1.6327,-1.5417,2.2456,1.0892,20.7585,3.3502,1946,0.9735,0.5263,120,0.7989,0.194678,0.5260,
1075,18.0983,-1.7319,18.1960,-0.5242,16.7072,1.2077,-1.4888,1.9170,1.1887,18.8642,2.9961,1947,0.9575,0.5335,109,0.7235,0.194660,0.0946,
1076,18.1151,-2.5661,16.0961,-0.4243,14.6519,2.1418,-1.4442,2.5832,1.3510,16.8080,3.9813,1902,0.9635,0.5441,109,0.8091,0.195024,1.0645,
1077,18.1320,-0.4454,14.2302,-0.3267,12.3182,0.1187,-1.9120,1.9157,1.5012,14.5019,1.9655,1888,0.9425,0.5500,94,0.8691,0.194434,1.0512,
1078,18.1488,0.6024,11.7070,-0.2818,9.8138,-0.8842,-1.8932,2.0895,1.6267,12.0361,1.0759,1901,0.9345,0.5514,70,0.9891,0.192436,1.9986,
1079,18.1656,-0.2581,9.5901,-0.3530,7.1414,-0.0949,-2.4487,2.4505,1.6415,9.3821,1.9110,1924,0.9245,0.5660,77,0.9186,0.193329,1.3151,
1080,18.1825,-1.0510,6.6723,-0.2597,4.2561,0.7913,-2.4162,2.5425,1.8019,6.5002,2.8581,1303,0.2346,0.5903,57,0.7670,0.196074,2.3949,
1081,18.1993,-0.2323,3.1409,-0.4750,1.5060,-0.2427,-1.6349,1.6528,1.6818,3.7648,2.0132,1355,0.5700,0.5948,67,1.0540,0.192745,1.2674,
1082,18.2161,0.2052,0.0988,-0.6743,-1.0068,-0.8795,-1.1056,1.4128,1.5358,1.2555,1.7631,1815,0.6330,0.6175,64,0.9138,0.193934,1.5139,
1083,18.2330,-1.1442,-3.8227,-0.7344,-4.6190,0.4098,-0.7963,0.8956,1.5633,-2.3296,3.0919,1606,0.6608,0.6308,80,0.8749,0.195049,0.9166,
1084,18.2498,-0.5794,-6.9518,-0.8174,-7.8084,-0.2380,-0.8566,0.8890,1.6186,-5.4952,2.6368,1801,0.5043,0.6331,64,0.9741,0.192873,1.0764,
1085,18.2666,-1.6734,-9.8085,-1.0078,-10.8548,0.6656,-1.0463,1.2401,1.4966,-8.5335,3.4168,1712,0.7139,0.6610,72,0.7675,0.195798,0.1802,
1086,18.2835,-1.3162,-10.9485,-0.9119,-14.2499,0.4043,-3.3014,3.3261,1.7033,-11.9080,3.1683,1230,0.2786,0.6603,76,0.9699,0.194524,3.0074,
1087,18.3003,-1.0333,-15.3993,-1.1185,-17.6734,-0.0852,-2.2741,2.2757,1.6210,-15.3130,2.6557,1373,0.4750,0.6773,112,0.9524,0.193879,0.4245,
1088,18.3171,-1.3278,-18.6669,-1.3564,-20.7846,-0.0286,-2.1177,2.1179,1.4828,-18.4335,2.8203,1797,0.7055,0.6997,63,0.8721,0.194503,0.8626,
1089,18.3340,-1.6298,-23.4676,-1.5226,-24.1490,0.1072,-0.6814,0.6898,1.4334,-21.7672,3.5035,1645,0.6945,0.7134,50,0.9285,0.194453,2.1564,
1090,18.3508,-0.3698,-27.0581,-1.5777,-27.7476,-1.2079,-0.6895,1.3908,1.5050,-25.3015,2.5691,1749,0.7565,0.7259,53,0.9904,0.193530,1.0121,
1091,18.3676,-2.0159,-29.9307,-1.7231,-31.9940,0.2928,-2.0633,2.0840,1.5279,-29.5252,3.5669,1667,0.5715,0.7422,160,0.8344,0.194524,0.2069,
1092,18.3845,-1.3861,-32.9989,-1.8175,-35.2081,-0.4314,-2.2092,2.2509,1.5567,-32.7051,2.9574,1921,0.9070,0.7540,166,0.8362,0.194267,0.6895,
1093,18.4013,-1.1833,-36.2001,-1.8849,-38.4073,-0.7016,-2.2072,2.3160,1.6082,-35.8661,2.8114,1947,0.9530,0.7682,170,0.8206,0.194351,0.8505,
1094,18.4182,-1.3473,-39.3020,-1.9258,-41.4633,-0.5785,-2.1613,2.2374,1.6844,-38.8906,3.0595,1910,0.9290,0.7820,169,0.8196,0.194477,0.1944,
1095,18.4350,-1.5485,-42.4383,-1.9661,-44.4674,-0.4176,-2.0291,2.0716,1.7607,-41.8751,3.3568,1956,0.9630,0.7971,164,0.8184,0.194432,1.8162,
1096,18.4518,-1.3248,-45.2656,-1.9914,-47.4784,-0.6666,-2.2128,2.3110,1.8519,-44.8584,3.2027,1938,0.9625,0.8089,170,0.8065,0.194614,1.3995,
1097,18.4687,-1.4028,-48.1100,-2.0835,-50.4774,-0.6807,-2.3674,2.4633,1.8779,-47.8321,3.2924,1918,0.9450,0.8208,174,0.8330,0.194731,,
1098,18.4855,-2.0612,-51.2110,-2.2286,-53.4102,-0.1674,-2.1992,2.2056,1.8521,-50.7636,3.9388,1951,0.9685,0.8373,160,0.7661,0.194904,,
1099,18.5023,-1.8955,-54.0927,-2.4165,-56.2366,-0.5210,-2.1439,2.2063,1.7774,-53.5858,3.7077,1938,0.9500,0.8495,157,0.7538,0.194722,,
1100,18.5192,-1.3159,-56.6150,-2.5858,-59.2096,-1.2699,-2.5946,2.8887,1.7236,-56.5308,3.0407,1894,0.9175,0.8575,174,0.7837,0.194539,,
1101,18.5360,-1.5830,-59.6146,-2.7650,-62.2295,-1.1820,-2.6149,2.8696,1.6624,-59.5301,3.2465,1945,0.9630,0.8718,181,0.8120,0.194547,,
1102,18.5528,-1.9190,-62.5606,-2.9351,-65.2259,-1.0161,-2.6653,2.8524,1.6093,-62.5072,3.5287,1952,0.9743,0.8826,179,0.8180,0.194892,,
1103,18.5697,-1.3554,-65.5948,-3.1174,-68.4347,-1.7620,-2.8399,3.3421,1.5511,-65.6865,2.9079,1911,0.9373,0.8861,165,0.8542,0.194262,,
1104,18.5865,-1.7876,-69.3685,-3.2615,-71.7004,-1.4739,-2.3319,2.7586,1.5423,-68.9309,3.3585,1911,0.9638,0.8959,167,0.7878,0.194443,,
1105,18.6033,-1.5722,-72.3980,-3.3673,-74.9968,-1.7951,-2.5988,3.1585,1.5695,-72.1993,3.1480,1918,0.9626,0.9007,163,0.7610,0.194255,,
1106,18.6202,-1.1702,-75.8721,-3.4529,-78.3750,-2.2827,-2.5029,3.3875,1.6157,-75.5293,2.8069,1916,0.9551,0.8946,165,0.8217,0.194298,,
1107,18.6370,-1.1094,-79.2446,-3.5080,-81.7734,-2.3986,-2.5288,3.4854,1.6850,-78.8753,2.8187,1874,0.9511,0.8938,156,0.8350,0.194358,,
1108,18.6539,-1.4720,-82.7150,-3.5044,-85.2540,-2.0324,-2.5390,3.2523,1.8277,-82.3238,3.3228,1878,0.9594,0.9015,154,0.7426,0.194404,,
1109,18.6707,-0.3515,-86.0839,-3.4842,-88.7214,-3.1327,-2.6375,4.0951,1.9857,-85.7235,2.3648,1891,0.9708,0.8898,148,0.8334,0.193937,,
1110,18.6875,-0.7430,-89.2114,-3.5346,-91.9898,-2.7916,-2.7784,3.9386,2.0524,-88.9383,2.8087,1744,0.7838,0.8834,171,0.9029,0.194381,,
1111,18.7044,-1.5831,-92.3666,-3.6808,-95.2336,-2.0977,-2.8670,3.5525,2.0333,-92.1625,3.6222,1942,0.9828,0.8841,164,0.8139,0.194875,,
1112,18.7212,-1.2065,-95.5339,-3.8444,-98.4813,-2.6379,-2.9474,3.9555,1.9878,-95.3768,3.1982,1934,0.9909,0.8697,164,0.8714,0.194703,,
1113,18.7380,-1.4141,-98.6940,-4.0102,-101.7209,-2.5961,-3.0269,3.9877,1.9459,-98.5871,3.3617,1901,0.9626,0.8582,172,0.8521,0.194693,,
1114,18.7549,-1.2587,-101.6393,-4.1954,-104.8101,-2.9367,-3.1708,4.3218,1.8770,-101.6454,3.1357,1961,0.9794,0.8437,160,0.8490,0.194852,,
1115,18.7717,-1.5119,-104.4023,-4.3867,-107.8049,-2.8748,-3.4026,4.4545,1.7939,-104.6129,3.3125,1952,0.9764,0.8316,164,0.8835,0.194917,,
1116,18.7885,-1.5532,-107.5178,-4.5703,-110.7582,-3.0171,-3.2404,4.4275,1.7230,-107.5522,3.2764,1961,0.9794,0.8209,151,0.8161,0.194735,,
1117,18.8054,-1.4989,-110.4269,-4.7598,-113.4781,-3.2609,-3.0512,4.4658,1.6435,-110.2602,3.1468,1915,0.9673,0.8098,160,0.7841,0.194563,,
1118,18.8222,-1.2897,-112.8623,-4.9547,-116.1764,-3.6650,-3.3141,4.9412,1.5595,-112.9425,2.8503,1941,0.9798,0.7981,143,0.7126,0.194348,,
1119,18.8390,-2.1370,-115.9277,-5.1475,-118.7900,-3.0105,-2.8623,4.1540,1.4709,-115.5560,3.6270,1942,0.9853,0.7881,152,0.7563,0.194879,,
1120,18.8559,-2.0359,-118.2865,-5.3435,-121.3673,-3.3076,-3.0808,4.5201,1.3763,-118.1256,3.4160,1953,0.9854,0.7765,163,0.8123,0.194775,,
1121,18.8727,-2.0862,-121.0316,-5.5264,-124.0821,-3.4402,-3.0505,4.5979,1.3020,-120.8180,3.3949,1946,0.9798,0.7624,157,0.7584,0.195508,,
1122,18.8896,-2.2293,-123.8242,-5.6515,-126.8830,-3.4222,-3.0588,4.5900,1.2784,-123.6010,3.5148,1903,0.9712,0.7485,166,0.8612,0.195226,,
1123,18.9064,-2.2106,-126.4719,-5.7587,-129.5639,-3.5481,-3.0920,4.7063,1.2758,-126.2638,3.4926,1925,0.9760,0.7393,158,0.7529,0.195492,,
1124,18.9232,-1.9162,-128.8079,-5.8959,-131.9817,-3.9797,-3.1738,5.0903,1.2301,-128.6676,3.1494,1894,0.9578,0.7277,174,0.8264,0.194893,,
1125,18.9401,-2.0668,-131.2724,-6.0298,-134.3505,-3.9630,-3.0781,5.0180,1.1908,-131.0208,3.2673,1921,0.9802,0.7189,150,0.6779,0.195462,,
1126,18.9569,-2.7469,-133.3105,-6.1307,-136.6356,-3.3838,-3.3251,4.7441,1.1727,-133.3033,3.9196,1921,0.9736,0.7098,163,0.8497,0.195723,,
1127,18.9737,-2.3258,-135.7949,-6.2335,-138.8644,-3.9077,-3.0695,4.9691,1.1563,-135.5296,3.4922,1897,0.9627,0.7012,159,0.7635,0.195164,,
1128,18.9906,-2.6907,-138.2632,-6.3773,-141.0278,-3.6866,-2.7646,4.6080,1.0940,-137.7001,3.8264,1910,0.9756,0.6899,149,0.7368,0.195545,,
1129,19.0074,-2.1147,-140.3448,-6.5185,-143.2412,-4.4038,-2.8964,5.2709,1.0417,-139.9007,3.1875,1923,0.9727,0.6792,151,0.6945,0.195731,,
1130,19.0242,-2.3558,-142.3944,-6.6705,-145.3662,-4.3147,-2.9718,5.2391,0.9687,-142.0212,3.3454,1920,0.9791,0.6689,167,0.8336,0.195466,,
1131,19.0411,-2.3946,-144.5393,-6.7688,-147.4968,-4.3742,-2.9575,5.2802,0.9539,-144.1458,3.3715,1917,0.9806,0.6627,147,0.6681,0.195643,,
1132,19.0579,-2.0364,-146.4845,-6.8642,-149.5572,-4.8278,-3.0727,5.7227,0.9328,-146.1933,2.9834,1921,0.9807,0.6489,157,0.7917,0.195126,,
1133,19.0747,-2.5046,-148.6845,-6.9891,-151.6874,-4.4845,-3.0029,5.3970,0.8873,-148.3214,3.4113,1927,0.9727,0.6416,154,0.7651,0.195453,,
1134,19.0916,-2.4710,-151.0683,-7.0986,-154.0989,-4.6276,-3.0306,5.5317,0.8739,-150.7209,3.3629,1872,0.9431,0.6332,148,0.6301,0.195826,,
1135,19.1084,-2.1896,-153.7356,-7.1896,-156.7132,-5.0000,-2.9776,5.8195,0.8874,-153.3146,3.1057,1909,0.9598,0.6200,142,0.6139,0.195633,,
1136,19.1253,-2.4810,-156.3821,-7.2283,-159.4003,-4.7473,-3.0182,5.6255,0.9491,-155.9910,3.4523,1905,0.9736,0.6090,150,0.7268,0.195458,,
1137,19.1421,-1.9671,-158.8812,-7.2747,-161.9218,-5.3076,-3.0406,6.1169,0.9996,-158.4902,2.9924,1929,0.9711,0.5962,140,0.6837,0.195590,,
1138,19.1589,-2.5212,-161.2253,-7.3267,-164.2798,-4.8055,-3.0545,5.6941,1.0383,-160.8431,3.5800,1889,0.9568,0.5898,146,0.6564,0.195676,,
1139,19.1758,-2.4353,-163.6231,-7.3871,-166.5988,-4.9518,-2.9757,5.7771,1.0695,-163.1540,3.5361,1926,0.9723,0.5796,136,0.5826,0.195831,,
1140,19.1926,-2.6767,-165.8406,-7.5103,-168.7475,-4.8336,-2.9069,5.6404,1.0262,-165.3020,3.7419,1772,0.8579,0.5690,139,0.6125,0.195872,,
1141,19.2094,-2.4501,-167.9616,-7.7018,-170.8963,-5.2517,-2.9347,6.0160,0.9158,-167.4481,3.4048,1927,0.9924,0.5589,139,0.5884,0.195560,,
1142,19.2263,-2.5478,-170.1808,-7.8643,-173.1204,-5.3165,-2.9396,6.0751,0.8425,-169.6688,3.4287,1931,0.9828,0.5514,136,0.5395,0.195717,,
1143,19.2431,-2.5379,-172.2066,-8.0536,-175.0752,-5.5157,-2.8686,6.2171,0.7303,-171.6225,3.3200,1937,0.9849,0.5419,137,0.5341,0.195624,,
1144,19.2599,-2.3087,-173.9238,-8.2431,-176.8202,-5.9344,-2.8964,6.6035,0.6046,-173.3635,2.9667,1956,0.9894,0.5299,135,0.6748,0.194942,,
1145,19.2768,-2.9825,-175.1281,-8.3434,-178.0316,-5.3609,-2.9035,6.0967,0.5447,-174.5789,3.5697,1922,0.9668,0.5267,128,0.7272,0.195182,,
1146,19.2936,-2.8554,-176.5692,-8.4888,-179.4998,-5.6334,-2.9306,6.3501,0.4538,-176.0477,3.3500,1963,0.9890,0.5211,129,0.7018,0.195381,,
1147,19.3104,-3.5996,-178.3292,-8.6298,-180.9498,-5.0302,-2.6206,5.6719,0.3679,-177.5097,4.0513,1961,0.9899,0.5195,129,0.7456,0.195726,,
1148,19.3273,-3.1105,-179.3804,-8.7244,-182.2052,-5.6139,-2.8248,6.2845,0.3211,-178.7681,3.4858,1939,0.9784,0.5115,134,0.6367,0.195493,,
1149,19.3441,-3.1770,-180.5077,-8.8199,-183.2701,-5.6429,-2.7624,6.2828,0.2673,-179.8356,3.5093,1933,0.9819,0.5073,132,0.6002,0.195746,,
1150,19.3610,-3.4308,-181.3961,-8.9142,-184.1208,-5.4834,-2.7247,6.1230,0.2055,-180.6922,3.7038,1938,0.9855,0.5049,135,0.6339,0.195551,,
1151,19.3778,-3.2691,-181.9908,-9.0049,-184.6974,-5.7358,-2.7066,6.3423,0.1377,-181.2721,3.4818,1961,0.9845,0.5017,131,0.5123,0.195753,,
1152,19.3946,-3.2303,-182.3759,-9.0507,-185.0944,-5.8204,-2.7185,6.4240,0.1077,-181.6706,3.4117,1968,0.9880,0.4997,129,0.4936,0.195632,,
1153,19.4115,-4.0441,-182.8862,-9.1009,-185.2886,-5.0568,-2.4024,5.5985,0.0639,-181.8684,4.2322,1970,0.9935,0.4977,132,0.6684,0.195599,,
1154,19.4283,-3.4818,-182.6607,-9.1574,-185.3360,-5.6756,-2.6753,6.2745,0.0091,-181.9183,3.5690,1989,0.9965,0.4995,130,0.5315,0.195644,,
1155,19.4451,-3.3580,-182.6982,-9.1972,-185.3356,-5.8392,-2.6374,6.4072,-0.0308,-181.9196,3.4171,1986,0.9980,0.4993,127,0.4924,0.195533,,
1156,19.4620,-3.5575,-182.7236,-9.1971,-185.3354,-5.6396,-2.6118,6.2150,-0.0307,-181.9193,3.6173,1983,0.9990,0.5001,130,0.5427,0.195527,,
1157,19.4788,-3.2798,-182.6623,-9.1500,-185.3315,-5.8702,-2.6692,6.4486,0.0163,-181.9135,3.3801,1992,0.9980,0.4990,128,0.5077,0.195485,,
1158,19.4956,-3.3138,-182.5897,-9.0585,-185.3301,-5.7447,-2.7404,6.3649,0.1079,-181.9080,3.4889,1995,0.9980,0.4987,132,0.5512,0.195376,,
1159,19.5125,-3.0762,-182.6678,-8.9620,-185.3172,-5.8858,-2.6494,6.4546,0.2039,-181.8910,3.3708,1995,0.9980,0.4997,125,0.4993,0.195717,,
1160,19.5293,-2.9581,-182.5977,-8.8174,-185.3131,-5.8593,-2.7154,6.4579,0.3483,-181.8806,3.3833,1996,0.9985,0.4976,134,0.5631,0.195209,,
1161,19.5461,-2.6363,-182.5600,-8.6238,-185.3116,-5.9875,-2.7516,6.5895,0.5414,-181.8706,3.2516,1994,0.9990,0.4954,130,0.6162,0.195151,,
1162,19.5630,-2.6232,-182.5582,-8.3305,-185.2636,-5.7073,-2.7054,6.3160,0.8340,-181.8097,3.5373,1994,0.9970,0.4998,133,0.5323,0.195531,,
1163,19.5798,-2.3813,-182.5000,-7.9495,-185.2395,-5.5682,-2.7395,6.2056,1.2164,-181.7688,3.6713,1993,0.9980,0.5000,135,0.5851,0.195483,,
1164,19.5966,-2.0476,-182.5351,-7.6171,-185.1932,-5.5695,-2.6581,6.1713,1.5490,-181.7075,3.6906,1995,0.9985,0.5002,131,0.5174,0.195655,,
1165,19.6135,-1.3459,-182.4158,-7.3830,-185.1876,-6.0371,-2.7718,6.6430,1.7825,-181.6917,3.2111,1988,0.9985,0.4999,127,0.4995,0.195707,,
1166,19.6303,-1.3331,-182.3705,-7.1596,-185.1785,-5.8265,-2.8080,6.4678,2.0062,-181.6728,3.4114,1988,0.9985,0.5005,130,0.4797,0.195621,,
1167,19.6472,-0.9323,-182.3901,-6.9632,-185.1666,-6.0309,-2.7765,6.6393,2.2020,-181.6522,3.2200,1995,0.9990,0.5001,130,0.5224,0.195642,,
1168,19.6640,-0.6342,-182.2962,-6.7810,-185.1478,-6.1468,-2.8516,6.7760,2.3829,-181.6255,3.0907,1990,1.0000,0.4969,138,0.6415,0.195252,,
1169,19.6808,-0.6393,-182.3035,-6.6808,-185.1033,-6.0415,-2.7998,6.6587,2.4814,-181.5767,3.2042,1999,1.0000,0.4994,134,0.5176,0.195584,,
1170,19.6977,-0.5696,-182.2902,-6.6491,-185.0866,-6.0795,-2.7964,6.6918,2.5123,-181.5587,3.1675,1959,0.9865,0.4998,133,0.5086,0.195694,,
1171,19.7145,-0.5812,-182.2209,-6.7104,-185.0424,-6.1292,-2.8215,6.7474,2.4493,-181.5172,3.1111,1999,1.0000,0.4990,135,0.5607,0.195356,,
1172,19.7313,-0.6857,-182.2234,-6.8324,-185.0418,-6.1467,-2.8184,6.7620,2.3274,-181.5219,3.0937,2000,1.0000,0.4997,133,0.5215,0.195546,,
1173,19.7482,-0.8328,-182.2216,-6.9787,-185.0379,-6.1459,-2.8163,6.7604,2.1812,-181.5245,3.0936,1998,0.9990,0.4993,132,0.5070,0.195428,,
1174,19.7650,-1.2648,-182.3056,-7.1240,-185.0353,-5.8592,-2.7297,6.4639,2.0352,-181.5284,3.3903,2000,1.0000,0.5015,130,0.4640,0.195601,,
1175,19.7818,-1.1227,-182.2589,-7.2306,-185.0271,-6.1079,-2.7682,6.7059,1.9283,-181.5250,3.1380,1999,1.0000,0.5009,129,0.4755,0.195517,,
1176,19.7987,-1.2732,-182.2174,-7.3275,-185.0226,-6.0543,-2.8052,6.6726,1.8313,-181.5248,3.1808,1998,0.9990,0.5002,131,0.4868,0.195451,,
1177,19.8155,-1.4474,-182.2129,-7.3957,-184.9877,-5.9483,-2.7748,6.5637,1.7615,-181.4930,3.2887,2000,1.0000,0.5012,130,0.4664,0.195404,,
1178,19.8323,-1.6241,-182.1710,-7.4463,-184.9465,-5.8222,-2.7755,6.4499,1.7090,-181.4540,3.4093,2000,1.0000,0.5011,132,0.5139,0.195374,,
1179,19.8492,-1.7276,-182.1760,-7.4535,-184.9230,-5.7259,-2.7470,6.3507,1.7008,-181.4307,3.5085,1999,1.0000,0.5019,132,0.4996,0.195391,,
1180,19.8660,-1.5320,-182.1938,-7.4274,-184.8814,-5.8954,-2.6876,6.4791,1.7252,-181.3880,3.3554,1997,0.9995,0.5023,128,0.4729,0.195580,,
1181,19.8829,-1.3784,-182.1137,-7.3428,-184.8332,-5.9644,-2.7195,6.5551,1.8079,-181.3361,3.2798,1999,0.9995,0.5020,130,0.4797,0.195443,,
1182,19.8997,-1.3981,-182.0839,-7.2461,-184.7853,-5.8480,-2.7014,6.4418,1.9028,-181.2838,3.3965,1994,0.9990,0.5020,130,0.4809,0.195527,,
1183,19.9165,-1.0660,-181.9394,-7.1162,-184.7387,-6.0502,-2.7993,6.6664,2.0306,-181.2316,3.1765,1996,0.9985,0.5003,134,0.5598,0.195418,,
1184,19.9334,-1.3073,-181.9529,-7.0164,-184.6917,-5.7091,-2.7388,6.3320,2.1291,-181.1799,3.5223,1994,0.9985,0.5022,139,0.6219,0.195360,,
1185,19.9502,-0.9929,-181.9042,-6.9651,-184.6458,-5.9722,-2.7416,6.5714,2.1785,-181.1317,3.2641,1998,0.9990,0.5025,132,0.4807,0.195394,,
1186,19.9670,-0.9115,-181.8194,-6.9659,-184.5981,-6.0544,-2.7787,6.6616,2.1757,-181.0842,3.1735,1998,1.0000,0.5013,137,0.5639,0.195415,,
1187,19.9839,-1.1350,-181.7865,-7.0625,-184.5078,-5.9275,-2.7213,6.5223,2.0751,-180.9983,3.3055,1998,0.9995,0.5032,130,0.4877,0.195375,,
1188,20.0007,-1.3874,-181.7197,-7.1575,-184.4491,-5.7701,-2.7294,6.3831,1.9774,-180.9437,3.4531,1999,1.0000,0.5029,135,0.5629,0.195380,,
1189,20.0175,-1.1238,-181.6396,-7.3023,-184.4012,-6.1785,-2.7616,6.7676,1.8311,-180.9024,3.0455,1996,0.9985,0.5012,133,0.5547,0.195283,,
1190,20.0344,-1.3913,-181.5896,-7.3991,-184.3791,-6.0078,-2.7895,6.6238,1.7335,-180.8847,3.2033,1993,0.9970,0.5013,137,0.6075,0.195206,,
1191,20.0512,-1.8512,-181.6999,-7.5896,-184.3774,-5.7384,-2.6775,6.3323,1.5420,-180.8917,3.4881,1994,1.0000,0.5018,138,0.6791,0.195046,,
1192,20.0680,-1.9095,-181.6263,-7.7590,-184.3631,-5.8495,-2.7368,6.4581,1.3716,-180.8850,3.3638,1998,1.0000,0.5040,132,0.5084,0.195270,,
1193,20.0849,-1.9366,-181.5545,-7.9031,-184.3159,-5.9665,-2.7614,6.5745,1.2255,-180.8443,3.2409,1998,1.0000,0.5035,132,0.5098,0.195283,,
1194,20.1017,-2.1118,-181.5509,-8.0189,-184.2696,-5.9071,-2.7187,6.5027,1.1076,-180.8033,3.3051,1998,0.9995,0.5044,131,0.4799,0.195204,,
1195,20.1186,-2.2274,-181.5045,-8.1060,-184.2226,-5.8786,-2.7181,6.4766,1.0186,-180.7603,3.3302,1998,0.9995,0.5037,131,0.4920,0.195248,,
1196,20.1354,-2.3935,-181.2635,-8.1506,-184.1781,-5.7571,-2.9146,6.4528,0.9721,-180.7176,3.4096,1998,1.0000,0.5043,135,0.5743,0.195130,,
1197,20.1522,-2.0653,-181.3855,-8.1733,-184.1336,-6.1080,-2.7481,6.6977,0.9475,-180.6743,3.0956,1994,0.9990,0.5033,131,0.5169,0.195210,,
1198,20.1691,-2.2745,-181.3130,-8.1276,-184.0860,-5.8531,-2.7730,6.4768,0.9913,-180.6247,3.3375,1999,1.0000,0.5042,135,0.5635,0.195197,,
1199,20.1859,-2.3586,-181.3248,-8.0808,-184.0403,-5.7222,-2.7155,6.3338,1.0365,-180.5769,3.4765,2000,1.0000,0.5055,133,0.5250,0.195178,,
1200,20.2027,-2.1628,-181.3545,-7.9931,-183.9929,-5.8303,-2.6384,6.3995,1.1224,-180.5256,3.3882,1978,0.9945,0.5061,129,0.4704,0.195431,,
1201,20.2196,-2.3829,-181.3627,-7.9430,-183.9690,-5.5601,-2.6063,6.1406,1.1717,-180.4993,3.6580,1992,0.9995,0.5075,132,0.6009,0.195421,,
1202,20.2364,-1.8882,-181.1755,-7.7938,-183.7753,-5.9056,-2.5998,6.4525,1.3132,-180.2988,3.3193,1998,0.9910,0.5069,127,0.4921,0.195593,,
1203,20.2532,-2.5612,-181.4053,-7.6457,-183.7775,-5.0845,-2.3722,5.6107,1.4633,-180.2941,4.1751,1999,0.9925,0.5067,134,0.6798,0.195475,,
1204,20.2701,-1.8828,-181.0672,-7.5498,-183.7278,-5.6670,-2.6606,6.2605,1.5576,-180.2401,3.5384,1993,0.9975,0.5073,132,0.5360,0.195412,,
1205,20.2869,-1.7791,-181.0447,-7.5497,-183.7278,-5.7706,-2.6831,6.3639,1.5577,-180.2401,3.4324,1992,1.0000,0.5067,131,0.5317,0.195382,,
